2023-08-25 14:34:58.071 [main] INFO  c.a.p.f.s.d.ServerDiscoverApplication - No active profile set, falling back to default profiles: default
2023-08-25 14:34:58.680 [main] INFO  o.s.cloud.context.scope.GenericScope - BeanFactory id=45fe1629-3fd8-363c-b6e9-0bbb088222b5
2023-08-25 14:34:58.962 [main] INFO  o.s.b.w.e.tomcat.TomcatWebServer - Tomcat initialized with port(s): 36000 (http)
2023-08-25 14:34:58.962 [main] INFO  o.a.coyote.http11.Http11NioProtocol - Initializing ProtocolHandler ["http-nio-36000"]
2023-08-25 14:34:58.962 [main] INFO  o.a.catalina.core.StandardService - Starting service [Tomcat]
2023-08-25 14:34:58.962 [main] INFO  o.a.catalina.core.StandardEngine - Starting Servlet engine: [Apache Tomcat/9.0.46]
2023-08-25 14:34:59.102 [main] INFO  o.a.c.c.C.[Tomcat].[localhost].[/] - Initializing Spring embedded WebApplicationContext
2023-08-25 14:34:59.102 [main] INFO  o.s.b.w.s.c.ServletWebServerApplicationContext - Root WebApplicationContext: initialization completed in 1016 ms
2023-08-25 14:34:59.149 [main] INFO  c.n.c.sources.URLConfigurationSource - To enable URLs as dynamic configuration sources, define System property archaius.configurationSource.additionalUrls or make config.properties available on classpath.
2023-08-25 14:34:59.165 [main] INFO  c.n.config.DynamicPropertyFactory - DynamicPropertyFactory is initialized with configuration sources: com.netflix.config.ConcurrentCompositeConfiguration@7c36db44
2023-08-25 14:34:59.492 [main] INFO  c.s.j.s.i.a.WebApplicationImpl - Initiating Jersey application, version 'Jersey: 1.19.4 05/24/2017 03:20 PM'
2023-08-25 14:34:59.539 [main] INFO  c.n.d.p.DiscoveryJerseyProvider - Using JSON encoding codec LegacyJacksonJson
2023-08-25 14:34:59.539 [main] INFO  c.n.d.p.DiscoveryJerseyProvider - Using JSON decoding codec LegacyJacksonJson
2023-08-25 14:34:59.618 [main] INFO  c.n.d.p.DiscoveryJerseyProvider - Using XML encoding codec XStreamXml
2023-08-25 14:34:59.618 [main] INFO  c.n.d.p.DiscoveryJerseyProvider - Using XML decoding codec XStreamXml
2023-08-25 14:34:59.915 [main] INFO  c.n.c.sources.URLConfigurationSource - To enable URLs as dynamic configuration sources, define System property archaius.configurationSource.additionalUrls or make config.properties available on classpath.
2023-08-25 14:35:00.071 [main] INFO  o.s.s.c.ThreadPoolTaskExecutor - Initializing ExecutorService 'applicationTaskExecutor'
2023-08-25 14:35:00.680 [main] INFO  o.s.c.n.e.c.DiscoveryClientOptionalArgsConfiguration - Eureka HTTP Client uses Jersey
2023-08-25 14:35:00.742 [main] INFO  o.s.c.n.eureka.InstanceInfoFactory - Setting initial instance status as: STARTING
2023-08-25 14:35:00.758 [main] INFO  c.netflix.discovery.DiscoveryClient - Initializing Eureka in region us-east-1
2023-08-25 14:35:00.758 [main] INFO  c.netflix.discovery.DiscoveryClient - Client configured to neither register nor query for data.
2023-08-25 14:35:00.758 [main] INFO  c.netflix.discovery.DiscoveryClient - Discovery Client initialized at timestamp 1692945300758 with initial instances count: 0
2023-08-25 14:35:00.789 [main] INFO  c.n.e.DefaultEurekaServerContext - Initializing ...
2023-08-25 14:35:00.805 [main] INFO  c.n.e.r.AbstractInstanceRegistry - Finished initializing remote region registries. All known remote regions: []
2023-08-25 14:35:00.805 [main] INFO  c.n.e.DefaultEurekaServerContext - Initialized
2023-08-25 14:35:00.805 [main] INFO  o.s.b.a.e.web.EndpointLinksResolver - Exposing 2 endpoint(s) beneath base path '/actuator'
2023-08-25 14:35:00.851 [main] INFO  o.s.c.n.e.s.EurekaServiceRegistry - Registering application SERVER-DISCOVER with eureka with status UP
2023-08-25 14:35:00.851 [main] INFO  o.a.coyote.http11.Http11NioProtocol - Starting ProtocolHandler ["http-nio-36000"]
2023-08-25 14:35:00.851 [Thread-17] INFO  o.s.c.n.e.s.EurekaServerBootstrap - Setting the eureka configuration..
2023-08-25 14:35:00.851 [Thread-17] INFO  o.s.c.n.e.s.EurekaServerBootstrap - Eureka data center value eureka.datacenter is not set, defaulting to default
2023-08-25 14:35:00.851 [Thread-17] INFO  o.s.c.n.e.s.EurekaServerBootstrap - Eureka environment value eureka.environment is not set, defaulting to test
2023-08-25 14:35:00.851 [Thread-17] INFO  o.s.c.n.e.s.EurekaServerBootstrap - isAws returned false
2023-08-25 14:35:00.867 [Thread-17] INFO  o.s.c.n.e.s.EurekaServerBootstrap - Initialized server context
2023-08-25 14:35:00.867 [Thread-17] INFO  c.n.e.r.PeerAwareInstanceRegistryImpl - Got 1 instances from neighboring DS node
2023-08-25 14:35:00.867 [Thread-17] INFO  c.n.e.r.PeerAwareInstanceRegistryImpl - Renew threshold is: 1
2023-08-25 14:35:00.867 [Thread-17] INFO  c.n.e.r.PeerAwareInstanceRegistryImpl - Changing status to UP
2023-08-25 14:35:00.867 [Thread-17] INFO  o.s.c.n.e.s.EurekaServerInitializerConfiguration - Started Eureka Server
2023-08-25 14:35:00.883 [main] INFO  o.s.b.w.e.tomcat.TomcatWebServer - Tomcat started on port(s): 36000 (http) with context path ''
2023-08-25 14:35:00.883 [main] INFO  o.s.c.n.e.s.EurekaAutoServiceRegistration - Updating port to 36000
2023-08-25 14:35:00.914 [main] INFO  c.a.p.f.s.d.ServerDiscoverApplication - Started ServerDiscoverApplication in 3.864 seconds (JVM running for 4.864)
2023-08-25 14:35:01.210 [RMI TCP Connection(7)-192.168.51.35] INFO  o.a.c.c.C.[Tomcat].[localhost].[/] - Initializing Spring DispatcherServlet 'dispatcherServlet'
2023-08-25 14:35:01.210 [RMI TCP Connection(7)-192.168.51.35] INFO  o.s.web.servlet.DispatcherServlet - Initializing Servlet 'dispatcherServlet'
2023-08-25 14:35:01.210 [RMI TCP Connection(7)-192.168.51.35] INFO  o.s.web.servlet.DispatcherServlet - Completed initialization in 0 ms
2023-08-25 14:35:05.881 [Eureka-EvictionTimer] INFO  c.n.e.r.AbstractInstanceRegistry - Running the evict task with compensationTime 0ms
2023-08-25 14:35:10.893 [Eureka-EvictionTimer] INFO  c.n.e.r.AbstractInstanceRegistry - Running the evict task with compensationTime 12ms
2023-08-25 14:35:15.905 [Eureka-EvictionTimer] INFO  c.n.e.r.AbstractInstanceRegistry - Running the evict task with compensationTime 11ms
2023-08-25 14:35:20.917 [Eureka-EvictionTimer] INFO  c.n.e.r.AbstractInstanceRegistry - Running the evict task with compensationTime 12ms
2023-08-25 14:35:25.924 [Eureka-EvictionTimer] INFO  c.n.e.r.AbstractInstanceRegistry - Running the evict task with compensationTime 6ms
2023-08-25 14:35:30.929 [Eureka-EvictionTimer] INFO  c.n.e.r.AbstractInstanceRegistry - Running the evict task with compensationTime 5ms
2023-08-25 14:35:31.304 [http-nio-36000-exec-2] INFO  c.n.e.r.AbstractInstanceRegistry - Registered instance API/DESKTOP-U30NBNG:api:36001 with status UP (replication=false)
2023-08-25 14:35:35.939 [Eureka-EvictionTimer] INFO  c.n.e.r.AbstractInstanceRegistry - Running the evict task with compensationTime 10ms
2023-08-25 14:35:40.948 [Eureka-EvictionTimer] INFO  c.n.e.r.AbstractInstanceRegistry - Running the evict task with compensationTime 8ms
2023-08-25 14:35:45.960 [Eureka-EvictionTimer] INFO  c.n.e.r.AbstractInstanceRegistry - Running the evict task with compensationTime 11ms
2023-08-25 14:35:50.972 [Eureka-EvictionTimer] INFO  c.n.e.r.AbstractInstanceRegistry - Running the evict task with compensationTime 12ms
2023-08-25 14:35:55.983 [Eureka-EvictionTimer] INFO  c.n.e.r.AbstractInstanceRegistry - Running the evict task with compensationTime 10ms
2023-08-25 14:36:00.994 [Eureka-EvictionTimer] INFO  c.n.e.r.AbstractInstanceRegistry - Running the evict task with compensationTime 11ms
2023-08-25 14:36:06.008 [Eureka-EvictionTimer] INFO  c.n.e.r.AbstractInstanceRegistry - Running the evict task with compensationTime 13ms
2023-08-25 14:36:11.020 [Eureka-EvictionTimer] INFO  c.n.e.r.AbstractInstanceRegistry - Running the evict task with compensationTime 11ms
2023-08-25 14:36:16.033 [Eureka-EvictionTimer] INFO  c.n.e.r.AbstractInstanceRegistry - Running the evict task with compensationTime 13ms
2023-08-25 14:36:21.036 [Eureka-EvictionTimer] INFO  c.n.e.r.AbstractInstanceRegistry - Running the evict task with compensationTime 2ms
2023-08-25 14:36:26.049 [Eureka-EvictionTimer] INFO  c.n.e.r.AbstractInstanceRegistry - Running the evict task with compensationTime 13ms
2023-08-25 14:36:31.050 [Eureka-EvictionTimer] INFO  c.n.e.r.AbstractInstanceRegistry - Running the evict task with compensationTime 0ms
2023-08-25 14:36:36.050 [Eureka-EvictionTimer] INFO  c.n.e.r.AbstractInstanceRegistry - Running the evict task with compensationTime 0ms
2023-08-25 14:36:41.051 [Eureka-EvictionTimer] INFO  c.n.e.r.AbstractInstanceRegistry - Running the evict task with compensationTime 0ms
2023-08-25 14:36:46.052 [Eureka-EvictionTimer] INFO  c.n.e.r.AbstractInstanceRegistry - Running the evict task with compensationTime 0ms
2023-08-25 14:36:51.062 [Eureka-EvictionTimer] INFO  c.n.e.r.AbstractInstanceRegistry - Running the evict task with compensationTime 9ms
2023-08-25 14:36:56.075 [Eureka-EvictionTimer] INFO  c.n.e.r.AbstractInstanceRegistry - Running the evict task with compensationTime 13ms
2023-08-25 14:37:01.076 [Eureka-EvictionTimer] INFO  c.n.e.r.AbstractInstanceRegistry - Running the evict task with compensationTime 0ms
2023-08-25 14:37:06.081 [Eureka-EvictionTimer] INFO  c.n.e.r.AbstractInstanceRegistry - Running the evict task with compensationTime 5ms
2023-08-25 14:37:11.092 [Eureka-EvictionTimer] INFO  c.n.e.r.AbstractInstanceRegistry - Running the evict task with compensationTime 10ms
2023-08-25 14:37:16.103 [Eureka-EvictionTimer] INFO  c.n.e.r.AbstractInstanceRegistry - Running the evict task with compensationTime 10ms
2023-08-25 14:37:21.104 [Eureka-EvictionTimer] INFO  c.n.e.r.AbstractInstanceRegistry - Running the evict task with compensationTime 0ms
2023-08-25 14:37:26.104 [Eureka-EvictionTimer] INFO  c.n.e.r.AbstractInstanceRegistry - Running the evict task with compensationTime 0ms
2023-08-25 14:37:31.104 [Eureka-EvictionTimer] INFO  c.n.e.r.AbstractInstanceRegistry - Running the evict task with compensationTime 0ms
2023-08-25 14:37:36.104 [Eureka-EvictionTimer] INFO  c.n.e.r.AbstractInstanceRegistry - Running the evict task with compensationTime 0ms
2023-08-25 14:37:41.105 [Eureka-EvictionTimer] INFO  c.n.e.r.AbstractInstanceRegistry - Running the evict task with compensationTime 0ms
2023-08-25 14:37:46.106 [Eureka-EvictionTimer] INFO  c.n.e.r.AbstractInstanceRegistry - Running the evict task with compensationTime 0ms
2023-08-25 14:37:51.106 [Eureka-EvictionTimer] INFO  c.n.e.r.AbstractInstanceRegistry - Running the evict task with compensationTime 0ms
2023-08-25 14:37:56.106 [Eureka-EvictionTimer] INFO  c.n.e.r.AbstractInstanceRegistry - Running the evict task with compensationTime 0ms
2023-08-25 14:38:01.107 [Eureka-EvictionTimer] INFO  c.n.e.r.AbstractInstanceRegistry - Running the evict task with compensationTime 0ms
2023-08-25 14:38:06.108 [Eureka-EvictionTimer] INFO  c.n.e.r.AbstractInstanceRegistry - Running the evict task with compensationTime 0ms
2023-08-25 14:38:11.108 [Eureka-EvictionTimer] INFO  c.n.e.r.AbstractInstanceRegistry - Running the evict task with compensationTime 0ms
2023-08-25 14:38:16.108 [Eureka-EvictionTimer] INFO  c.n.e.r.AbstractInstanceRegistry - Running the evict task with compensationTime 0ms
2023-08-25 14:38:21.109 [Eureka-EvictionTimer] INFO  c.n.e.r.AbstractInstanceRegistry - Running the evict task with compensationTime 0ms
2023-08-25 14:38:26.109 [Eureka-EvictionTimer] INFO  c.n.e.r.AbstractInstanceRegistry - Running the evict task with compensationTime 0ms
2023-08-25 14:38:31.110 [Eureka-EvictionTimer] INFO  c.n.e.r.AbstractInstanceRegistry - Running the evict task with compensationTime 0ms
2023-08-25 14:38:36.110 [Eureka-EvictionTimer] INFO  c.n.e.r.AbstractInstanceRegistry - Running the evict task with compensationTime 0ms
2023-08-25 14:38:41.110 [Eureka-EvictionTimer] INFO  c.n.e.r.AbstractInstanceRegistry - Running the evict task with compensationTime 0ms
2023-08-25 14:38:46.111 [Eureka-EvictionTimer] INFO  c.n.e.r.AbstractInstanceRegistry - Running the evict task with compensationTime 0ms
2023-08-25 14:38:51.111 [Eureka-EvictionTimer] INFO  c.n.e.r.AbstractInstanceRegistry - Running the evict task with compensationTime 0ms
2023-08-25 14:38:56.111 [Eureka-EvictionTimer] INFO  c.n.e.r.AbstractInstanceRegistry - Running the evict task with compensationTime 0ms
2023-08-25 14:39:01.125 [Eureka-EvictionTimer] INFO  c.n.e.r.AbstractInstanceRegistry - Running the evict task with compensationTime 13ms
2023-08-25 14:39:06.125 [Eureka-EvictionTimer] INFO  c.n.e.r.AbstractInstanceRegistry - Running the evict task with compensationTime 0ms
2023-08-25 14:39:11.139 [Eureka-EvictionTimer] INFO  c.n.e.r.AbstractInstanceRegistry - Running the evict task with compensationTime 13ms
2023-08-25 14:39:16.139 [Eureka-EvictionTimer] INFO  c.n.e.r.AbstractInstanceRegistry - Running the evict task with compensationTime 0ms
2023-08-25 14:39:21.153 [Eureka-EvictionTimer] INFO  c.n.e.r.AbstractInstanceRegistry - Running the evict task with compensationTime 13ms
2023-08-25 14:39:26.153 [Eureka-EvictionTimer] INFO  c.n.e.r.AbstractInstanceRegistry - Running the evict task with compensationTime 0ms
2023-08-25 14:39:31.155 [Eureka-EvictionTimer] INFO  c.n.e.r.AbstractInstanceRegistry - Running the evict task with compensationTime 1ms
2023-08-25 14:39:36.169 [Eureka-EvictionTimer] INFO  c.n.e.r.AbstractInstanceRegistry - Running the evict task with compensationTime 13ms
2023-08-25 14:39:41.170 [Eureka-EvictionTimer] INFO  c.n.e.r.AbstractInstanceRegistry - Running the evict task with compensationTime 0ms
2023-08-25 14:39:46.170 [Eureka-EvictionTimer] INFO  c.n.e.r.AbstractInstanceRegistry - Running the evict task with compensationTime 0ms
2023-08-25 14:39:51.170 [Eureka-EvictionTimer] INFO  c.n.e.r.AbstractInstanceRegistry - Running the evict task with compensationTime 0ms
2023-08-25 14:39:56.170 [Eureka-EvictionTimer] INFO  c.n.e.r.AbstractInstanceRegistry - Running the evict task with compensationTime 0ms
2023-08-25 14:40:01.171 [Eureka-EvictionTimer] INFO  c.n.e.r.AbstractInstanceRegistry - Running the evict task with compensationTime 0ms
2023-08-25 14:40:06.171 [Eureka-EvictionTimer] INFO  c.n.e.r.AbstractInstanceRegistry - Running the evict task with compensationTime 0ms
2023-08-25 14:40:11.171 [Eureka-EvictionTimer] INFO  c.n.e.r.AbstractInstanceRegistry - Running the evict task with compensationTime 0ms
2023-08-25 14:40:16.171 [Eureka-EvictionTimer] INFO  c.n.e.r.AbstractInstanceRegistry - Running the evict task with compensationTime 0ms
2023-08-25 14:40:21.173 [Eureka-EvictionTimer] INFO  c.n.e.r.AbstractInstanceRegistry - Running the evict task with compensationTime 1ms
2023-08-25 14:40:26.173 [Eureka-EvictionTimer] INFO  c.n.e.r.AbstractInstanceRegistry - Running the evict task with compensationTime 0ms
2023-08-25 14:40:31.176 [Eureka-EvictionTimer] INFO  c.n.e.r.AbstractInstanceRegistry - Running the evict task with compensationTime 0ms
2023-08-25 14:40:36.173 [Eureka-EvictionTimer] INFO  c.n.e.r.AbstractInstanceRegistry - Running the evict task with compensationTime 0ms
2023-08-25 14:40:41.180 [Eureka-EvictionTimer] INFO  c.n.e.r.AbstractInstanceRegistry - Running the evict task with compensationTime 7ms
2023-08-25 14:40:46.184 [Eureka-EvictionTimer] INFO  c.n.e.r.AbstractInstanceRegistry - Running the evict task with compensationTime 4ms
2023-08-25 14:40:51.193 [Eureka-EvictionTimer] INFO  c.n.e.r.AbstractInstanceRegistry - Running the evict task with compensationTime 8ms
2023-08-25 14:40:56.202 [Eureka-EvictionTimer] INFO  c.n.e.r.AbstractInstanceRegistry - Running the evict task with compensationTime 8ms
2023-08-25 14:41:01.202 [Eureka-EvictionTimer] INFO  c.n.e.r.AbstractInstanceRegistry - Running the evict task with compensationTime 0ms
2023-08-25 14:41:06.202 [Eureka-EvictionTimer] INFO  c.n.e.r.AbstractInstanceRegistry - Running the evict task with compensationTime 0ms
2023-08-25 14:41:11.202 [Eureka-EvictionTimer] INFO  c.n.e.r.AbstractInstanceRegistry - Running the evict task with compensationTime 0ms
2023-08-25 14:41:16.202 [Eureka-EvictionTimer] INFO  c.n.e.r.AbstractInstanceRegistry - Running the evict task with compensationTime 0ms
2023-08-25 14:41:21.202 [Eureka-EvictionTimer] INFO  c.n.e.r.AbstractInstanceRegistry - Running the evict task with compensationTime 0ms
2023-08-25 14:41:26.202 [Eureka-EvictionTimer] INFO  c.n.e.r.AbstractInstanceRegistry - Running the evict task with compensationTime 0ms
2023-08-25 14:41:31.202 [Eureka-EvictionTimer] INFO  c.n.e.r.AbstractInstanceRegistry - Running the evict task with compensationTime 0ms
2023-08-25 14:41:36.202 [Eureka-EvictionTimer] INFO  c.n.e.r.AbstractInstanceRegistry - Running the evict task with compensationTime 0ms
2023-08-25 14:41:41.202 [Eureka-EvictionTimer] INFO  c.n.e.r.AbstractInstanceRegistry - Running the evict task with compensationTime 0ms
2023-08-25 14:41:46.202 [Eureka-EvictionTimer] INFO  c.n.e.r.AbstractInstanceRegistry - Running the evict task with compensationTime 0ms
2023-08-25 14:41:51.202 [Eureka-EvictionTimer] INFO  c.n.e.r.AbstractInstanceRegistry - Running the evict task with compensationTime 0ms
2023-08-25 14:41:56.202 [Eureka-EvictionTimer] INFO  c.n.e.r.AbstractInstanceRegistry - Running the evict task with compensationTime 0ms
2023-08-25 14:42:01.202 [Eureka-EvictionTimer] INFO  c.n.e.r.AbstractInstanceRegistry - Running the evict task with compensationTime 0ms
2023-08-25 14:42:06.202 [Eureka-EvictionTimer] INFO  c.n.e.r.AbstractInstanceRegistry - Running the evict task with compensationTime 0ms
2023-08-25 14:42:11.202 [Eureka-EvictionTimer] INFO  c.n.e.r.AbstractInstanceRegistry - Running the evict task with compensationTime 0ms
2023-08-25 14:42:16.202 [Eureka-EvictionTimer] INFO  c.n.e.r.AbstractInstanceRegistry - Running the evict task with compensationTime 0ms
2023-08-25 14:42:21.202 [Eureka-EvictionTimer] INFO  c.n.e.r.AbstractInstanceRegistry - Running the evict task with compensationTime 0ms
2023-08-25 14:42:26.202 [Eureka-EvictionTimer] INFO  c.n.e.r.AbstractInstanceRegistry - Running the evict task with compensationTime 0ms
2023-08-25 14:42:31.202 [Eureka-EvictionTimer] INFO  c.n.e.r.AbstractInstanceRegistry - Running the evict task with compensationTime 0ms
2023-08-25 14:42:36.202 [Eureka-EvictionTimer] INFO  c.n.e.r.AbstractInstanceRegistry - Running the evict task with compensationTime 0ms
2023-08-25 14:42:41.202 [Eureka-EvictionTimer] INFO  c.n.e.r.AbstractInstanceRegistry - Running the evict task with compensationTime 0ms
2023-08-25 14:42:46.202 [Eureka-EvictionTimer] INFO  c.n.e.r.AbstractInstanceRegistry - Running the evict task with compensationTime 0ms
2023-08-25 14:42:51.202 [Eureka-EvictionTimer] INFO  c.n.e.r.AbstractInstanceRegistry - Running the evict task with compensationTime 0ms
2023-08-25 14:42:56.202 [Eureka-EvictionTimer] INFO  c.n.e.r.AbstractInstanceRegistry - Running the evict task with compensationTime 0ms
2023-08-25 14:43:01.202 [Eureka-EvictionTimer] INFO  c.n.e.r.AbstractInstanceRegistry - Running the evict task with compensationTime 0ms
2023-08-25 14:43:06.202 [Eureka-EvictionTimer] INFO  c.n.e.r.AbstractInstanceRegistry - Running the evict task with compensationTime 0ms
2023-08-25 14:43:11.202 [Eureka-EvictionTimer] INFO  c.n.e.r.AbstractInstanceRegistry - Running the evict task with compensationTime 0ms
2023-08-25 14:43:16.202 [Eureka-EvictionTimer] INFO  c.n.e.r.AbstractInstanceRegistry - Running the evict task with compensationTime 0ms
2023-08-25 14:43:21.202 [Eureka-EvictionTimer] INFO  c.n.e.r.AbstractInstanceRegistry - Running the evict task with compensationTime 0ms
2023-08-25 14:43:26.202 [Eureka-EvictionTimer] INFO  c.n.e.r.AbstractInstanceRegistry - Running the evict task with compensationTime 0ms
2023-08-25 14:43:31.202 [Eureka-EvictionTimer] INFO  c.n.e.r.AbstractInstanceRegistry - Running the evict task with compensationTime 0ms
2023-08-25 14:43:36.202 [Eureka-EvictionTimer] INFO  c.n.e.r.AbstractInstanceRegistry - Running the evict task with compensationTime 0ms
2023-08-25 14:43:41.202 [Eureka-EvictionTimer] INFO  c.n.e.r.AbstractInstanceRegistry - Running the evict task with compensationTime 0ms
2023-08-25 14:43:46.202 [Eureka-EvictionTimer] INFO  c.n.e.r.AbstractInstanceRegistry - Running the evict task with compensationTime 0ms
2023-08-25 14:43:51.202 [Eureka-EvictionTimer] INFO  c.n.e.r.AbstractInstanceRegistry - Running the evict task with compensationTime 0ms
2023-08-25 14:43:56.202 [Eureka-EvictionTimer] INFO  c.n.e.r.AbstractInstanceRegistry - Running the evict task with compensationTime 0ms
2023-08-25 14:44:01.202 [Eureka-EvictionTimer] INFO  c.n.e.r.AbstractInstanceRegistry - Running the evict task with compensationTime 0ms
2023-08-25 14:44:06.202 [Eureka-EvictionTimer] INFO  c.n.e.r.AbstractInstanceRegistry - Running the evict task with compensationTime 0ms
2023-08-25 14:44:11.202 [Eureka-EvictionTimer] INFO  c.n.e.r.AbstractInstanceRegistry - Running the evict task with compensationTime 0ms
2023-08-25 14:44:16.202 [Eureka-EvictionTimer] INFO  c.n.e.r.AbstractInstanceRegistry - Running the evict task with compensationTime 0ms
2023-08-25 14:44:21.202 [Eureka-EvictionTimer] INFO  c.n.e.r.AbstractInstanceRegistry - Running the evict task with compensationTime 0ms
2023-08-25 14:44:26.202 [Eureka-EvictionTimer] INFO  c.n.e.r.AbstractInstanceRegistry - Running the evict task with compensationTime 0ms
2023-08-25 14:44:31.202 [Eureka-EvictionTimer] INFO  c.n.e.r.AbstractInstanceRegistry - Running the evict task with compensationTime 0ms
2023-08-25 14:44:36.202 [Eureka-EvictionTimer] INFO  c.n.e.r.AbstractInstanceRegistry - Running the evict task with compensationTime 0ms
2023-08-25 14:44:41.202 [Eureka-EvictionTimer] INFO  c.n.e.r.AbstractInstanceRegistry - Running the evict task with compensationTime 0ms
2023-08-25 14:44:46.202 [Eureka-EvictionTimer] INFO  c.n.e.r.AbstractInstanceRegistry - Running the evict task with compensationTime 0ms
2023-08-25 14:44:51.202 [Eureka-EvictionTimer] INFO  c.n.e.r.AbstractInstanceRegistry - Running the evict task with compensationTime 0ms
2023-08-25 14:44:56.202 [Eureka-EvictionTimer] INFO  c.n.e.r.AbstractInstanceRegistry - Running the evict task with compensationTime 0ms
2023-08-25 14:45:01.202 [Eureka-EvictionTimer] INFO  c.n.e.r.AbstractInstanceRegistry - Running the evict task with compensationTime 0ms
2023-08-25 14:45:06.202 [Eureka-EvictionTimer] INFO  c.n.e.r.AbstractInstanceRegistry - Running the evict task with compensationTime 0ms
2023-08-25 14:45:11.202 [Eureka-EvictionTimer] INFO  c.n.e.r.AbstractInstanceRegistry - Running the evict task with compensationTime 0ms
2023-08-25 14:45:16.202 [Eureka-EvictionTimer] INFO  c.n.e.r.AbstractInstanceRegistry - Running the evict task with compensationTime 0ms
2023-08-25 14:45:21.202 [Eureka-EvictionTimer] INFO  c.n.e.r.AbstractInstanceRegistry - Running the evict task with compensationTime 0ms
2023-08-25 14:45:26.202 [Eureka-EvictionTimer] INFO  c.n.e.r.AbstractInstanceRegistry - Running the evict task with compensationTime 0ms
2023-08-25 14:45:31.202 [Eureka-EvictionTimer] INFO  c.n.e.r.AbstractInstanceRegistry - Running the evict task with compensationTime 0ms
2023-08-25 14:45:36.202 [Eureka-EvictionTimer] INFO  c.n.e.r.AbstractInstanceRegistry - Running the evict task with compensationTime 0ms
2023-08-25 14:45:41.202 [Eureka-EvictionTimer] INFO  c.n.e.r.AbstractInstanceRegistry - Running the evict task with compensationTime 0ms
2023-08-25 14:45:46.202 [Eureka-EvictionTimer] INFO  c.n.e.r.AbstractInstanceRegistry - Running the evict task with compensationTime 0ms
2023-08-25 14:45:51.202 [Eureka-EvictionTimer] INFO  c.n.e.r.AbstractInstanceRegistry - Running the evict task with compensationTime 0ms
2023-08-25 14:45:56.202 [Eureka-EvictionTimer] INFO  c.n.e.r.AbstractInstanceRegistry - Running the evict task with compensationTime 0ms
2023-08-25 14:46:01.202 [Eureka-EvictionTimer] INFO  c.n.e.r.AbstractInstanceRegistry - Running the evict task with compensationTime 0ms
2023-08-25 14:46:06.202 [Eureka-EvictionTimer] INFO  c.n.e.r.AbstractInstanceRegistry - Running the evict task with compensationTime 0ms
2023-08-25 14:46:11.202 [Eureka-EvictionTimer] INFO  c.n.e.r.AbstractInstanceRegistry - Running the evict task with compensationTime 0ms
2023-08-25 14:46:16.202 [Eureka-EvictionTimer] INFO  c.n.e.r.AbstractInstanceRegistry - Running the evict task with compensationTime 0ms
2023-08-25 14:46:21.202 [Eureka-EvictionTimer] INFO  c.n.e.r.AbstractInstanceRegistry - Running the evict task with compensationTime 0ms
2023-08-25 14:46:26.202 [Eureka-EvictionTimer] INFO  c.n.e.r.AbstractInstanceRegistry - Running the evict task with compensationTime 0ms
2023-08-25 14:46:31.202 [Eureka-EvictionTimer] INFO  c.n.e.r.AbstractInstanceRegistry - Running the evict task with compensationTime 0ms
2023-08-25 14:46:36.202 [Eureka-EvictionTimer] INFO  c.n.e.r.AbstractInstanceRegistry - Running the evict task with compensationTime 0ms
2023-08-25 14:46:41.202 [Eureka-EvictionTimer] INFO  c.n.e.r.AbstractInstanceRegistry - Running the evict task with compensationTime 0ms
2023-08-25 14:46:46.202 [Eureka-EvictionTimer] INFO  c.n.e.r.AbstractInstanceRegistry - Running the evict task with compensationTime 0ms
2023-08-25 14:46:51.202 [Eureka-EvictionTimer] INFO  c.n.e.r.AbstractInstanceRegistry - Running the evict task with compensationTime 0ms
2023-08-25 14:46:56.202 [Eureka-EvictionTimer] INFO  c.n.e.r.AbstractInstanceRegistry - Running the evict task with compensationTime 0ms
2023-08-25 14:47:01.202 [Eureka-EvictionTimer] INFO  c.n.e.r.AbstractInstanceRegistry - Running the evict task with compensationTime 0ms
2023-08-25 14:47:06.202 [Eureka-EvictionTimer] INFO  c.n.e.r.AbstractInstanceRegistry - Running the evict task with compensationTime 0ms
2023-08-25 14:47:11.202 [Eureka-EvictionTimer] INFO  c.n.e.r.AbstractInstanceRegistry - Running the evict task with compensationTime 0ms
2023-08-25 14:47:16.202 [Eureka-EvictionTimer] INFO  c.n.e.r.AbstractInstanceRegistry - Running the evict task with compensationTime 0ms
2023-08-25 14:47:21.202 [Eureka-EvictionTimer] INFO  c.n.e.r.AbstractInstanceRegistry - Running the evict task with compensationTime 0ms
2023-08-25 14:47:26.202 [Eureka-EvictionTimer] INFO  c.n.e.r.AbstractInstanceRegistry - Running the evict task with compensationTime 0ms
2023-08-25 14:47:31.202 [Eureka-EvictionTimer] INFO  c.n.e.r.AbstractInstanceRegistry - Running the evict task with compensationTime 0ms
2023-08-25 14:47:36.202 [Eureka-EvictionTimer] INFO  c.n.e.r.AbstractInstanceRegistry - Running the evict task with compensationTime 0ms
2023-08-25 14:47:41.202 [Eureka-EvictionTimer] INFO  c.n.e.r.AbstractInstanceRegistry - Running the evict task with compensationTime 0ms
2023-08-25 14:47:46.202 [Eureka-EvictionTimer] INFO  c.n.e.r.AbstractInstanceRegistry - Running the evict task with compensationTime 0ms
2023-08-25 14:47:51.202 [Eureka-EvictionTimer] INFO  c.n.e.r.AbstractInstanceRegistry - Running the evict task with compensationTime 0ms
2023-08-25 14:47:56.202 [Eureka-EvictionTimer] INFO  c.n.e.r.AbstractInstanceRegistry - Running the evict task with compensationTime 0ms
2023-08-25 14:48:01.202 [Eureka-EvictionTimer] INFO  c.n.e.r.AbstractInstanceRegistry - Running the evict task with compensationTime 0ms
2023-08-25 14:48:06.202 [Eureka-EvictionTimer] INFO  c.n.e.r.AbstractInstanceRegistry - Running the evict task with compensationTime 0ms
2023-08-25 14:48:11.202 [Eureka-EvictionTimer] INFO  c.n.e.r.AbstractInstanceRegistry - Running the evict task with compensationTime 0ms
2023-08-25 14:48:16.202 [Eureka-EvictionTimer] INFO  c.n.e.r.AbstractInstanceRegistry - Running the evict task with compensationTime 0ms
2023-08-25 14:48:21.202 [Eureka-EvictionTimer] INFO  c.n.e.r.AbstractInstanceRegistry - Running the evict task with compensationTime 0ms
2023-08-25 14:48:26.202 [Eureka-EvictionTimer] INFO  c.n.e.r.AbstractInstanceRegistry - Running the evict task with compensationTime 0ms
2023-08-25 14:48:31.202 [Eureka-EvictionTimer] INFO  c.n.e.r.AbstractInstanceRegistry - Running the evict task with compensationTime 0ms
2023-08-25 14:48:36.202 [Eureka-EvictionTimer] INFO  c.n.e.r.AbstractInstanceRegistry - Running the evict task with compensationTime 0ms
2023-08-25 14:48:41.202 [Eureka-EvictionTimer] INFO  c.n.e.r.AbstractInstanceRegistry - Running the evict task with compensationTime 0ms
2023-08-25 14:48:46.202 [Eureka-EvictionTimer] INFO  c.n.e.r.AbstractInstanceRegistry - Running the evict task with compensationTime 0ms
2023-08-25 14:48:51.202 [Eureka-EvictionTimer] INFO  c.n.e.r.AbstractInstanceRegistry - Running the evict task with compensationTime 0ms
2023-08-25 14:48:56.202 [Eureka-EvictionTimer] INFO  c.n.e.r.AbstractInstanceRegistry - Running the evict task with compensationTime 0ms
2023-08-25 14:49:01.202 [Eureka-EvictionTimer] INFO  c.n.e.r.AbstractInstanceRegistry - Running the evict task with compensationTime 0ms
2023-08-25 14:49:06.202 [Eureka-EvictionTimer] INFO  c.n.e.r.AbstractInstanceRegistry - Running the evict task with compensationTime 0ms
2023-08-25 14:49:11.202 [Eureka-EvictionTimer] INFO  c.n.e.r.AbstractInstanceRegistry - Running the evict task with compensationTime 0ms
2023-08-25 14:49:16.202 [Eureka-EvictionTimer] INFO  c.n.e.r.AbstractInstanceRegistry - Running the evict task with compensationTime 0ms
2023-08-25 14:49:21.202 [Eureka-EvictionTimer] INFO  c.n.e.r.AbstractInstanceRegistry - Running the evict task with compensationTime 0ms
2023-08-25 14:49:26.202 [Eureka-EvictionTimer] INFO  c.n.e.r.AbstractInstanceRegistry - Running the evict task with compensationTime 0ms
2023-08-25 14:49:31.202 [Eureka-EvictionTimer] INFO  c.n.e.r.AbstractInstanceRegistry - Running the evict task with compensationTime 0ms
2023-08-25 14:49:36.202 [Eureka-EvictionTimer] INFO  c.n.e.r.AbstractInstanceRegistry - Running the evict task with compensationTime 0ms
2023-08-25 14:49:41.202 [Eureka-EvictionTimer] INFO  c.n.e.r.AbstractInstanceRegistry - Running the evict task with compensationTime 0ms
2023-08-25 14:49:46.202 [Eureka-EvictionTimer] INFO  c.n.e.r.AbstractInstanceRegistry - Running the evict task with compensationTime 0ms
2023-08-25 14:49:51.202 [Eureka-EvictionTimer] INFO  c.n.e.r.AbstractInstanceRegistry - Running the evict task with compensationTime 0ms
2023-08-25 14:49:56.202 [Eureka-EvictionTimer] INFO  c.n.e.r.AbstractInstanceRegistry - Running the evict task with compensationTime 0ms
2023-08-25 14:50:00.805 [ReplicaAwareInstanceRegistry - RenewalThresholdUpdater] INFO  c.n.e.r.PeerAwareInstanceRegistryImpl - Current renewal threshold is : 0
2023-08-25 14:50:01.202 [Eureka-EvictionTimer] INFO  c.n.e.r.AbstractInstanceRegistry - Running the evict task with compensationTime 0ms
2023-08-25 14:50:06.202 [Eureka-EvictionTimer] INFO  c.n.e.r.AbstractInstanceRegistry - Running the evict task with compensationTime 0ms
2023-08-25 14:50:11.202 [Eureka-EvictionTimer] INFO  c.n.e.r.AbstractInstanceRegistry - Running the evict task with compensationTime 0ms
2023-08-25 14:50:16.202 [Eureka-EvictionTimer] INFO  c.n.e.r.AbstractInstanceRegistry - Running the evict task with compensationTime 0ms
2023-08-25 14:50:21.202 [Eureka-EvictionTimer] INFO  c.n.e.r.AbstractInstanceRegistry - Running the evict task with compensationTime 0ms
2023-08-25 14:50:26.202 [Eureka-EvictionTimer] INFO  c.n.e.r.AbstractInstanceRegistry - Running the evict task with compensationTime 0ms
2023-08-25 14:50:31.202 [Eureka-EvictionTimer] INFO  c.n.e.r.AbstractInstanceRegistry - Running the evict task with compensationTime 0ms
2023-08-25 14:50:36.202 [Eureka-EvictionTimer] INFO  c.n.e.r.AbstractInstanceRegistry - Running the evict task with compensationTime 0ms
2023-08-25 14:50:41.202 [Eureka-EvictionTimer] INFO  c.n.e.r.AbstractInstanceRegistry - Running the evict task with compensationTime 0ms
2023-08-25 14:50:46.202 [Eureka-EvictionTimer] INFO  c.n.e.r.AbstractInstanceRegistry - Running the evict task with compensationTime 0ms
2023-08-25 14:50:51.202 [Eureka-EvictionTimer] INFO  c.n.e.r.AbstractInstanceRegistry - Running the evict task with compensationTime 0ms
2023-08-25 14:50:56.202 [Eureka-EvictionTimer] INFO  c.n.e.r.AbstractInstanceRegistry - Running the evict task with compensationTime 0ms
2023-08-25 14:51:01.202 [Eureka-EvictionTimer] INFO  c.n.e.r.AbstractInstanceRegistry - Running the evict task with compensationTime 0ms
2023-08-25 14:51:06.202 [Eureka-EvictionTimer] INFO  c.n.e.r.AbstractInstanceRegistry - Running the evict task with compensationTime 0ms
2023-08-25 14:51:11.202 [Eureka-EvictionTimer] INFO  c.n.e.r.AbstractInstanceRegistry - Running the evict task with compensationTime 0ms
2023-08-25 14:51:16.202 [Eureka-EvictionTimer] INFO  c.n.e.r.AbstractInstanceRegistry - Running the evict task with compensationTime 0ms
2023-08-25 14:51:21.202 [Eureka-EvictionTimer] INFO  c.n.e.r.AbstractInstanceRegistry - Running the evict task with compensationTime 0ms
2023-08-25 14:51:26.202 [Eureka-EvictionTimer] INFO  c.n.e.r.AbstractInstanceRegistry - Running the evict task with compensationTime 0ms
2023-08-25 14:51:31.202 [Eureka-EvictionTimer] INFO  c.n.e.r.AbstractInstanceRegistry - Running the evict task with compensationTime 0ms
2023-08-25 14:51:36.202 [Eureka-EvictionTimer] INFO  c.n.e.r.AbstractInstanceRegistry - Running the evict task with compensationTime 0ms
2023-08-25 14:51:41.202 [Eureka-EvictionTimer] INFO  c.n.e.r.AbstractInstanceRegistry - Running the evict task with compensationTime 0ms
2023-08-25 14:51:46.202 [Eureka-EvictionTimer] INFO  c.n.e.r.AbstractInstanceRegistry - Running the evict task with compensationTime 0ms
2023-08-25 14:51:51.202 [Eureka-EvictionTimer] INFO  c.n.e.r.AbstractInstanceRegistry - Running the evict task with compensationTime 0ms
2023-08-25 14:51:56.202 [Eureka-EvictionTimer] INFO  c.n.e.r.AbstractInstanceRegistry - Running the evict task with compensationTime 0ms
2023-08-25 14:52:01.202 [Eureka-EvictionTimer] INFO  c.n.e.r.AbstractInstanceRegistry - Running the evict task with compensationTime 0ms
2023-08-25 14:52:06.202 [Eureka-EvictionTimer] INFO  c.n.e.r.AbstractInstanceRegistry - Running the evict task with compensationTime 0ms
2023-08-25 14:52:11.202 [Eureka-EvictionTimer] INFO  c.n.e.r.AbstractInstanceRegistry - Running the evict task with compensationTime 0ms
2023-08-25 14:52:16.202 [Eureka-EvictionTimer] INFO  c.n.e.r.AbstractInstanceRegistry - Running the evict task with compensationTime 0ms
2023-08-25 14:52:21.202 [Eureka-EvictionTimer] INFO  c.n.e.r.AbstractInstanceRegistry - Running the evict task with compensationTime 0ms
2023-08-25 14:52:26.202 [Eureka-EvictionTimer] INFO  c.n.e.r.AbstractInstanceRegistry - Running the evict task with compensationTime 0ms
2023-08-25 14:52:31.202 [Eureka-EvictionTimer] INFO  c.n.e.r.AbstractInstanceRegistry - Running the evict task with compensationTime 0ms
2023-08-25 14:52:36.202 [Eureka-EvictionTimer] INFO  c.n.e.r.AbstractInstanceRegistry - Running the evict task with compensationTime 0ms
2023-08-25 14:52:41.202 [Eureka-EvictionTimer] INFO  c.n.e.r.AbstractInstanceRegistry - Running the evict task with compensationTime 0ms
2023-08-25 14:52:46.202 [Eureka-EvictionTimer] INFO  c.n.e.r.AbstractInstanceRegistry - Running the evict task with compensationTime 0ms
2023-08-25 14:52:51.202 [Eureka-EvictionTimer] INFO  c.n.e.r.AbstractInstanceRegistry - Running the evict task with compensationTime 0ms
2023-08-25 14:52:56.202 [Eureka-EvictionTimer] INFO  c.n.e.r.AbstractInstanceRegistry - Running the evict task with compensationTime 0ms
2023-08-25 14:53:01.202 [Eureka-EvictionTimer] INFO  c.n.e.r.AbstractInstanceRegistry - Running the evict task with compensationTime 0ms
2023-08-25 14:53:06.202 [Eureka-EvictionTimer] INFO  c.n.e.r.AbstractInstanceRegistry - Running the evict task with compensationTime 0ms
2023-08-25 14:53:11.202 [Eureka-EvictionTimer] INFO  c.n.e.r.AbstractInstanceRegistry - Running the evict task with compensationTime 0ms
2023-08-25 14:53:16.202 [Eureka-EvictionTimer] INFO  c.n.e.r.AbstractInstanceRegistry - Running the evict task with compensationTime 0ms
2023-08-25 14:53:21.202 [Eureka-EvictionTimer] INFO  c.n.e.r.AbstractInstanceRegistry - Running the evict task with compensationTime 0ms
2023-08-25 14:53:26.202 [Eureka-EvictionTimer] INFO  c.n.e.r.AbstractInstanceRegistry - Running the evict task with compensationTime 0ms
2023-08-25 14:53:31.202 [Eureka-EvictionTimer] INFO  c.n.e.r.AbstractInstanceRegistry - Running the evict task with compensationTime 0ms
2023-08-25 14:53:36.202 [Eureka-EvictionTimer] INFO  c.n.e.r.AbstractInstanceRegistry - Running the evict task with compensationTime 0ms
2023-08-25 14:53:41.202 [Eureka-EvictionTimer] INFO  c.n.e.r.AbstractInstanceRegistry - Running the evict task with compensationTime 0ms
2023-08-25 14:53:46.202 [Eureka-EvictionTimer] INFO  c.n.e.r.AbstractInstanceRegistry - Running the evict task with compensationTime 0ms
2023-08-25 14:53:51.202 [Eureka-EvictionTimer] INFO  c.n.e.r.AbstractInstanceRegistry - Running the evict task with compensationTime 0ms
2023-08-25 14:53:56.202 [Eureka-EvictionTimer] INFO  c.n.e.r.AbstractInstanceRegistry - Running the evict task with compensationTime 0ms
2023-08-25 14:54:01.202 [Eureka-EvictionTimer] INFO  c.n.e.r.AbstractInstanceRegistry - Running the evict task with compensationTime 0ms
2023-08-25 14:54:06.202 [Eureka-EvictionTimer] INFO  c.n.e.r.AbstractInstanceRegistry - Running the evict task with compensationTime 0ms
2023-08-25 14:54:11.202 [Eureka-EvictionTimer] INFO  c.n.e.r.AbstractInstanceRegistry - Running the evict task with compensationTime 0ms
2023-08-25 14:54:16.202 [Eureka-EvictionTimer] INFO  c.n.e.r.AbstractInstanceRegistry - Running the evict task with compensationTime 0ms
2023-08-25 14:54:21.202 [Eureka-EvictionTimer] INFO  c.n.e.r.AbstractInstanceRegistry - Running the evict task with compensationTime 0ms
2023-08-25 14:54:26.202 [Eureka-EvictionTimer] INFO  c.n.e.r.AbstractInstanceRegistry - Running the evict task with compensationTime 0ms
2023-08-25 14:54:31.202 [Eureka-EvictionTimer] INFO  c.n.e.r.AbstractInstanceRegistry - Running the evict task with compensationTime 0ms
2023-08-25 14:54:36.202 [Eureka-EvictionTimer] INFO  c.n.e.r.AbstractInstanceRegistry - Running the evict task with compensationTime 0ms
2023-08-25 14:54:41.202 [Eureka-EvictionTimer] INFO  c.n.e.r.AbstractInstanceRegistry - Running the evict task with compensationTime 0ms
2023-08-25 14:54:46.202 [Eureka-EvictionTimer] INFO  c.n.e.r.AbstractInstanceRegistry - Running the evict task with compensationTime 0ms
2023-08-25 14:54:51.202 [Eureka-EvictionTimer] INFO  c.n.e.r.AbstractInstanceRegistry - Running the evict task with compensationTime 0ms
2023-08-25 14:54:56.202 [Eureka-EvictionTimer] INFO  c.n.e.r.AbstractInstanceRegistry - Running the evict task with compensationTime 0ms
2023-08-25 14:55:01.202 [Eureka-EvictionTimer] INFO  c.n.e.r.AbstractInstanceRegistry - Running the evict task with compensationTime 0ms
2023-08-25 14:55:06.202 [Eureka-EvictionTimer] INFO  c.n.e.r.AbstractInstanceRegistry - Running the evict task with compensationTime 0ms
2023-08-25 14:55:11.202 [Eureka-EvictionTimer] INFO  c.n.e.r.AbstractInstanceRegistry - Running the evict task with compensationTime 0ms
2023-08-25 14:55:16.202 [Eureka-EvictionTimer] INFO  c.n.e.r.AbstractInstanceRegistry - Running the evict task with compensationTime 0ms
2023-08-25 14:55:21.202 [Eureka-EvictionTimer] INFO  c.n.e.r.AbstractInstanceRegistry - Running the evict task with compensationTime 0ms
2023-08-25 14:55:26.202 [Eureka-EvictionTimer] INFO  c.n.e.r.AbstractInstanceRegistry - Running the evict task with compensationTime 0ms
2023-08-25 14:55:31.202 [Eureka-EvictionTimer] INFO  c.n.e.r.AbstractInstanceRegistry - Running the evict task with compensationTime 0ms
2023-08-25 14:55:36.202 [Eureka-EvictionTimer] INFO  c.n.e.r.AbstractInstanceRegistry - Running the evict task with compensationTime 0ms
2023-08-25 14:55:41.202 [Eureka-EvictionTimer] INFO  c.n.e.r.AbstractInstanceRegistry - Running the evict task with compensationTime 0ms
2023-08-25 14:55:46.202 [Eureka-EvictionTimer] INFO  c.n.e.r.AbstractInstanceRegistry - Running the evict task with compensationTime 0ms
2023-08-25 14:55:51.202 [Eureka-EvictionTimer] INFO  c.n.e.r.AbstractInstanceRegistry - Running the evict task with compensationTime 0ms
2023-08-25 14:55:56.202 [Eureka-EvictionTimer] INFO  c.n.e.r.AbstractInstanceRegistry - Running the evict task with compensationTime 0ms
2023-08-25 14:56:01.202 [Eureka-EvictionTimer] INFO  c.n.e.r.AbstractInstanceRegistry - Running the evict task with compensationTime 0ms
2023-08-25 14:56:06.202 [Eureka-EvictionTimer] INFO  c.n.e.r.AbstractInstanceRegistry - Running the evict task with compensationTime 0ms
2023-08-25 14:56:11.202 [Eureka-EvictionTimer] INFO  c.n.e.r.AbstractInstanceRegistry - Running the evict task with compensationTime 0ms
2023-08-25 14:56:16.202 [Eureka-EvictionTimer] INFO  c.n.e.r.AbstractInstanceRegistry - Running the evict task with compensationTime 0ms
2023-08-25 14:56:21.202 [Eureka-EvictionTimer] INFO  c.n.e.r.AbstractInstanceRegistry - Running the evict task with compensationTime 0ms
2023-08-25 14:56:26.202 [Eureka-EvictionTimer] INFO  c.n.e.r.AbstractInstanceRegistry - Running the evict task with compensationTime 0ms
2023-08-25 14:56:31.202 [Eureka-EvictionTimer] INFO  c.n.e.r.AbstractInstanceRegistry - Running the evict task with compensationTime 0ms
2023-08-25 14:56:36.202 [Eureka-EvictionTimer] INFO  c.n.e.r.AbstractInstanceRegistry - Running the evict task with compensationTime 0ms
2023-08-25 14:56:41.202 [Eureka-EvictionTimer] INFO  c.n.e.r.AbstractInstanceRegistry - Running the evict task with compensationTime 0ms
2023-08-25 14:56:46.202 [Eureka-EvictionTimer] INFO  c.n.e.r.AbstractInstanceRegistry - Running the evict task with compensationTime 0ms
2023-08-25 14:56:51.202 [Eureka-EvictionTimer] INFO  c.n.e.r.AbstractInstanceRegistry - Running the evict task with compensationTime 0ms
2023-08-25 14:56:56.202 [Eureka-EvictionTimer] INFO  c.n.e.r.AbstractInstanceRegistry - Running the evict task with compensationTime 0ms
2023-08-25 14:57:01.202 [Eureka-EvictionTimer] INFO  c.n.e.r.AbstractInstanceRegistry - Running the evict task with compensationTime 0ms
2023-08-25 14:57:06.202 [Eureka-EvictionTimer] INFO  c.n.e.r.AbstractInstanceRegistry - Running the evict task with compensationTime 0ms
2023-08-25 14:57:11.202 [Eureka-EvictionTimer] INFO  c.n.e.r.AbstractInstanceRegistry - Running the evict task with compensationTime 0ms
2023-08-25 14:57:16.202 [Eureka-EvictionTimer] INFO  c.n.e.r.AbstractInstanceRegistry - Running the evict task with compensationTime 0ms
2023-08-25 14:57:21.202 [Eureka-EvictionTimer] INFO  c.n.e.r.AbstractInstanceRegistry - Running the evict task with compensationTime 0ms
2023-08-25 14:57:26.202 [Eureka-EvictionTimer] INFO  c.n.e.r.AbstractInstanceRegistry - Running the evict task with compensationTime 0ms
2023-08-25 14:57:31.202 [Eureka-EvictionTimer] INFO  c.n.e.r.AbstractInstanceRegistry - Running the evict task with compensationTime 0ms
2023-08-25 14:57:36.202 [Eureka-EvictionTimer] INFO  c.n.e.r.AbstractInstanceRegistry - Running the evict task with compensationTime 0ms
2023-08-25 14:57:41.202 [Eureka-EvictionTimer] INFO  c.n.e.r.AbstractInstanceRegistry - Running the evict task with compensationTime 0ms
2023-08-25 14:57:46.202 [Eureka-EvictionTimer] INFO  c.n.e.r.AbstractInstanceRegistry - Running the evict task with compensationTime 0ms
2023-08-25 14:57:51.202 [Eureka-EvictionTimer] INFO  c.n.e.r.AbstractInstanceRegistry - Running the evict task with compensationTime 0ms
2023-08-25 14:57:56.202 [Eureka-EvictionTimer] INFO  c.n.e.r.AbstractInstanceRegistry - Running the evict task with compensationTime 0ms
2023-08-25 14:58:01.202 [Eureka-EvictionTimer] INFO  c.n.e.r.AbstractInstanceRegistry - Running the evict task with compensationTime 0ms
2023-08-25 14:58:06.202 [Eureka-EvictionTimer] INFO  c.n.e.r.AbstractInstanceRegistry - Running the evict task with compensationTime 0ms
2023-08-25 14:58:11.202 [Eureka-EvictionTimer] INFO  c.n.e.r.AbstractInstanceRegistry - Running the evict task with compensationTime 0ms
2023-08-25 14:58:16.202 [Eureka-EvictionTimer] INFO  c.n.e.r.AbstractInstanceRegistry - Running the evict task with compensationTime 0ms
2023-08-25 14:58:21.202 [Eureka-EvictionTimer] INFO  c.n.e.r.AbstractInstanceRegistry - Running the evict task with compensationTime 0ms
2023-08-25 14:58:26.202 [Eureka-EvictionTimer] INFO  c.n.e.r.AbstractInstanceRegistry - Running the evict task with compensationTime 0ms
2023-08-25 14:58:31.202 [Eureka-EvictionTimer] INFO  c.n.e.r.AbstractInstanceRegistry - Running the evict task with compensationTime 0ms
2023-08-25 14:58:36.202 [Eureka-EvictionTimer] INFO  c.n.e.r.AbstractInstanceRegistry - Running the evict task with compensationTime 0ms
2023-08-25 14:58:41.202 [Eureka-EvictionTimer] INFO  c.n.e.r.AbstractInstanceRegistry - Running the evict task with compensationTime 0ms
2023-08-25 14:58:46.202 [Eureka-EvictionTimer] INFO  c.n.e.r.AbstractInstanceRegistry - Running the evict task with compensationTime 0ms
2023-08-25 14:58:51.202 [Eureka-EvictionTimer] INFO  c.n.e.r.AbstractInstanceRegistry - Running the evict task with compensationTime 0ms
2023-08-25 14:58:56.202 [Eureka-EvictionTimer] INFO  c.n.e.r.AbstractInstanceRegistry - Running the evict task with compensationTime 0ms
2023-08-25 14:59:01.202 [Eureka-EvictionTimer] INFO  c.n.e.r.AbstractInstanceRegistry - Running the evict task with compensationTime 0ms
2023-08-25 14:59:06.202 [Eureka-EvictionTimer] INFO  c.n.e.r.AbstractInstanceRegistry - Running the evict task with compensationTime 0ms
2023-08-25 14:59:11.202 [Eureka-EvictionTimer] INFO  c.n.e.r.AbstractInstanceRegistry - Running the evict task with compensationTime 0ms
2023-08-25 14:59:16.202 [Eureka-EvictionTimer] INFO  c.n.e.r.AbstractInstanceRegistry - Running the evict task with compensationTime 0ms
2023-08-25 14:59:21.202 [Eureka-EvictionTimer] INFO  c.n.e.r.AbstractInstanceRegistry - Running the evict task with compensationTime 0ms
2023-08-25 14:59:26.202 [Eureka-EvictionTimer] INFO  c.n.e.r.AbstractInstanceRegistry - Running the evict task with compensationTime 0ms
2023-08-25 14:59:31.202 [Eureka-EvictionTimer] INFO  c.n.e.r.AbstractInstanceRegistry - Running the evict task with compensationTime 0ms
2023-08-25 14:59:36.202 [Eureka-EvictionTimer] INFO  c.n.e.r.AbstractInstanceRegistry - Running the evict task with compensationTime 0ms
2023-08-25 14:59:41.202 [Eureka-EvictionTimer] INFO  c.n.e.r.AbstractInstanceRegistry - Running the evict task with compensationTime 0ms
2023-08-25 14:59:46.202 [Eureka-EvictionTimer] INFO  c.n.e.r.AbstractInstanceRegistry - Running the evict task with compensationTime 0ms
2023-08-25 14:59:51.202 [Eureka-EvictionTimer] INFO  c.n.e.r.AbstractInstanceRegistry - Running the evict task with compensationTime 0ms
2023-08-25 14:59:56.202 [Eureka-EvictionTimer] INFO  c.n.e.r.AbstractInstanceRegistry - Running the evict task with compensationTime 0ms
2023-08-25 15:00:01.202 [Eureka-EvictionTimer] INFO  c.n.e.r.AbstractInstanceRegistry - Running the evict task with compensationTime 0ms
2023-08-25 15:00:06.202 [Eureka-EvictionTimer] INFO  c.n.e.r.AbstractInstanceRegistry - Running the evict task with compensationTime 0ms
2023-08-25 15:00:11.202 [Eureka-EvictionTimer] INFO  c.n.e.r.AbstractInstanceRegistry - Running the evict task with compensationTime 0ms
2023-08-25 15:00:16.202 [Eureka-EvictionTimer] INFO  c.n.e.r.AbstractInstanceRegistry - Running the evict task with compensationTime 0ms
2023-08-25 15:00:21.202 [Eureka-EvictionTimer] INFO  c.n.e.r.AbstractInstanceRegistry - Running the evict task with compensationTime 0ms
2023-08-25 15:00:26.202 [Eureka-EvictionTimer] INFO  c.n.e.r.AbstractInstanceRegistry - Running the evict task with compensationTime 0ms
2023-08-25 15:00:31.202 [Eureka-EvictionTimer] INFO  c.n.e.r.AbstractInstanceRegistry - Running the evict task with compensationTime 0ms
2023-08-25 15:00:36.202 [Eureka-EvictionTimer] INFO  c.n.e.r.AbstractInstanceRegistry - Running the evict task with compensationTime 0ms
2023-08-25 15:00:41.202 [Eureka-EvictionTimer] INFO  c.n.e.r.AbstractInstanceRegistry - Running the evict task with compensationTime 0ms
2023-08-25 15:00:46.202 [Eureka-EvictionTimer] INFO  c.n.e.r.AbstractInstanceRegistry - Running the evict task with compensationTime 0ms
2023-08-25 15:00:51.202 [Eureka-EvictionTimer] INFO  c.n.e.r.AbstractInstanceRegistry - Running the evict task with compensationTime 0ms
2023-08-25 15:00:56.202 [Eureka-EvictionTimer] INFO  c.n.e.r.AbstractInstanceRegistry - Running the evict task with compensationTime 0ms
2023-08-25 15:01:01.202 [Eureka-EvictionTimer] INFO  c.n.e.r.AbstractInstanceRegistry - Running the evict task with compensationTime 0ms
2023-08-25 15:01:06.202 [Eureka-EvictionTimer] INFO  c.n.e.r.AbstractInstanceRegistry - Running the evict task with compensationTime 0ms
2023-08-25 15:01:11.202 [Eureka-EvictionTimer] INFO  c.n.e.r.AbstractInstanceRegistry - Running the evict task with compensationTime 0ms
2023-08-25 15:01:16.202 [Eureka-EvictionTimer] INFO  c.n.e.r.AbstractInstanceRegistry - Running the evict task with compensationTime 0ms
2023-08-25 15:01:21.202 [Eureka-EvictionTimer] INFO  c.n.e.r.AbstractInstanceRegistry - Running the evict task with compensationTime 0ms
2023-08-25 15:01:26.202 [Eureka-EvictionTimer] INFO  c.n.e.r.AbstractInstanceRegistry - Running the evict task with compensationTime 0ms
2023-08-25 15:01:31.202 [Eureka-EvictionTimer] INFO  c.n.e.r.AbstractInstanceRegistry - Running the evict task with compensationTime 0ms
2023-08-25 15:01:36.202 [Eureka-EvictionTimer] INFO  c.n.e.r.AbstractInstanceRegistry - Running the evict task with compensationTime 0ms
2023-08-25 15:01:41.202 [Eureka-EvictionTimer] INFO  c.n.e.r.AbstractInstanceRegistry - Running the evict task with compensationTime 0ms
2023-08-25 15:01:46.202 [Eureka-EvictionTimer] INFO  c.n.e.r.AbstractInstanceRegistry - Running the evict task with compensationTime 0ms
2023-08-25 15:01:51.202 [Eureka-EvictionTimer] INFO  c.n.e.r.AbstractInstanceRegistry - Running the evict task with compensationTime 0ms
2023-08-25 15:01:56.202 [Eureka-EvictionTimer] INFO  c.n.e.r.AbstractInstanceRegistry - Running the evict task with compensationTime 0ms
2023-08-25 15:02:01.202 [Eureka-EvictionTimer] INFO  c.n.e.r.AbstractInstanceRegistry - Running the evict task with compensationTime 0ms
2023-08-25 15:02:06.202 [Eureka-EvictionTimer] INFO  c.n.e.r.AbstractInstanceRegistry - Running the evict task with compensationTime 0ms
2023-08-25 15:02:11.202 [Eureka-EvictionTimer] INFO  c.n.e.r.AbstractInstanceRegistry - Running the evict task with compensationTime 0ms
2023-08-25 15:02:16.202 [Eureka-EvictionTimer] INFO  c.n.e.r.AbstractInstanceRegistry - Running the evict task with compensationTime 0ms
2023-08-25 15:02:21.202 [Eureka-EvictionTimer] INFO  c.n.e.r.AbstractInstanceRegistry - Running the evict task with compensationTime 0ms
2023-08-25 15:02:26.202 [Eureka-EvictionTimer] INFO  c.n.e.r.AbstractInstanceRegistry - Running the evict task with compensationTime 0ms
2023-08-25 15:02:31.202 [Eureka-EvictionTimer] INFO  c.n.e.r.AbstractInstanceRegistry - Running the evict task with compensationTime 0ms
2023-08-25 15:02:36.202 [Eureka-EvictionTimer] INFO  c.n.e.r.AbstractInstanceRegistry - Running the evict task with compensationTime 0ms
2023-08-25 15:02:41.202 [Eureka-EvictionTimer] INFO  c.n.e.r.AbstractInstanceRegistry - Running the evict task with compensationTime 0ms
2023-08-25 15:02:46.202 [Eureka-EvictionTimer] INFO  c.n.e.r.AbstractInstanceRegistry - Running the evict task with compensationTime 0ms
2023-08-25 15:02:51.202 [Eureka-EvictionTimer] INFO  c.n.e.r.AbstractInstanceRegistry - Running the evict task with compensationTime 0ms
2023-08-25 15:02:56.202 [Eureka-EvictionTimer] INFO  c.n.e.r.AbstractInstanceRegistry - Running the evict task with compensationTime 0ms
2023-08-25 15:03:01.202 [Eureka-EvictionTimer] INFO  c.n.e.r.AbstractInstanceRegistry - Running the evict task with compensationTime 0ms
2023-08-25 15:03:06.202 [Eureka-EvictionTimer] INFO  c.n.e.r.AbstractInstanceRegistry - Running the evict task with compensationTime 0ms
2023-08-25 15:03:11.202 [Eureka-EvictionTimer] INFO  c.n.e.r.AbstractInstanceRegistry - Running the evict task with compensationTime 0ms
2023-08-25 15:03:16.202 [Eureka-EvictionTimer] INFO  c.n.e.r.AbstractInstanceRegistry - Running the evict task with compensationTime 0ms
2023-08-25 15:03:21.202 [Eureka-EvictionTimer] INFO  c.n.e.r.AbstractInstanceRegistry - Running the evict task with compensationTime 0ms
2023-08-25 15:03:26.202 [Eureka-EvictionTimer] INFO  c.n.e.r.AbstractInstanceRegistry - Running the evict task with compensationTime 0ms
2023-08-25 15:03:31.202 [Eureka-EvictionTimer] INFO  c.n.e.r.AbstractInstanceRegistry - Running the evict task with compensationTime 0ms
2023-08-25 15:03:36.202 [Eureka-EvictionTimer] INFO  c.n.e.r.AbstractInstanceRegistry - Running the evict task with compensationTime 0ms
2023-08-25 15:03:41.202 [Eureka-EvictionTimer] INFO  c.n.e.r.AbstractInstanceRegistry - Running the evict task with compensationTime 0ms
2023-08-25 15:03:46.202 [Eureka-EvictionTimer] INFO  c.n.e.r.AbstractInstanceRegistry - Running the evict task with compensationTime 0ms
2023-08-25 15:03:51.202 [Eureka-EvictionTimer] INFO  c.n.e.r.AbstractInstanceRegistry - Running the evict task with compensationTime 0ms
2023-08-25 15:03:56.202 [Eureka-EvictionTimer] INFO  c.n.e.r.AbstractInstanceRegistry - Running the evict task with compensationTime 0ms
2023-08-25 15:04:01.202 [Eureka-EvictionTimer] INFO  c.n.e.r.AbstractInstanceRegistry - Running the evict task with compensationTime 0ms
2023-08-25 15:04:06.202 [Eureka-EvictionTimer] INFO  c.n.e.r.AbstractInstanceRegistry - Running the evict task with compensationTime 0ms
2023-08-25 15:04:11.202 [Eureka-EvictionTimer] INFO  c.n.e.r.AbstractInstanceRegistry - Running the evict task with compensationTime 0ms
2023-08-25 15:04:16.202 [Eureka-EvictionTimer] INFO  c.n.e.r.AbstractInstanceRegistry - Running the evict task with compensationTime 0ms
2023-08-25 15:04:21.202 [Eureka-EvictionTimer] INFO  c.n.e.r.AbstractInstanceRegistry - Running the evict task with compensationTime 0ms
2023-08-25 15:04:26.202 [Eureka-EvictionTimer] INFO  c.n.e.r.AbstractInstanceRegistry - Running the evict task with compensationTime 0ms
2023-08-25 15:04:31.202 [Eureka-EvictionTimer] INFO  c.n.e.r.AbstractInstanceRegistry - Running the evict task with compensationTime 0ms
2023-08-25 15:04:36.202 [Eureka-EvictionTimer] INFO  c.n.e.r.AbstractInstanceRegistry - Running the evict task with compensationTime 0ms
2023-08-25 15:04:41.202 [Eureka-EvictionTimer] INFO  c.n.e.r.AbstractInstanceRegistry - Running the evict task with compensationTime 0ms
2023-08-25 15:04:46.202 [Eureka-EvictionTimer] INFO  c.n.e.r.AbstractInstanceRegistry - Running the evict task with compensationTime 0ms
2023-08-25 15:04:51.202 [Eureka-EvictionTimer] INFO  c.n.e.r.AbstractInstanceRegistry - Running the evict task with compensationTime 0ms
2023-08-25 15:04:56.206 [Eureka-EvictionTimer] INFO  c.n.e.r.AbstractInstanceRegistry - Running the evict task with compensationTime 3ms
2023-08-25 15:05:00.814 [ReplicaAwareInstanceRegistry - RenewalThresholdUpdater] INFO  c.n.e.r.PeerAwareInstanceRegistryImpl - Current renewal threshold is : 0
2023-08-25 15:05:01.213 [Eureka-EvictionTimer] INFO  c.n.e.r.AbstractInstanceRegistry - Running the evict task with compensationTime 6ms
2023-08-25 15:05:06.213 [Eureka-EvictionTimer] INFO  c.n.e.r.AbstractInstanceRegistry - Running the evict task with compensationTime 0ms
2023-08-25 15:05:11.213 [Eureka-EvictionTimer] INFO  c.n.e.r.AbstractInstanceRegistry - Running the evict task with compensationTime 0ms
2023-08-25 15:05:16.213 [Eureka-EvictionTimer] INFO  c.n.e.r.AbstractInstanceRegistry - Running the evict task with compensationTime 0ms
2023-08-25 15:05:21.214 [Eureka-EvictionTimer] INFO  c.n.e.r.AbstractInstanceRegistry - Running the evict task with compensationTime 1ms
2023-08-25 15:05:26.214 [Eureka-EvictionTimer] INFO  c.n.e.r.AbstractInstanceRegistry - Running the evict task with compensationTime 0ms
2023-08-25 15:05:31.214 [Eureka-EvictionTimer] INFO  c.n.e.r.AbstractInstanceRegistry - Running the evict task with compensationTime 0ms
2023-08-25 15:05:36.214 [Eureka-EvictionTimer] INFO  c.n.e.r.AbstractInstanceRegistry - Running the evict task with compensationTime 0ms
2023-08-25 15:05:41.214 [Eureka-EvictionTimer] INFO  c.n.e.r.AbstractInstanceRegistry - Running the evict task with compensationTime 0ms
2023-08-25 15:05:46.214 [Eureka-EvictionTimer] INFO  c.n.e.r.AbstractInstanceRegistry - Running the evict task with compensationTime 0ms
2023-08-25 15:05:51.214 [Eureka-EvictionTimer] INFO  c.n.e.r.AbstractInstanceRegistry - Running the evict task with compensationTime 0ms
2023-08-25 15:05:56.214 [Eureka-EvictionTimer] INFO  c.n.e.r.AbstractInstanceRegistry - Running the evict task with compensationTime 0ms
2023-08-25 15:06:01.214 [Eureka-EvictionTimer] INFO  c.n.e.r.AbstractInstanceRegistry - Running the evict task with compensationTime 0ms
2023-08-25 15:06:06.214 [Eureka-EvictionTimer] INFO  c.n.e.r.AbstractInstanceRegistry - Running the evict task with compensationTime 0ms
2023-08-25 15:06:11.214 [Eureka-EvictionTimer] INFO  c.n.e.r.AbstractInstanceRegistry - Running the evict task with compensationTime 0ms
2023-08-25 15:06:16.214 [Eureka-EvictionTimer] INFO  c.n.e.r.AbstractInstanceRegistry - Running the evict task with compensationTime 0ms
2023-08-25 15:06:21.214 [Eureka-EvictionTimer] INFO  c.n.e.r.AbstractInstanceRegistry - Running the evict task with compensationTime 0ms
2023-08-25 15:06:26.214 [Eureka-EvictionTimer] INFO  c.n.e.r.AbstractInstanceRegistry - Running the evict task with compensationTime 0ms
2023-08-25 15:06:31.214 [Eureka-EvictionTimer] INFO  c.n.e.r.AbstractInstanceRegistry - Running the evict task with compensationTime 0ms
2023-08-25 15:06:36.214 [Eureka-EvictionTimer] INFO  c.n.e.r.AbstractInstanceRegistry - Running the evict task with compensationTime 0ms
2023-08-25 15:06:41.214 [Eureka-EvictionTimer] INFO  c.n.e.r.AbstractInstanceRegistry - Running the evict task with compensationTime 0ms
2023-08-25 15:06:46.214 [Eureka-EvictionTimer] INFO  c.n.e.r.AbstractInstanceRegistry - Running the evict task with compensationTime 0ms
2023-08-25 15:06:51.214 [Eureka-EvictionTimer] INFO  c.n.e.r.AbstractInstanceRegistry - Running the evict task with compensationTime 0ms
2023-08-25 15:06:56.214 [Eureka-EvictionTimer] INFO  c.n.e.r.AbstractInstanceRegistry - Running the evict task with compensationTime 0ms
2023-08-25 15:07:01.214 [Eureka-EvictionTimer] INFO  c.n.e.r.AbstractInstanceRegistry - Running the evict task with compensationTime 0ms
2023-08-25 15:07:06.214 [Eureka-EvictionTimer] INFO  c.n.e.r.AbstractInstanceRegistry - Running the evict task with compensationTime 0ms
2023-08-25 15:07:11.214 [Eureka-EvictionTimer] INFO  c.n.e.r.AbstractInstanceRegistry - Running the evict task with compensationTime 0ms
2023-08-25 15:07:16.214 [Eureka-EvictionTimer] INFO  c.n.e.r.AbstractInstanceRegistry - Running the evict task with compensationTime 0ms
2023-08-25 15:07:21.214 [Eureka-EvictionTimer] INFO  c.n.e.r.AbstractInstanceRegistry - Running the evict task with compensationTime 0ms
2023-08-25 15:07:26.214 [Eureka-EvictionTimer] INFO  c.n.e.r.AbstractInstanceRegistry - Running the evict task with compensationTime 0ms
2023-08-25 15:07:31.214 [Eureka-EvictionTimer] INFO  c.n.e.r.AbstractInstanceRegistry - Running the evict task with compensationTime 0ms
2023-08-25 15:07:36.214 [Eureka-EvictionTimer] INFO  c.n.e.r.AbstractInstanceRegistry - Running the evict task with compensationTime 0ms
2023-08-25 15:07:41.214 [Eureka-EvictionTimer] INFO  c.n.e.r.AbstractInstanceRegistry - Running the evict task with compensationTime 0ms
2023-08-25 15:07:46.214 [Eureka-EvictionTimer] INFO  c.n.e.r.AbstractInstanceRegistry - Running the evict task with compensationTime 0ms
2023-08-25 15:07:51.214 [Eureka-EvictionTimer] INFO  c.n.e.r.AbstractInstanceRegistry - Running the evict task with compensationTime 0ms
2023-08-25 15:07:56.214 [Eureka-EvictionTimer] INFO  c.n.e.r.AbstractInstanceRegistry - Running the evict task with compensationTime 0ms
2023-08-25 15:08:01.214 [Eureka-EvictionTimer] INFO  c.n.e.r.AbstractInstanceRegistry - Running the evict task with compensationTime 0ms
2023-08-25 15:08:06.214 [Eureka-EvictionTimer] INFO  c.n.e.r.AbstractInstanceRegistry - Running the evict task with compensationTime 0ms
2023-08-25 15:08:11.214 [Eureka-EvictionTimer] INFO  c.n.e.r.AbstractInstanceRegistry - Running the evict task with compensationTime 0ms
2023-08-25 15:08:16.214 [Eureka-EvictionTimer] INFO  c.n.e.r.AbstractInstanceRegistry - Running the evict task with compensationTime 0ms
2023-08-25 15:08:21.214 [Eureka-EvictionTimer] INFO  c.n.e.r.AbstractInstanceRegistry - Running the evict task with compensationTime 0ms
2023-08-25 15:08:26.214 [Eureka-EvictionTimer] INFO  c.n.e.r.AbstractInstanceRegistry - Running the evict task with compensationTime 0ms
2023-08-25 15:08:31.214 [Eureka-EvictionTimer] INFO  c.n.e.r.AbstractInstanceRegistry - Running the evict task with compensationTime 0ms
2023-08-25 15:08:36.214 [Eureka-EvictionTimer] INFO  c.n.e.r.AbstractInstanceRegistry - Running the evict task with compensationTime 0ms
2023-08-25 15:08:41.214 [Eureka-EvictionTimer] INFO  c.n.e.r.AbstractInstanceRegistry - Running the evict task with compensationTime 0ms
2023-08-25 15:08:46.214 [Eureka-EvictionTimer] INFO  c.n.e.r.AbstractInstanceRegistry - Running the evict task with compensationTime 0ms
2023-08-25 15:08:51.214 [Eureka-EvictionTimer] INFO  c.n.e.r.AbstractInstanceRegistry - Running the evict task with compensationTime 0ms
2023-08-25 15:08:56.214 [Eureka-EvictionTimer] INFO  c.n.e.r.AbstractInstanceRegistry - Running the evict task with compensationTime 0ms
2023-08-25 15:09:01.214 [Eureka-EvictionTimer] INFO  c.n.e.r.AbstractInstanceRegistry - Running the evict task with compensationTime 0ms
2023-08-25 15:09:06.214 [Eureka-EvictionTimer] INFO  c.n.e.r.AbstractInstanceRegistry - Running the evict task with compensationTime 0ms
2023-08-25 15:09:11.214 [Eureka-EvictionTimer] INFO  c.n.e.r.AbstractInstanceRegistry - Running the evict task with compensationTime 0ms
2023-08-25 15:09:16.214 [Eureka-EvictionTimer] INFO  c.n.e.r.AbstractInstanceRegistry - Running the evict task with compensationTime 0ms
2023-08-25 15:09:21.214 [Eureka-EvictionTimer] INFO  c.n.e.r.AbstractInstanceRegistry - Running the evict task with compensationTime 0ms
2023-08-25 15:09:26.214 [Eureka-EvictionTimer] INFO  c.n.e.r.AbstractInstanceRegistry - Running the evict task with compensationTime 0ms
2023-08-25 15:09:31.214 [Eureka-EvictionTimer] INFO  c.n.e.r.AbstractInstanceRegistry - Running the evict task with compensationTime 0ms
2023-08-25 15:09:36.214 [Eureka-EvictionTimer] INFO  c.n.e.r.AbstractInstanceRegistry - Running the evict task with compensationTime 0ms
2023-08-25 15:09:41.214 [Eureka-EvictionTimer] INFO  c.n.e.r.AbstractInstanceRegistry - Running the evict task with compensationTime 0ms
2023-08-25 15:09:46.214 [Eureka-EvictionTimer] INFO  c.n.e.r.AbstractInstanceRegistry - Running the evict task with compensationTime 0ms
2023-08-25 15:09:51.214 [Eureka-EvictionTimer] INFO  c.n.e.r.AbstractInstanceRegistry - Running the evict task with compensationTime 0ms
2023-08-25 15:09:56.214 [Eureka-EvictionTimer] INFO  c.n.e.r.AbstractInstanceRegistry - Running the evict task with compensationTime 0ms
2023-08-25 15:10:01.214 [Eureka-EvictionTimer] INFO  c.n.e.r.AbstractInstanceRegistry - Running the evict task with compensationTime 0ms
2023-08-25 15:10:06.214 [Eureka-EvictionTimer] INFO  c.n.e.r.AbstractInstanceRegistry - Running the evict task with compensationTime 0ms
2023-08-25 15:10:11.214 [Eureka-EvictionTimer] INFO  c.n.e.r.AbstractInstanceRegistry - Running the evict task with compensationTime 0ms
2023-08-25 15:10:16.214 [Eureka-EvictionTimer] INFO  c.n.e.r.AbstractInstanceRegistry - Running the evict task with compensationTime 0ms
2023-08-25 15:10:21.214 [Eureka-EvictionTimer] INFO  c.n.e.r.AbstractInstanceRegistry - Running the evict task with compensationTime 0ms
2023-08-25 15:10:26.214 [Eureka-EvictionTimer] INFO  c.n.e.r.AbstractInstanceRegistry - Running the evict task with compensationTime 0ms
2023-08-25 15:10:31.214 [Eureka-EvictionTimer] INFO  c.n.e.r.AbstractInstanceRegistry - Running the evict task with compensationTime 0ms
2023-08-25 15:10:36.214 [Eureka-EvictionTimer] INFO  c.n.e.r.AbstractInstanceRegistry - Running the evict task with compensationTime 0ms
2023-08-25 15:10:41.214 [Eureka-EvictionTimer] INFO  c.n.e.r.AbstractInstanceRegistry - Running the evict task with compensationTime 0ms
2023-08-25 15:10:46.214 [Eureka-EvictionTimer] INFO  c.n.e.r.AbstractInstanceRegistry - Running the evict task with compensationTime 0ms
2023-08-25 15:10:51.214 [Eureka-EvictionTimer] INFO  c.n.e.r.AbstractInstanceRegistry - Running the evict task with compensationTime 0ms
2023-08-25 15:10:56.214 [Eureka-EvictionTimer] INFO  c.n.e.r.AbstractInstanceRegistry - Running the evict task with compensationTime 0ms
2023-08-25 15:11:01.214 [Eureka-EvictionTimer] INFO  c.n.e.r.AbstractInstanceRegistry - Running the evict task with compensationTime 0ms
2023-08-25 15:11:06.214 [Eureka-EvictionTimer] INFO  c.n.e.r.AbstractInstanceRegistry - Running the evict task with compensationTime 0ms
2023-08-25 15:11:11.214 [Eureka-EvictionTimer] INFO  c.n.e.r.AbstractInstanceRegistry - Running the evict task with compensationTime 0ms
2023-08-25 15:11:16.214 [Eureka-EvictionTimer] INFO  c.n.e.r.AbstractInstanceRegistry - Running the evict task with compensationTime 0ms
2023-08-25 15:11:21.214 [Eureka-EvictionTimer] INFO  c.n.e.r.AbstractInstanceRegistry - Running the evict task with compensationTime 0ms
2023-08-25 15:11:26.214 [Eureka-EvictionTimer] INFO  c.n.e.r.AbstractInstanceRegistry - Running the evict task with compensationTime 0ms
2023-08-25 15:11:31.214 [Eureka-EvictionTimer] INFO  c.n.e.r.AbstractInstanceRegistry - Running the evict task with compensationTime 0ms
2023-08-25 15:11:36.214 [Eureka-EvictionTimer] INFO  c.n.e.r.AbstractInstanceRegistry - Running the evict task with compensationTime 0ms
2023-08-25 15:11:41.214 [Eureka-EvictionTimer] INFO  c.n.e.r.AbstractInstanceRegistry - Running the evict task with compensationTime 0ms
2023-08-25 15:11:46.214 [Eureka-EvictionTimer] INFO  c.n.e.r.AbstractInstanceRegistry - Running the evict task with compensationTime 0ms
2023-08-25 15:11:51.214 [Eureka-EvictionTimer] INFO  c.n.e.r.AbstractInstanceRegistry - Running the evict task with compensationTime 0ms
2023-08-25 15:11:56.214 [Eureka-EvictionTimer] INFO  c.n.e.r.AbstractInstanceRegistry - Running the evict task with compensationTime 0ms
2023-08-25 15:12:01.214 [Eureka-EvictionTimer] INFO  c.n.e.r.AbstractInstanceRegistry - Running the evict task with compensationTime 0ms
2023-08-25 15:12:06.214 [Eureka-EvictionTimer] INFO  c.n.e.r.AbstractInstanceRegistry - Running the evict task with compensationTime 0ms
2023-08-25 15:12:11.214 [Eureka-EvictionTimer] INFO  c.n.e.r.AbstractInstanceRegistry - Running the evict task with compensationTime 0ms
2023-08-25 15:12:16.214 [Eureka-EvictionTimer] INFO  c.n.e.r.AbstractInstanceRegistry - Running the evict task with compensationTime 0ms
2023-08-25 15:12:21.214 [Eureka-EvictionTimer] INFO  c.n.e.r.AbstractInstanceRegistry - Running the evict task with compensationTime 0ms
2023-08-25 15:12:26.214 [Eureka-EvictionTimer] INFO  c.n.e.r.AbstractInstanceRegistry - Running the evict task with compensationTime 0ms
2023-08-25 15:12:31.214 [Eureka-EvictionTimer] INFO  c.n.e.r.AbstractInstanceRegistry - Running the evict task with compensationTime 0ms
2023-08-25 15:12:36.214 [Eureka-EvictionTimer] INFO  c.n.e.r.AbstractInstanceRegistry - Running the evict task with compensationTime 0ms
2023-08-25 15:12:41.214 [Eureka-EvictionTimer] INFO  c.n.e.r.AbstractInstanceRegistry - Running the evict task with compensationTime 0ms
2023-08-25 15:12:46.214 [Eureka-EvictionTimer] INFO  c.n.e.r.AbstractInstanceRegistry - Running the evict task with compensationTime 0ms
2023-08-25 15:12:51.214 [Eureka-EvictionTimer] INFO  c.n.e.r.AbstractInstanceRegistry - Running the evict task with compensationTime 0ms
2023-08-25 15:12:56.214 [Eureka-EvictionTimer] INFO  c.n.e.r.AbstractInstanceRegistry - Running the evict task with compensationTime 0ms
2023-08-25 15:13:01.214 [Eureka-EvictionTimer] INFO  c.n.e.r.AbstractInstanceRegistry - Running the evict task with compensationTime 0ms
2023-08-25 15:13:06.214 [Eureka-EvictionTimer] INFO  c.n.e.r.AbstractInstanceRegistry - Running the evict task with compensationTime 0ms
2023-08-25 15:13:11.214 [Eureka-EvictionTimer] INFO  c.n.e.r.AbstractInstanceRegistry - Running the evict task with compensationTime 0ms
2023-08-25 15:13:16.214 [Eureka-EvictionTimer] INFO  c.n.e.r.AbstractInstanceRegistry - Running the evict task with compensationTime 0ms
2023-08-25 15:13:21.214 [Eureka-EvictionTimer] INFO  c.n.e.r.AbstractInstanceRegistry - Running the evict task with compensationTime 0ms
2023-08-25 15:13:26.214 [Eureka-EvictionTimer] INFO  c.n.e.r.AbstractInstanceRegistry - Running the evict task with compensationTime 0ms
2023-08-25 15:13:31.214 [Eureka-EvictionTimer] INFO  c.n.e.r.AbstractInstanceRegistry - Running the evict task with compensationTime 0ms
2023-08-25 15:13:36.214 [Eureka-EvictionTimer] INFO  c.n.e.r.AbstractInstanceRegistry - Running the evict task with compensationTime 0ms
2023-08-25 15:13:41.214 [Eureka-EvictionTimer] INFO  c.n.e.r.AbstractInstanceRegistry - Running the evict task with compensationTime 0ms
2023-08-25 15:13:46.214 [Eureka-EvictionTimer] INFO  c.n.e.r.AbstractInstanceRegistry - Running the evict task with compensationTime 0ms
2023-08-25 15:13:51.214 [Eureka-EvictionTimer] INFO  c.n.e.r.AbstractInstanceRegistry - Running the evict task with compensationTime 0ms
2023-08-25 15:13:56.214 [Eureka-EvictionTimer] INFO  c.n.e.r.AbstractInstanceRegistry - Running the evict task with compensationTime 0ms
2023-08-25 15:14:01.214 [Eureka-EvictionTimer] INFO  c.n.e.r.AbstractInstanceRegistry - Running the evict task with compensationTime 0ms
2023-08-25 15:14:06.214 [Eureka-EvictionTimer] INFO  c.n.e.r.AbstractInstanceRegistry - Running the evict task with compensationTime 0ms
2023-08-25 15:14:11.214 [Eureka-EvictionTimer] INFO  c.n.e.r.AbstractInstanceRegistry - Running the evict task with compensationTime 0ms
2023-08-25 15:14:16.214 [Eureka-EvictionTimer] INFO  c.n.e.r.AbstractInstanceRegistry - Running the evict task with compensationTime 0ms
2023-08-25 15:14:21.214 [Eureka-EvictionTimer] INFO  c.n.e.r.AbstractInstanceRegistry - Running the evict task with compensationTime 0ms
2023-08-25 15:14:26.214 [Eureka-EvictionTimer] INFO  c.n.e.r.AbstractInstanceRegistry - Running the evict task with compensationTime 0ms
2023-08-25 15:14:31.214 [Eureka-EvictionTimer] INFO  c.n.e.r.AbstractInstanceRegistry - Running the evict task with compensationTime 0ms
2023-08-25 15:14:36.214 [Eureka-EvictionTimer] INFO  c.n.e.r.AbstractInstanceRegistry - Running the evict task with compensationTime 0ms
2023-08-25 15:14:41.214 [Eureka-EvictionTimer] INFO  c.n.e.r.AbstractInstanceRegistry - Running the evict task with compensationTime 0ms
2023-08-25 15:14:46.214 [Eureka-EvictionTimer] INFO  c.n.e.r.AbstractInstanceRegistry - Running the evict task with compensationTime 0ms
2023-08-25 15:14:51.214 [Eureka-EvictionTimer] INFO  c.n.e.r.AbstractInstanceRegistry - Running the evict task with compensationTime 0ms
2023-08-25 15:14:56.215 [Eureka-EvictionTimer] INFO  c.n.e.r.AbstractInstanceRegistry - Running the evict task with compensationTime 1ms
2023-08-25 15:15:01.215 [Eureka-EvictionTimer] INFO  c.n.e.r.AbstractInstanceRegistry - Running the evict task with compensationTime 0ms
2023-08-25 15:15:06.215 [Eureka-EvictionTimer] INFO  c.n.e.r.AbstractInstanceRegistry - Running the evict task with compensationTime 0ms
2023-08-25 15:15:11.215 [Eureka-EvictionTimer] INFO  c.n.e.r.AbstractInstanceRegistry - Running the evict task with compensationTime 0ms
2023-08-25 15:15:16.215 [Eureka-EvictionTimer] INFO  c.n.e.r.AbstractInstanceRegistry - Running the evict task with compensationTime 0ms
2023-08-25 15:15:21.215 [Eureka-EvictionTimer] INFO  c.n.e.r.AbstractInstanceRegistry - Running the evict task with compensationTime 0ms
2023-08-25 15:15:26.215 [Eureka-EvictionTimer] INFO  c.n.e.r.AbstractInstanceRegistry - Running the evict task with compensationTime 0ms
2023-08-25 15:15:31.215 [Eureka-EvictionTimer] INFO  c.n.e.r.AbstractInstanceRegistry - Running the evict task with compensationTime 0ms
2023-08-25 15:15:36.215 [Eureka-EvictionTimer] INFO  c.n.e.r.AbstractInstanceRegistry - Running the evict task with compensationTime 0ms
2023-08-25 15:15:41.215 [Eureka-EvictionTimer] INFO  c.n.e.r.AbstractInstanceRegistry - Running the evict task with compensationTime 0ms
2023-08-25 15:15:46.215 [Eureka-EvictionTimer] INFO  c.n.e.r.AbstractInstanceRegistry - Running the evict task with compensationTime 0ms
2023-08-25 15:15:51.215 [Eureka-EvictionTimer] INFO  c.n.e.r.AbstractInstanceRegistry - Running the evict task with compensationTime 0ms
2023-08-25 15:15:56.215 [Eureka-EvictionTimer] INFO  c.n.e.r.AbstractInstanceRegistry - Running the evict task with compensationTime 0ms
2023-08-25 15:16:01.215 [Eureka-EvictionTimer] INFO  c.n.e.r.AbstractInstanceRegistry - Running the evict task with compensationTime 0ms
2023-08-25 15:16:06.215 [Eureka-EvictionTimer] INFO  c.n.e.r.AbstractInstanceRegistry - Running the evict task with compensationTime 0ms
2023-08-25 15:16:11.215 [Eureka-EvictionTimer] INFO  c.n.e.r.AbstractInstanceRegistry - Running the evict task with compensationTime 0ms
2023-08-25 15:16:16.215 [Eureka-EvictionTimer] INFO  c.n.e.r.AbstractInstanceRegistry - Running the evict task with compensationTime 0ms
2023-08-25 15:16:21.215 [Eureka-EvictionTimer] INFO  c.n.e.r.AbstractInstanceRegistry - Running the evict task with compensationTime 0ms
2023-08-25 15:16:26.215 [Eureka-EvictionTimer] INFO  c.n.e.r.AbstractInstanceRegistry - Running the evict task with compensationTime 0ms
2023-08-25 15:16:31.215 [Eureka-EvictionTimer] INFO  c.n.e.r.AbstractInstanceRegistry - Running the evict task with compensationTime 0ms
2023-08-25 15:16:36.215 [Eureka-EvictionTimer] INFO  c.n.e.r.AbstractInstanceRegistry - Running the evict task with compensationTime 0ms
2023-08-25 15:16:41.215 [Eureka-EvictionTimer] INFO  c.n.e.r.AbstractInstanceRegistry - Running the evict task with compensationTime 0ms
2023-08-25 15:16:46.215 [Eureka-EvictionTimer] INFO  c.n.e.r.AbstractInstanceRegistry - Running the evict task with compensationTime 0ms
2023-08-25 15:16:51.215 [Eureka-EvictionTimer] INFO  c.n.e.r.AbstractInstanceRegistry - Running the evict task with compensationTime 0ms
2023-08-25 15:16:56.215 [Eureka-EvictionTimer] INFO  c.n.e.r.AbstractInstanceRegistry - Running the evict task with compensationTime 0ms
2023-08-25 15:17:01.215 [Eureka-EvictionTimer] INFO  c.n.e.r.AbstractInstanceRegistry - Running the evict task with compensationTime 0ms
2023-08-25 15:17:06.215 [Eureka-EvictionTimer] INFO  c.n.e.r.AbstractInstanceRegistry - Running the evict task with compensationTime 0ms
2023-08-25 15:17:11.215 [Eureka-EvictionTimer] INFO  c.n.e.r.AbstractInstanceRegistry - Running the evict task with compensationTime 0ms
2023-08-25 15:17:16.215 [Eureka-EvictionTimer] INFO  c.n.e.r.AbstractInstanceRegistry - Running the evict task with compensationTime 0ms
2023-08-25 15:17:21.215 [Eureka-EvictionTimer] INFO  c.n.e.r.AbstractInstanceRegistry - Running the evict task with compensationTime 0ms
2023-08-25 15:17:26.215 [Eureka-EvictionTimer] INFO  c.n.e.r.AbstractInstanceRegistry - Running the evict task with compensationTime 0ms
2023-08-25 15:17:31.215 [Eureka-EvictionTimer] INFO  c.n.e.r.AbstractInstanceRegistry - Running the evict task with compensationTime 0ms
2023-08-25 15:17:36.215 [Eureka-EvictionTimer] INFO  c.n.e.r.AbstractInstanceRegistry - Running the evict task with compensationTime 0ms
2023-08-25 15:17:41.215 [Eureka-EvictionTimer] INFO  c.n.e.r.AbstractInstanceRegistry - Running the evict task with compensationTime 0ms
2023-08-25 15:17:46.215 [Eureka-EvictionTimer] INFO  c.n.e.r.AbstractInstanceRegistry - Running the evict task with compensationTime 0ms
2023-08-25 15:17:51.215 [Eureka-EvictionTimer] INFO  c.n.e.r.AbstractInstanceRegistry - Running the evict task with compensationTime 0ms
2023-08-25 15:17:56.215 [Eureka-EvictionTimer] INFO  c.n.e.r.AbstractInstanceRegistry - Running the evict task with compensationTime 0ms
2023-08-25 15:18:01.215 [Eureka-EvictionTimer] INFO  c.n.e.r.AbstractInstanceRegistry - Running the evict task with compensationTime 0ms
2023-08-25 15:18:06.215 [Eureka-EvictionTimer] INFO  c.n.e.r.AbstractInstanceRegistry - Running the evict task with compensationTime 0ms
2023-08-25 15:18:11.215 [Eureka-EvictionTimer] INFO  c.n.e.r.AbstractInstanceRegistry - Running the evict task with compensationTime 0ms
2023-08-25 15:18:16.215 [Eureka-EvictionTimer] INFO  c.n.e.r.AbstractInstanceRegistry - Running the evict task with compensationTime 0ms
2023-08-25 15:18:21.215 [Eureka-EvictionTimer] INFO  c.n.e.r.AbstractInstanceRegistry - Running the evict task with compensationTime 0ms
2023-08-25 15:18:26.215 [Eureka-EvictionTimer] INFO  c.n.e.r.AbstractInstanceRegistry - Running the evict task with compensationTime 0ms
2023-08-25 15:18:31.215 [Eureka-EvictionTimer] INFO  c.n.e.r.AbstractInstanceRegistry - Running the evict task with compensationTime 0ms
2023-08-25 15:18:36.215 [Eureka-EvictionTimer] INFO  c.n.e.r.AbstractInstanceRegistry - Running the evict task with compensationTime 0ms
2023-08-25 15:18:41.215 [Eureka-EvictionTimer] INFO  c.n.e.r.AbstractInstanceRegistry - Running the evict task with compensationTime 0ms
2023-08-25 15:18:46.215 [Eureka-EvictionTimer] INFO  c.n.e.r.AbstractInstanceRegistry - Running the evict task with compensationTime 0ms
2023-08-25 15:18:51.215 [Eureka-EvictionTimer] INFO  c.n.e.r.AbstractInstanceRegistry - Running the evict task with compensationTime 0ms
2023-08-25 15:18:56.215 [Eureka-EvictionTimer] INFO  c.n.e.r.AbstractInstanceRegistry - Running the evict task with compensationTime 0ms
2023-08-25 15:19:01.215 [Eureka-EvictionTimer] INFO  c.n.e.r.AbstractInstanceRegistry - Running the evict task with compensationTime 0ms
2023-08-25 15:19:06.215 [Eureka-EvictionTimer] INFO  c.n.e.r.AbstractInstanceRegistry - Running the evict task with compensationTime 0ms
2023-08-25 15:19:11.215 [Eureka-EvictionTimer] INFO  c.n.e.r.AbstractInstanceRegistry - Running the evict task with compensationTime 0ms
2023-08-25 15:19:16.215 [Eureka-EvictionTimer] INFO  c.n.e.r.AbstractInstanceRegistry - Running the evict task with compensationTime 0ms
2023-08-25 15:19:21.215 [Eureka-EvictionTimer] INFO  c.n.e.r.AbstractInstanceRegistry - Running the evict task with compensationTime 0ms
2023-08-25 15:19:26.215 [Eureka-EvictionTimer] INFO  c.n.e.r.AbstractInstanceRegistry - Running the evict task with compensationTime 0ms
2023-08-25 15:19:31.215 [Eureka-EvictionTimer] INFO  c.n.e.r.AbstractInstanceRegistry - Running the evict task with compensationTime 0ms
2023-08-25 15:19:36.215 [Eureka-EvictionTimer] INFO  c.n.e.r.AbstractInstanceRegistry - Running the evict task with compensationTime 0ms
2023-08-25 15:19:41.215 [Eureka-EvictionTimer] INFO  c.n.e.r.AbstractInstanceRegistry - Running the evict task with compensationTime 0ms
2023-08-25 15:19:46.215 [Eureka-EvictionTimer] INFO  c.n.e.r.AbstractInstanceRegistry - Running the evict task with compensationTime 0ms
2023-08-25 15:19:51.215 [Eureka-EvictionTimer] INFO  c.n.e.r.AbstractInstanceRegistry - Running the evict task with compensationTime 0ms
2023-08-25 15:19:56.215 [Eureka-EvictionTimer] INFO  c.n.e.r.AbstractInstanceRegistry - Running the evict task with compensationTime 0ms
2023-08-25 15:20:00.814 [ReplicaAwareInstanceRegistry - RenewalThresholdUpdater] INFO  c.n.e.r.PeerAwareInstanceRegistryImpl - Current renewal threshold is : 0
2023-08-25 15:20:01.215 [Eureka-EvictionTimer] INFO  c.n.e.r.AbstractInstanceRegistry - Running the evict task with compensationTime 0ms
2023-08-25 15:20:06.215 [Eureka-EvictionTimer] INFO  c.n.e.r.AbstractInstanceRegistry - Running the evict task with compensationTime 0ms
2023-08-25 15:20:11.215 [Eureka-EvictionTimer] INFO  c.n.e.r.AbstractInstanceRegistry - Running the evict task with compensationTime 0ms
2023-08-25 15:20:16.215 [Eureka-EvictionTimer] INFO  c.n.e.r.AbstractInstanceRegistry - Running the evict task with compensationTime 0ms
2023-08-25 15:20:21.215 [Eureka-EvictionTimer] INFO  c.n.e.r.AbstractInstanceRegistry - Running the evict task with compensationTime 0ms
2023-08-25 15:20:26.215 [Eureka-EvictionTimer] INFO  c.n.e.r.AbstractInstanceRegistry - Running the evict task with compensationTime 0ms
2023-08-25 15:20:31.215 [Eureka-EvictionTimer] INFO  c.n.e.r.AbstractInstanceRegistry - Running the evict task with compensationTime 0ms
2023-08-25 15:20:36.215 [Eureka-EvictionTimer] INFO  c.n.e.r.AbstractInstanceRegistry - Running the evict task with compensationTime 0ms
2023-08-25 15:20:41.215 [Eureka-EvictionTimer] INFO  c.n.e.r.AbstractInstanceRegistry - Running the evict task with compensationTime 0ms
2023-08-25 15:20:46.215 [Eureka-EvictionTimer] INFO  c.n.e.r.AbstractInstanceRegistry - Running the evict task with compensationTime 0ms
2023-08-25 15:20:51.215 [Eureka-EvictionTimer] INFO  c.n.e.r.AbstractInstanceRegistry - Running the evict task with compensationTime 0ms
2023-08-25 15:20:56.215 [Eureka-EvictionTimer] INFO  c.n.e.r.AbstractInstanceRegistry - Running the evict task with compensationTime 0ms
2023-08-25 15:21:01.215 [Eureka-EvictionTimer] INFO  c.n.e.r.AbstractInstanceRegistry - Running the evict task with compensationTime 0ms
2023-08-25 15:21:06.215 [Eureka-EvictionTimer] INFO  c.n.e.r.AbstractInstanceRegistry - Running the evict task with compensationTime 0ms
2023-08-25 15:21:11.215 [Eureka-EvictionTimer] INFO  c.n.e.r.AbstractInstanceRegistry - Running the evict task with compensationTime 0ms
2023-08-25 15:21:16.215 [Eureka-EvictionTimer] INFO  c.n.e.r.AbstractInstanceRegistry - Running the evict task with compensationTime 0ms
2023-08-25 15:21:21.215 [Eureka-EvictionTimer] INFO  c.n.e.r.AbstractInstanceRegistry - Running the evict task with compensationTime 0ms
2023-08-25 15:21:26.215 [Eureka-EvictionTimer] INFO  c.n.e.r.AbstractInstanceRegistry - Running the evict task with compensationTime 0ms
2023-08-25 15:21:31.215 [Eureka-EvictionTimer] INFO  c.n.e.r.AbstractInstanceRegistry - Running the evict task with compensationTime 0ms
2023-08-25 15:21:36.215 [Eureka-EvictionTimer] INFO  c.n.e.r.AbstractInstanceRegistry - Running the evict task with compensationTime 0ms
2023-08-25 15:21:41.215 [Eureka-EvictionTimer] INFO  c.n.e.r.AbstractInstanceRegistry - Running the evict task with compensationTime 0ms
2023-08-25 15:21:46.215 [Eureka-EvictionTimer] INFO  c.n.e.r.AbstractInstanceRegistry - Running the evict task with compensationTime 0ms
2023-08-25 15:21:51.215 [Eureka-EvictionTimer] INFO  c.n.e.r.AbstractInstanceRegistry - Running the evict task with compensationTime 0ms
2023-08-25 15:21:56.215 [Eureka-EvictionTimer] INFO  c.n.e.r.AbstractInstanceRegistry - Running the evict task with compensationTime 0ms
2023-08-25 15:22:01.215 [Eureka-EvictionTimer] INFO  c.n.e.r.AbstractInstanceRegistry - Running the evict task with compensationTime 0ms
2023-08-25 15:22:06.215 [Eureka-EvictionTimer] INFO  c.n.e.r.AbstractInstanceRegistry - Running the evict task with compensationTime 0ms
2023-08-25 15:22:11.215 [Eureka-EvictionTimer] INFO  c.n.e.r.AbstractInstanceRegistry - Running the evict task with compensationTime 0ms
2023-08-25 15:22:16.215 [Eureka-EvictionTimer] INFO  c.n.e.r.AbstractInstanceRegistry - Running the evict task with compensationTime 0ms
2023-08-25 15:22:21.215 [Eureka-EvictionTimer] INFO  c.n.e.r.AbstractInstanceRegistry - Running the evict task with compensationTime 0ms
2023-08-25 15:22:26.215 [Eureka-EvictionTimer] INFO  c.n.e.r.AbstractInstanceRegistry - Running the evict task with compensationTime 0ms
2023-08-25 15:22:31.215 [Eureka-EvictionTimer] INFO  c.n.e.r.AbstractInstanceRegistry - Running the evict task with compensationTime 0ms
2023-08-25 15:22:36.215 [Eureka-EvictionTimer] INFO  c.n.e.r.AbstractInstanceRegistry - Running the evict task with compensationTime 0ms
2023-08-25 15:22:41.215 [Eureka-EvictionTimer] INFO  c.n.e.r.AbstractInstanceRegistry - Running the evict task with compensationTime 0ms
2023-08-25 15:22:46.215 [Eureka-EvictionTimer] INFO  c.n.e.r.AbstractInstanceRegistry - Running the evict task with compensationTime 0ms
2023-08-25 15:22:51.215 [Eureka-EvictionTimer] INFO  c.n.e.r.AbstractInstanceRegistry - Running the evict task with compensationTime 0ms
2023-08-25 15:22:56.215 [Eureka-EvictionTimer] INFO  c.n.e.r.AbstractInstanceRegistry - Running the evict task with compensationTime 0ms
2023-08-25 15:23:01.215 [Eureka-EvictionTimer] INFO  c.n.e.r.AbstractInstanceRegistry - Running the evict task with compensationTime 0ms
2023-08-25 15:23:06.215 [Eureka-EvictionTimer] INFO  c.n.e.r.AbstractInstanceRegistry - Running the evict task with compensationTime 0ms
2023-08-25 15:23:11.215 [Eureka-EvictionTimer] INFO  c.n.e.r.AbstractInstanceRegistry - Running the evict task with compensationTime 0ms
2023-08-25 15:23:16.215 [Eureka-EvictionTimer] INFO  c.n.e.r.AbstractInstanceRegistry - Running the evict task with compensationTime 0ms
2023-08-25 15:23:21.215 [Eureka-EvictionTimer] INFO  c.n.e.r.AbstractInstanceRegistry - Running the evict task with compensationTime 0ms
2023-08-25 15:23:26.215 [Eureka-EvictionTimer] INFO  c.n.e.r.AbstractInstanceRegistry - Running the evict task with compensationTime 0ms
2023-08-25 15:23:31.215 [Eureka-EvictionTimer] INFO  c.n.e.r.AbstractInstanceRegistry - Running the evict task with compensationTime 0ms
2023-08-25 15:23:36.215 [Eureka-EvictionTimer] INFO  c.n.e.r.AbstractInstanceRegistry - Running the evict task with compensationTime 0ms
2023-08-25 15:23:41.215 [Eureka-EvictionTimer] INFO  c.n.e.r.AbstractInstanceRegistry - Running the evict task with compensationTime 0ms
2023-08-25 15:23:46.215 [Eureka-EvictionTimer] INFO  c.n.e.r.AbstractInstanceRegistry - Running the evict task with compensationTime 0ms
2023-08-25 15:23:51.215 [Eureka-EvictionTimer] INFO  c.n.e.r.AbstractInstanceRegistry - Running the evict task with compensationTime 0ms
2023-08-25 15:23:56.215 [Eureka-EvictionTimer] INFO  c.n.e.r.AbstractInstanceRegistry - Running the evict task with compensationTime 0ms
2023-08-25 15:24:01.215 [Eureka-EvictionTimer] INFO  c.n.e.r.AbstractInstanceRegistry - Running the evict task with compensationTime 0ms
2023-08-25 15:24:06.215 [Eureka-EvictionTimer] INFO  c.n.e.r.AbstractInstanceRegistry - Running the evict task with compensationTime 0ms
2023-08-25 15:24:11.215 [Eureka-EvictionTimer] INFO  c.n.e.r.AbstractInstanceRegistry - Running the evict task with compensationTime 0ms
2023-08-25 15:24:16.215 [Eureka-EvictionTimer] INFO  c.n.e.r.AbstractInstanceRegistry - Running the evict task with compensationTime 0ms
2023-08-25 15:24:21.215 [Eureka-EvictionTimer] INFO  c.n.e.r.AbstractInstanceRegistry - Running the evict task with compensationTime 0ms
2023-08-25 15:24:26.215 [Eureka-EvictionTimer] INFO  c.n.e.r.AbstractInstanceRegistry - Running the evict task with compensationTime 0ms
2023-08-25 15:24:31.215 [Eureka-EvictionTimer] INFO  c.n.e.r.AbstractInstanceRegistry - Running the evict task with compensationTime 0ms
2023-08-25 15:24:36.215 [Eureka-EvictionTimer] INFO  c.n.e.r.AbstractInstanceRegistry - Running the evict task with compensationTime 0ms
2023-08-25 15:24:41.215 [Eureka-EvictionTimer] INFO  c.n.e.r.AbstractInstanceRegistry - Running the evict task with compensationTime 0ms
2023-08-25 15:24:46.215 [Eureka-EvictionTimer] INFO  c.n.e.r.AbstractInstanceRegistry - Running the evict task with compensationTime 0ms
2023-08-25 15:24:51.215 [Eureka-EvictionTimer] INFO  c.n.e.r.AbstractInstanceRegistry - Running the evict task with compensationTime 0ms
2023-08-25 15:24:56.215 [Eureka-EvictionTimer] INFO  c.n.e.r.AbstractInstanceRegistry - Running the evict task with compensationTime 0ms
2023-08-25 15:25:01.215 [Eureka-EvictionTimer] INFO  c.n.e.r.AbstractInstanceRegistry - Running the evict task with compensationTime 0ms
2023-08-25 15:25:06.215 [Eureka-EvictionTimer] INFO  c.n.e.r.AbstractInstanceRegistry - Running the evict task with compensationTime 0ms
2023-08-25 15:25:11.215 [Eureka-EvictionTimer] INFO  c.n.e.r.AbstractInstanceRegistry - Running the evict task with compensationTime 0ms
2023-08-25 15:25:16.215 [Eureka-EvictionTimer] INFO  c.n.e.r.AbstractInstanceRegistry - Running the evict task with compensationTime 0ms
2023-08-25 15:25:21.215 [Eureka-EvictionTimer] INFO  c.n.e.r.AbstractInstanceRegistry - Running the evict task with compensationTime 0ms
2023-08-25 15:25:26.215 [Eureka-EvictionTimer] INFO  c.n.e.r.AbstractInstanceRegistry - Running the evict task with compensationTime 0ms
2023-08-25 15:25:31.215 [Eureka-EvictionTimer] INFO  c.n.e.r.AbstractInstanceRegistry - Running the evict task with compensationTime 0ms
2023-08-25 15:25:36.215 [Eureka-EvictionTimer] INFO  c.n.e.r.AbstractInstanceRegistry - Running the evict task with compensationTime 0ms
2023-08-25 15:25:41.215 [Eureka-EvictionTimer] INFO  c.n.e.r.AbstractInstanceRegistry - Running the evict task with compensationTime 0ms
2023-08-25 15:25:46.215 [Eureka-EvictionTimer] INFO  c.n.e.r.AbstractInstanceRegistry - Running the evict task with compensationTime 0ms
2023-08-25 15:25:51.215 [Eureka-EvictionTimer] INFO  c.n.e.r.AbstractInstanceRegistry - Running the evict task with compensationTime 0ms
2023-08-25 15:25:56.215 [Eureka-EvictionTimer] INFO  c.n.e.r.AbstractInstanceRegistry - Running the evict task with compensationTime 0ms
2023-08-25 15:26:01.215 [Eureka-EvictionTimer] INFO  c.n.e.r.AbstractInstanceRegistry - Running the evict task with compensationTime 0ms
2023-08-25 15:26:06.215 [Eureka-EvictionTimer] INFO  c.n.e.r.AbstractInstanceRegistry - Running the evict task with compensationTime 0ms
2023-08-25 15:26:11.215 [Eureka-EvictionTimer] INFO  c.n.e.r.AbstractInstanceRegistry - Running the evict task with compensationTime 0ms
2023-08-25 15:26:16.215 [Eureka-EvictionTimer] INFO  c.n.e.r.AbstractInstanceRegistry - Running the evict task with compensationTime 0ms
2023-08-25 15:26:21.215 [Eureka-EvictionTimer] INFO  c.n.e.r.AbstractInstanceRegistry - Running the evict task with compensationTime 0ms
2023-08-25 15:26:26.215 [Eureka-EvictionTimer] INFO  c.n.e.r.AbstractInstanceRegistry - Running the evict task with compensationTime 0ms
2023-08-25 15:26:31.215 [Eureka-EvictionTimer] INFO  c.n.e.r.AbstractInstanceRegistry - Running the evict task with compensationTime 0ms
2023-08-25 15:26:36.215 [Eureka-EvictionTimer] INFO  c.n.e.r.AbstractInstanceRegistry - Running the evict task with compensationTime 0ms
2023-08-25 15:26:41.215 [Eureka-EvictionTimer] INFO  c.n.e.r.AbstractInstanceRegistry - Running the evict task with compensationTime 0ms
2023-08-25 15:26:46.215 [Eureka-EvictionTimer] INFO  c.n.e.r.AbstractInstanceRegistry - Running the evict task with compensationTime 0ms
2023-08-25 15:26:51.215 [Eureka-EvictionTimer] INFO  c.n.e.r.AbstractInstanceRegistry - Running the evict task with compensationTime 0ms
2023-08-25 15:26:56.215 [Eureka-EvictionTimer] INFO  c.n.e.r.AbstractInstanceRegistry - Running the evict task with compensationTime 0ms
2023-08-25 15:27:01.215 [Eureka-EvictionTimer] INFO  c.n.e.r.AbstractInstanceRegistry - Running the evict task with compensationTime 0ms
2023-08-25 15:27:06.215 [Eureka-EvictionTimer] INFO  c.n.e.r.AbstractInstanceRegistry - Running the evict task with compensationTime 0ms
2023-08-25 15:27:11.215 [Eureka-EvictionTimer] INFO  c.n.e.r.AbstractInstanceRegistry - Running the evict task with compensationTime 0ms
2023-08-25 15:27:16.215 [Eureka-EvictionTimer] INFO  c.n.e.r.AbstractInstanceRegistry - Running the evict task with compensationTime 0ms
2023-08-25 15:27:21.215 [Eureka-EvictionTimer] INFO  c.n.e.r.AbstractInstanceRegistry - Running the evict task with compensationTime 0ms
2023-08-25 15:27:26.215 [Eureka-EvictionTimer] INFO  c.n.e.r.AbstractInstanceRegistry - Running the evict task with compensationTime 0ms
2023-08-25 15:27:31.215 [Eureka-EvictionTimer] INFO  c.n.e.r.AbstractInstanceRegistry - Running the evict task with compensationTime 0ms
2023-08-25 15:27:36.215 [Eureka-EvictionTimer] INFO  c.n.e.r.AbstractInstanceRegistry - Running the evict task with compensationTime 0ms
2023-08-25 15:27:41.215 [Eureka-EvictionTimer] INFO  c.n.e.r.AbstractInstanceRegistry - Running the evict task with compensationTime 0ms
2023-08-25 15:27:46.215 [Eureka-EvictionTimer] INFO  c.n.e.r.AbstractInstanceRegistry - Running the evict task with compensationTime 0ms
2023-08-25 15:27:51.215 [Eureka-EvictionTimer] INFO  c.n.e.r.AbstractInstanceRegistry - Running the evict task with compensationTime 0ms
2023-08-25 15:27:56.215 [Eureka-EvictionTimer] INFO  c.n.e.r.AbstractInstanceRegistry - Running the evict task with compensationTime 0ms
2023-08-25 15:28:01.215 [Eureka-EvictionTimer] INFO  c.n.e.r.AbstractInstanceRegistry - Running the evict task with compensationTime 0ms
2023-08-25 15:28:06.215 [Eureka-EvictionTimer] INFO  c.n.e.r.AbstractInstanceRegistry - Running the evict task with compensationTime 0ms
2023-08-25 15:28:11.215 [Eureka-EvictionTimer] INFO  c.n.e.r.AbstractInstanceRegistry - Running the evict task with compensationTime 0ms
2023-08-25 15:28:16.215 [Eureka-EvictionTimer] INFO  c.n.e.r.AbstractInstanceRegistry - Running the evict task with compensationTime 0ms
2023-08-25 15:28:21.215 [Eureka-EvictionTimer] INFO  c.n.e.r.AbstractInstanceRegistry - Running the evict task with compensationTime 0ms
2023-08-25 15:28:26.215 [Eureka-EvictionTimer] INFO  c.n.e.r.AbstractInstanceRegistry - Running the evict task with compensationTime 0ms
2023-08-25 15:28:31.215 [Eureka-EvictionTimer] INFO  c.n.e.r.AbstractInstanceRegistry - Running the evict task with compensationTime 0ms
2023-08-25 15:28:36.215 [Eureka-EvictionTimer] INFO  c.n.e.r.AbstractInstanceRegistry - Running the evict task with compensationTime 0ms
2023-08-25 15:28:41.215 [Eureka-EvictionTimer] INFO  c.n.e.r.AbstractInstanceRegistry - Running the evict task with compensationTime 0ms
2023-08-25 15:28:46.215 [Eureka-EvictionTimer] INFO  c.n.e.r.AbstractInstanceRegistry - Running the evict task with compensationTime 0ms
2023-08-25 15:28:51.215 [Eureka-EvictionTimer] INFO  c.n.e.r.AbstractInstanceRegistry - Running the evict task with compensationTime 0ms
2023-08-25 15:28:56.215 [Eureka-EvictionTimer] INFO  c.n.e.r.AbstractInstanceRegistry - Running the evict task with compensationTime 0ms
2023-08-25 15:29:01.215 [Eureka-EvictionTimer] INFO  c.n.e.r.AbstractInstanceRegistry - Running the evict task with compensationTime 0ms
2023-08-25 15:29:06.215 [Eureka-EvictionTimer] INFO  c.n.e.r.AbstractInstanceRegistry - Running the evict task with compensationTime 0ms
2023-08-25 15:29:11.215 [Eureka-EvictionTimer] INFO  c.n.e.r.AbstractInstanceRegistry - Running the evict task with compensationTime 0ms
2023-08-25 15:29:16.215 [Eureka-EvictionTimer] INFO  c.n.e.r.AbstractInstanceRegistry - Running the evict task with compensationTime 0ms
2023-08-25 15:29:21.215 [Eureka-EvictionTimer] INFO  c.n.e.r.AbstractInstanceRegistry - Running the evict task with compensationTime 0ms
2023-08-25 15:29:26.215 [Eureka-EvictionTimer] INFO  c.n.e.r.AbstractInstanceRegistry - Running the evict task with compensationTime 0ms
2023-08-25 15:29:31.215 [Eureka-EvictionTimer] INFO  c.n.e.r.AbstractInstanceRegistry - Running the evict task with compensationTime 0ms
2023-08-25 15:29:36.215 [Eureka-EvictionTimer] INFO  c.n.e.r.AbstractInstanceRegistry - Running the evict task with compensationTime 0ms
2023-08-25 15:29:41.215 [Eureka-EvictionTimer] INFO  c.n.e.r.AbstractInstanceRegistry - Running the evict task with compensationTime 0ms
2023-08-25 15:29:46.215 [Eureka-EvictionTimer] INFO  c.n.e.r.AbstractInstanceRegistry - Running the evict task with compensationTime 0ms
2023-08-25 15:29:51.215 [Eureka-EvictionTimer] INFO  c.n.e.r.AbstractInstanceRegistry - Running the evict task with compensationTime 0ms
2023-08-25 15:29:56.215 [Eureka-EvictionTimer] INFO  c.n.e.r.AbstractInstanceRegistry - Running the evict task with compensationTime 0ms
2023-08-25 15:30:01.215 [Eureka-EvictionTimer] INFO  c.n.e.r.AbstractInstanceRegistry - Running the evict task with compensationTime 0ms
2023-08-25 15:30:06.215 [Eureka-EvictionTimer] INFO  c.n.e.r.AbstractInstanceRegistry - Running the evict task with compensationTime 0ms
2023-08-25 15:30:11.215 [Eureka-EvictionTimer] INFO  c.n.e.r.AbstractInstanceRegistry - Running the evict task with compensationTime 0ms
2023-08-25 15:30:16.215 [Eureka-EvictionTimer] INFO  c.n.e.r.AbstractInstanceRegistry - Running the evict task with compensationTime 0ms
2023-08-25 15:30:21.215 [Eureka-EvictionTimer] INFO  c.n.e.r.AbstractInstanceRegistry - Running the evict task with compensationTime 0ms
2023-08-25 15:30:26.215 [Eureka-EvictionTimer] INFO  c.n.e.r.AbstractInstanceRegistry - Running the evict task with compensationTime 0ms
2023-08-25 15:30:31.215 [Eureka-EvictionTimer] INFO  c.n.e.r.AbstractInstanceRegistry - Running the evict task with compensationTime 0ms
2023-08-25 15:30:36.215 [Eureka-EvictionTimer] INFO  c.n.e.r.AbstractInstanceRegistry - Running the evict task with compensationTime 0ms
2023-08-25 15:30:41.215 [Eureka-EvictionTimer] INFO  c.n.e.r.AbstractInstanceRegistry - Running the evict task with compensationTime 0ms
2023-08-25 15:30:46.215 [Eureka-EvictionTimer] INFO  c.n.e.r.AbstractInstanceRegistry - Running the evict task with compensationTime 0ms
2023-08-25 15:30:51.215 [Eureka-EvictionTimer] INFO  c.n.e.r.AbstractInstanceRegistry - Running the evict task with compensationTime 0ms
2023-08-25 15:30:56.215 [Eureka-EvictionTimer] INFO  c.n.e.r.AbstractInstanceRegistry - Running the evict task with compensationTime 0ms
2023-08-25 15:31:01.215 [Eureka-EvictionTimer] INFO  c.n.e.r.AbstractInstanceRegistry - Running the evict task with compensationTime 0ms
2023-08-25 15:31:06.215 [Eureka-EvictionTimer] INFO  c.n.e.r.AbstractInstanceRegistry - Running the evict task with compensationTime 0ms
2023-08-25 15:31:11.215 [Eureka-EvictionTimer] INFO  c.n.e.r.AbstractInstanceRegistry - Running the evict task with compensationTime 0ms
2023-08-25 15:31:16.215 [Eureka-EvictionTimer] INFO  c.n.e.r.AbstractInstanceRegistry - Running the evict task with compensationTime 0ms
2023-08-25 15:31:21.215 [Eureka-EvictionTimer] INFO  c.n.e.r.AbstractInstanceRegistry - Running the evict task with compensationTime 0ms
2023-08-25 15:31:26.215 [Eureka-EvictionTimer] INFO  c.n.e.r.AbstractInstanceRegistry - Running the evict task with compensationTime 0ms
2023-08-25 15:31:31.215 [Eureka-EvictionTimer] INFO  c.n.e.r.AbstractInstanceRegistry - Running the evict task with compensationTime 0ms
2023-08-25 15:31:36.215 [Eureka-EvictionTimer] INFO  c.n.e.r.AbstractInstanceRegistry - Running the evict task with compensationTime 0ms
2023-08-25 15:31:41.215 [Eureka-EvictionTimer] INFO  c.n.e.r.AbstractInstanceRegistry - Running the evict task with compensationTime 0ms
2023-08-25 15:31:46.215 [Eureka-EvictionTimer] INFO  c.n.e.r.AbstractInstanceRegistry - Running the evict task with compensationTime 0ms
2023-08-25 15:31:51.215 [Eureka-EvictionTimer] INFO  c.n.e.r.AbstractInstanceRegistry - Running the evict task with compensationTime 0ms
2023-08-25 15:31:56.215 [Eureka-EvictionTimer] INFO  c.n.e.r.AbstractInstanceRegistry - Running the evict task with compensationTime 0ms
2023-08-25 15:32:01.215 [Eureka-EvictionTimer] INFO  c.n.e.r.AbstractInstanceRegistry - Running the evict task with compensationTime 0ms
2023-08-25 15:32:06.215 [Eureka-EvictionTimer] INFO  c.n.e.r.AbstractInstanceRegistry - Running the evict task with compensationTime 0ms
2023-08-25 15:32:11.215 [Eureka-EvictionTimer] INFO  c.n.e.r.AbstractInstanceRegistry - Running the evict task with compensationTime 0ms
2023-08-25 15:32:16.215 [Eureka-EvictionTimer] INFO  c.n.e.r.AbstractInstanceRegistry - Running the evict task with compensationTime 0ms
2023-08-25 15:32:21.215 [Eureka-EvictionTimer] INFO  c.n.e.r.AbstractInstanceRegistry - Running the evict task with compensationTime 0ms
2023-08-25 15:32:26.215 [Eureka-EvictionTimer] INFO  c.n.e.r.AbstractInstanceRegistry - Running the evict task with compensationTime 0ms
2023-08-25 15:32:31.215 [Eureka-EvictionTimer] INFO  c.n.e.r.AbstractInstanceRegistry - Running the evict task with compensationTime 0ms
2023-08-25 15:32:36.215 [Eureka-EvictionTimer] INFO  c.n.e.r.AbstractInstanceRegistry - Running the evict task with compensationTime 0ms
2023-08-25 15:32:41.215 [Eureka-EvictionTimer] INFO  c.n.e.r.AbstractInstanceRegistry - Running the evict task with compensationTime 0ms
2023-08-25 15:32:46.215 [Eureka-EvictionTimer] INFO  c.n.e.r.AbstractInstanceRegistry - Running the evict task with compensationTime 0ms
2023-08-25 15:32:51.215 [Eureka-EvictionTimer] INFO  c.n.e.r.AbstractInstanceRegistry - Running the evict task with compensationTime 0ms
2023-08-25 15:32:56.215 [Eureka-EvictionTimer] INFO  c.n.e.r.AbstractInstanceRegistry - Running the evict task with compensationTime 0ms
2023-08-25 15:33:01.215 [Eureka-EvictionTimer] INFO  c.n.e.r.AbstractInstanceRegistry - Running the evict task with compensationTime 0ms
2023-08-25 15:33:06.215 [Eureka-EvictionTimer] INFO  c.n.e.r.AbstractInstanceRegistry - Running the evict task with compensationTime 0ms
2023-08-25 15:33:11.215 [Eureka-EvictionTimer] INFO  c.n.e.r.AbstractInstanceRegistry - Running the evict task with compensationTime 0ms
2023-08-25 15:33:16.215 [Eureka-EvictionTimer] INFO  c.n.e.r.AbstractInstanceRegistry - Running the evict task with compensationTime 0ms
2023-08-25 15:33:21.215 [Eureka-EvictionTimer] INFO  c.n.e.r.AbstractInstanceRegistry - Running the evict task with compensationTime 0ms
2023-08-25 15:33:26.215 [Eureka-EvictionTimer] INFO  c.n.e.r.AbstractInstanceRegistry - Running the evict task with compensationTime 0ms
2023-08-25 15:33:31.215 [Eureka-EvictionTimer] INFO  c.n.e.r.AbstractInstanceRegistry - Running the evict task with compensationTime 0ms
2023-08-25 15:33:36.215 [Eureka-EvictionTimer] INFO  c.n.e.r.AbstractInstanceRegistry - Running the evict task with compensationTime 0ms
2023-08-25 15:33:41.215 [Eureka-EvictionTimer] INFO  c.n.e.r.AbstractInstanceRegistry - Running the evict task with compensationTime 0ms
2023-08-25 15:33:46.215 [Eureka-EvictionTimer] INFO  c.n.e.r.AbstractInstanceRegistry - Running the evict task with compensationTime 0ms
2023-08-25 15:33:51.215 [Eureka-EvictionTimer] INFO  c.n.e.r.AbstractInstanceRegistry - Running the evict task with compensationTime 0ms
2023-08-25 15:33:56.215 [Eureka-EvictionTimer] INFO  c.n.e.r.AbstractInstanceRegistry - Running the evict task with compensationTime 0ms
2023-08-25 15:34:01.215 [Eureka-EvictionTimer] INFO  c.n.e.r.AbstractInstanceRegistry - Running the evict task with compensationTime 0ms
2023-08-25 15:34:06.215 [Eureka-EvictionTimer] INFO  c.n.e.r.AbstractInstanceRegistry - Running the evict task with compensationTime 0ms
2023-08-25 15:34:11.215 [Eureka-EvictionTimer] INFO  c.n.e.r.AbstractInstanceRegistry - Running the evict task with compensationTime 0ms
2023-08-25 15:34:16.215 [Eureka-EvictionTimer] INFO  c.n.e.r.AbstractInstanceRegistry - Running the evict task with compensationTime 0ms
2023-08-25 15:34:21.215 [Eureka-EvictionTimer] INFO  c.n.e.r.AbstractInstanceRegistry - Running the evict task with compensationTime 0ms
2023-08-25 15:34:26.215 [Eureka-EvictionTimer] INFO  c.n.e.r.AbstractInstanceRegistry - Running the evict task with compensationTime 0ms
2023-08-25 15:34:31.215 [Eureka-EvictionTimer] INFO  c.n.e.r.AbstractInstanceRegistry - Running the evict task with compensationTime 0ms
2023-08-25 15:34:36.215 [Eureka-EvictionTimer] INFO  c.n.e.r.AbstractInstanceRegistry - Running the evict task with compensationTime 0ms
2023-08-25 15:34:41.215 [Eureka-EvictionTimer] INFO  c.n.e.r.AbstractInstanceRegistry - Running the evict task with compensationTime 0ms
2023-08-25 15:34:46.215 [Eureka-EvictionTimer] INFO  c.n.e.r.AbstractInstanceRegistry - Running the evict task with compensationTime 0ms
2023-08-25 15:34:51.215 [Eureka-EvictionTimer] INFO  c.n.e.r.AbstractInstanceRegistry - Running the evict task with compensationTime 0ms
2023-08-25 15:34:56.215 [Eureka-EvictionTimer] INFO  c.n.e.r.AbstractInstanceRegistry - Running the evict task with compensationTime 0ms
2023-08-25 15:35:00.814 [ReplicaAwareInstanceRegistry - RenewalThresholdUpdater] INFO  c.n.e.r.PeerAwareInstanceRegistryImpl - Current renewal threshold is : 0
2023-08-25 15:35:01.215 [Eureka-EvictionTimer] INFO  c.n.e.r.AbstractInstanceRegistry - Running the evict task with compensationTime 0ms
2023-08-25 15:35:06.215 [Eureka-EvictionTimer] INFO  c.n.e.r.AbstractInstanceRegistry - Running the evict task with compensationTime 0ms
2023-08-25 15:35:11.215 [Eureka-EvictionTimer] INFO  c.n.e.r.AbstractInstanceRegistry - Running the evict task with compensationTime 0ms
2023-08-25 15:35:16.215 [Eureka-EvictionTimer] INFO  c.n.e.r.AbstractInstanceRegistry - Running the evict task with compensationTime 0ms
2023-08-25 15:35:21.215 [Eureka-EvictionTimer] INFO  c.n.e.r.AbstractInstanceRegistry - Running the evict task with compensationTime 0ms
2023-08-25 15:35:26.215 [Eureka-EvictionTimer] INFO  c.n.e.r.AbstractInstanceRegistry - Running the evict task with compensationTime 0ms
2023-08-25 15:35:31.215 [Eureka-EvictionTimer] INFO  c.n.e.r.AbstractInstanceRegistry - Running the evict task with compensationTime 0ms
2023-08-25 15:35:36.215 [Eureka-EvictionTimer] INFO  c.n.e.r.AbstractInstanceRegistry - Running the evict task with compensationTime 0ms
2023-08-25 15:35:41.215 [Eureka-EvictionTimer] INFO  c.n.e.r.AbstractInstanceRegistry - Running the evict task with compensationTime 0ms
2023-08-25 15:35:46.215 [Eureka-EvictionTimer] INFO  c.n.e.r.AbstractInstanceRegistry - Running the evict task with compensationTime 0ms
2023-08-25 15:35:51.215 [Eureka-EvictionTimer] INFO  c.n.e.r.AbstractInstanceRegistry - Running the evict task with compensationTime 0ms
2023-08-25 15:35:56.215 [Eureka-EvictionTimer] INFO  c.n.e.r.AbstractInstanceRegistry - Running the evict task with compensationTime 0ms
2023-08-25 15:36:01.217 [Eureka-EvictionTimer] INFO  c.n.e.r.AbstractInstanceRegistry - Running the evict task with compensationTime 2ms
2023-08-25 15:36:06.217 [Eureka-EvictionTimer] INFO  c.n.e.r.AbstractInstanceRegistry - Running the evict task with compensationTime 0ms
2023-08-25 15:36:11.217 [Eureka-EvictionTimer] INFO  c.n.e.r.AbstractInstanceRegistry - Running the evict task with compensationTime 0ms
2023-08-25 15:36:16.217 [Eureka-EvictionTimer] INFO  c.n.e.r.AbstractInstanceRegistry - Running the evict task with compensationTime 0ms
2023-08-25 15:36:21.217 [Eureka-EvictionTimer] INFO  c.n.e.r.AbstractInstanceRegistry - Running the evict task with compensationTime 0ms
2023-08-25 15:36:26.217 [Eureka-EvictionTimer] INFO  c.n.e.r.AbstractInstanceRegistry - Running the evict task with compensationTime 0ms
2023-08-25 15:36:31.217 [Eureka-EvictionTimer] INFO  c.n.e.r.AbstractInstanceRegistry - Running the evict task with compensationTime 0ms
2023-08-25 15:36:36.217 [Eureka-EvictionTimer] INFO  c.n.e.r.AbstractInstanceRegistry - Running the evict task with compensationTime 0ms
2023-08-25 15:36:41.217 [Eureka-EvictionTimer] INFO  c.n.e.r.AbstractInstanceRegistry - Running the evict task with compensationTime 0ms
2023-08-25 15:36:46.217 [Eureka-EvictionTimer] INFO  c.n.e.r.AbstractInstanceRegistry - Running the evict task with compensationTime 0ms
2023-08-25 15:36:51.217 [Eureka-EvictionTimer] INFO  c.n.e.r.AbstractInstanceRegistry - Running the evict task with compensationTime 0ms
2023-08-25 15:36:56.217 [Eureka-EvictionTimer] INFO  c.n.e.r.AbstractInstanceRegistry - Running the evict task with compensationTime 0ms
2023-08-25 15:37:01.217 [Eureka-EvictionTimer] INFO  c.n.e.r.AbstractInstanceRegistry - Running the evict task with compensationTime 0ms
2023-08-25 15:37:06.217 [Eureka-EvictionTimer] INFO  c.n.e.r.AbstractInstanceRegistry - Running the evict task with compensationTime 0ms
2023-08-25 15:37:11.217 [Eureka-EvictionTimer] INFO  c.n.e.r.AbstractInstanceRegistry - Running the evict task with compensationTime 0ms
2023-08-25 15:37:16.217 [Eureka-EvictionTimer] INFO  c.n.e.r.AbstractInstanceRegistry - Running the evict task with compensationTime 0ms
2023-08-25 15:37:21.217 [Eureka-EvictionTimer] INFO  c.n.e.r.AbstractInstanceRegistry - Running the evict task with compensationTime 0ms
2023-08-25 15:37:26.217 [Eureka-EvictionTimer] INFO  c.n.e.r.AbstractInstanceRegistry - Running the evict task with compensationTime 0ms
2023-08-25 15:37:31.217 [Eureka-EvictionTimer] INFO  c.n.e.r.AbstractInstanceRegistry - Running the evict task with compensationTime 0ms
2023-08-25 15:37:36.217 [Eureka-EvictionTimer] INFO  c.n.e.r.AbstractInstanceRegistry - Running the evict task with compensationTime 0ms
2023-08-25 15:37:41.217 [Eureka-EvictionTimer] INFO  c.n.e.r.AbstractInstanceRegistry - Running the evict task with compensationTime 0ms
2023-08-25 15:37:46.217 [Eureka-EvictionTimer] INFO  c.n.e.r.AbstractInstanceRegistry - Running the evict task with compensationTime 0ms
2023-08-25 15:37:51.217 [Eureka-EvictionTimer] INFO  c.n.e.r.AbstractInstanceRegistry - Running the evict task with compensationTime 0ms
2023-08-25 15:37:56.217 [Eureka-EvictionTimer] INFO  c.n.e.r.AbstractInstanceRegistry - Running the evict task with compensationTime 0ms
2023-08-25 15:38:01.217 [Eureka-EvictionTimer] INFO  c.n.e.r.AbstractInstanceRegistry - Running the evict task with compensationTime 0ms
2023-08-25 15:38:06.217 [Eureka-EvictionTimer] INFO  c.n.e.r.AbstractInstanceRegistry - Running the evict task with compensationTime 0ms
2023-08-25 15:38:11.217 [Eureka-EvictionTimer] INFO  c.n.e.r.AbstractInstanceRegistry - Running the evict task with compensationTime 0ms
2023-08-25 15:38:16.217 [Eureka-EvictionTimer] INFO  c.n.e.r.AbstractInstanceRegistry - Running the evict task with compensationTime 0ms
2023-08-25 15:38:21.217 [Eureka-EvictionTimer] INFO  c.n.e.r.AbstractInstanceRegistry - Running the evict task with compensationTime 0ms
2023-08-25 15:38:26.217 [Eureka-EvictionTimer] INFO  c.n.e.r.AbstractInstanceRegistry - Running the evict task with compensationTime 0ms
2023-08-25 15:38:31.217 [Eureka-EvictionTimer] INFO  c.n.e.r.AbstractInstanceRegistry - Running the evict task with compensationTime 0ms
2023-08-25 15:38:36.217 [Eureka-EvictionTimer] INFO  c.n.e.r.AbstractInstanceRegistry - Running the evict task with compensationTime 0ms
2023-08-25 15:38:41.217 [Eureka-EvictionTimer] INFO  c.n.e.r.AbstractInstanceRegistry - Running the evict task with compensationTime 0ms
2023-08-25 15:38:46.217 [Eureka-EvictionTimer] INFO  c.n.e.r.AbstractInstanceRegistry - Running the evict task with compensationTime 0ms
2023-08-25 15:38:51.217 [Eureka-EvictionTimer] INFO  c.n.e.r.AbstractInstanceRegistry - Running the evict task with compensationTime 0ms
2023-08-25 15:38:56.217 [Eureka-EvictionTimer] INFO  c.n.e.r.AbstractInstanceRegistry - Running the evict task with compensationTime 0ms
2023-08-25 15:39:01.217 [Eureka-EvictionTimer] INFO  c.n.e.r.AbstractInstanceRegistry - Running the evict task with compensationTime 0ms
2023-08-25 15:39:06.217 [Eureka-EvictionTimer] INFO  c.n.e.r.AbstractInstanceRegistry - Running the evict task with compensationTime 0ms
2023-08-25 15:39:11.217 [Eureka-EvictionTimer] INFO  c.n.e.r.AbstractInstanceRegistry - Running the evict task with compensationTime 0ms
2023-08-25 15:39:16.217 [Eureka-EvictionTimer] INFO  c.n.e.r.AbstractInstanceRegistry - Running the evict task with compensationTime 0ms
2023-08-25 15:39:21.217 [Eureka-EvictionTimer] INFO  c.n.e.r.AbstractInstanceRegistry - Running the evict task with compensationTime 0ms
2023-08-25 15:39:26.217 [Eureka-EvictionTimer] INFO  c.n.e.r.AbstractInstanceRegistry - Running the evict task with compensationTime 0ms
2023-08-25 15:39:31.217 [Eureka-EvictionTimer] INFO  c.n.e.r.AbstractInstanceRegistry - Running the evict task with compensationTime 0ms
2023-08-25 15:39:36.217 [Eureka-EvictionTimer] INFO  c.n.e.r.AbstractInstanceRegistry - Running the evict task with compensationTime 0ms
2023-08-25 15:39:41.217 [Eureka-EvictionTimer] INFO  c.n.e.r.AbstractInstanceRegistry - Running the evict task with compensationTime 0ms
2023-08-25 15:39:46.217 [Eureka-EvictionTimer] INFO  c.n.e.r.AbstractInstanceRegistry - Running the evict task with compensationTime 0ms
2023-08-25 15:39:51.217 [Eureka-EvictionTimer] INFO  c.n.e.r.AbstractInstanceRegistry - Running the evict task with compensationTime 0ms
2023-08-25 15:39:56.217 [Eureka-EvictionTimer] INFO  c.n.e.r.AbstractInstanceRegistry - Running the evict task with compensationTime 0ms
2023-08-25 15:40:01.217 [Eureka-EvictionTimer] INFO  c.n.e.r.AbstractInstanceRegistry - Running the evict task with compensationTime 0ms
2023-08-25 15:40:06.217 [Eureka-EvictionTimer] INFO  c.n.e.r.AbstractInstanceRegistry - Running the evict task with compensationTime 0ms
2023-08-25 15:40:11.217 [Eureka-EvictionTimer] INFO  c.n.e.r.AbstractInstanceRegistry - Running the evict task with compensationTime 0ms
2023-08-25 15:40:16.217 [Eureka-EvictionTimer] INFO  c.n.e.r.AbstractInstanceRegistry - Running the evict task with compensationTime 0ms
2023-08-25 15:40:21.217 [Eureka-EvictionTimer] INFO  c.n.e.r.AbstractInstanceRegistry - Running the evict task with compensationTime 0ms
2023-08-25 15:40:26.217 [Eureka-EvictionTimer] INFO  c.n.e.r.AbstractInstanceRegistry - Running the evict task with compensationTime 0ms
2023-08-25 15:40:31.217 [Eureka-EvictionTimer] INFO  c.n.e.r.AbstractInstanceRegistry - Running the evict task with compensationTime 0ms
2023-08-25 15:40:36.217 [Eureka-EvictionTimer] INFO  c.n.e.r.AbstractInstanceRegistry - Running the evict task with compensationTime 0ms
2023-08-25 15:40:41.217 [Eureka-EvictionTimer] INFO  c.n.e.r.AbstractInstanceRegistry - Running the evict task with compensationTime 0ms
2023-08-25 15:40:46.217 [Eureka-EvictionTimer] INFO  c.n.e.r.AbstractInstanceRegistry - Running the evict task with compensationTime 0ms
2023-08-25 15:40:51.217 [Eureka-EvictionTimer] INFO  c.n.e.r.AbstractInstanceRegistry - Running the evict task with compensationTime 0ms
2023-08-25 15:40:56.217 [Eureka-EvictionTimer] INFO  c.n.e.r.AbstractInstanceRegistry - Running the evict task with compensationTime 0ms
2023-08-25 15:41:01.217 [Eureka-EvictionTimer] INFO  c.n.e.r.AbstractInstanceRegistry - Running the evict task with compensationTime 0ms
2023-08-25 15:41:06.217 [Eureka-EvictionTimer] INFO  c.n.e.r.AbstractInstanceRegistry - Running the evict task with compensationTime 0ms
2023-08-25 15:41:11.217 [Eureka-EvictionTimer] INFO  c.n.e.r.AbstractInstanceRegistry - Running the evict task with compensationTime 0ms
2023-08-25 15:41:16.217 [Eureka-EvictionTimer] INFO  c.n.e.r.AbstractInstanceRegistry - Running the evict task with compensationTime 0ms
2023-08-25 15:41:21.217 [Eureka-EvictionTimer] INFO  c.n.e.r.AbstractInstanceRegistry - Running the evict task with compensationTime 0ms
2023-08-25 15:41:26.217 [Eureka-EvictionTimer] INFO  c.n.e.r.AbstractInstanceRegistry - Running the evict task with compensationTime 0ms
2023-08-25 15:41:31.217 [Eureka-EvictionTimer] INFO  c.n.e.r.AbstractInstanceRegistry - Running the evict task with compensationTime 0ms
2023-08-25 15:41:36.217 [Eureka-EvictionTimer] INFO  c.n.e.r.AbstractInstanceRegistry - Running the evict task with compensationTime 0ms
2023-08-25 15:41:41.217 [Eureka-EvictionTimer] INFO  c.n.e.r.AbstractInstanceRegistry - Running the evict task with compensationTime 0ms
2023-08-25 15:41:46.217 [Eureka-EvictionTimer] INFO  c.n.e.r.AbstractInstanceRegistry - Running the evict task with compensationTime 0ms
2023-08-25 15:41:51.217 [Eureka-EvictionTimer] INFO  c.n.e.r.AbstractInstanceRegistry - Running the evict task with compensationTime 0ms
2023-08-25 15:41:56.217 [Eureka-EvictionTimer] INFO  c.n.e.r.AbstractInstanceRegistry - Running the evict task with compensationTime 0ms
2023-08-25 15:42:01.217 [Eureka-EvictionTimer] INFO  c.n.e.r.AbstractInstanceRegistry - Running the evict task with compensationTime 0ms
2023-08-25 15:42:06.217 [Eureka-EvictionTimer] INFO  c.n.e.r.AbstractInstanceRegistry - Running the evict task with compensationTime 0ms
2023-08-25 15:42:11.217 [Eureka-EvictionTimer] INFO  c.n.e.r.AbstractInstanceRegistry - Running the evict task with compensationTime 0ms
2023-08-25 15:42:16.217 [Eureka-EvictionTimer] INFO  c.n.e.r.AbstractInstanceRegistry - Running the evict task with compensationTime 0ms
2023-08-25 15:42:21.217 [Eureka-EvictionTimer] INFO  c.n.e.r.AbstractInstanceRegistry - Running the evict task with compensationTime 0ms
2023-08-25 15:42:26.217 [Eureka-EvictionTimer] INFO  c.n.e.r.AbstractInstanceRegistry - Running the evict task with compensationTime 0ms
2023-08-25 15:42:31.217 [Eureka-EvictionTimer] INFO  c.n.e.r.AbstractInstanceRegistry - Running the evict task with compensationTime 0ms
2023-08-25 15:42:36.217 [Eureka-EvictionTimer] INFO  c.n.e.r.AbstractInstanceRegistry - Running the evict task with compensationTime 0ms
2023-08-25 15:42:41.217 [Eureka-EvictionTimer] INFO  c.n.e.r.AbstractInstanceRegistry - Running the evict task with compensationTime 0ms
2023-08-25 15:42:46.217 [Eureka-EvictionTimer] INFO  c.n.e.r.AbstractInstanceRegistry - Running the evict task with compensationTime 0ms
2023-08-25 15:42:51.217 [Eureka-EvictionTimer] INFO  c.n.e.r.AbstractInstanceRegistry - Running the evict task with compensationTime 0ms
2023-08-25 15:42:56.217 [Eureka-EvictionTimer] INFO  c.n.e.r.AbstractInstanceRegistry - Running the evict task with compensationTime 0ms
2023-08-25 15:43:01.217 [Eureka-EvictionTimer] INFO  c.n.e.r.AbstractInstanceRegistry - Running the evict task with compensationTime 0ms
2023-08-25 15:43:06.217 [Eureka-EvictionTimer] INFO  c.n.e.r.AbstractInstanceRegistry - Running the evict task with compensationTime 0ms
2023-08-25 15:43:11.217 [Eureka-EvictionTimer] INFO  c.n.e.r.AbstractInstanceRegistry - Running the evict task with compensationTime 0ms
2023-08-25 15:43:16.217 [Eureka-EvictionTimer] INFO  c.n.e.r.AbstractInstanceRegistry - Running the evict task with compensationTime 0ms
2023-08-25 15:43:21.217 [Eureka-EvictionTimer] INFO  c.n.e.r.AbstractInstanceRegistry - Running the evict task with compensationTime 0ms
2023-08-25 15:43:26.217 [Eureka-EvictionTimer] INFO  c.n.e.r.AbstractInstanceRegistry - Running the evict task with compensationTime 0ms
2023-08-25 15:43:31.217 [Eureka-EvictionTimer] INFO  c.n.e.r.AbstractInstanceRegistry - Running the evict task with compensationTime 0ms
2023-08-25 15:43:36.217 [Eureka-EvictionTimer] INFO  c.n.e.r.AbstractInstanceRegistry - Running the evict task with compensationTime 0ms
2023-08-25 15:43:41.217 [Eureka-EvictionTimer] INFO  c.n.e.r.AbstractInstanceRegistry - Running the evict task with compensationTime 0ms
2023-08-25 15:43:46.217 [Eureka-EvictionTimer] INFO  c.n.e.r.AbstractInstanceRegistry - Running the evict task with compensationTime 0ms
2023-08-25 15:43:51.217 [Eureka-EvictionTimer] INFO  c.n.e.r.AbstractInstanceRegistry - Running the evict task with compensationTime 0ms
2023-08-25 15:43:56.217 [Eureka-EvictionTimer] INFO  c.n.e.r.AbstractInstanceRegistry - Running the evict task with compensationTime 0ms
2023-08-25 15:44:01.217 [Eureka-EvictionTimer] INFO  c.n.e.r.AbstractInstanceRegistry - Running the evict task with compensationTime 0ms
2023-08-25 15:44:06.217 [Eureka-EvictionTimer] INFO  c.n.e.r.AbstractInstanceRegistry - Running the evict task with compensationTime 0ms
2023-08-25 15:44:11.217 [Eureka-EvictionTimer] INFO  c.n.e.r.AbstractInstanceRegistry - Running the evict task with compensationTime 0ms
2023-08-25 15:44:16.217 [Eureka-EvictionTimer] INFO  c.n.e.r.AbstractInstanceRegistry - Running the evict task with compensationTime 0ms
2023-08-25 15:44:21.217 [Eureka-EvictionTimer] INFO  c.n.e.r.AbstractInstanceRegistry - Running the evict task with compensationTime 0ms
2023-08-25 15:44:26.217 [Eureka-EvictionTimer] INFO  c.n.e.r.AbstractInstanceRegistry - Running the evict task with compensationTime 0ms
2023-08-25 15:44:31.217 [Eureka-EvictionTimer] INFO  c.n.e.r.AbstractInstanceRegistry - Running the evict task with compensationTime 0ms
2023-08-25 15:44:36.217 [Eureka-EvictionTimer] INFO  c.n.e.r.AbstractInstanceRegistry - Running the evict task with compensationTime 0ms
2023-08-25 15:44:41.217 [Eureka-EvictionTimer] INFO  c.n.e.r.AbstractInstanceRegistry - Running the evict task with compensationTime 0ms
2023-08-25 15:44:46.217 [Eureka-EvictionTimer] INFO  c.n.e.r.AbstractInstanceRegistry - Running the evict task with compensationTime 0ms
2023-08-25 15:44:51.217 [Eureka-EvictionTimer] INFO  c.n.e.r.AbstractInstanceRegistry - Running the evict task with compensationTime 0ms
2023-08-25 15:44:56.217 [Eureka-EvictionTimer] INFO  c.n.e.r.AbstractInstanceRegistry - Running the evict task with compensationTime 0ms
2023-08-25 15:45:01.217 [Eureka-EvictionTimer] INFO  c.n.e.r.AbstractInstanceRegistry - Running the evict task with compensationTime 0ms
2023-08-25 15:45:06.217 [Eureka-EvictionTimer] INFO  c.n.e.r.AbstractInstanceRegistry - Running the evict task with compensationTime 0ms
2023-08-25 15:45:11.217 [Eureka-EvictionTimer] INFO  c.n.e.r.AbstractInstanceRegistry - Running the evict task with compensationTime 0ms
2023-08-25 15:45:16.217 [Eureka-EvictionTimer] INFO  c.n.e.r.AbstractInstanceRegistry - Running the evict task with compensationTime 0ms
2023-08-25 15:45:21.217 [Eureka-EvictionTimer] INFO  c.n.e.r.AbstractInstanceRegistry - Running the evict task with compensationTime 0ms
2023-08-25 15:45:26.217 [Eureka-EvictionTimer] INFO  c.n.e.r.AbstractInstanceRegistry - Running the evict task with compensationTime 0ms
2023-08-25 15:45:31.217 [Eureka-EvictionTimer] INFO  c.n.e.r.AbstractInstanceRegistry - Running the evict task with compensationTime 0ms
2023-08-25 15:45:36.217 [Eureka-EvictionTimer] INFO  c.n.e.r.AbstractInstanceRegistry - Running the evict task with compensationTime 0ms
2023-08-25 15:45:41.217 [Eureka-EvictionTimer] INFO  c.n.e.r.AbstractInstanceRegistry - Running the evict task with compensationTime 0ms
2023-08-25 15:45:46.217 [Eureka-EvictionTimer] INFO  c.n.e.r.AbstractInstanceRegistry - Running the evict task with compensationTime 0ms
2023-08-25 15:45:51.217 [Eureka-EvictionTimer] INFO  c.n.e.r.AbstractInstanceRegistry - Running the evict task with compensationTime 0ms
2023-08-25 15:45:56.217 [Eureka-EvictionTimer] INFO  c.n.e.r.AbstractInstanceRegistry - Running the evict task with compensationTime 0ms
2023-08-25 15:46:01.217 [Eureka-EvictionTimer] INFO  c.n.e.r.AbstractInstanceRegistry - Running the evict task with compensationTime 0ms
2023-08-25 15:46:06.217 [Eureka-EvictionTimer] INFO  c.n.e.r.AbstractInstanceRegistry - Running the evict task with compensationTime 0ms
2023-08-25 15:46:11.217 [Eureka-EvictionTimer] INFO  c.n.e.r.AbstractInstanceRegistry - Running the evict task with compensationTime 0ms
2023-08-25 15:46:16.217 [Eureka-EvictionTimer] INFO  c.n.e.r.AbstractInstanceRegistry - Running the evict task with compensationTime 0ms
2023-08-25 15:46:21.217 [Eureka-EvictionTimer] INFO  c.n.e.r.AbstractInstanceRegistry - Running the evict task with compensationTime 0ms
2023-08-25 15:46:26.217 [Eureka-EvictionTimer] INFO  c.n.e.r.AbstractInstanceRegistry - Running the evict task with compensationTime 0ms
2023-08-25 15:46:31.217 [Eureka-EvictionTimer] INFO  c.n.e.r.AbstractInstanceRegistry - Running the evict task with compensationTime 0ms
2023-08-25 15:46:36.217 [Eureka-EvictionTimer] INFO  c.n.e.r.AbstractInstanceRegistry - Running the evict task with compensationTime 0ms
2023-08-25 15:46:41.217 [Eureka-EvictionTimer] INFO  c.n.e.r.AbstractInstanceRegistry - Running the evict task with compensationTime 0ms
2023-08-25 15:46:46.217 [Eureka-EvictionTimer] INFO  c.n.e.r.AbstractInstanceRegistry - Running the evict task with compensationTime 0ms
2023-08-25 15:46:51.217 [Eureka-EvictionTimer] INFO  c.n.e.r.AbstractInstanceRegistry - Running the evict task with compensationTime 0ms
2023-08-25 15:46:56.217 [Eureka-EvictionTimer] INFO  c.n.e.r.AbstractInstanceRegistry - Running the evict task with compensationTime 0ms
2023-08-25 15:47:01.217 [Eureka-EvictionTimer] INFO  c.n.e.r.AbstractInstanceRegistry - Running the evict task with compensationTime 0ms
2023-08-25 15:47:06.217 [Eureka-EvictionTimer] INFO  c.n.e.r.AbstractInstanceRegistry - Running the evict task with compensationTime 0ms
2023-08-25 15:47:11.217 [Eureka-EvictionTimer] INFO  c.n.e.r.AbstractInstanceRegistry - Running the evict task with compensationTime 0ms
2023-08-25 15:47:16.217 [Eureka-EvictionTimer] INFO  c.n.e.r.AbstractInstanceRegistry - Running the evict task with compensationTime 0ms
2023-08-25 15:47:21.217 [Eureka-EvictionTimer] INFO  c.n.e.r.AbstractInstanceRegistry - Running the evict task with compensationTime 0ms
2023-08-25 15:47:26.217 [Eureka-EvictionTimer] INFO  c.n.e.r.AbstractInstanceRegistry - Running the evict task with compensationTime 0ms
2023-08-25 15:47:31.217 [Eureka-EvictionTimer] INFO  c.n.e.r.AbstractInstanceRegistry - Running the evict task with compensationTime 0ms
2023-08-25 15:47:36.217 [Eureka-EvictionTimer] INFO  c.n.e.r.AbstractInstanceRegistry - Running the evict task with compensationTime 0ms
2023-08-25 15:47:41.217 [Eureka-EvictionTimer] INFO  c.n.e.r.AbstractInstanceRegistry - Running the evict task with compensationTime 0ms
2023-08-25 15:47:46.217 [Eureka-EvictionTimer] INFO  c.n.e.r.AbstractInstanceRegistry - Running the evict task with compensationTime 0ms
2023-08-25 15:47:51.217 [Eureka-EvictionTimer] INFO  c.n.e.r.AbstractInstanceRegistry - Running the evict task with compensationTime 0ms
2023-08-25 15:47:56.217 [Eureka-EvictionTimer] INFO  c.n.e.r.AbstractInstanceRegistry - Running the evict task with compensationTime 0ms
2023-08-25 15:48:01.217 [Eureka-EvictionTimer] INFO  c.n.e.r.AbstractInstanceRegistry - Running the evict task with compensationTime 0ms
2023-08-25 15:48:06.217 [Eureka-EvictionTimer] INFO  c.n.e.r.AbstractInstanceRegistry - Running the evict task with compensationTime 0ms
2023-08-25 15:48:11.217 [Eureka-EvictionTimer] INFO  c.n.e.r.AbstractInstanceRegistry - Running the evict task with compensationTime 0ms
2023-08-25 15:48:16.217 [Eureka-EvictionTimer] INFO  c.n.e.r.AbstractInstanceRegistry - Running the evict task with compensationTime 0ms
2023-08-25 15:48:21.217 [Eureka-EvictionTimer] INFO  c.n.e.r.AbstractInstanceRegistry - Running the evict task with compensationTime 0ms
2023-08-25 15:48:26.217 [Eureka-EvictionTimer] INFO  c.n.e.r.AbstractInstanceRegistry - Running the evict task with compensationTime 0ms
2023-08-25 15:48:31.217 [Eureka-EvictionTimer] INFO  c.n.e.r.AbstractInstanceRegistry - Running the evict task with compensationTime 0ms
2023-08-25 15:48:36.217 [Eureka-EvictionTimer] INFO  c.n.e.r.AbstractInstanceRegistry - Running the evict task with compensationTime 0ms
2023-08-25 15:48:41.217 [Eureka-EvictionTimer] INFO  c.n.e.r.AbstractInstanceRegistry - Running the evict task with compensationTime 0ms
2023-08-25 15:48:46.217 [Eureka-EvictionTimer] INFO  c.n.e.r.AbstractInstanceRegistry - Running the evict task with compensationTime 0ms
2023-08-25 15:48:51.217 [Eureka-EvictionTimer] INFO  c.n.e.r.AbstractInstanceRegistry - Running the evict task with compensationTime 0ms
2023-08-25 15:48:56.217 [Eureka-EvictionTimer] INFO  c.n.e.r.AbstractInstanceRegistry - Running the evict task with compensationTime 0ms
2023-08-25 15:49:01.217 [Eureka-EvictionTimer] INFO  c.n.e.r.AbstractInstanceRegistry - Running the evict task with compensationTime 0ms
2023-08-25 15:49:06.217 [Eureka-EvictionTimer] INFO  c.n.e.r.AbstractInstanceRegistry - Running the evict task with compensationTime 0ms
2023-08-25 15:49:11.217 [Eureka-EvictionTimer] INFO  c.n.e.r.AbstractInstanceRegistry - Running the evict task with compensationTime 0ms
2023-08-25 15:49:16.217 [Eureka-EvictionTimer] INFO  c.n.e.r.AbstractInstanceRegistry - Running the evict task with compensationTime 0ms
2023-08-25 15:49:21.217 [Eureka-EvictionTimer] INFO  c.n.e.r.AbstractInstanceRegistry - Running the evict task with compensationTime 0ms
2023-08-25 15:49:26.217 [Eureka-EvictionTimer] INFO  c.n.e.r.AbstractInstanceRegistry - Running the evict task with compensationTime 0ms
2023-08-25 15:49:31.217 [Eureka-EvictionTimer] INFO  c.n.e.r.AbstractInstanceRegistry - Running the evict task with compensationTime 0ms
2023-08-25 15:49:36.217 [Eureka-EvictionTimer] INFO  c.n.e.r.AbstractInstanceRegistry - Running the evict task with compensationTime 0ms
2023-08-25 15:49:41.217 [Eureka-EvictionTimer] INFO  c.n.e.r.AbstractInstanceRegistry - Running the evict task with compensationTime 0ms
2023-08-25 15:49:46.217 [Eureka-EvictionTimer] INFO  c.n.e.r.AbstractInstanceRegistry - Running the evict task with compensationTime 0ms
2023-08-25 15:49:51.217 [Eureka-EvictionTimer] INFO  c.n.e.r.AbstractInstanceRegistry - Running the evict task with compensationTime 0ms
2023-08-25 15:49:56.217 [Eureka-EvictionTimer] INFO  c.n.e.r.AbstractInstanceRegistry - Running the evict task with compensationTime 0ms
2023-08-25 15:50:00.853 [ReplicaAwareInstanceRegistry - RenewalThresholdUpdater] INFO  c.n.e.r.PeerAwareInstanceRegistryImpl - Current renewal threshold is : 0
2023-08-25 15:50:01.217 [Eureka-EvictionTimer] INFO  c.n.e.r.AbstractInstanceRegistry - Running the evict task with compensationTime 0ms
2023-08-25 15:50:06.217 [Eureka-EvictionTimer] INFO  c.n.e.r.AbstractInstanceRegistry - Running the evict task with compensationTime 0ms
2023-08-25 15:50:11.217 [Eureka-EvictionTimer] INFO  c.n.e.r.AbstractInstanceRegistry - Running the evict task with compensationTime 0ms
2023-08-25 15:50:16.217 [Eureka-EvictionTimer] INFO  c.n.e.r.AbstractInstanceRegistry - Running the evict task with compensationTime 0ms
2023-08-25 15:50:21.217 [Eureka-EvictionTimer] INFO  c.n.e.r.AbstractInstanceRegistry - Running the evict task with compensationTime 0ms
2023-08-25 15:50:26.217 [Eureka-EvictionTimer] INFO  c.n.e.r.AbstractInstanceRegistry - Running the evict task with compensationTime 0ms
2023-08-25 15:50:31.217 [Eureka-EvictionTimer] INFO  c.n.e.r.AbstractInstanceRegistry - Running the evict task with compensationTime 0ms
2023-08-25 15:50:36.217 [Eureka-EvictionTimer] INFO  c.n.e.r.AbstractInstanceRegistry - Running the evict task with compensationTime 0ms
2023-08-25 15:50:41.217 [Eureka-EvictionTimer] INFO  c.n.e.r.AbstractInstanceRegistry - Running the evict task with compensationTime 0ms
2023-08-25 15:50:46.217 [Eureka-EvictionTimer] INFO  c.n.e.r.AbstractInstanceRegistry - Running the evict task with compensationTime 0ms
2023-08-25 15:50:51.217 [Eureka-EvictionTimer] INFO  c.n.e.r.AbstractInstanceRegistry - Running the evict task with compensationTime 0ms
2023-08-25 15:50:56.217 [Eureka-EvictionTimer] INFO  c.n.e.r.AbstractInstanceRegistry - Running the evict task with compensationTime 0ms
2023-08-25 15:51:01.217 [Eureka-EvictionTimer] INFO  c.n.e.r.AbstractInstanceRegistry - Running the evict task with compensationTime 0ms
2023-08-25 15:51:06.217 [Eureka-EvictionTimer] INFO  c.n.e.r.AbstractInstanceRegistry - Running the evict task with compensationTime 0ms
2023-08-25 15:51:11.217 [Eureka-EvictionTimer] INFO  c.n.e.r.AbstractInstanceRegistry - Running the evict task with compensationTime 0ms
2023-08-25 15:51:16.217 [Eureka-EvictionTimer] INFO  c.n.e.r.AbstractInstanceRegistry - Running the evict task with compensationTime 0ms
2023-08-25 15:51:21.217 [Eureka-EvictionTimer] INFO  c.n.e.r.AbstractInstanceRegistry - Running the evict task with compensationTime 0ms
2023-08-25 15:51:26.217 [Eureka-EvictionTimer] INFO  c.n.e.r.AbstractInstanceRegistry - Running the evict task with compensationTime 0ms
2023-08-25 15:51:31.217 [Eureka-EvictionTimer] INFO  c.n.e.r.AbstractInstanceRegistry - Running the evict task with compensationTime 0ms
2023-08-25 15:51:36.217 [Eureka-EvictionTimer] INFO  c.n.e.r.AbstractInstanceRegistry - Running the evict task with compensationTime 0ms
2023-08-25 15:51:41.217 [Eureka-EvictionTimer] INFO  c.n.e.r.AbstractInstanceRegistry - Running the evict task with compensationTime 0ms
2023-08-25 15:51:46.217 [Eureka-EvictionTimer] INFO  c.n.e.r.AbstractInstanceRegistry - Running the evict task with compensationTime 0ms
2023-08-25 15:51:51.217 [Eureka-EvictionTimer] INFO  c.n.e.r.AbstractInstanceRegistry - Running the evict task with compensationTime 0ms
2023-08-25 15:51:56.217 [Eureka-EvictionTimer] INFO  c.n.e.r.AbstractInstanceRegistry - Running the evict task with compensationTime 0ms
2023-08-25 15:52:01.217 [Eureka-EvictionTimer] INFO  c.n.e.r.AbstractInstanceRegistry - Running the evict task with compensationTime 0ms
2023-08-25 15:52:06.217 [Eureka-EvictionTimer] INFO  c.n.e.r.AbstractInstanceRegistry - Running the evict task with compensationTime 0ms
2023-08-25 15:52:11.217 [Eureka-EvictionTimer] INFO  c.n.e.r.AbstractInstanceRegistry - Running the evict task with compensationTime 0ms
2023-08-25 15:52:16.217 [Eureka-EvictionTimer] INFO  c.n.e.r.AbstractInstanceRegistry - Running the evict task with compensationTime 0ms
2023-08-25 15:52:21.217 [Eureka-EvictionTimer] INFO  c.n.e.r.AbstractInstanceRegistry - Running the evict task with compensationTime 0ms
2023-08-25 15:52:26.217 [Eureka-EvictionTimer] INFO  c.n.e.r.AbstractInstanceRegistry - Running the evict task with compensationTime 0ms
2023-08-25 15:52:31.217 [Eureka-EvictionTimer] INFO  c.n.e.r.AbstractInstanceRegistry - Running the evict task with compensationTime 0ms
2023-08-25 15:52:36.217 [Eureka-EvictionTimer] INFO  c.n.e.r.AbstractInstanceRegistry - Running the evict task with compensationTime 0ms
2023-08-25 15:52:41.217 [Eureka-EvictionTimer] INFO  c.n.e.r.AbstractInstanceRegistry - Running the evict task with compensationTime 0ms
2023-08-25 15:52:46.217 [Eureka-EvictionTimer] INFO  c.n.e.r.AbstractInstanceRegistry - Running the evict task with compensationTime 0ms
2023-08-25 15:52:51.217 [Eureka-EvictionTimer] INFO  c.n.e.r.AbstractInstanceRegistry - Running the evict task with compensationTime 0ms
2023-08-25 15:52:56.217 [Eureka-EvictionTimer] INFO  c.n.e.r.AbstractInstanceRegistry - Running the evict task with compensationTime 0ms
2023-08-25 15:53:01.217 [Eureka-EvictionTimer] INFO  c.n.e.r.AbstractInstanceRegistry - Running the evict task with compensationTime 0ms
2023-08-25 15:53:06.217 [Eureka-EvictionTimer] INFO  c.n.e.r.AbstractInstanceRegistry - Running the evict task with compensationTime 0ms
2023-08-25 15:53:11.217 [Eureka-EvictionTimer] INFO  c.n.e.r.AbstractInstanceRegistry - Running the evict task with compensationTime 0ms
2023-08-25 15:53:16.217 [Eureka-EvictionTimer] INFO  c.n.e.r.AbstractInstanceRegistry - Running the evict task with compensationTime 0ms
2023-08-25 15:53:21.217 [Eureka-EvictionTimer] INFO  c.n.e.r.AbstractInstanceRegistry - Running the evict task with compensationTime 0ms
2023-08-25 15:53:26.217 [Eureka-EvictionTimer] INFO  c.n.e.r.AbstractInstanceRegistry - Running the evict task with compensationTime 0ms
2023-08-25 15:53:31.217 [Eureka-EvictionTimer] INFO  c.n.e.r.AbstractInstanceRegistry - Running the evict task with compensationTime 0ms
2023-08-25 15:53:36.217 [Eureka-EvictionTimer] INFO  c.n.e.r.AbstractInstanceRegistry - Running the evict task with compensationTime 0ms
2023-08-25 15:53:41.217 [Eureka-EvictionTimer] INFO  c.n.e.r.AbstractInstanceRegistry - Running the evict task with compensationTime 0ms
2023-08-25 15:53:46.217 [Eureka-EvictionTimer] INFO  c.n.e.r.AbstractInstanceRegistry - Running the evict task with compensationTime 0ms
2023-08-25 15:53:51.221 [Eureka-EvictionTimer] INFO  c.n.e.r.AbstractInstanceRegistry - Running the evict task with compensationTime 3ms
2023-08-25 15:53:56.221 [Eureka-EvictionTimer] INFO  c.n.e.r.AbstractInstanceRegistry - Running the evict task with compensationTime 0ms
2023-08-25 15:54:01.221 [Eureka-EvictionTimer] INFO  c.n.e.r.AbstractInstanceRegistry - Running the evict task with compensationTime 0ms
2023-08-25 15:54:06.221 [Eureka-EvictionTimer] INFO  c.n.e.r.AbstractInstanceRegistry - Running the evict task with compensationTime 0ms
2023-08-25 15:54:11.221 [Eureka-EvictionTimer] INFO  c.n.e.r.AbstractInstanceRegistry - Running the evict task with compensationTime 0ms
2023-08-25 15:54:16.221 [Eureka-EvictionTimer] INFO  c.n.e.r.AbstractInstanceRegistry - Running the evict task with compensationTime 0ms
2023-08-25 15:54:21.222 [Eureka-EvictionTimer] INFO  c.n.e.r.AbstractInstanceRegistry - Running the evict task with compensationTime 0ms
2023-08-25 15:54:26.222 [Eureka-EvictionTimer] INFO  c.n.e.r.AbstractInstanceRegistry - Running the evict task with compensationTime 0ms
2023-08-25 15:54:31.222 [Eureka-EvictionTimer] INFO  c.n.e.r.AbstractInstanceRegistry - Running the evict task with compensationTime 0ms
2023-08-25 15:54:36.222 [Eureka-EvictionTimer] INFO  c.n.e.r.AbstractInstanceRegistry - Running the evict task with compensationTime 0ms
2023-08-25 15:54:41.222 [Eureka-EvictionTimer] INFO  c.n.e.r.AbstractInstanceRegistry - Running the evict task with compensationTime 0ms
2023-08-25 15:54:46.222 [Eureka-EvictionTimer] INFO  c.n.e.r.AbstractInstanceRegistry - Running the evict task with compensationTime 0ms
2023-08-25 15:54:51.222 [Eureka-EvictionTimer] INFO  c.n.e.r.AbstractInstanceRegistry - Running the evict task with compensationTime 0ms
2023-08-25 15:54:56.222 [Eureka-EvictionTimer] INFO  c.n.e.r.AbstractInstanceRegistry - Running the evict task with compensationTime 0ms
2023-08-25 15:55:01.222 [Eureka-EvictionTimer] INFO  c.n.e.r.AbstractInstanceRegistry - Running the evict task with compensationTime 0ms
2023-08-25 15:55:06.222 [Eureka-EvictionTimer] INFO  c.n.e.r.AbstractInstanceRegistry - Running the evict task with compensationTime 0ms
2023-08-25 15:55:11.222 [Eureka-EvictionTimer] INFO  c.n.e.r.AbstractInstanceRegistry - Running the evict task with compensationTime 0ms
2023-08-25 15:55:16.222 [Eureka-EvictionTimer] INFO  c.n.e.r.AbstractInstanceRegistry - Running the evict task with compensationTime 0ms
2023-08-25 15:55:21.222 [Eureka-EvictionTimer] INFO  c.n.e.r.AbstractInstanceRegistry - Running the evict task with compensationTime 0ms
2023-08-25 15:55:26.222 [Eureka-EvictionTimer] INFO  c.n.e.r.AbstractInstanceRegistry - Running the evict task with compensationTime 0ms
2023-08-25 15:55:31.222 [Eureka-EvictionTimer] INFO  c.n.e.r.AbstractInstanceRegistry - Running the evict task with compensationTime 0ms
2023-08-25 15:55:36.222 [Eureka-EvictionTimer] INFO  c.n.e.r.AbstractInstanceRegistry - Running the evict task with compensationTime 0ms
2023-08-25 15:55:41.222 [Eureka-EvictionTimer] INFO  c.n.e.r.AbstractInstanceRegistry - Running the evict task with compensationTime 0ms
2023-08-25 15:55:46.222 [Eureka-EvictionTimer] INFO  c.n.e.r.AbstractInstanceRegistry - Running the evict task with compensationTime 0ms
2023-08-25 15:55:51.222 [Eureka-EvictionTimer] INFO  c.n.e.r.AbstractInstanceRegistry - Running the evict task with compensationTime 0ms
2023-08-25 15:55:56.222 [Eureka-EvictionTimer] INFO  c.n.e.r.AbstractInstanceRegistry - Running the evict task with compensationTime 0ms
2023-08-25 15:56:01.222 [Eureka-EvictionTimer] INFO  c.n.e.r.AbstractInstanceRegistry - Running the evict task with compensationTime 0ms
2023-08-25 15:56:06.222 [Eureka-EvictionTimer] INFO  c.n.e.r.AbstractInstanceRegistry - Running the evict task with compensationTime 0ms
2023-08-25 15:56:11.222 [Eureka-EvictionTimer] INFO  c.n.e.r.AbstractInstanceRegistry - Running the evict task with compensationTime 0ms
2023-08-25 15:56:16.222 [Eureka-EvictionTimer] INFO  c.n.e.r.AbstractInstanceRegistry - Running the evict task with compensationTime 0ms
2023-08-25 15:56:21.222 [Eureka-EvictionTimer] INFO  c.n.e.r.AbstractInstanceRegistry - Running the evict task with compensationTime 0ms
2023-08-25 15:56:26.222 [Eureka-EvictionTimer] INFO  c.n.e.r.AbstractInstanceRegistry - Running the evict task with compensationTime 0ms
2023-08-25 15:56:31.222 [Eureka-EvictionTimer] INFO  c.n.e.r.AbstractInstanceRegistry - Running the evict task with compensationTime 0ms
2023-08-25 15:56:36.222 [Eureka-EvictionTimer] INFO  c.n.e.r.AbstractInstanceRegistry - Running the evict task with compensationTime 0ms
2023-08-25 15:56:41.222 [Eureka-EvictionTimer] INFO  c.n.e.r.AbstractInstanceRegistry - Running the evict task with compensationTime 0ms
2023-08-25 15:56:46.222 [Eureka-EvictionTimer] INFO  c.n.e.r.AbstractInstanceRegistry - Running the evict task with compensationTime 0ms
2023-08-25 15:56:51.222 [Eureka-EvictionTimer] INFO  c.n.e.r.AbstractInstanceRegistry - Running the evict task with compensationTime 0ms
2023-08-25 15:56:56.222 [Eureka-EvictionTimer] INFO  c.n.e.r.AbstractInstanceRegistry - Running the evict task with compensationTime 0ms
2023-08-25 15:57:01.222 [Eureka-EvictionTimer] INFO  c.n.e.r.AbstractInstanceRegistry - Running the evict task with compensationTime 0ms
2023-08-25 15:57:06.222 [Eureka-EvictionTimer] INFO  c.n.e.r.AbstractInstanceRegistry - Running the evict task with compensationTime 0ms
2023-08-25 15:57:11.222 [Eureka-EvictionTimer] INFO  c.n.e.r.AbstractInstanceRegistry - Running the evict task with compensationTime 0ms
2023-08-25 15:57:16.222 [Eureka-EvictionTimer] INFO  c.n.e.r.AbstractInstanceRegistry - Running the evict task with compensationTime 0ms
2023-08-25 15:57:21.222 [Eureka-EvictionTimer] INFO  c.n.e.r.AbstractInstanceRegistry - Running the evict task with compensationTime 0ms
2023-08-25 15:57:26.222 [Eureka-EvictionTimer] INFO  c.n.e.r.AbstractInstanceRegistry - Running the evict task with compensationTime 0ms
2023-08-25 15:57:31.222 [Eureka-EvictionTimer] INFO  c.n.e.r.AbstractInstanceRegistry - Running the evict task with compensationTime 0ms
2023-08-25 15:57:36.222 [Eureka-EvictionTimer] INFO  c.n.e.r.AbstractInstanceRegistry - Running the evict task with compensationTime 0ms
2023-08-25 15:57:41.222 [Eureka-EvictionTimer] INFO  c.n.e.r.AbstractInstanceRegistry - Running the evict task with compensationTime 0ms
2023-08-25 15:57:46.222 [Eureka-EvictionTimer] INFO  c.n.e.r.AbstractInstanceRegistry - Running the evict task with compensationTime 0ms
2023-08-25 15:57:51.222 [Eureka-EvictionTimer] INFO  c.n.e.r.AbstractInstanceRegistry - Running the evict task with compensationTime 0ms
2023-08-25 15:57:56.222 [Eureka-EvictionTimer] INFO  c.n.e.r.AbstractInstanceRegistry - Running the evict task with compensationTime 0ms
2023-08-25 15:58:01.222 [Eureka-EvictionTimer] INFO  c.n.e.r.AbstractInstanceRegistry - Running the evict task with compensationTime 0ms
2023-08-25 15:58:06.222 [Eureka-EvictionTimer] INFO  c.n.e.r.AbstractInstanceRegistry - Running the evict task with compensationTime 0ms
2023-08-25 15:58:11.222 [Eureka-EvictionTimer] INFO  c.n.e.r.AbstractInstanceRegistry - Running the evict task with compensationTime 0ms
2023-08-25 15:58:16.222 [Eureka-EvictionTimer] INFO  c.n.e.r.AbstractInstanceRegistry - Running the evict task with compensationTime 0ms
2023-08-25 15:58:21.222 [Eureka-EvictionTimer] INFO  c.n.e.r.AbstractInstanceRegistry - Running the evict task with compensationTime 0ms
2023-08-25 15:58:26.222 [Eureka-EvictionTimer] INFO  c.n.e.r.AbstractInstanceRegistry - Running the evict task with compensationTime 0ms
2023-08-25 15:58:31.222 [Eureka-EvictionTimer] INFO  c.n.e.r.AbstractInstanceRegistry - Running the evict task with compensationTime 0ms
2023-08-25 15:58:36.222 [Eureka-EvictionTimer] INFO  c.n.e.r.AbstractInstanceRegistry - Running the evict task with compensationTime 0ms
2023-08-25 15:58:41.222 [Eureka-EvictionTimer] INFO  c.n.e.r.AbstractInstanceRegistry - Running the evict task with compensationTime 0ms
2023-08-25 15:58:46.222 [Eureka-EvictionTimer] INFO  c.n.e.r.AbstractInstanceRegistry - Running the evict task with compensationTime 0ms
2023-08-25 15:58:51.222 [Eureka-EvictionTimer] INFO  c.n.e.r.AbstractInstanceRegistry - Running the evict task with compensationTime 0ms
2023-08-25 15:58:56.222 [Eureka-EvictionTimer] INFO  c.n.e.r.AbstractInstanceRegistry - Running the evict task with compensationTime 0ms
2023-08-25 15:59:01.222 [Eureka-EvictionTimer] INFO  c.n.e.r.AbstractInstanceRegistry - Running the evict task with compensationTime 0ms
2023-08-25 15:59:06.222 [Eureka-EvictionTimer] INFO  c.n.e.r.AbstractInstanceRegistry - Running the evict task with compensationTime 0ms
2023-08-25 15:59:11.222 [Eureka-EvictionTimer] INFO  c.n.e.r.AbstractInstanceRegistry - Running the evict task with compensationTime 0ms
2023-08-25 15:59:16.222 [Eureka-EvictionTimer] INFO  c.n.e.r.AbstractInstanceRegistry - Running the evict task with compensationTime 0ms
2023-08-25 15:59:21.222 [Eureka-EvictionTimer] INFO  c.n.e.r.AbstractInstanceRegistry - Running the evict task with compensationTime 0ms
2023-08-25 15:59:26.222 [Eureka-EvictionTimer] INFO  c.n.e.r.AbstractInstanceRegistry - Running the evict task with compensationTime 0ms
2023-08-25 15:59:31.222 [Eureka-EvictionTimer] INFO  c.n.e.r.AbstractInstanceRegistry - Running the evict task with compensationTime 0ms
2023-08-25 15:59:36.222 [Eureka-EvictionTimer] INFO  c.n.e.r.AbstractInstanceRegistry - Running the evict task with compensationTime 0ms
2023-08-25 15:59:41.222 [Eureka-EvictionTimer] INFO  c.n.e.r.AbstractInstanceRegistry - Running the evict task with compensationTime 0ms
2023-08-25 15:59:46.222 [Eureka-EvictionTimer] INFO  c.n.e.r.AbstractInstanceRegistry - Running the evict task with compensationTime 0ms
2023-08-25 15:59:51.222 [Eureka-EvictionTimer] INFO  c.n.e.r.AbstractInstanceRegistry - Running the evict task with compensationTime 0ms
2023-08-25 15:59:56.222 [Eureka-EvictionTimer] INFO  c.n.e.r.AbstractInstanceRegistry - Running the evict task with compensationTime 0ms
2023-08-25 16:00:01.222 [Eureka-EvictionTimer] INFO  c.n.e.r.AbstractInstanceRegistry - Running the evict task with compensationTime 0ms
2023-08-25 16:00:06.222 [Eureka-EvictionTimer] INFO  c.n.e.r.AbstractInstanceRegistry - Running the evict task with compensationTime 0ms
2023-08-25 16:00:11.222 [Eureka-EvictionTimer] INFO  c.n.e.r.AbstractInstanceRegistry - Running the evict task with compensationTime 0ms
2023-08-25 16:00:16.222 [Eureka-EvictionTimer] INFO  c.n.e.r.AbstractInstanceRegistry - Running the evict task with compensationTime 0ms
2023-08-25 16:00:21.222 [Eureka-EvictionTimer] INFO  c.n.e.r.AbstractInstanceRegistry - Running the evict task with compensationTime 0ms
2023-08-25 16:00:26.222 [Eureka-EvictionTimer] INFO  c.n.e.r.AbstractInstanceRegistry - Running the evict task with compensationTime 0ms
2023-08-25 16:00:31.222 [Eureka-EvictionTimer] INFO  c.n.e.r.AbstractInstanceRegistry - Running the evict task with compensationTime 0ms
2023-08-25 16:00:36.222 [Eureka-EvictionTimer] INFO  c.n.e.r.AbstractInstanceRegistry - Running the evict task with compensationTime 0ms
2023-08-25 16:00:41.222 [Eureka-EvictionTimer] INFO  c.n.e.r.AbstractInstanceRegistry - Running the evict task with compensationTime 0ms
2023-08-25 16:00:46.222 [Eureka-EvictionTimer] INFO  c.n.e.r.AbstractInstanceRegistry - Running the evict task with compensationTime 0ms
2023-08-25 16:00:51.222 [Eureka-EvictionTimer] INFO  c.n.e.r.AbstractInstanceRegistry - Running the evict task with compensationTime 0ms
2023-08-25 16:00:56.222 [Eureka-EvictionTimer] INFO  c.n.e.r.AbstractInstanceRegistry - Running the evict task with compensationTime 0ms
2023-08-25 16:01:01.222 [Eureka-EvictionTimer] INFO  c.n.e.r.AbstractInstanceRegistry - Running the evict task with compensationTime 0ms
2023-08-25 16:01:06.222 [Eureka-EvictionTimer] INFO  c.n.e.r.AbstractInstanceRegistry - Running the evict task with compensationTime 0ms
2023-08-25 16:01:11.222 [Eureka-EvictionTimer] INFO  c.n.e.r.AbstractInstanceRegistry - Running the evict task with compensationTime 0ms
2023-08-25 16:01:16.222 [Eureka-EvictionTimer] INFO  c.n.e.r.AbstractInstanceRegistry - Running the evict task with compensationTime 0ms
2023-08-25 16:01:21.222 [Eureka-EvictionTimer] INFO  c.n.e.r.AbstractInstanceRegistry - Running the evict task with compensationTime 0ms
2023-08-25 16:01:26.222 [Eureka-EvictionTimer] INFO  c.n.e.r.AbstractInstanceRegistry - Running the evict task with compensationTime 0ms
2023-08-25 16:01:31.222 [Eureka-EvictionTimer] INFO  c.n.e.r.AbstractInstanceRegistry - Running the evict task with compensationTime 0ms
2023-08-25 16:01:36.222 [Eureka-EvictionTimer] INFO  c.n.e.r.AbstractInstanceRegistry - Running the evict task with compensationTime 0ms
2023-08-25 16:01:41.222 [Eureka-EvictionTimer] INFO  c.n.e.r.AbstractInstanceRegistry - Running the evict task with compensationTime 0ms
2023-08-25 16:01:46.222 [Eureka-EvictionTimer] INFO  c.n.e.r.AbstractInstanceRegistry - Running the evict task with compensationTime 0ms
2023-08-25 16:01:51.222 [Eureka-EvictionTimer] INFO  c.n.e.r.AbstractInstanceRegistry - Running the evict task with compensationTime 0ms
2023-08-25 16:01:56.222 [Eureka-EvictionTimer] INFO  c.n.e.r.AbstractInstanceRegistry - Running the evict task with compensationTime 0ms
2023-08-25 16:02:01.222 [Eureka-EvictionTimer] INFO  c.n.e.r.AbstractInstanceRegistry - Running the evict task with compensationTime 0ms
2023-08-25 16:02:06.222 [Eureka-EvictionTimer] INFO  c.n.e.r.AbstractInstanceRegistry - Running the evict task with compensationTime 0ms
2023-08-25 16:02:11.222 [Eureka-EvictionTimer] INFO  c.n.e.r.AbstractInstanceRegistry - Running the evict task with compensationTime 0ms
2023-08-25 16:02:16.222 [Eureka-EvictionTimer] INFO  c.n.e.r.AbstractInstanceRegistry - Running the evict task with compensationTime 0ms
2023-08-25 16:02:21.222 [Eureka-EvictionTimer] INFO  c.n.e.r.AbstractInstanceRegistry - Running the evict task with compensationTime 0ms
2023-08-25 16:02:26.222 [Eureka-EvictionTimer] INFO  c.n.e.r.AbstractInstanceRegistry - Running the evict task with compensationTime 0ms
2023-08-25 16:02:31.222 [Eureka-EvictionTimer] INFO  c.n.e.r.AbstractInstanceRegistry - Running the evict task with compensationTime 0ms
2023-08-25 16:02:36.222 [Eureka-EvictionTimer] INFO  c.n.e.r.AbstractInstanceRegistry - Running the evict task with compensationTime 0ms
2023-08-25 16:02:41.222 [Eureka-EvictionTimer] INFO  c.n.e.r.AbstractInstanceRegistry - Running the evict task with compensationTime 0ms
2023-08-25 16:02:46.222 [Eureka-EvictionTimer] INFO  c.n.e.r.AbstractInstanceRegistry - Running the evict task with compensationTime 0ms
2023-08-25 16:02:51.222 [Eureka-EvictionTimer] INFO  c.n.e.r.AbstractInstanceRegistry - Running the evict task with compensationTime 0ms
2023-08-25 16:02:56.222 [Eureka-EvictionTimer] INFO  c.n.e.r.AbstractInstanceRegistry - Running the evict task with compensationTime 0ms
2023-08-25 16:03:01.222 [Eureka-EvictionTimer] INFO  c.n.e.r.AbstractInstanceRegistry - Running the evict task with compensationTime 0ms
2023-08-25 16:03:06.222 [Eureka-EvictionTimer] INFO  c.n.e.r.AbstractInstanceRegistry - Running the evict task with compensationTime 0ms
2023-08-25 16:03:11.222 [Eureka-EvictionTimer] INFO  c.n.e.r.AbstractInstanceRegistry - Running the evict task with compensationTime 0ms
2023-08-25 16:03:16.222 [Eureka-EvictionTimer] INFO  c.n.e.r.AbstractInstanceRegistry - Running the evict task with compensationTime 0ms
2023-08-25 16:03:21.222 [Eureka-EvictionTimer] INFO  c.n.e.r.AbstractInstanceRegistry - Running the evict task with compensationTime 0ms
2023-08-25 16:03:26.222 [Eureka-EvictionTimer] INFO  c.n.e.r.AbstractInstanceRegistry - Running the evict task with compensationTime 0ms
2023-08-25 16:03:31.222 [Eureka-EvictionTimer] INFO  c.n.e.r.AbstractInstanceRegistry - Running the evict task with compensationTime 0ms
2023-08-25 16:03:36.222 [Eureka-EvictionTimer] INFO  c.n.e.r.AbstractInstanceRegistry - Running the evict task with compensationTime 0ms
2023-08-25 16:03:41.222 [Eureka-EvictionTimer] INFO  c.n.e.r.AbstractInstanceRegistry - Running the evict task with compensationTime 0ms
2023-08-25 16:03:46.222 [Eureka-EvictionTimer] INFO  c.n.e.r.AbstractInstanceRegistry - Running the evict task with compensationTime 0ms
2023-08-25 16:03:51.222 [Eureka-EvictionTimer] INFO  c.n.e.r.AbstractInstanceRegistry - Running the evict task with compensationTime 0ms
2023-08-25 16:03:56.222 [Eureka-EvictionTimer] INFO  c.n.e.r.AbstractInstanceRegistry - Running the evict task with compensationTime 0ms
2023-08-25 16:04:01.222 [Eureka-EvictionTimer] INFO  c.n.e.r.AbstractInstanceRegistry - Running the evict task with compensationTime 0ms
2023-08-25 16:04:06.222 [Eureka-EvictionTimer] INFO  c.n.e.r.AbstractInstanceRegistry - Running the evict task with compensationTime 0ms
2023-08-25 16:04:11.222 [Eureka-EvictionTimer] INFO  c.n.e.r.AbstractInstanceRegistry - Running the evict task with compensationTime 0ms
2023-08-25 16:04:16.222 [Eureka-EvictionTimer] INFO  c.n.e.r.AbstractInstanceRegistry - Running the evict task with compensationTime 0ms
2023-08-25 16:04:21.222 [Eureka-EvictionTimer] INFO  c.n.e.r.AbstractInstanceRegistry - Running the evict task with compensationTime 0ms
2023-08-25 16:04:26.222 [Eureka-EvictionTimer] INFO  c.n.e.r.AbstractInstanceRegistry - Running the evict task with compensationTime 0ms
2023-08-25 16:04:31.222 [Eureka-EvictionTimer] INFO  c.n.e.r.AbstractInstanceRegistry - Running the evict task with compensationTime 0ms
2023-08-25 16:04:36.222 [Eureka-EvictionTimer] INFO  c.n.e.r.AbstractInstanceRegistry - Running the evict task with compensationTime 0ms
2023-08-25 16:04:41.222 [Eureka-EvictionTimer] INFO  c.n.e.r.AbstractInstanceRegistry - Running the evict task with compensationTime 0ms
2023-08-25 16:04:46.222 [Eureka-EvictionTimer] INFO  c.n.e.r.AbstractInstanceRegistry - Running the evict task with compensationTime 0ms
2023-08-25 16:04:51.222 [Eureka-EvictionTimer] INFO  c.n.e.r.AbstractInstanceRegistry - Running the evict task with compensationTime 0ms
2023-08-25 16:04:56.222 [Eureka-EvictionTimer] INFO  c.n.e.r.AbstractInstanceRegistry - Running the evict task with compensationTime 0ms
2023-08-25 16:05:00.853 [ReplicaAwareInstanceRegistry - RenewalThresholdUpdater] INFO  c.n.e.r.PeerAwareInstanceRegistryImpl - Current renewal threshold is : 0
2023-08-25 16:05:01.222 [Eureka-EvictionTimer] INFO  c.n.e.r.AbstractInstanceRegistry - Running the evict task with compensationTime 0ms
2023-08-25 16:05:06.224 [Eureka-EvictionTimer] INFO  c.n.e.r.AbstractInstanceRegistry - Running the evict task with compensationTime 2ms
2023-08-25 16:05:11.224 [Eureka-EvictionTimer] INFO  c.n.e.r.AbstractInstanceRegistry - Running the evict task with compensationTime 0ms
2023-08-25 16:05:16.224 [Eureka-EvictionTimer] INFO  c.n.e.r.AbstractInstanceRegistry - Running the evict task with compensationTime 0ms
2023-08-25 16:05:21.224 [Eureka-EvictionTimer] INFO  c.n.e.r.AbstractInstanceRegistry - Running the evict task with compensationTime 0ms
2023-08-25 16:05:26.224 [Eureka-EvictionTimer] INFO  c.n.e.r.AbstractInstanceRegistry - Running the evict task with compensationTime 0ms
2023-08-25 16:05:31.224 [Eureka-EvictionTimer] INFO  c.n.e.r.AbstractInstanceRegistry - Running the evict task with compensationTime 0ms
2023-08-25 16:05:36.224 [Eureka-EvictionTimer] INFO  c.n.e.r.AbstractInstanceRegistry - Running the evict task with compensationTime 0ms
2023-08-25 16:05:41.224 [Eureka-EvictionTimer] INFO  c.n.e.r.AbstractInstanceRegistry - Running the evict task with compensationTime 0ms
2023-08-25 16:05:46.224 [Eureka-EvictionTimer] INFO  c.n.e.r.AbstractInstanceRegistry - Running the evict task with compensationTime 0ms
2023-08-25 16:05:51.224 [Eureka-EvictionTimer] INFO  c.n.e.r.AbstractInstanceRegistry - Running the evict task with compensationTime 0ms
2023-08-25 16:05:56.224 [Eureka-EvictionTimer] INFO  c.n.e.r.AbstractInstanceRegistry - Running the evict task with compensationTime 0ms
2023-08-25 16:06:01.224 [Eureka-EvictionTimer] INFO  c.n.e.r.AbstractInstanceRegistry - Running the evict task with compensationTime 0ms
2023-08-25 16:06:06.224 [Eureka-EvictionTimer] INFO  c.n.e.r.AbstractInstanceRegistry - Running the evict task with compensationTime 0ms
2023-08-25 16:06:11.224 [Eureka-EvictionTimer] INFO  c.n.e.r.AbstractInstanceRegistry - Running the evict task with compensationTime 0ms
2023-08-25 16:06:16.224 [Eureka-EvictionTimer] INFO  c.n.e.r.AbstractInstanceRegistry - Running the evict task with compensationTime 0ms
2023-08-25 16:06:21.224 [Eureka-EvictionTimer] INFO  c.n.e.r.AbstractInstanceRegistry - Running the evict task with compensationTime 0ms
2023-08-25 16:06:26.224 [Eureka-EvictionTimer] INFO  c.n.e.r.AbstractInstanceRegistry - Running the evict task with compensationTime 0ms
2023-08-25 16:06:31.224 [Eureka-EvictionTimer] INFO  c.n.e.r.AbstractInstanceRegistry - Running the evict task with compensationTime 0ms
2023-08-25 16:06:36.224 [Eureka-EvictionTimer] INFO  c.n.e.r.AbstractInstanceRegistry - Running the evict task with compensationTime 0ms
2023-08-25 16:06:41.224 [Eureka-EvictionTimer] INFO  c.n.e.r.AbstractInstanceRegistry - Running the evict task with compensationTime 0ms
2023-08-25 16:06:46.224 [Eureka-EvictionTimer] INFO  c.n.e.r.AbstractInstanceRegistry - Running the evict task with compensationTime 0ms
2023-08-25 16:06:51.224 [Eureka-EvictionTimer] INFO  c.n.e.r.AbstractInstanceRegistry - Running the evict task with compensationTime 0ms
2023-08-25 16:06:56.224 [Eureka-EvictionTimer] INFO  c.n.e.r.AbstractInstanceRegistry - Running the evict task with compensationTime 0ms
2023-08-25 16:07:01.224 [Eureka-EvictionTimer] INFO  c.n.e.r.AbstractInstanceRegistry - Running the evict task with compensationTime 0ms
2023-08-25 16:07:06.224 [Eureka-EvictionTimer] INFO  c.n.e.r.AbstractInstanceRegistry - Running the evict task with compensationTime 0ms
2023-08-25 16:07:11.224 [Eureka-EvictionTimer] INFO  c.n.e.r.AbstractInstanceRegistry - Running the evict task with compensationTime 0ms
2023-08-25 16:07:16.224 [Eureka-EvictionTimer] INFO  c.n.e.r.AbstractInstanceRegistry - Running the evict task with compensationTime 0ms
2023-08-25 16:07:21.224 [Eureka-EvictionTimer] INFO  c.n.e.r.AbstractInstanceRegistry - Running the evict task with compensationTime 0ms
2023-08-25 16:07:26.224 [Eureka-EvictionTimer] INFO  c.n.e.r.AbstractInstanceRegistry - Running the evict task with compensationTime 0ms
2023-08-25 16:07:31.224 [Eureka-EvictionTimer] INFO  c.n.e.r.AbstractInstanceRegistry - Running the evict task with compensationTime 0ms
2023-08-25 16:07:36.224 [Eureka-EvictionTimer] INFO  c.n.e.r.AbstractInstanceRegistry - Running the evict task with compensationTime 0ms
2023-08-25 16:07:41.224 [Eureka-EvictionTimer] INFO  c.n.e.r.AbstractInstanceRegistry - Running the evict task with compensationTime 0ms
2023-08-25 16:07:46.224 [Eureka-EvictionTimer] INFO  c.n.e.r.AbstractInstanceRegistry - Running the evict task with compensationTime 0ms
2023-08-25 16:07:51.224 [Eureka-EvictionTimer] INFO  c.n.e.r.AbstractInstanceRegistry - Running the evict task with compensationTime 0ms
2023-08-25 16:07:56.224 [Eureka-EvictionTimer] INFO  c.n.e.r.AbstractInstanceRegistry - Running the evict task with compensationTime 0ms
2023-08-25 16:08:01.225 [Eureka-EvictionTimer] INFO  c.n.e.r.AbstractInstanceRegistry - Running the evict task with compensationTime 1ms
2023-08-25 16:08:06.225 [Eureka-EvictionTimer] INFO  c.n.e.r.AbstractInstanceRegistry - Running the evict task with compensationTime 0ms
2023-08-25 16:08:11.225 [Eureka-EvictionTimer] INFO  c.n.e.r.AbstractInstanceRegistry - Running the evict task with compensationTime 0ms
2023-08-25 16:08:16.225 [Eureka-EvictionTimer] INFO  c.n.e.r.AbstractInstanceRegistry - Running the evict task with compensationTime 0ms
2023-08-25 16:08:21.225 [Eureka-EvictionTimer] INFO  c.n.e.r.AbstractInstanceRegistry - Running the evict task with compensationTime 0ms
2023-08-25 16:08:26.225 [Eureka-EvictionTimer] INFO  c.n.e.r.AbstractInstanceRegistry - Running the evict task with compensationTime 0ms
2023-08-25 16:08:31.225 [Eureka-EvictionTimer] INFO  c.n.e.r.AbstractInstanceRegistry - Running the evict task with compensationTime 0ms
2023-08-25 16:08:36.225 [Eureka-EvictionTimer] INFO  c.n.e.r.AbstractInstanceRegistry - Running the evict task with compensationTime 0ms
2023-08-25 16:08:41.225 [Eureka-EvictionTimer] INFO  c.n.e.r.AbstractInstanceRegistry - Running the evict task with compensationTime 0ms
2023-08-25 16:08:46.225 [Eureka-EvictionTimer] INFO  c.n.e.r.AbstractInstanceRegistry - Running the evict task with compensationTime 0ms
2023-08-25 16:08:51.225 [Eureka-EvictionTimer] INFO  c.n.e.r.AbstractInstanceRegistry - Running the evict task with compensationTime 0ms
2023-08-25 16:08:56.225 [Eureka-EvictionTimer] INFO  c.n.e.r.AbstractInstanceRegistry - Running the evict task with compensationTime 0ms
2023-08-25 16:09:01.225 [Eureka-EvictionTimer] INFO  c.n.e.r.AbstractInstanceRegistry - Running the evict task with compensationTime 0ms
2023-08-25 16:09:06.225 [Eureka-EvictionTimer] INFO  c.n.e.r.AbstractInstanceRegistry - Running the evict task with compensationTime 0ms
2023-08-25 16:09:11.225 [Eureka-EvictionTimer] INFO  c.n.e.r.AbstractInstanceRegistry - Running the evict task with compensationTime 0ms
2023-08-25 16:09:16.225 [Eureka-EvictionTimer] INFO  c.n.e.r.AbstractInstanceRegistry - Running the evict task with compensationTime 0ms
2023-08-25 16:09:21.225 [Eureka-EvictionTimer] INFO  c.n.e.r.AbstractInstanceRegistry - Running the evict task with compensationTime 0ms
2023-08-25 16:09:26.225 [Eureka-EvictionTimer] INFO  c.n.e.r.AbstractInstanceRegistry - Running the evict task with compensationTime 0ms
2023-08-25 16:09:31.225 [Eureka-EvictionTimer] INFO  c.n.e.r.AbstractInstanceRegistry - Running the evict task with compensationTime 0ms
2023-08-25 16:09:36.225 [Eureka-EvictionTimer] INFO  c.n.e.r.AbstractInstanceRegistry - Running the evict task with compensationTime 0ms
2023-08-25 16:09:41.225 [Eureka-EvictionTimer] INFO  c.n.e.r.AbstractInstanceRegistry - Running the evict task with compensationTime 0ms
2023-08-25 16:09:46.225 [Eureka-EvictionTimer] INFO  c.n.e.r.AbstractInstanceRegistry - Running the evict task with compensationTime 0ms
2023-08-25 16:09:51.225 [Eureka-EvictionTimer] INFO  c.n.e.r.AbstractInstanceRegistry - Running the evict task with compensationTime 0ms
2023-08-25 16:09:56.225 [Eureka-EvictionTimer] INFO  c.n.e.r.AbstractInstanceRegistry - Running the evict task with compensationTime 0ms
2023-08-25 16:10:01.225 [Eureka-EvictionTimer] INFO  c.n.e.r.AbstractInstanceRegistry - Running the evict task with compensationTime 0ms
2023-08-25 16:10:06.225 [Eureka-EvictionTimer] INFO  c.n.e.r.AbstractInstanceRegistry - Running the evict task with compensationTime 0ms
2023-08-25 16:10:11.225 [Eureka-EvictionTimer] INFO  c.n.e.r.AbstractInstanceRegistry - Running the evict task with compensationTime 0ms
2023-08-25 16:10:16.225 [Eureka-EvictionTimer] INFO  c.n.e.r.AbstractInstanceRegistry - Running the evict task with compensationTime 0ms
2023-08-25 16:10:21.225 [Eureka-EvictionTimer] INFO  c.n.e.r.AbstractInstanceRegistry - Running the evict task with compensationTime 0ms
2023-08-25 16:10:26.225 [Eureka-EvictionTimer] INFO  c.n.e.r.AbstractInstanceRegistry - Running the evict task with compensationTime 0ms
2023-08-25 16:10:31.225 [Eureka-EvictionTimer] INFO  c.n.e.r.AbstractInstanceRegistry - Running the evict task with compensationTime 0ms
2023-08-25 16:10:36.225 [Eureka-EvictionTimer] INFO  c.n.e.r.AbstractInstanceRegistry - Running the evict task with compensationTime 0ms
2023-08-25 16:10:41.225 [Eureka-EvictionTimer] INFO  c.n.e.r.AbstractInstanceRegistry - Running the evict task with compensationTime 0ms
2023-08-25 16:10:46.225 [Eureka-EvictionTimer] INFO  c.n.e.r.AbstractInstanceRegistry - Running the evict task with compensationTime 0ms
2023-08-25 16:10:51.225 [Eureka-EvictionTimer] INFO  c.n.e.r.AbstractInstanceRegistry - Running the evict task with compensationTime 0ms
2023-08-25 16:10:56.225 [Eureka-EvictionTimer] INFO  c.n.e.r.AbstractInstanceRegistry - Running the evict task with compensationTime 0ms
2023-08-25 16:11:01.225 [Eureka-EvictionTimer] INFO  c.n.e.r.AbstractInstanceRegistry - Running the evict task with compensationTime 0ms
2023-08-25 16:11:06.225 [Eureka-EvictionTimer] INFO  c.n.e.r.AbstractInstanceRegistry - Running the evict task with compensationTime 0ms
2023-08-25 16:11:11.225 [Eureka-EvictionTimer] INFO  c.n.e.r.AbstractInstanceRegistry - Running the evict task with compensationTime 0ms
2023-08-25 16:11:16.225 [Eureka-EvictionTimer] INFO  c.n.e.r.AbstractInstanceRegistry - Running the evict task with compensationTime 0ms
2023-08-25 16:11:21.225 [Eureka-EvictionTimer] INFO  c.n.e.r.AbstractInstanceRegistry - Running the evict task with compensationTime 0ms
2023-08-25 16:11:26.225 [Eureka-EvictionTimer] INFO  c.n.e.r.AbstractInstanceRegistry - Running the evict task with compensationTime 0ms
2023-08-25 16:11:31.225 [Eureka-EvictionTimer] INFO  c.n.e.r.AbstractInstanceRegistry - Running the evict task with compensationTime 0ms
2023-08-25 16:11:36.225 [Eureka-EvictionTimer] INFO  c.n.e.r.AbstractInstanceRegistry - Running the evict task with compensationTime 0ms
2023-08-25 16:11:41.225 [Eureka-EvictionTimer] INFO  c.n.e.r.AbstractInstanceRegistry - Running the evict task with compensationTime 0ms
2023-08-25 16:11:46.225 [Eureka-EvictionTimer] INFO  c.n.e.r.AbstractInstanceRegistry - Running the evict task with compensationTime 0ms
2023-08-25 16:11:51.225 [Eureka-EvictionTimer] INFO  c.n.e.r.AbstractInstanceRegistry - Running the evict task with compensationTime 0ms
2023-08-25 16:11:56.225 [Eureka-EvictionTimer] INFO  c.n.e.r.AbstractInstanceRegistry - Running the evict task with compensationTime 0ms
2023-08-25 16:12:01.225 [Eureka-EvictionTimer] INFO  c.n.e.r.AbstractInstanceRegistry - Running the evict task with compensationTime 0ms
2023-08-25 16:12:06.225 [Eureka-EvictionTimer] INFO  c.n.e.r.AbstractInstanceRegistry - Running the evict task with compensationTime 0ms
2023-08-25 16:12:11.225 [Eureka-EvictionTimer] INFO  c.n.e.r.AbstractInstanceRegistry - Running the evict task with compensationTime 0ms
2023-08-25 16:12:16.225 [Eureka-EvictionTimer] INFO  c.n.e.r.AbstractInstanceRegistry - Running the evict task with compensationTime 0ms
2023-08-25 16:12:21.225 [Eureka-EvictionTimer] INFO  c.n.e.r.AbstractInstanceRegistry - Running the evict task with compensationTime 0ms
2023-08-25 16:12:26.225 [Eureka-EvictionTimer] INFO  c.n.e.r.AbstractInstanceRegistry - Running the evict task with compensationTime 0ms
2023-08-25 16:12:31.225 [Eureka-EvictionTimer] INFO  c.n.e.r.AbstractInstanceRegistry - Running the evict task with compensationTime 0ms
2023-08-25 16:12:36.225 [Eureka-EvictionTimer] INFO  c.n.e.r.AbstractInstanceRegistry - Running the evict task with compensationTime 0ms
2023-08-25 16:12:41.225 [Eureka-EvictionTimer] INFO  c.n.e.r.AbstractInstanceRegistry - Running the evict task with compensationTime 0ms
2023-08-25 16:12:46.225 [Eureka-EvictionTimer] INFO  c.n.e.r.AbstractInstanceRegistry - Running the evict task with compensationTime 0ms
2023-08-25 16:12:51.225 [Eureka-EvictionTimer] INFO  c.n.e.r.AbstractInstanceRegistry - Running the evict task with compensationTime 0ms
2023-08-25 16:12:56.225 [Eureka-EvictionTimer] INFO  c.n.e.r.AbstractInstanceRegistry - Running the evict task with compensationTime 0ms
2023-08-25 16:13:01.225 [Eureka-EvictionTimer] INFO  c.n.e.r.AbstractInstanceRegistry - Running the evict task with compensationTime 0ms
2023-08-25 16:13:06.225 [Eureka-EvictionTimer] INFO  c.n.e.r.AbstractInstanceRegistry - Running the evict task with compensationTime 0ms
2023-08-25 16:13:11.225 [Eureka-EvictionTimer] INFO  c.n.e.r.AbstractInstanceRegistry - Running the evict task with compensationTime 0ms
2023-08-25 16:13:16.225 [Eureka-EvictionTimer] INFO  c.n.e.r.AbstractInstanceRegistry - Running the evict task with compensationTime 0ms
2023-08-25 16:13:21.225 [Eureka-EvictionTimer] INFO  c.n.e.r.AbstractInstanceRegistry - Running the evict task with compensationTime 0ms
2023-08-25 16:13:26.231 [Eureka-EvictionTimer] INFO  c.n.e.r.AbstractInstanceRegistry - Running the evict task with compensationTime 5ms
2023-08-25 16:13:31.231 [Eureka-EvictionTimer] INFO  c.n.e.r.AbstractInstanceRegistry - Running the evict task with compensationTime 0ms
2023-08-25 16:13:36.231 [Eureka-EvictionTimer] INFO  c.n.e.r.AbstractInstanceRegistry - Running the evict task with compensationTime 0ms
2023-08-25 16:13:41.231 [Eureka-EvictionTimer] INFO  c.n.e.r.AbstractInstanceRegistry - Running the evict task with compensationTime 0ms
2023-08-25 16:13:46.231 [Eureka-EvictionTimer] INFO  c.n.e.r.AbstractInstanceRegistry - Running the evict task with compensationTime 0ms
2023-08-25 16:13:51.233 [Eureka-EvictionTimer] INFO  c.n.e.r.AbstractInstanceRegistry - Running the evict task with compensationTime 2ms
2023-08-25 16:13:56.233 [Eureka-EvictionTimer] INFO  c.n.e.r.AbstractInstanceRegistry - Running the evict task with compensationTime 0ms
2023-08-25 16:14:01.233 [Eureka-EvictionTimer] INFO  c.n.e.r.AbstractInstanceRegistry - Running the evict task with compensationTime 0ms
2023-08-25 16:14:06.233 [Eureka-EvictionTimer] INFO  c.n.e.r.AbstractInstanceRegistry - Running the evict task with compensationTime 0ms
2023-08-25 16:14:11.233 [Eureka-EvictionTimer] INFO  c.n.e.r.AbstractInstanceRegistry - Running the evict task with compensationTime 0ms
2023-08-25 16:14:16.233 [Eureka-EvictionTimer] INFO  c.n.e.r.AbstractInstanceRegistry - Running the evict task with compensationTime 0ms
2023-08-25 16:14:21.233 [Eureka-EvictionTimer] INFO  c.n.e.r.AbstractInstanceRegistry - Running the evict task with compensationTime 0ms
2023-08-25 16:14:26.233 [Eureka-EvictionTimer] INFO  c.n.e.r.AbstractInstanceRegistry - Running the evict task with compensationTime 0ms
2023-08-25 16:14:31.233 [Eureka-EvictionTimer] INFO  c.n.e.r.AbstractInstanceRegistry - Running the evict task with compensationTime 0ms
2023-08-25 16:14:36.233 [Eureka-EvictionTimer] INFO  c.n.e.r.AbstractInstanceRegistry - Running the evict task with compensationTime 0ms
2023-08-25 16:14:41.233 [Eureka-EvictionTimer] INFO  c.n.e.r.AbstractInstanceRegistry - Running the evict task with compensationTime 0ms
2023-08-25 16:14:46.233 [Eureka-EvictionTimer] INFO  c.n.e.r.AbstractInstanceRegistry - Running the evict task with compensationTime 0ms
2023-08-25 16:14:51.233 [Eureka-EvictionTimer] INFO  c.n.e.r.AbstractInstanceRegistry - Running the evict task with compensationTime 0ms
2023-08-25 16:14:56.233 [Eureka-EvictionTimer] INFO  c.n.e.r.AbstractInstanceRegistry - Running the evict task with compensationTime 0ms
2023-08-25 16:15:01.233 [Eureka-EvictionTimer] INFO  c.n.e.r.AbstractInstanceRegistry - Running the evict task with compensationTime 0ms
2023-08-25 16:15:06.233 [Eureka-EvictionTimer] INFO  c.n.e.r.AbstractInstanceRegistry - Running the evict task with compensationTime 0ms
2023-08-25 16:15:11.233 [Eureka-EvictionTimer] INFO  c.n.e.r.AbstractInstanceRegistry - Running the evict task with compensationTime 0ms
2023-08-25 16:15:16.233 [Eureka-EvictionTimer] INFO  c.n.e.r.AbstractInstanceRegistry - Running the evict task with compensationTime 0ms
2023-08-25 16:15:21.233 [Eureka-EvictionTimer] INFO  c.n.e.r.AbstractInstanceRegistry - Running the evict task with compensationTime 0ms
2023-08-25 16:15:26.233 [Eureka-EvictionTimer] INFO  c.n.e.r.AbstractInstanceRegistry - Running the evict task with compensationTime 0ms
2023-08-25 16:15:31.233 [Eureka-EvictionTimer] INFO  c.n.e.r.AbstractInstanceRegistry - Running the evict task with compensationTime 0ms
2023-08-25 16:15:36.233 [Eureka-EvictionTimer] INFO  c.n.e.r.AbstractInstanceRegistry - Running the evict task with compensationTime 0ms
2023-08-25 16:15:41.233 [Eureka-EvictionTimer] INFO  c.n.e.r.AbstractInstanceRegistry - Running the evict task with compensationTime 0ms
2023-08-25 16:15:46.233 [Eureka-EvictionTimer] INFO  c.n.e.r.AbstractInstanceRegistry - Running the evict task with compensationTime 0ms
2023-08-25 16:15:51.233 [Eureka-EvictionTimer] INFO  c.n.e.r.AbstractInstanceRegistry - Running the evict task with compensationTime 0ms
2023-08-25 16:15:56.233 [Eureka-EvictionTimer] INFO  c.n.e.r.AbstractInstanceRegistry - Running the evict task with compensationTime 0ms
2023-08-25 16:16:01.233 [Eureka-EvictionTimer] INFO  c.n.e.r.AbstractInstanceRegistry - Running the evict task with compensationTime 0ms
2023-08-25 16:16:06.233 [Eureka-EvictionTimer] INFO  c.n.e.r.AbstractInstanceRegistry - Running the evict task with compensationTime 0ms
2023-08-25 16:16:11.233 [Eureka-EvictionTimer] INFO  c.n.e.r.AbstractInstanceRegistry - Running the evict task with compensationTime 0ms
2023-08-25 16:16:16.233 [Eureka-EvictionTimer] INFO  c.n.e.r.AbstractInstanceRegistry - Running the evict task with compensationTime 0ms
2023-08-25 16:16:21.233 [Eureka-EvictionTimer] INFO  c.n.e.r.AbstractInstanceRegistry - Running the evict task with compensationTime 0ms
2023-08-25 16:16:26.233 [Eureka-EvictionTimer] INFO  c.n.e.r.AbstractInstanceRegistry - Running the evict task with compensationTime 0ms
2023-08-25 16:16:31.233 [Eureka-EvictionTimer] INFO  c.n.e.r.AbstractInstanceRegistry - Running the evict task with compensationTime 0ms
2023-08-25 16:16:36.233 [Eureka-EvictionTimer] INFO  c.n.e.r.AbstractInstanceRegistry - Running the evict task with compensationTime 0ms
2023-08-25 16:16:41.233 [Eureka-EvictionTimer] INFO  c.n.e.r.AbstractInstanceRegistry - Running the evict task with compensationTime 0ms
2023-08-25 16:16:46.233 [Eureka-EvictionTimer] INFO  c.n.e.r.AbstractInstanceRegistry - Running the evict task with compensationTime 0ms
2023-08-25 16:16:51.233 [Eureka-EvictionTimer] INFO  c.n.e.r.AbstractInstanceRegistry - Running the evict task with compensationTime 0ms
2023-08-25 16:16:56.233 [Eureka-EvictionTimer] INFO  c.n.e.r.AbstractInstanceRegistry - Running the evict task with compensationTime 0ms
2023-08-25 16:17:01.233 [Eureka-EvictionTimer] INFO  c.n.e.r.AbstractInstanceRegistry - Running the evict task with compensationTime 0ms
2023-08-25 16:17:06.233 [Eureka-EvictionTimer] INFO  c.n.e.r.AbstractInstanceRegistry - Running the evict task with compensationTime 0ms
2023-08-25 16:17:11.233 [Eureka-EvictionTimer] INFO  c.n.e.r.AbstractInstanceRegistry - Running the evict task with compensationTime 0ms
2023-08-25 16:17:16.240 [Eureka-EvictionTimer] INFO  c.n.e.r.AbstractInstanceRegistry - Running the evict task with compensationTime 7ms
2023-08-25 16:17:21.240 [Eureka-EvictionTimer] INFO  c.n.e.r.AbstractInstanceRegistry - Running the evict task with compensationTime 0ms
2023-08-25 16:17:26.261 [Eureka-EvictionTimer] INFO  c.n.e.r.AbstractInstanceRegistry - Running the evict task with compensationTime 20ms
2023-08-25 16:17:31.261 [Eureka-EvictionTimer] INFO  c.n.e.r.AbstractInstanceRegistry - Running the evict task with compensationTime 0ms
2023-08-25 16:17:36.261 [Eureka-EvictionTimer] INFO  c.n.e.r.AbstractInstanceRegistry - Running the evict task with compensationTime 0ms
2023-08-25 16:17:41.261 [Eureka-EvictionTimer] INFO  c.n.e.r.AbstractInstanceRegistry - Running the evict task with compensationTime 0ms
2023-08-25 16:17:46.261 [Eureka-EvictionTimer] INFO  c.n.e.r.AbstractInstanceRegistry - Running the evict task with compensationTime 0ms
2023-08-25 16:17:51.261 [Eureka-EvictionTimer] INFO  c.n.e.r.AbstractInstanceRegistry - Running the evict task with compensationTime 0ms
2023-08-25 16:17:56.261 [Eureka-EvictionTimer] INFO  c.n.e.r.AbstractInstanceRegistry - Running the evict task with compensationTime 0ms
2023-08-25 16:18:01.261 [Eureka-EvictionTimer] INFO  c.n.e.r.AbstractInstanceRegistry - Running the evict task with compensationTime 0ms
2023-08-25 16:18:06.261 [Eureka-EvictionTimer] INFO  c.n.e.r.AbstractInstanceRegistry - Running the evict task with compensationTime 0ms
2023-08-25 16:18:11.261 [Eureka-EvictionTimer] INFO  c.n.e.r.AbstractInstanceRegistry - Running the evict task with compensationTime 0ms
2023-08-25 16:18:16.261 [Eureka-EvictionTimer] INFO  c.n.e.r.AbstractInstanceRegistry - Running the evict task with compensationTime 0ms
2023-08-25 16:18:21.261 [Eureka-EvictionTimer] INFO  c.n.e.r.AbstractInstanceRegistry - Running the evict task with compensationTime 0ms
2023-08-25 16:18:26.261 [Eureka-EvictionTimer] INFO  c.n.e.r.AbstractInstanceRegistry - Running the evict task with compensationTime 0ms
2023-08-25 16:18:31.261 [Eureka-EvictionTimer] INFO  c.n.e.r.AbstractInstanceRegistry - Running the evict task with compensationTime 0ms
2023-08-25 16:18:36.261 [Eureka-EvictionTimer] INFO  c.n.e.r.AbstractInstanceRegistry - Running the evict task with compensationTime 0ms
2023-08-25 16:18:41.261 [Eureka-EvictionTimer] INFO  c.n.e.r.AbstractInstanceRegistry - Running the evict task with compensationTime 0ms
2023-08-25 16:18:46.261 [Eureka-EvictionTimer] INFO  c.n.e.r.AbstractInstanceRegistry - Running the evict task with compensationTime 0ms
2023-08-25 16:18:51.261 [Eureka-EvictionTimer] INFO  c.n.e.r.AbstractInstanceRegistry - Running the evict task with compensationTime 0ms
2023-08-25 16:18:56.261 [Eureka-EvictionTimer] INFO  c.n.e.r.AbstractInstanceRegistry - Running the evict task with compensationTime 0ms
2023-08-25 16:19:01.261 [Eureka-EvictionTimer] INFO  c.n.e.r.AbstractInstanceRegistry - Running the evict task with compensationTime 0ms
2023-08-25 16:19:06.261 [Eureka-EvictionTimer] INFO  c.n.e.r.AbstractInstanceRegistry - Running the evict task with compensationTime 0ms
2023-08-25 16:19:11.261 [Eureka-EvictionTimer] INFO  c.n.e.r.AbstractInstanceRegistry - Running the evict task with compensationTime 0ms
2023-08-25 16:19:16.261 [Eureka-EvictionTimer] INFO  c.n.e.r.AbstractInstanceRegistry - Running the evict task with compensationTime 0ms
2023-08-25 16:19:21.261 [Eureka-EvictionTimer] INFO  c.n.e.r.AbstractInstanceRegistry - Running the evict task with compensationTime 0ms
2023-08-25 16:19:26.261 [Eureka-EvictionTimer] INFO  c.n.e.r.AbstractInstanceRegistry - Running the evict task with compensationTime 0ms
2023-08-25 16:19:31.261 [Eureka-EvictionTimer] INFO  c.n.e.r.AbstractInstanceRegistry - Running the evict task with compensationTime 0ms
2023-08-25 16:19:36.261 [Eureka-EvictionTimer] INFO  c.n.e.r.AbstractInstanceRegistry - Running the evict task with compensationTime 0ms
2023-08-25 16:19:41.261 [Eureka-EvictionTimer] INFO  c.n.e.r.AbstractInstanceRegistry - Running the evict task with compensationTime 0ms
2023-08-25 16:19:46.261 [Eureka-EvictionTimer] INFO  c.n.e.r.AbstractInstanceRegistry - Running the evict task with compensationTime 0ms
2023-08-25 16:19:51.261 [Eureka-EvictionTimer] INFO  c.n.e.r.AbstractInstanceRegistry - Running the evict task with compensationTime 0ms
2023-08-25 16:19:56.261 [Eureka-EvictionTimer] INFO  c.n.e.r.AbstractInstanceRegistry - Running the evict task with compensationTime 0ms
2023-08-25 16:20:00.853 [ReplicaAwareInstanceRegistry - RenewalThresholdUpdater] INFO  c.n.e.r.PeerAwareInstanceRegistryImpl - Current renewal threshold is : 0
2023-08-25 16:20:01.261 [Eureka-EvictionTimer] INFO  c.n.e.r.AbstractInstanceRegistry - Running the evict task with compensationTime 0ms
2023-08-25 16:20:06.261 [Eureka-EvictionTimer] INFO  c.n.e.r.AbstractInstanceRegistry - Running the evict task with compensationTime 0ms
2023-08-25 16:20:11.261 [Eureka-EvictionTimer] INFO  c.n.e.r.AbstractInstanceRegistry - Running the evict task with compensationTime 0ms
2023-08-25 16:20:16.261 [Eureka-EvictionTimer] INFO  c.n.e.r.AbstractInstanceRegistry - Running the evict task with compensationTime 0ms
2023-08-25 16:20:21.261 [Eureka-EvictionTimer] INFO  c.n.e.r.AbstractInstanceRegistry - Running the evict task with compensationTime 0ms
2023-08-25 16:20:26.261 [Eureka-EvictionTimer] INFO  c.n.e.r.AbstractInstanceRegistry - Running the evict task with compensationTime 0ms
2023-08-25 16:20:31.261 [Eureka-EvictionTimer] INFO  c.n.e.r.AbstractInstanceRegistry - Running the evict task with compensationTime 0ms
2023-08-25 16:20:36.261 [Eureka-EvictionTimer] INFO  c.n.e.r.AbstractInstanceRegistry - Running the evict task with compensationTime 0ms
2023-08-25 16:20:41.261 [Eureka-EvictionTimer] INFO  c.n.e.r.AbstractInstanceRegistry - Running the evict task with compensationTime 0ms
2023-08-25 16:20:46.261 [Eureka-EvictionTimer] INFO  c.n.e.r.AbstractInstanceRegistry - Running the evict task with compensationTime 0ms
2023-08-25 16:20:51.261 [Eureka-EvictionTimer] INFO  c.n.e.r.AbstractInstanceRegistry - Running the evict task with compensationTime 0ms
2023-08-25 16:20:56.261 [Eureka-EvictionTimer] INFO  c.n.e.r.AbstractInstanceRegistry - Running the evict task with compensationTime 0ms
2023-08-25 16:21:01.261 [Eureka-EvictionTimer] INFO  c.n.e.r.AbstractInstanceRegistry - Running the evict task with compensationTime 0ms
2023-08-25 16:21:06.261 [Eureka-EvictionTimer] INFO  c.n.e.r.AbstractInstanceRegistry - Running the evict task with compensationTime 0ms
2023-08-25 16:21:11.261 [Eureka-EvictionTimer] INFO  c.n.e.r.AbstractInstanceRegistry - Running the evict task with compensationTime 0ms
2023-08-25 16:21:16.261 [Eureka-EvictionTimer] INFO  c.n.e.r.AbstractInstanceRegistry - Running the evict task with compensationTime 0ms
2023-08-25 16:21:21.261 [Eureka-EvictionTimer] INFO  c.n.e.r.AbstractInstanceRegistry - Running the evict task with compensationTime 0ms
2023-08-25 16:21:26.261 [Eureka-EvictionTimer] INFO  c.n.e.r.AbstractInstanceRegistry - Running the evict task with compensationTime 0ms
2023-08-25 16:21:31.261 [Eureka-EvictionTimer] INFO  c.n.e.r.AbstractInstanceRegistry - Running the evict task with compensationTime 0ms
2023-08-25 16:21:36.261 [Eureka-EvictionTimer] INFO  c.n.e.r.AbstractInstanceRegistry - Running the evict task with compensationTime 0ms
2023-08-25 16:21:41.264 [Eureka-EvictionTimer] INFO  c.n.e.r.AbstractInstanceRegistry - Running the evict task with compensationTime 3ms
2023-08-25 16:21:46.264 [Eureka-EvictionTimer] INFO  c.n.e.r.AbstractInstanceRegistry - Running the evict task with compensationTime 0ms
2023-08-25 16:21:51.264 [Eureka-EvictionTimer] INFO  c.n.e.r.AbstractInstanceRegistry - Running the evict task with compensationTime 0ms
2023-08-25 16:21:56.264 [Eureka-EvictionTimer] INFO  c.n.e.r.AbstractInstanceRegistry - Running the evict task with compensationTime 0ms
2023-08-25 16:22:01.264 [Eureka-EvictionTimer] INFO  c.n.e.r.AbstractInstanceRegistry - Running the evict task with compensationTime 0ms
2023-08-25 16:22:06.264 [Eureka-EvictionTimer] INFO  c.n.e.r.AbstractInstanceRegistry - Running the evict task with compensationTime 0ms
2023-08-25 16:22:11.264 [Eureka-EvictionTimer] INFO  c.n.e.r.AbstractInstanceRegistry - Running the evict task with compensationTime 0ms
2023-08-25 16:22:16.264 [Eureka-EvictionTimer] INFO  c.n.e.r.AbstractInstanceRegistry - Running the evict task with compensationTime 0ms
2023-08-25 16:22:21.264 [Eureka-EvictionTimer] INFO  c.n.e.r.AbstractInstanceRegistry - Running the evict task with compensationTime 0ms
2023-08-25 16:22:26.264 [Eureka-EvictionTimer] INFO  c.n.e.r.AbstractInstanceRegistry - Running the evict task with compensationTime 0ms
2023-08-25 16:22:31.274 [Eureka-EvictionTimer] INFO  c.n.e.r.AbstractInstanceRegistry - Running the evict task with compensationTime 10ms
2023-08-25 16:22:36.274 [Eureka-EvictionTimer] INFO  c.n.e.r.AbstractInstanceRegistry - Running the evict task with compensationTime 0ms
2023-08-25 16:22:41.274 [Eureka-EvictionTimer] INFO  c.n.e.r.AbstractInstanceRegistry - Running the evict task with compensationTime 0ms
2023-08-25 16:22:46.274 [Eureka-EvictionTimer] INFO  c.n.e.r.AbstractInstanceRegistry - Running the evict task with compensationTime 0ms
2023-08-25 16:22:51.274 [Eureka-EvictionTimer] INFO  c.n.e.r.AbstractInstanceRegistry - Running the evict task with compensationTime 0ms
2023-08-25 16:22:56.274 [Eureka-EvictionTimer] INFO  c.n.e.r.AbstractInstanceRegistry - Running the evict task with compensationTime 0ms
2023-08-25 16:23:01.274 [Eureka-EvictionTimer] INFO  c.n.e.r.AbstractInstanceRegistry - Running the evict task with compensationTime 0ms
2023-08-25 16:23:06.274 [Eureka-EvictionTimer] INFO  c.n.e.r.AbstractInstanceRegistry - Running the evict task with compensationTime 0ms
2023-08-25 16:23:11.275 [Eureka-EvictionTimer] INFO  c.n.e.r.AbstractInstanceRegistry - Running the evict task with compensationTime 1ms
2023-08-25 16:23:16.275 [Eureka-EvictionTimer] INFO  c.n.e.r.AbstractInstanceRegistry - Running the evict task with compensationTime 0ms
2023-08-25 16:23:21.275 [Eureka-EvictionTimer] INFO  c.n.e.r.AbstractInstanceRegistry - Running the evict task with compensationTime 0ms
2023-08-25 16:23:26.275 [Eureka-EvictionTimer] INFO  c.n.e.r.AbstractInstanceRegistry - Running the evict task with compensationTime 0ms
2023-08-25 16:23:31.275 [Eureka-EvictionTimer] INFO  c.n.e.r.AbstractInstanceRegistry - Running the evict task with compensationTime 0ms
2023-08-25 16:23:36.275 [Eureka-EvictionTimer] INFO  c.n.e.r.AbstractInstanceRegistry - Running the evict task with compensationTime 0ms
2023-08-25 16:23:41.275 [Eureka-EvictionTimer] INFO  c.n.e.r.AbstractInstanceRegistry - Running the evict task with compensationTime 0ms
2023-08-25 16:23:46.275 [Eureka-EvictionTimer] INFO  c.n.e.r.AbstractInstanceRegistry - Running the evict task with compensationTime 0ms
2023-08-25 16:23:51.275 [Eureka-EvictionTimer] INFO  c.n.e.r.AbstractInstanceRegistry - Running the evict task with compensationTime 0ms
2023-08-25 16:23:56.275 [Eureka-EvictionTimer] INFO  c.n.e.r.AbstractInstanceRegistry - Running the evict task with compensationTime 0ms
2023-08-25 16:24:01.277 [Eureka-EvictionTimer] INFO  c.n.e.r.AbstractInstanceRegistry - Running the evict task with compensationTime 2ms
2023-08-25 16:24:06.277 [Eureka-EvictionTimer] INFO  c.n.e.r.AbstractInstanceRegistry - Running the evict task with compensationTime 0ms
2023-08-25 16:24:11.277 [Eureka-EvictionTimer] INFO  c.n.e.r.AbstractInstanceRegistry - Running the evict task with compensationTime 0ms
2023-08-25 16:24:16.277 [Eureka-EvictionTimer] INFO  c.n.e.r.AbstractInstanceRegistry - Running the evict task with compensationTime 0ms
2023-08-25 16:24:21.277 [Eureka-EvictionTimer] INFO  c.n.e.r.AbstractInstanceRegistry - Running the evict task with compensationTime 0ms
2023-08-25 16:24:26.277 [Eureka-EvictionTimer] INFO  c.n.e.r.AbstractInstanceRegistry - Running the evict task with compensationTime 0ms
2023-08-25 16:24:31.277 [Eureka-EvictionTimer] INFO  c.n.e.r.AbstractInstanceRegistry - Running the evict task with compensationTime 0ms
2023-08-25 16:24:36.277 [Eureka-EvictionTimer] INFO  c.n.e.r.AbstractInstanceRegistry - Running the evict task with compensationTime 0ms
2023-08-25 16:24:41.277 [Eureka-EvictionTimer] INFO  c.n.e.r.AbstractInstanceRegistry - Running the evict task with compensationTime 0ms
2023-08-25 16:24:46.277 [Eureka-EvictionTimer] INFO  c.n.e.r.AbstractInstanceRegistry - Running the evict task with compensationTime 0ms
2023-08-25 16:24:51.277 [Eureka-EvictionTimer] INFO  c.n.e.r.AbstractInstanceRegistry - Running the evict task with compensationTime 0ms
2023-08-25 16:24:56.277 [Eureka-EvictionTimer] INFO  c.n.e.r.AbstractInstanceRegistry - Running the evict task with compensationTime 0ms
2023-08-25 16:25:01.277 [Eureka-EvictionTimer] INFO  c.n.e.r.AbstractInstanceRegistry - Running the evict task with compensationTime 0ms
2023-08-25 16:25:06.277 [Eureka-EvictionTimer] INFO  c.n.e.r.AbstractInstanceRegistry - Running the evict task with compensationTime 0ms
2023-08-25 16:25:11.277 [Eureka-EvictionTimer] INFO  c.n.e.r.AbstractInstanceRegistry - Running the evict task with compensationTime 0ms
2023-08-25 16:25:16.277 [Eureka-EvictionTimer] INFO  c.n.e.r.AbstractInstanceRegistry - Running the evict task with compensationTime 0ms
2023-08-25 16:25:21.277 [Eureka-EvictionTimer] INFO  c.n.e.r.AbstractInstanceRegistry - Running the evict task with compensationTime 0ms
2023-08-25 16:25:26.277 [Eureka-EvictionTimer] INFO  c.n.e.r.AbstractInstanceRegistry - Running the evict task with compensationTime 0ms
2023-08-25 16:25:31.277 [Eureka-EvictionTimer] INFO  c.n.e.r.AbstractInstanceRegistry - Running the evict task with compensationTime 0ms
2023-08-25 16:25:36.277 [Eureka-EvictionTimer] INFO  c.n.e.r.AbstractInstanceRegistry - Running the evict task with compensationTime 0ms
2023-08-25 16:25:41.277 [Eureka-EvictionTimer] INFO  c.n.e.r.AbstractInstanceRegistry - Running the evict task with compensationTime 0ms
2023-08-25 16:25:46.277 [Eureka-EvictionTimer] INFO  c.n.e.r.AbstractInstanceRegistry - Running the evict task with compensationTime 0ms
2023-08-25 16:25:51.277 [Eureka-EvictionTimer] INFO  c.n.e.r.AbstractInstanceRegistry - Running the evict task with compensationTime 0ms
2023-08-25 16:25:56.277 [Eureka-EvictionTimer] INFO  c.n.e.r.AbstractInstanceRegistry - Running the evict task with compensationTime 0ms
2023-08-25 16:26:01.277 [Eureka-EvictionTimer] INFO  c.n.e.r.AbstractInstanceRegistry - Running the evict task with compensationTime 0ms
2023-08-25 16:26:06.277 [Eureka-EvictionTimer] INFO  c.n.e.r.AbstractInstanceRegistry - Running the evict task with compensationTime 0ms
2023-08-25 16:26:11.277 [Eureka-EvictionTimer] INFO  c.n.e.r.AbstractInstanceRegistry - Running the evict task with compensationTime 0ms
2023-08-25 16:26:16.277 [Eureka-EvictionTimer] INFO  c.n.e.r.AbstractInstanceRegistry - Running the evict task with compensationTime 0ms
2023-08-25 16:26:21.277 [Eureka-EvictionTimer] INFO  c.n.e.r.AbstractInstanceRegistry - Running the evict task with compensationTime 0ms
2023-08-25 16:26:26.277 [Eureka-EvictionTimer] INFO  c.n.e.r.AbstractInstanceRegistry - Running the evict task with compensationTime 0ms
2023-08-25 16:26:31.277 [Eureka-EvictionTimer] INFO  c.n.e.r.AbstractInstanceRegistry - Running the evict task with compensationTime 0ms
2023-08-25 16:26:36.277 [Eureka-EvictionTimer] INFO  c.n.e.r.AbstractInstanceRegistry - Running the evict task with compensationTime 0ms
2023-08-25 16:26:41.280 [Eureka-EvictionTimer] INFO  c.n.e.r.AbstractInstanceRegistry - Running the evict task with compensationTime 2ms
2023-08-25 16:26:46.280 [Eureka-EvictionTimer] INFO  c.n.e.r.AbstractInstanceRegistry - Running the evict task with compensationTime 0ms
2023-08-25 16:26:51.280 [Eureka-EvictionTimer] INFO  c.n.e.r.AbstractInstanceRegistry - Running the evict task with compensationTime 0ms
2023-08-25 16:26:56.280 [Eureka-EvictionTimer] INFO  c.n.e.r.AbstractInstanceRegistry - Running the evict task with compensationTime 0ms
2023-08-25 16:27:01.280 [Eureka-EvictionTimer] INFO  c.n.e.r.AbstractInstanceRegistry - Running the evict task with compensationTime 0ms
2023-08-25 16:27:06.280 [Eureka-EvictionTimer] INFO  c.n.e.r.AbstractInstanceRegistry - Running the evict task with compensationTime 0ms
2023-08-25 16:27:11.280 [Eureka-EvictionTimer] INFO  c.n.e.r.AbstractInstanceRegistry - Running the evict task with compensationTime 0ms
2023-08-25 16:27:16.280 [Eureka-EvictionTimer] INFO  c.n.e.r.AbstractInstanceRegistry - Running the evict task with compensationTime 0ms
2023-08-25 16:27:21.280 [Eureka-EvictionTimer] INFO  c.n.e.r.AbstractInstanceRegistry - Running the evict task with compensationTime 0ms
2023-08-25 16:27:26.280 [Eureka-EvictionTimer] INFO  c.n.e.r.AbstractInstanceRegistry - Running the evict task with compensationTime 0ms
2023-08-25 16:27:31.280 [Eureka-EvictionTimer] INFO  c.n.e.r.AbstractInstanceRegistry - Running the evict task with compensationTime 0ms
2023-08-25 16:27:36.280 [Eureka-EvictionTimer] INFO  c.n.e.r.AbstractInstanceRegistry - Running the evict task with compensationTime 0ms
2023-08-25 16:27:41.280 [Eureka-EvictionTimer] INFO  c.n.e.r.AbstractInstanceRegistry - Running the evict task with compensationTime 0ms
2023-08-25 16:27:46.280 [Eureka-EvictionTimer] INFO  c.n.e.r.AbstractInstanceRegistry - Running the evict task with compensationTime 0ms
2023-08-25 16:27:51.280 [Eureka-EvictionTimer] INFO  c.n.e.r.AbstractInstanceRegistry - Running the evict task with compensationTime 0ms
2023-08-25 16:27:56.280 [Eureka-EvictionTimer] INFO  c.n.e.r.AbstractInstanceRegistry - Running the evict task with compensationTime 0ms
2023-08-25 16:28:01.280 [Eureka-EvictionTimer] INFO  c.n.e.r.AbstractInstanceRegistry - Running the evict task with compensationTime 0ms
2023-08-25 16:28:06.280 [Eureka-EvictionTimer] INFO  c.n.e.r.AbstractInstanceRegistry - Running the evict task with compensationTime 0ms
2023-08-25 16:28:11.280 [Eureka-EvictionTimer] INFO  c.n.e.r.AbstractInstanceRegistry - Running the evict task with compensationTime 0ms
2023-08-25 16:28:16.280 [Eureka-EvictionTimer] INFO  c.n.e.r.AbstractInstanceRegistry - Running the evict task with compensationTime 0ms
2023-08-25 16:28:21.280 [Eureka-EvictionTimer] INFO  c.n.e.r.AbstractInstanceRegistry - Running the evict task with compensationTime 0ms
2023-08-25 16:28:26.280 [Eureka-EvictionTimer] INFO  c.n.e.r.AbstractInstanceRegistry - Running the evict task with compensationTime 0ms
2023-08-25 16:28:31.280 [Eureka-EvictionTimer] INFO  c.n.e.r.AbstractInstanceRegistry - Running the evict task with compensationTime 0ms
2023-08-25 16:28:36.280 [Eureka-EvictionTimer] INFO  c.n.e.r.AbstractInstanceRegistry - Running the evict task with compensationTime 0ms
2023-08-25 16:28:41.280 [Eureka-EvictionTimer] INFO  c.n.e.r.AbstractInstanceRegistry - Running the evict task with compensationTime 0ms
2023-08-25 16:28:46.280 [Eureka-EvictionTimer] INFO  c.n.e.r.AbstractInstanceRegistry - Running the evict task with compensationTime 0ms
2023-08-25 16:28:51.280 [Eureka-EvictionTimer] INFO  c.n.e.r.AbstractInstanceRegistry - Running the evict task with compensationTime 0ms
2023-08-25 16:28:56.280 [Eureka-EvictionTimer] INFO  c.n.e.r.AbstractInstanceRegistry - Running the evict task with compensationTime 0ms
2023-08-25 16:29:01.280 [Eureka-EvictionTimer] INFO  c.n.e.r.AbstractInstanceRegistry - Running the evict task with compensationTime 0ms
2023-08-25 16:29:06.280 [Eureka-EvictionTimer] INFO  c.n.e.r.AbstractInstanceRegistry - Running the evict task with compensationTime 0ms
2023-08-25 16:29:11.280 [Eureka-EvictionTimer] INFO  c.n.e.r.AbstractInstanceRegistry - Running the evict task with compensationTime 0ms
2023-08-25 16:29:16.280 [Eureka-EvictionTimer] INFO  c.n.e.r.AbstractInstanceRegistry - Running the evict task with compensationTime 0ms
2023-08-25 16:29:21.280 [Eureka-EvictionTimer] INFO  c.n.e.r.AbstractInstanceRegistry - Running the evict task with compensationTime 0ms
2023-08-25 16:29:26.280 [Eureka-EvictionTimer] INFO  c.n.e.r.AbstractInstanceRegistry - Running the evict task with compensationTime 0ms
2023-08-25 16:29:31.280 [Eureka-EvictionTimer] INFO  c.n.e.r.AbstractInstanceRegistry - Running the evict task with compensationTime 0ms
2023-08-25 16:29:36.280 [Eureka-EvictionTimer] INFO  c.n.e.r.AbstractInstanceRegistry - Running the evict task with compensationTime 0ms
2023-08-25 16:29:41.280 [Eureka-EvictionTimer] INFO  c.n.e.r.AbstractInstanceRegistry - Running the evict task with compensationTime 0ms
2023-08-25 16:29:46.280 [Eureka-EvictionTimer] INFO  c.n.e.r.AbstractInstanceRegistry - Running the evict task with compensationTime 0ms
2023-08-25 16:29:51.280 [Eureka-EvictionTimer] INFO  c.n.e.r.AbstractInstanceRegistry - Running the evict task with compensationTime 0ms
2023-08-25 16:29:56.280 [Eureka-EvictionTimer] INFO  c.n.e.r.AbstractInstanceRegistry - Running the evict task with compensationTime 0ms
2023-08-25 16:30:01.280 [Eureka-EvictionTimer] INFO  c.n.e.r.AbstractInstanceRegistry - Running the evict task with compensationTime 0ms
2023-08-25 16:30:06.280 [Eureka-EvictionTimer] INFO  c.n.e.r.AbstractInstanceRegistry - Running the evict task with compensationTime 0ms
2023-08-25 16:30:11.280 [Eureka-EvictionTimer] INFO  c.n.e.r.AbstractInstanceRegistry - Running the evict task with compensationTime 0ms
2023-08-25 16:30:16.280 [Eureka-EvictionTimer] INFO  c.n.e.r.AbstractInstanceRegistry - Running the evict task with compensationTime 0ms
2023-08-25 16:30:21.280 [Eureka-EvictionTimer] INFO  c.n.e.r.AbstractInstanceRegistry - Running the evict task with compensationTime 0ms
2023-08-25 16:30:26.280 [Eureka-EvictionTimer] INFO  c.n.e.r.AbstractInstanceRegistry - Running the evict task with compensationTime 0ms
2023-08-25 16:30:31.280 [Eureka-EvictionTimer] INFO  c.n.e.r.AbstractInstanceRegistry - Running the evict task with compensationTime 0ms
2023-08-25 16:30:36.280 [Eureka-EvictionTimer] INFO  c.n.e.r.AbstractInstanceRegistry - Running the evict task with compensationTime 0ms
2023-08-25 16:30:41.280 [Eureka-EvictionTimer] INFO  c.n.e.r.AbstractInstanceRegistry - Running the evict task with compensationTime 0ms
2023-08-25 16:30:46.280 [Eureka-EvictionTimer] INFO  c.n.e.r.AbstractInstanceRegistry - Running the evict task with compensationTime 0ms
2023-08-25 16:30:51.280 [Eureka-EvictionTimer] INFO  c.n.e.r.AbstractInstanceRegistry - Running the evict task with compensationTime 0ms
2023-08-25 16:30:56.280 [Eureka-EvictionTimer] INFO  c.n.e.r.AbstractInstanceRegistry - Running the evict task with compensationTime 0ms
2023-08-25 16:31:01.280 [Eureka-EvictionTimer] INFO  c.n.e.r.AbstractInstanceRegistry - Running the evict task with compensationTime 0ms
2023-08-25 16:31:06.280 [Eureka-EvictionTimer] INFO  c.n.e.r.AbstractInstanceRegistry - Running the evict task with compensationTime 0ms
2023-08-25 16:31:11.280 [Eureka-EvictionTimer] INFO  c.n.e.r.AbstractInstanceRegistry - Running the evict task with compensationTime 0ms
2023-08-25 16:31:16.280 [Eureka-EvictionTimer] INFO  c.n.e.r.AbstractInstanceRegistry - Running the evict task with compensationTime 0ms
2023-08-25 16:31:21.280 [Eureka-EvictionTimer] INFO  c.n.e.r.AbstractInstanceRegistry - Running the evict task with compensationTime 0ms
2023-08-25 16:31:26.280 [Eureka-EvictionTimer] INFO  c.n.e.r.AbstractInstanceRegistry - Running the evict task with compensationTime 0ms
2023-08-25 16:31:31.280 [Eureka-EvictionTimer] INFO  c.n.e.r.AbstractInstanceRegistry - Running the evict task with compensationTime 0ms
2023-08-25 16:31:36.280 [Eureka-EvictionTimer] INFO  c.n.e.r.AbstractInstanceRegistry - Running the evict task with compensationTime 0ms
2023-08-25 16:31:41.280 [Eureka-EvictionTimer] INFO  c.n.e.r.AbstractInstanceRegistry - Running the evict task with compensationTime 0ms
2023-08-25 16:31:46.280 [Eureka-EvictionTimer] INFO  c.n.e.r.AbstractInstanceRegistry - Running the evict task with compensationTime 0ms
2023-08-25 16:31:51.280 [Eureka-EvictionTimer] INFO  c.n.e.r.AbstractInstanceRegistry - Running the evict task with compensationTime 0ms
2023-08-25 16:31:56.280 [Eureka-EvictionTimer] INFO  c.n.e.r.AbstractInstanceRegistry - Running the evict task with compensationTime 0ms
2023-08-25 16:32:01.280 [Eureka-EvictionTimer] INFO  c.n.e.r.AbstractInstanceRegistry - Running the evict task with compensationTime 0ms
2023-08-25 16:32:06.280 [Eureka-EvictionTimer] INFO  c.n.e.r.AbstractInstanceRegistry - Running the evict task with compensationTime 0ms
2023-08-25 16:32:11.280 [Eureka-EvictionTimer] INFO  c.n.e.r.AbstractInstanceRegistry - Running the evict task with compensationTime 0ms
2023-08-25 16:32:16.280 [Eureka-EvictionTimer] INFO  c.n.e.r.AbstractInstanceRegistry - Running the evict task with compensationTime 0ms
2023-08-25 16:32:21.280 [Eureka-EvictionTimer] INFO  c.n.e.r.AbstractInstanceRegistry - Running the evict task with compensationTime 0ms
2023-08-25 16:32:26.280 [Eureka-EvictionTimer] INFO  c.n.e.r.AbstractInstanceRegistry - Running the evict task with compensationTime 0ms
2023-08-25 16:32:31.280 [Eureka-EvictionTimer] INFO  c.n.e.r.AbstractInstanceRegistry - Running the evict task with compensationTime 0ms
2023-08-25 16:32:36.280 [Eureka-EvictionTimer] INFO  c.n.e.r.AbstractInstanceRegistry - Running the evict task with compensationTime 0ms
2023-08-25 16:32:41.280 [Eureka-EvictionTimer] INFO  c.n.e.r.AbstractInstanceRegistry - Running the evict task with compensationTime 0ms
2023-08-25 16:32:46.280 [Eureka-EvictionTimer] INFO  c.n.e.r.AbstractInstanceRegistry - Running the evict task with compensationTime 0ms
2023-08-25 16:32:51.280 [Eureka-EvictionTimer] INFO  c.n.e.r.AbstractInstanceRegistry - Running the evict task with compensationTime 0ms
2023-08-25 16:32:56.280 [Eureka-EvictionTimer] INFO  c.n.e.r.AbstractInstanceRegistry - Running the evict task with compensationTime 0ms
2023-08-25 16:33:01.280 [Eureka-EvictionTimer] INFO  c.n.e.r.AbstractInstanceRegistry - Running the evict task with compensationTime 0ms
2023-08-25 16:33:06.280 [Eureka-EvictionTimer] INFO  c.n.e.r.AbstractInstanceRegistry - Running the evict task with compensationTime 0ms
2023-08-25 16:33:11.280 [Eureka-EvictionTimer] INFO  c.n.e.r.AbstractInstanceRegistry - Running the evict task with compensationTime 0ms
2023-08-25 16:33:16.280 [Eureka-EvictionTimer] INFO  c.n.e.r.AbstractInstanceRegistry - Running the evict task with compensationTime 0ms
2023-08-25 16:33:21.280 [Eureka-EvictionTimer] INFO  c.n.e.r.AbstractInstanceRegistry - Running the evict task with compensationTime 0ms
2023-08-25 16:33:26.280 [Eureka-EvictionTimer] INFO  c.n.e.r.AbstractInstanceRegistry - Running the evict task with compensationTime 0ms
2023-08-25 16:33:31.280 [Eureka-EvictionTimer] INFO  c.n.e.r.AbstractInstanceRegistry - Running the evict task with compensationTime 0ms
2023-08-25 16:33:36.280 [Eureka-EvictionTimer] INFO  c.n.e.r.AbstractInstanceRegistry - Running the evict task with compensationTime 0ms
2023-08-25 16:33:41.280 [Eureka-EvictionTimer] INFO  c.n.e.r.AbstractInstanceRegistry - Running the evict task with compensationTime 0ms
2023-08-25 16:33:46.280 [Eureka-EvictionTimer] INFO  c.n.e.r.AbstractInstanceRegistry - Running the evict task with compensationTime 0ms
2023-08-25 16:33:51.280 [Eureka-EvictionTimer] INFO  c.n.e.r.AbstractInstanceRegistry - Running the evict task with compensationTime 0ms
2023-08-25 16:33:56.280 [Eureka-EvictionTimer] INFO  c.n.e.r.AbstractInstanceRegistry - Running the evict task with compensationTime 0ms
2023-08-25 16:34:01.280 [Eureka-EvictionTimer] INFO  c.n.e.r.AbstractInstanceRegistry - Running the evict task with compensationTime 0ms
2023-08-25 16:34:06.280 [Eureka-EvictionTimer] INFO  c.n.e.r.AbstractInstanceRegistry - Running the evict task with compensationTime 0ms
2023-08-25 16:34:11.280 [Eureka-EvictionTimer] INFO  c.n.e.r.AbstractInstanceRegistry - Running the evict task with compensationTime 0ms
2023-08-25 16:34:16.280 [Eureka-EvictionTimer] INFO  c.n.e.r.AbstractInstanceRegistry - Running the evict task with compensationTime 0ms
2023-08-25 16:34:21.280 [Eureka-EvictionTimer] INFO  c.n.e.r.AbstractInstanceRegistry - Running the evict task with compensationTime 0ms
2023-08-25 16:34:26.280 [Eureka-EvictionTimer] INFO  c.n.e.r.AbstractInstanceRegistry - Running the evict task with compensationTime 0ms
2023-08-25 16:34:31.280 [Eureka-EvictionTimer] INFO  c.n.e.r.AbstractInstanceRegistry - Running the evict task with compensationTime 0ms
2023-08-25 16:34:36.280 [Eureka-EvictionTimer] INFO  c.n.e.r.AbstractInstanceRegistry - Running the evict task with compensationTime 0ms
2023-08-25 16:34:41.280 [Eureka-EvictionTimer] INFO  c.n.e.r.AbstractInstanceRegistry - Running the evict task with compensationTime 0ms
2023-08-25 16:34:46.280 [Eureka-EvictionTimer] INFO  c.n.e.r.AbstractInstanceRegistry - Running the evict task with compensationTime 0ms
2023-08-25 16:34:51.280 [Eureka-EvictionTimer] INFO  c.n.e.r.AbstractInstanceRegistry - Running the evict task with compensationTime 0ms
2023-08-25 16:34:56.295 [Eureka-EvictionTimer] INFO  c.n.e.r.AbstractInstanceRegistry - Running the evict task with compensationTime 15ms
2023-08-25 16:35:00.853 [ReplicaAwareInstanceRegistry - RenewalThresholdUpdater] INFO  c.n.e.r.PeerAwareInstanceRegistryImpl - Current renewal threshold is : 0
2023-08-25 16:35:01.295 [Eureka-EvictionTimer] INFO  c.n.e.r.AbstractInstanceRegistry - Running the evict task with compensationTime 0ms
2023-08-25 16:35:06.295 [Eureka-EvictionTimer] INFO  c.n.e.r.AbstractInstanceRegistry - Running the evict task with compensationTime 0ms
2023-08-25 16:35:11.295 [Eureka-EvictionTimer] INFO  c.n.e.r.AbstractInstanceRegistry - Running the evict task with compensationTime 0ms
2023-08-25 16:35:16.295 [Eureka-EvictionTimer] INFO  c.n.e.r.AbstractInstanceRegistry - Running the evict task with compensationTime 0ms
2023-08-25 16:35:21.295 [Eureka-EvictionTimer] INFO  c.n.e.r.AbstractInstanceRegistry - Running the evict task with compensationTime 0ms
2023-08-25 16:35:26.295 [Eureka-EvictionTimer] INFO  c.n.e.r.AbstractInstanceRegistry - Running the evict task with compensationTime 0ms
2023-08-25 16:35:31.295 [Eureka-EvictionTimer] INFO  c.n.e.r.AbstractInstanceRegistry - Running the evict task with compensationTime 0ms
2023-08-25 16:35:36.295 [Eureka-EvictionTimer] INFO  c.n.e.r.AbstractInstanceRegistry - Running the evict task with compensationTime 0ms
2023-08-25 16:35:41.295 [Eureka-EvictionTimer] INFO  c.n.e.r.AbstractInstanceRegistry - Running the evict task with compensationTime 0ms
2023-08-25 16:35:46.295 [Eureka-EvictionTimer] INFO  c.n.e.r.AbstractInstanceRegistry - Running the evict task with compensationTime 0ms
2023-08-25 16:35:51.295 [Eureka-EvictionTimer] INFO  c.n.e.r.AbstractInstanceRegistry - Running the evict task with compensationTime 0ms
2023-08-25 16:35:56.295 [Eureka-EvictionTimer] INFO  c.n.e.r.AbstractInstanceRegistry - Running the evict task with compensationTime 0ms
2023-08-25 16:36:01.295 [Eureka-EvictionTimer] INFO  c.n.e.r.AbstractInstanceRegistry - Running the evict task with compensationTime 0ms
2023-08-25 16:36:06.295 [Eureka-EvictionTimer] INFO  c.n.e.r.AbstractInstanceRegistry - Running the evict task with compensationTime 0ms
2023-08-25 16:36:11.295 [Eureka-EvictionTimer] INFO  c.n.e.r.AbstractInstanceRegistry - Running the evict task with compensationTime 0ms
2023-08-25 16:36:16.295 [Eureka-EvictionTimer] INFO  c.n.e.r.AbstractInstanceRegistry - Running the evict task with compensationTime 0ms
2023-08-25 16:36:21.295 [Eureka-EvictionTimer] INFO  c.n.e.r.AbstractInstanceRegistry - Running the evict task with compensationTime 0ms
2023-08-25 16:36:26.295 [Eureka-EvictionTimer] INFO  c.n.e.r.AbstractInstanceRegistry - Running the evict task with compensationTime 0ms
2023-08-25 16:36:31.295 [Eureka-EvictionTimer] INFO  c.n.e.r.AbstractInstanceRegistry - Running the evict task with compensationTime 0ms
2023-08-25 16:36:36.295 [Eureka-EvictionTimer] INFO  c.n.e.r.AbstractInstanceRegistry - Running the evict task with compensationTime 0ms
2023-08-25 16:36:41.295 [Eureka-EvictionTimer] INFO  c.n.e.r.AbstractInstanceRegistry - Running the evict task with compensationTime 0ms
2023-08-25 16:36:46.295 [Eureka-EvictionTimer] INFO  c.n.e.r.AbstractInstanceRegistry - Running the evict task with compensationTime 0ms
2023-08-25 16:36:51.295 [Eureka-EvictionTimer] INFO  c.n.e.r.AbstractInstanceRegistry - Running the evict task with compensationTime 0ms
2023-08-25 16:36:56.295 [Eureka-EvictionTimer] INFO  c.n.e.r.AbstractInstanceRegistry - Running the evict task with compensationTime 0ms
2023-08-25 16:37:01.295 [Eureka-EvictionTimer] INFO  c.n.e.r.AbstractInstanceRegistry - Running the evict task with compensationTime 0ms
2023-08-25 16:37:06.295 [Eureka-EvictionTimer] INFO  c.n.e.r.AbstractInstanceRegistry - Running the evict task with compensationTime 0ms
2023-08-25 16:37:11.295 [Eureka-EvictionTimer] INFO  c.n.e.r.AbstractInstanceRegistry - Running the evict task with compensationTime 0ms
2023-08-25 16:37:16.295 [Eureka-EvictionTimer] INFO  c.n.e.r.AbstractInstanceRegistry - Running the evict task with compensationTime 0ms
2023-08-25 16:37:21.295 [Eureka-EvictionTimer] INFO  c.n.e.r.AbstractInstanceRegistry - Running the evict task with compensationTime 0ms
2023-08-25 16:37:26.295 [Eureka-EvictionTimer] INFO  c.n.e.r.AbstractInstanceRegistry - Running the evict task with compensationTime 0ms
2023-08-25 16:37:31.295 [Eureka-EvictionTimer] INFO  c.n.e.r.AbstractInstanceRegistry - Running the evict task with compensationTime 0ms
2023-08-25 16:37:36.295 [Eureka-EvictionTimer] INFO  c.n.e.r.AbstractInstanceRegistry - Running the evict task with compensationTime 0ms
2023-08-25 16:37:41.295 [Eureka-EvictionTimer] INFO  c.n.e.r.AbstractInstanceRegistry - Running the evict task with compensationTime 0ms
2023-08-25 16:37:46.295 [Eureka-EvictionTimer] INFO  c.n.e.r.AbstractInstanceRegistry - Running the evict task with compensationTime 0ms
2023-08-25 16:37:51.295 [Eureka-EvictionTimer] INFO  c.n.e.r.AbstractInstanceRegistry - Running the evict task with compensationTime 0ms
2023-08-25 16:37:56.295 [Eureka-EvictionTimer] INFO  c.n.e.r.AbstractInstanceRegistry - Running the evict task with compensationTime 0ms
2023-08-25 16:38:01.295 [Eureka-EvictionTimer] INFO  c.n.e.r.AbstractInstanceRegistry - Running the evict task with compensationTime 0ms
2023-08-25 16:38:06.295 [Eureka-EvictionTimer] INFO  c.n.e.r.AbstractInstanceRegistry - Running the evict task with compensationTime 0ms
2023-08-25 16:38:11.295 [Eureka-EvictionTimer] INFO  c.n.e.r.AbstractInstanceRegistry - Running the evict task with compensationTime 0ms
2023-08-25 16:38:16.295 [Eureka-EvictionTimer] INFO  c.n.e.r.AbstractInstanceRegistry - Running the evict task with compensationTime 0ms
2023-08-25 16:38:21.295 [Eureka-EvictionTimer] INFO  c.n.e.r.AbstractInstanceRegistry - Running the evict task with compensationTime 0ms
2023-08-25 16:38:26.295 [Eureka-EvictionTimer] INFO  c.n.e.r.AbstractInstanceRegistry - Running the evict task with compensationTime 0ms
2023-08-25 16:38:31.295 [Eureka-EvictionTimer] INFO  c.n.e.r.AbstractInstanceRegistry - Running the evict task with compensationTime 0ms
2023-08-25 16:38:36.295 [Eureka-EvictionTimer] INFO  c.n.e.r.AbstractInstanceRegistry - Running the evict task with compensationTime 0ms
2023-08-25 16:38:41.295 [Eureka-EvictionTimer] INFO  c.n.e.r.AbstractInstanceRegistry - Running the evict task with compensationTime 0ms
2023-08-25 16:38:46.295 [Eureka-EvictionTimer] INFO  c.n.e.r.AbstractInstanceRegistry - Running the evict task with compensationTime 0ms
2023-08-25 16:38:51.295 [Eureka-EvictionTimer] INFO  c.n.e.r.AbstractInstanceRegistry - Running the evict task with compensationTime 0ms
2023-08-25 16:38:56.295 [Eureka-EvictionTimer] INFO  c.n.e.r.AbstractInstanceRegistry - Running the evict task with compensationTime 0ms
2023-08-25 16:39:01.301 [Eureka-EvictionTimer] INFO  c.n.e.r.AbstractInstanceRegistry - Running the evict task with compensationTime 5ms
2023-08-25 16:39:06.301 [Eureka-EvictionTimer] INFO  c.n.e.r.AbstractInstanceRegistry - Running the evict task with compensationTime 0ms
2023-08-25 16:39:11.301 [Eureka-EvictionTimer] INFO  c.n.e.r.AbstractInstanceRegistry - Running the evict task with compensationTime 0ms
2023-08-25 16:39:16.301 [Eureka-EvictionTimer] INFO  c.n.e.r.AbstractInstanceRegistry - Running the evict task with compensationTime 0ms
2023-08-25 16:39:21.301 [Eureka-EvictionTimer] INFO  c.n.e.r.AbstractInstanceRegistry - Running the evict task with compensationTime 0ms
2023-08-25 16:39:26.301 [Eureka-EvictionTimer] INFO  c.n.e.r.AbstractInstanceRegistry - Running the evict task with compensationTime 0ms
2023-08-25 16:39:31.301 [Eureka-EvictionTimer] INFO  c.n.e.r.AbstractInstanceRegistry - Running the evict task with compensationTime 0ms
2023-08-25 16:39:36.301 [Eureka-EvictionTimer] INFO  c.n.e.r.AbstractInstanceRegistry - Running the evict task with compensationTime 0ms
2023-08-25 16:39:41.301 [Eureka-EvictionTimer] INFO  c.n.e.r.AbstractInstanceRegistry - Running the evict task with compensationTime 0ms
2023-08-25 16:39:46.301 [Eureka-EvictionTimer] INFO  c.n.e.r.AbstractInstanceRegistry - Running the evict task with compensationTime 0ms
2023-08-25 16:39:51.311 [Eureka-EvictionTimer] INFO  c.n.e.r.AbstractInstanceRegistry - Running the evict task with compensationTime 9ms
2023-08-25 16:39:56.311 [Eureka-EvictionTimer] INFO  c.n.e.r.AbstractInstanceRegistry - Running the evict task with compensationTime 0ms
2023-08-25 16:40:01.311 [Eureka-EvictionTimer] INFO  c.n.e.r.AbstractInstanceRegistry - Running the evict task with compensationTime 0ms
2023-08-25 16:40:06.311 [Eureka-EvictionTimer] INFO  c.n.e.r.AbstractInstanceRegistry - Running the evict task with compensationTime 0ms
2023-08-25 16:40:11.311 [Eureka-EvictionTimer] INFO  c.n.e.r.AbstractInstanceRegistry - Running the evict task with compensationTime 0ms
2023-08-25 16:40:16.311 [Eureka-EvictionTimer] INFO  c.n.e.r.AbstractInstanceRegistry - Running the evict task with compensationTime 0ms
2023-08-25 16:40:21.311 [Eureka-EvictionTimer] INFO  c.n.e.r.AbstractInstanceRegistry - Running the evict task with compensationTime 0ms
2023-08-25 16:40:26.311 [Eureka-EvictionTimer] INFO  c.n.e.r.AbstractInstanceRegistry - Running the evict task with compensationTime 0ms
2023-08-25 16:40:31.315 [Eureka-EvictionTimer] INFO  c.n.e.r.AbstractInstanceRegistry - Running the evict task with compensationTime 3ms
2023-08-25 16:40:36.315 [Eureka-EvictionTimer] INFO  c.n.e.r.AbstractInstanceRegistry - Running the evict task with compensationTime 0ms
2023-08-25 16:40:41.315 [Eureka-EvictionTimer] INFO  c.n.e.r.AbstractInstanceRegistry - Running the evict task with compensationTime 0ms
2023-08-25 16:40:46.315 [Eureka-EvictionTimer] INFO  c.n.e.r.AbstractInstanceRegistry - Running the evict task with compensationTime 0ms
2023-08-25 16:40:51.315 [Eureka-EvictionTimer] INFO  c.n.e.r.AbstractInstanceRegistry - Running the evict task with compensationTime 0ms
2023-08-25 16:40:56.315 [Eureka-EvictionTimer] INFO  c.n.e.r.AbstractInstanceRegistry - Running the evict task with compensationTime 0ms
2023-08-25 16:41:01.315 [Eureka-EvictionTimer] INFO  c.n.e.r.AbstractInstanceRegistry - Running the evict task with compensationTime 0ms
2023-08-25 16:41:06.315 [Eureka-EvictionTimer] INFO  c.n.e.r.AbstractInstanceRegistry - Running the evict task with compensationTime 0ms
2023-08-25 16:41:11.315 [Eureka-EvictionTimer] INFO  c.n.e.r.AbstractInstanceRegistry - Running the evict task with compensationTime 0ms
2023-08-25 16:41:16.315 [Eureka-EvictionTimer] INFO  c.n.e.r.AbstractInstanceRegistry - Running the evict task with compensationTime 0ms
2023-08-25 16:41:21.315 [Eureka-EvictionTimer] INFO  c.n.e.r.AbstractInstanceRegistry - Running the evict task with compensationTime 0ms
2023-08-25 16:41:26.315 [Eureka-EvictionTimer] INFO  c.n.e.r.AbstractInstanceRegistry - Running the evict task with compensationTime 0ms
2023-08-25 16:41:31.315 [Eureka-EvictionTimer] INFO  c.n.e.r.AbstractInstanceRegistry - Running the evict task with compensationTime 0ms
2023-08-25 16:41:36.315 [Eureka-EvictionTimer] INFO  c.n.e.r.AbstractInstanceRegistry - Running the evict task with compensationTime 0ms
2023-08-25 16:41:41.315 [Eureka-EvictionTimer] INFO  c.n.e.r.AbstractInstanceRegistry - Running the evict task with compensationTime 0ms
2023-08-25 16:41:46.315 [Eureka-EvictionTimer] INFO  c.n.e.r.AbstractInstanceRegistry - Running the evict task with compensationTime 0ms
2023-08-25 16:41:51.315 [Eureka-EvictionTimer] INFO  c.n.e.r.AbstractInstanceRegistry - Running the evict task with compensationTime 0ms
2023-08-25 16:41:56.315 [Eureka-EvictionTimer] INFO  c.n.e.r.AbstractInstanceRegistry - Running the evict task with compensationTime 0ms
2023-08-25 16:42:01.315 [Eureka-EvictionTimer] INFO  c.n.e.r.AbstractInstanceRegistry - Running the evict task with compensationTime 0ms
2023-08-25 16:42:06.315 [Eureka-EvictionTimer] INFO  c.n.e.r.AbstractInstanceRegistry - Running the evict task with compensationTime 0ms
2023-08-25 16:42:11.315 [Eureka-EvictionTimer] INFO  c.n.e.r.AbstractInstanceRegistry - Running the evict task with compensationTime 0ms
2023-08-25 16:42:16.315 [Eureka-EvictionTimer] INFO  c.n.e.r.AbstractInstanceRegistry - Running the evict task with compensationTime 0ms
2023-08-25 16:42:21.315 [Eureka-EvictionTimer] INFO  c.n.e.r.AbstractInstanceRegistry - Running the evict task with compensationTime 0ms
2023-08-25 16:42:26.315 [Eureka-EvictionTimer] INFO  c.n.e.r.AbstractInstanceRegistry - Running the evict task with compensationTime 0ms
2023-08-25 16:42:31.315 [Eureka-EvictionTimer] INFO  c.n.e.r.AbstractInstanceRegistry - Running the evict task with compensationTime 0ms
2023-08-25 16:42:36.315 [Eureka-EvictionTimer] INFO  c.n.e.r.AbstractInstanceRegistry - Running the evict task with compensationTime 0ms
2023-08-25 16:42:41.315 [Eureka-EvictionTimer] INFO  c.n.e.r.AbstractInstanceRegistry - Running the evict task with compensationTime 0ms
2023-08-25 16:42:46.315 [Eureka-EvictionTimer] INFO  c.n.e.r.AbstractInstanceRegistry - Running the evict task with compensationTime 0ms
2023-08-25 16:42:51.315 [Eureka-EvictionTimer] INFO  c.n.e.r.AbstractInstanceRegistry - Running the evict task with compensationTime 0ms
2023-08-25 16:42:56.315 [Eureka-EvictionTimer] INFO  c.n.e.r.AbstractInstanceRegistry - Running the evict task with compensationTime 0ms
2023-08-25 16:43:01.315 [Eureka-EvictionTimer] INFO  c.n.e.r.AbstractInstanceRegistry - Running the evict task with compensationTime 0ms
2023-08-25 16:43:06.315 [Eureka-EvictionTimer] INFO  c.n.e.r.AbstractInstanceRegistry - Running the evict task with compensationTime 0ms
2023-08-25 16:43:11.315 [Eureka-EvictionTimer] INFO  c.n.e.r.AbstractInstanceRegistry - Running the evict task with compensationTime 0ms
2023-08-25 16:43:16.315 [Eureka-EvictionTimer] INFO  c.n.e.r.AbstractInstanceRegistry - Running the evict task with compensationTime 0ms
2023-08-25 16:43:21.315 [Eureka-EvictionTimer] INFO  c.n.e.r.AbstractInstanceRegistry - Running the evict task with compensationTime 0ms
2023-08-25 16:43:26.315 [Eureka-EvictionTimer] INFO  c.n.e.r.AbstractInstanceRegistry - Running the evict task with compensationTime 0ms
2023-08-25 16:43:31.315 [Eureka-EvictionTimer] INFO  c.n.e.r.AbstractInstanceRegistry - Running the evict task with compensationTime 0ms
2023-08-25 16:43:36.315 [Eureka-EvictionTimer] INFO  c.n.e.r.AbstractInstanceRegistry - Running the evict task with compensationTime 0ms
2023-08-25 16:43:41.315 [Eureka-EvictionTimer] INFO  c.n.e.r.AbstractInstanceRegistry - Running the evict task with compensationTime 0ms
2023-08-25 16:43:46.315 [Eureka-EvictionTimer] INFO  c.n.e.r.AbstractInstanceRegistry - Running the evict task with compensationTime 0ms
2023-08-25 16:43:51.315 [Eureka-EvictionTimer] INFO  c.n.e.r.AbstractInstanceRegistry - Running the evict task with compensationTime 0ms
2023-08-25 16:43:56.315 [Eureka-EvictionTimer] INFO  c.n.e.r.AbstractInstanceRegistry - Running the evict task with compensationTime 0ms
2023-08-25 16:44:01.315 [Eureka-EvictionTimer] INFO  c.n.e.r.AbstractInstanceRegistry - Running the evict task with compensationTime 0ms
2023-08-25 16:44:06.315 [Eureka-EvictionTimer] INFO  c.n.e.r.AbstractInstanceRegistry - Running the evict task with compensationTime 0ms
2023-08-25 16:44:11.315 [Eureka-EvictionTimer] INFO  c.n.e.r.AbstractInstanceRegistry - Running the evict task with compensationTime 0ms
2023-08-25 16:44:16.315 [Eureka-EvictionTimer] INFO  c.n.e.r.AbstractInstanceRegistry - Running the evict task with compensationTime 0ms
2023-08-25 16:44:21.315 [Eureka-EvictionTimer] INFO  c.n.e.r.AbstractInstanceRegistry - Running the evict task with compensationTime 0ms
2023-08-25 16:44:26.315 [Eureka-EvictionTimer] INFO  c.n.e.r.AbstractInstanceRegistry - Running the evict task with compensationTime 0ms
2023-08-25 16:44:31.315 [Eureka-EvictionTimer] INFO  c.n.e.r.AbstractInstanceRegistry - Running the evict task with compensationTime 0ms
2023-08-25 16:44:36.315 [Eureka-EvictionTimer] INFO  c.n.e.r.AbstractInstanceRegistry - Running the evict task with compensationTime 0ms
2023-08-25 16:44:41.315 [Eureka-EvictionTimer] INFO  c.n.e.r.AbstractInstanceRegistry - Running the evict task with compensationTime 0ms
2023-08-25 16:44:46.315 [Eureka-EvictionTimer] INFO  c.n.e.r.AbstractInstanceRegistry - Running the evict task with compensationTime 0ms
2023-08-25 16:44:51.315 [Eureka-EvictionTimer] INFO  c.n.e.r.AbstractInstanceRegistry - Running the evict task with compensationTime 0ms
2023-08-25 16:44:56.315 [Eureka-EvictionTimer] INFO  c.n.e.r.AbstractInstanceRegistry - Running the evict task with compensationTime 0ms
2023-08-25 16:45:01.315 [Eureka-EvictionTimer] INFO  c.n.e.r.AbstractInstanceRegistry - Running the evict task with compensationTime 0ms
2023-08-25 16:45:06.315 [Eureka-EvictionTimer] INFO  c.n.e.r.AbstractInstanceRegistry - Running the evict task with compensationTime 0ms
2023-08-25 16:45:11.315 [Eureka-EvictionTimer] INFO  c.n.e.r.AbstractInstanceRegistry - Running the evict task with compensationTime 0ms
2023-08-25 16:45:16.315 [Eureka-EvictionTimer] INFO  c.n.e.r.AbstractInstanceRegistry - Running the evict task with compensationTime 0ms
2023-08-25 16:45:21.315 [Eureka-EvictionTimer] INFO  c.n.e.r.AbstractInstanceRegistry - Running the evict task with compensationTime 0ms
2023-08-25 16:45:26.315 [Eureka-EvictionTimer] INFO  c.n.e.r.AbstractInstanceRegistry - Running the evict task with compensationTime 0ms
2023-08-25 16:45:31.315 [Eureka-EvictionTimer] INFO  c.n.e.r.AbstractInstanceRegistry - Running the evict task with compensationTime 0ms
2023-08-25 16:45:36.315 [Eureka-EvictionTimer] INFO  c.n.e.r.AbstractInstanceRegistry - Running the evict task with compensationTime 0ms
2023-08-25 16:45:41.315 [Eureka-EvictionTimer] INFO  c.n.e.r.AbstractInstanceRegistry - Running the evict task with compensationTime 0ms
2023-08-25 16:45:46.315 [Eureka-EvictionTimer] INFO  c.n.e.r.AbstractInstanceRegistry - Running the evict task with compensationTime 0ms
2023-08-25 16:45:51.315 [Eureka-EvictionTimer] INFO  c.n.e.r.AbstractInstanceRegistry - Running the evict task with compensationTime 0ms
2023-08-25 16:45:56.315 [Eureka-EvictionTimer] INFO  c.n.e.r.AbstractInstanceRegistry - Running the evict task with compensationTime 0ms
2023-08-25 16:46:01.315 [Eureka-EvictionTimer] INFO  c.n.e.r.AbstractInstanceRegistry - Running the evict task with compensationTime 0ms
2023-08-25 16:46:06.315 [Eureka-EvictionTimer] INFO  c.n.e.r.AbstractInstanceRegistry - Running the evict task with compensationTime 0ms
2023-08-25 16:46:11.315 [Eureka-EvictionTimer] INFO  c.n.e.r.AbstractInstanceRegistry - Running the evict task with compensationTime 0ms
2023-08-25 16:46:16.315 [Eureka-EvictionTimer] INFO  c.n.e.r.AbstractInstanceRegistry - Running the evict task with compensationTime 0ms
2023-08-25 16:46:21.315 [Eureka-EvictionTimer] INFO  c.n.e.r.AbstractInstanceRegistry - Running the evict task with compensationTime 0ms
2023-08-25 16:46:26.315 [Eureka-EvictionTimer] INFO  c.n.e.r.AbstractInstanceRegistry - Running the evict task with compensationTime 0ms
2023-08-25 16:46:31.315 [Eureka-EvictionTimer] INFO  c.n.e.r.AbstractInstanceRegistry - Running the evict task with compensationTime 0ms
2023-08-25 16:46:36.315 [Eureka-EvictionTimer] INFO  c.n.e.r.AbstractInstanceRegistry - Running the evict task with compensationTime 0ms
2023-08-25 16:46:41.315 [Eureka-EvictionTimer] INFO  c.n.e.r.AbstractInstanceRegistry - Running the evict task with compensationTime 0ms
2023-08-25 16:46:46.315 [Eureka-EvictionTimer] INFO  c.n.e.r.AbstractInstanceRegistry - Running the evict task with compensationTime 0ms
2023-08-25 16:46:51.315 [Eureka-EvictionTimer] INFO  c.n.e.r.AbstractInstanceRegistry - Running the evict task with compensationTime 0ms
2023-08-25 16:46:56.315 [Eureka-EvictionTimer] INFO  c.n.e.r.AbstractInstanceRegistry - Running the evict task with compensationTime 0ms
2023-08-25 16:47:01.315 [Eureka-EvictionTimer] INFO  c.n.e.r.AbstractInstanceRegistry - Running the evict task with compensationTime 0ms
2023-08-25 16:47:06.315 [Eureka-EvictionTimer] INFO  c.n.e.r.AbstractInstanceRegistry - Running the evict task with compensationTime 0ms
2023-08-25 16:47:11.315 [Eureka-EvictionTimer] INFO  c.n.e.r.AbstractInstanceRegistry - Running the evict task with compensationTime 0ms
2023-08-25 16:47:16.315 [Eureka-EvictionTimer] INFO  c.n.e.r.AbstractInstanceRegistry - Running the evict task with compensationTime 0ms
2023-08-25 16:47:21.315 [Eureka-EvictionTimer] INFO  c.n.e.r.AbstractInstanceRegistry - Running the evict task with compensationTime 0ms
2023-08-25 16:47:26.315 [Eureka-EvictionTimer] INFO  c.n.e.r.AbstractInstanceRegistry - Running the evict task with compensationTime 0ms
2023-08-25 16:47:31.315 [Eureka-EvictionTimer] INFO  c.n.e.r.AbstractInstanceRegistry - Running the evict task with compensationTime 0ms
2023-08-25 16:47:36.315 [Eureka-EvictionTimer] INFO  c.n.e.r.AbstractInstanceRegistry - Running the evict task with compensationTime 0ms
2023-08-25 16:47:41.315 [Eureka-EvictionTimer] INFO  c.n.e.r.AbstractInstanceRegistry - Running the evict task with compensationTime 0ms
2023-08-25 16:47:46.315 [Eureka-EvictionTimer] INFO  c.n.e.r.AbstractInstanceRegistry - Running the evict task with compensationTime 0ms
2023-08-25 16:47:51.315 [Eureka-EvictionTimer] INFO  c.n.e.r.AbstractInstanceRegistry - Running the evict task with compensationTime 0ms
2023-08-25 16:47:56.320 [Eureka-EvictionTimer] INFO  c.n.e.r.AbstractInstanceRegistry - Running the evict task with compensationTime 5ms
2023-08-25 16:48:01.320 [Eureka-EvictionTimer] INFO  c.n.e.r.AbstractInstanceRegistry - Running the evict task with compensationTime 0ms
2023-08-25 16:48:06.320 [Eureka-EvictionTimer] INFO  c.n.e.r.AbstractInstanceRegistry - Running the evict task with compensationTime 0ms
2023-08-25 16:48:11.320 [Eureka-EvictionTimer] INFO  c.n.e.r.AbstractInstanceRegistry - Running the evict task with compensationTime 0ms
2023-08-25 16:48:16.320 [Eureka-EvictionTimer] INFO  c.n.e.r.AbstractInstanceRegistry - Running the evict task with compensationTime 0ms
2023-08-25 16:48:21.320 [Eureka-EvictionTimer] INFO  c.n.e.r.AbstractInstanceRegistry - Running the evict task with compensationTime 0ms
2023-08-25 16:48:26.320 [Eureka-EvictionTimer] INFO  c.n.e.r.AbstractInstanceRegistry - Running the evict task with compensationTime 0ms
2023-08-25 16:48:31.320 [Eureka-EvictionTimer] INFO  c.n.e.r.AbstractInstanceRegistry - Running the evict task with compensationTime 0ms
2023-08-25 16:48:36.320 [Eureka-EvictionTimer] INFO  c.n.e.r.AbstractInstanceRegistry - Running the evict task with compensationTime 0ms
2023-08-25 16:48:41.321 [Eureka-EvictionTimer] INFO  c.n.e.r.AbstractInstanceRegistry - Running the evict task with compensationTime 0ms
2023-08-25 16:48:46.321 [Eureka-EvictionTimer] INFO  c.n.e.r.AbstractInstanceRegistry - Running the evict task with compensationTime 0ms
2023-08-25 16:48:51.321 [Eureka-EvictionTimer] INFO  c.n.e.r.AbstractInstanceRegistry - Running the evict task with compensationTime 0ms
2023-08-25 16:48:56.321 [Eureka-EvictionTimer] INFO  c.n.e.r.AbstractInstanceRegistry - Running the evict task with compensationTime 0ms
2023-08-25 16:49:01.321 [Eureka-EvictionTimer] INFO  c.n.e.r.AbstractInstanceRegistry - Running the evict task with compensationTime 0ms
2023-08-25 16:49:06.321 [Eureka-EvictionTimer] INFO  c.n.e.r.AbstractInstanceRegistry - Running the evict task with compensationTime 0ms
2023-08-25 16:49:11.321 [Eureka-EvictionTimer] INFO  c.n.e.r.AbstractInstanceRegistry - Running the evict task with compensationTime 0ms
2023-08-25 16:49:16.321 [Eureka-EvictionTimer] INFO  c.n.e.r.AbstractInstanceRegistry - Running the evict task with compensationTime 0ms
2023-08-25 16:49:21.321 [Eureka-EvictionTimer] INFO  c.n.e.r.AbstractInstanceRegistry - Running the evict task with compensationTime 0ms
2023-08-25 16:49:26.321 [Eureka-EvictionTimer] INFO  c.n.e.r.AbstractInstanceRegistry - Running the evict task with compensationTime 0ms
2023-08-25 16:49:31.322 [Eureka-EvictionTimer] INFO  c.n.e.r.AbstractInstanceRegistry - Running the evict task with compensationTime 0ms
2023-08-25 16:49:36.322 [Eureka-EvictionTimer] INFO  c.n.e.r.AbstractInstanceRegistry - Running the evict task with compensationTime 0ms
2023-08-25 16:49:41.322 [Eureka-EvictionTimer] INFO  c.n.e.r.AbstractInstanceRegistry - Running the evict task with compensationTime 0ms
2023-08-25 16:49:46.322 [Eureka-EvictionTimer] INFO  c.n.e.r.AbstractInstanceRegistry - Running the evict task with compensationTime 0ms
2023-08-25 16:49:51.322 [Eureka-EvictionTimer] INFO  c.n.e.r.AbstractInstanceRegistry - Running the evict task with compensationTime 0ms
2023-08-25 16:49:56.322 [Eureka-EvictionTimer] INFO  c.n.e.r.AbstractInstanceRegistry - Running the evict task with compensationTime 0ms
2023-08-25 16:50:00.853 [ReplicaAwareInstanceRegistry - RenewalThresholdUpdater] INFO  c.n.e.r.PeerAwareInstanceRegistryImpl - Current renewal threshold is : 0
2023-08-25 16:50:01.322 [Eureka-EvictionTimer] INFO  c.n.e.r.AbstractInstanceRegistry - Running the evict task with compensationTime 0ms
2023-08-25 16:50:06.322 [Eureka-EvictionTimer] INFO  c.n.e.r.AbstractInstanceRegistry - Running the evict task with compensationTime 0ms
2023-08-25 16:50:11.322 [Eureka-EvictionTimer] INFO  c.n.e.r.AbstractInstanceRegistry - Running the evict task with compensationTime 0ms
2023-08-25 16:50:16.322 [Eureka-EvictionTimer] INFO  c.n.e.r.AbstractInstanceRegistry - Running the evict task with compensationTime 0ms
2023-08-25 16:50:21.322 [Eureka-EvictionTimer] INFO  c.n.e.r.AbstractInstanceRegistry - Running the evict task with compensationTime 0ms
2023-08-25 16:50:26.322 [Eureka-EvictionTimer] INFO  c.n.e.r.AbstractInstanceRegistry - Running the evict task with compensationTime 0ms
2023-08-25 16:50:31.322 [Eureka-EvictionTimer] INFO  c.n.e.r.AbstractInstanceRegistry - Running the evict task with compensationTime 0ms
2023-08-25 16:50:36.322 [Eureka-EvictionTimer] INFO  c.n.e.r.AbstractInstanceRegistry - Running the evict task with compensationTime 0ms
2023-08-25 16:50:41.322 [Eureka-EvictionTimer] INFO  c.n.e.r.AbstractInstanceRegistry - Running the evict task with compensationTime 0ms
2023-08-25 16:50:46.322 [Eureka-EvictionTimer] INFO  c.n.e.r.AbstractInstanceRegistry - Running the evict task with compensationTime 0ms
2023-08-25 16:50:51.322 [Eureka-EvictionTimer] INFO  c.n.e.r.AbstractInstanceRegistry - Running the evict task with compensationTime 0ms
2023-08-25 16:50:56.322 [Eureka-EvictionTimer] INFO  c.n.e.r.AbstractInstanceRegistry - Running the evict task with compensationTime 0ms
2023-08-25 16:51:01.322 [Eureka-EvictionTimer] INFO  c.n.e.r.AbstractInstanceRegistry - Running the evict task with compensationTime 0ms
2023-08-25 16:51:06.322 [Eureka-EvictionTimer] INFO  c.n.e.r.AbstractInstanceRegistry - Running the evict task with compensationTime 0ms
2023-08-25 16:51:11.322 [Eureka-EvictionTimer] INFO  c.n.e.r.AbstractInstanceRegistry - Running the evict task with compensationTime 0ms
2023-08-25 16:51:16.322 [Eureka-EvictionTimer] INFO  c.n.e.r.AbstractInstanceRegistry - Running the evict task with compensationTime 0ms
2023-08-25 16:51:21.322 [Eureka-EvictionTimer] INFO  c.n.e.r.AbstractInstanceRegistry - Running the evict task with compensationTime 0ms
2023-08-25 16:51:26.322 [Eureka-EvictionTimer] INFO  c.n.e.r.AbstractInstanceRegistry - Running the evict task with compensationTime 0ms
2023-08-25 16:51:31.322 [Eureka-EvictionTimer] INFO  c.n.e.r.AbstractInstanceRegistry - Running the evict task with compensationTime 0ms
2023-08-25 16:51:36.322 [Eureka-EvictionTimer] INFO  c.n.e.r.AbstractInstanceRegistry - Running the evict task with compensationTime 0ms
2023-08-25 16:51:41.322 [Eureka-EvictionTimer] INFO  c.n.e.r.AbstractInstanceRegistry - Running the evict task with compensationTime 0ms
2023-08-25 16:51:46.322 [Eureka-EvictionTimer] INFO  c.n.e.r.AbstractInstanceRegistry - Running the evict task with compensationTime 0ms
2023-08-25 16:51:51.322 [Eureka-EvictionTimer] INFO  c.n.e.r.AbstractInstanceRegistry - Running the evict task with compensationTime 0ms
2023-08-25 16:51:56.322 [Eureka-EvictionTimer] INFO  c.n.e.r.AbstractInstanceRegistry - Running the evict task with compensationTime 0ms
2023-08-25 16:52:01.322 [Eureka-EvictionTimer] INFO  c.n.e.r.AbstractInstanceRegistry - Running the evict task with compensationTime 0ms
2023-08-25 16:52:06.322 [Eureka-EvictionTimer] INFO  c.n.e.r.AbstractInstanceRegistry - Running the evict task with compensationTime 0ms
2023-08-25 16:52:11.322 [Eureka-EvictionTimer] INFO  c.n.e.r.AbstractInstanceRegistry - Running the evict task with compensationTime 0ms
2023-08-25 16:52:16.322 [Eureka-EvictionTimer] INFO  c.n.e.r.AbstractInstanceRegistry - Running the evict task with compensationTime 0ms
2023-08-25 16:52:21.322 [Eureka-EvictionTimer] INFO  c.n.e.r.AbstractInstanceRegistry - Running the evict task with compensationTime 0ms
2023-08-25 16:52:26.322 [Eureka-EvictionTimer] INFO  c.n.e.r.AbstractInstanceRegistry - Running the evict task with compensationTime 0ms
2023-08-25 16:52:31.322 [Eureka-EvictionTimer] INFO  c.n.e.r.AbstractInstanceRegistry - Running the evict task with compensationTime 0ms
2023-08-25 16:52:36.322 [Eureka-EvictionTimer] INFO  c.n.e.r.AbstractInstanceRegistry - Running the evict task with compensationTime 0ms
2023-08-25 16:52:41.322 [Eureka-EvictionTimer] INFO  c.n.e.r.AbstractInstanceRegistry - Running the evict task with compensationTime 0ms
2023-08-25 16:52:46.322 [Eureka-EvictionTimer] INFO  c.n.e.r.AbstractInstanceRegistry - Running the evict task with compensationTime 0ms
2023-08-25 16:52:51.322 [Eureka-EvictionTimer] INFO  c.n.e.r.AbstractInstanceRegistry - Running the evict task with compensationTime 0ms
2023-08-25 16:52:56.322 [Eureka-EvictionTimer] INFO  c.n.e.r.AbstractInstanceRegistry - Running the evict task with compensationTime 0ms
2023-08-25 16:53:01.322 [Eureka-EvictionTimer] INFO  c.n.e.r.AbstractInstanceRegistry - Running the evict task with compensationTime 0ms
2023-08-25 16:53:06.322 [Eureka-EvictionTimer] INFO  c.n.e.r.AbstractInstanceRegistry - Running the evict task with compensationTime 0ms
2023-08-25 16:53:11.322 [Eureka-EvictionTimer] INFO  c.n.e.r.AbstractInstanceRegistry - Running the evict task with compensationTime 0ms
2023-08-25 16:53:16.322 [Eureka-EvictionTimer] INFO  c.n.e.r.AbstractInstanceRegistry - Running the evict task with compensationTime 0ms
2023-08-25 16:53:21.322 [Eureka-EvictionTimer] INFO  c.n.e.r.AbstractInstanceRegistry - Running the evict task with compensationTime 0ms
2023-08-25 16:53:26.322 [Eureka-EvictionTimer] INFO  c.n.e.r.AbstractInstanceRegistry - Running the evict task with compensationTime 0ms
2023-08-25 16:53:31.322 [Eureka-EvictionTimer] INFO  c.n.e.r.AbstractInstanceRegistry - Running the evict task with compensationTime 0ms
2023-08-25 16:53:36.322 [Eureka-EvictionTimer] INFO  c.n.e.r.AbstractInstanceRegistry - Running the evict task with compensationTime 0ms
2023-08-25 16:53:41.322 [Eureka-EvictionTimer] INFO  c.n.e.r.AbstractInstanceRegistry - Running the evict task with compensationTime 0ms
2023-08-25 16:53:46.322 [Eureka-EvictionTimer] INFO  c.n.e.r.AbstractInstanceRegistry - Running the evict task with compensationTime 0ms
2023-08-25 16:53:51.322 [Eureka-EvictionTimer] INFO  c.n.e.r.AbstractInstanceRegistry - Running the evict task with compensationTime 0ms
2023-08-25 16:53:56.322 [Eureka-EvictionTimer] INFO  c.n.e.r.AbstractInstanceRegistry - Running the evict task with compensationTime 0ms
2023-08-25 16:54:01.322 [Eureka-EvictionTimer] INFO  c.n.e.r.AbstractInstanceRegistry - Running the evict task with compensationTime 0ms
2023-08-25 16:54:06.322 [Eureka-EvictionTimer] INFO  c.n.e.r.AbstractInstanceRegistry - Running the evict task with compensationTime 0ms
2023-08-25 16:54:11.322 [Eureka-EvictionTimer] INFO  c.n.e.r.AbstractInstanceRegistry - Running the evict task with compensationTime 0ms
2023-08-25 16:54:16.322 [Eureka-EvictionTimer] INFO  c.n.e.r.AbstractInstanceRegistry - Running the evict task with compensationTime 0ms
2023-08-25 16:54:21.322 [Eureka-EvictionTimer] INFO  c.n.e.r.AbstractInstanceRegistry - Running the evict task with compensationTime 0ms
2023-08-25 16:54:26.322 [Eureka-EvictionTimer] INFO  c.n.e.r.AbstractInstanceRegistry - Running the evict task with compensationTime 0ms
2023-08-25 16:54:31.322 [Eureka-EvictionTimer] INFO  c.n.e.r.AbstractInstanceRegistry - Running the evict task with compensationTime 0ms
2023-08-25 16:54:36.322 [Eureka-EvictionTimer] INFO  c.n.e.r.AbstractInstanceRegistry - Running the evict task with compensationTime 0ms
2023-08-25 16:54:41.322 [Eureka-EvictionTimer] INFO  c.n.e.r.AbstractInstanceRegistry - Running the evict task with compensationTime 0ms
2023-08-25 16:54:46.322 [Eureka-EvictionTimer] INFO  c.n.e.r.AbstractInstanceRegistry - Running the evict task with compensationTime 0ms
2023-08-25 16:54:51.322 [Eureka-EvictionTimer] INFO  c.n.e.r.AbstractInstanceRegistry - Running the evict task with compensationTime 0ms
2023-08-25 16:54:56.322 [Eureka-EvictionTimer] INFO  c.n.e.r.AbstractInstanceRegistry - Running the evict task with compensationTime 0ms
2023-08-25 16:55:01.322 [Eureka-EvictionTimer] INFO  c.n.e.r.AbstractInstanceRegistry - Running the evict task with compensationTime 0ms
2023-08-25 16:55:06.322 [Eureka-EvictionTimer] INFO  c.n.e.r.AbstractInstanceRegistry - Running the evict task with compensationTime 0ms
2023-08-25 16:55:11.322 [Eureka-EvictionTimer] INFO  c.n.e.r.AbstractInstanceRegistry - Running the evict task with compensationTime 0ms
2023-08-25 16:55:16.322 [Eureka-EvictionTimer] INFO  c.n.e.r.AbstractInstanceRegistry - Running the evict task with compensationTime 0ms
2023-08-25 16:55:21.322 [Eureka-EvictionTimer] INFO  c.n.e.r.AbstractInstanceRegistry - Running the evict task with compensationTime 0ms
2023-08-25 16:55:26.322 [Eureka-EvictionTimer] INFO  c.n.e.r.AbstractInstanceRegistry - Running the evict task with compensationTime 0ms
2023-08-25 16:55:31.322 [Eureka-EvictionTimer] INFO  c.n.e.r.AbstractInstanceRegistry - Running the evict task with compensationTime 0ms
2023-08-25 16:55:36.322 [Eureka-EvictionTimer] INFO  c.n.e.r.AbstractInstanceRegistry - Running the evict task with compensationTime 0ms
2023-08-25 16:55:41.322 [Eureka-EvictionTimer] INFO  c.n.e.r.AbstractInstanceRegistry - Running the evict task with compensationTime 0ms
2023-08-25 16:55:46.322 [Eureka-EvictionTimer] INFO  c.n.e.r.AbstractInstanceRegistry - Running the evict task with compensationTime 0ms
2023-08-25 16:55:51.322 [Eureka-EvictionTimer] INFO  c.n.e.r.AbstractInstanceRegistry - Running the evict task with compensationTime 0ms
2023-08-25 16:55:56.322 [Eureka-EvictionTimer] INFO  c.n.e.r.AbstractInstanceRegistry - Running the evict task with compensationTime 0ms
2023-08-25 16:56:01.322 [Eureka-EvictionTimer] INFO  c.n.e.r.AbstractInstanceRegistry - Running the evict task with compensationTime 0ms
2023-08-25 16:56:06.322 [Eureka-EvictionTimer] INFO  c.n.e.r.AbstractInstanceRegistry - Running the evict task with compensationTime 0ms
2023-08-25 16:56:11.322 [Eureka-EvictionTimer] INFO  c.n.e.r.AbstractInstanceRegistry - Running the evict task with compensationTime 0ms
2023-08-25 16:56:16.322 [Eureka-EvictionTimer] INFO  c.n.e.r.AbstractInstanceRegistry - Running the evict task with compensationTime 0ms
2023-08-25 16:56:21.322 [Eureka-EvictionTimer] INFO  c.n.e.r.AbstractInstanceRegistry - Running the evict task with compensationTime 0ms
2023-08-25 16:56:26.322 [Eureka-EvictionTimer] INFO  c.n.e.r.AbstractInstanceRegistry - Running the evict task with compensationTime 0ms
2023-08-25 16:56:31.322 [Eureka-EvictionTimer] INFO  c.n.e.r.AbstractInstanceRegistry - Running the evict task with compensationTime 0ms
2023-08-25 16:56:36.322 [Eureka-EvictionTimer] INFO  c.n.e.r.AbstractInstanceRegistry - Running the evict task with compensationTime 0ms
2023-08-25 16:56:41.322 [Eureka-EvictionTimer] INFO  c.n.e.r.AbstractInstanceRegistry - Running the evict task with compensationTime 0ms
2023-08-25 16:56:46.322 [Eureka-EvictionTimer] INFO  c.n.e.r.AbstractInstanceRegistry - Running the evict task with compensationTime 0ms
2023-08-25 16:56:51.322 [Eureka-EvictionTimer] INFO  c.n.e.r.AbstractInstanceRegistry - Running the evict task with compensationTime 0ms
2023-08-25 16:56:56.322 [Eureka-EvictionTimer] INFO  c.n.e.r.AbstractInstanceRegistry - Running the evict task with compensationTime 0ms
2023-08-25 16:57:01.322 [Eureka-EvictionTimer] INFO  c.n.e.r.AbstractInstanceRegistry - Running the evict task with compensationTime 0ms
2023-08-25 16:57:06.322 [Eureka-EvictionTimer] INFO  c.n.e.r.AbstractInstanceRegistry - Running the evict task with compensationTime 0ms
2023-08-25 16:57:11.322 [Eureka-EvictionTimer] INFO  c.n.e.r.AbstractInstanceRegistry - Running the evict task with compensationTime 0ms
2023-08-25 16:57:16.322 [Eureka-EvictionTimer] INFO  c.n.e.r.AbstractInstanceRegistry - Running the evict task with compensationTime 0ms
2023-08-25 16:57:21.322 [Eureka-EvictionTimer] INFO  c.n.e.r.AbstractInstanceRegistry - Running the evict task with compensationTime 0ms
2023-08-25 16:57:26.322 [Eureka-EvictionTimer] INFO  c.n.e.r.AbstractInstanceRegistry - Running the evict task with compensationTime 0ms
2023-08-25 16:57:31.322 [Eureka-EvictionTimer] INFO  c.n.e.r.AbstractInstanceRegistry - Running the evict task with compensationTime 0ms
2023-08-25 16:57:36.322 [Eureka-EvictionTimer] INFO  c.n.e.r.AbstractInstanceRegistry - Running the evict task with compensationTime 0ms
2023-08-25 16:57:41.322 [Eureka-EvictionTimer] INFO  c.n.e.r.AbstractInstanceRegistry - Running the evict task with compensationTime 0ms
2023-08-25 16:57:46.322 [Eureka-EvictionTimer] INFO  c.n.e.r.AbstractInstanceRegistry - Running the evict task with compensationTime 0ms
2023-08-25 16:57:51.322 [Eureka-EvictionTimer] INFO  c.n.e.r.AbstractInstanceRegistry - Running the evict task with compensationTime 0ms
2023-08-25 16:57:56.322 [Eureka-EvictionTimer] INFO  c.n.e.r.AbstractInstanceRegistry - Running the evict task with compensationTime 0ms
2023-08-25 16:58:01.322 [Eureka-EvictionTimer] INFO  c.n.e.r.AbstractInstanceRegistry - Running the evict task with compensationTime 0ms
2023-08-25 16:58:06.322 [Eureka-EvictionTimer] INFO  c.n.e.r.AbstractInstanceRegistry - Running the evict task with compensationTime 0ms
2023-08-25 16:58:11.322 [Eureka-EvictionTimer] INFO  c.n.e.r.AbstractInstanceRegistry - Running the evict task with compensationTime 0ms
2023-08-25 16:58:16.322 [Eureka-EvictionTimer] INFO  c.n.e.r.AbstractInstanceRegistry - Running the evict task with compensationTime 0ms
2023-08-25 16:58:21.322 [Eureka-EvictionTimer] INFO  c.n.e.r.AbstractInstanceRegistry - Running the evict task with compensationTime 0ms
2023-08-25 16:58:26.322 [Eureka-EvictionTimer] INFO  c.n.e.r.AbstractInstanceRegistry - Running the evict task with compensationTime 0ms
2023-08-25 16:58:31.322 [Eureka-EvictionTimer] INFO  c.n.e.r.AbstractInstanceRegistry - Running the evict task with compensationTime 0ms
2023-08-25 16:58:36.322 [Eureka-EvictionTimer] INFO  c.n.e.r.AbstractInstanceRegistry - Running the evict task with compensationTime 0ms
2023-08-25 16:58:41.322 [Eureka-EvictionTimer] INFO  c.n.e.r.AbstractInstanceRegistry - Running the evict task with compensationTime 0ms
2023-08-25 16:58:46.322 [Eureka-EvictionTimer] INFO  c.n.e.r.AbstractInstanceRegistry - Running the evict task with compensationTime 0ms
2023-08-25 16:58:51.322 [Eureka-EvictionTimer] INFO  c.n.e.r.AbstractInstanceRegistry - Running the evict task with compensationTime 0ms
2023-08-25 16:58:56.322 [Eureka-EvictionTimer] INFO  c.n.e.r.AbstractInstanceRegistry - Running the evict task with compensationTime 0ms
2023-08-25 16:59:01.322 [Eureka-EvictionTimer] INFO  c.n.e.r.AbstractInstanceRegistry - Running the evict task with compensationTime 0ms
2023-08-25 16:59:06.322 [Eureka-EvictionTimer] INFO  c.n.e.r.AbstractInstanceRegistry - Running the evict task with compensationTime 0ms
2023-08-25 16:59:11.322 [Eureka-EvictionTimer] INFO  c.n.e.r.AbstractInstanceRegistry - Running the evict task with compensationTime 0ms
2023-08-25 16:59:16.322 [Eureka-EvictionTimer] INFO  c.n.e.r.AbstractInstanceRegistry - Running the evict task with compensationTime 0ms
2023-08-25 16:59:21.322 [Eureka-EvictionTimer] INFO  c.n.e.r.AbstractInstanceRegistry - Running the evict task with compensationTime 0ms
2023-08-25 16:59:26.322 [Eureka-EvictionTimer] INFO  c.n.e.r.AbstractInstanceRegistry - Running the evict task with compensationTime 0ms
2023-08-25 16:59:31.322 [Eureka-EvictionTimer] INFO  c.n.e.r.AbstractInstanceRegistry - Running the evict task with compensationTime 0ms
2023-08-25 16:59:36.322 [Eureka-EvictionTimer] INFO  c.n.e.r.AbstractInstanceRegistry - Running the evict task with compensationTime 0ms
2023-08-25 16:59:41.322 [Eureka-EvictionTimer] INFO  c.n.e.r.AbstractInstanceRegistry - Running the evict task with compensationTime 0ms
2023-08-25 16:59:46.322 [Eureka-EvictionTimer] INFO  c.n.e.r.AbstractInstanceRegistry - Running the evict task with compensationTime 0ms
2023-08-25 16:59:51.322 [Eureka-EvictionTimer] INFO  c.n.e.r.AbstractInstanceRegistry - Running the evict task with compensationTime 0ms
2023-08-25 16:59:56.322 [Eureka-EvictionTimer] INFO  c.n.e.r.AbstractInstanceRegistry - Running the evict task with compensationTime 0ms
2023-08-25 17:00:01.322 [Eureka-EvictionTimer] INFO  c.n.e.r.AbstractInstanceRegistry - Running the evict task with compensationTime 0ms
2023-08-25 17:00:06.322 [Eureka-EvictionTimer] INFO  c.n.e.r.AbstractInstanceRegistry - Running the evict task with compensationTime 0ms
2023-08-25 17:00:11.322 [Eureka-EvictionTimer] INFO  c.n.e.r.AbstractInstanceRegistry - Running the evict task with compensationTime 0ms
2023-08-25 17:00:16.322 [Eureka-EvictionTimer] INFO  c.n.e.r.AbstractInstanceRegistry - Running the evict task with compensationTime 0ms
2023-08-25 17:00:21.322 [Eureka-EvictionTimer] INFO  c.n.e.r.AbstractInstanceRegistry - Running the evict task with compensationTime 0ms
2023-08-25 17:00:26.322 [Eureka-EvictionTimer] INFO  c.n.e.r.AbstractInstanceRegistry - Running the evict task with compensationTime 0ms
2023-08-25 17:00:31.322 [Eureka-EvictionTimer] INFO  c.n.e.r.AbstractInstanceRegistry - Running the evict task with compensationTime 0ms
2023-08-25 17:00:36.322 [Eureka-EvictionTimer] INFO  c.n.e.r.AbstractInstanceRegistry - Running the evict task with compensationTime 0ms
2023-08-25 17:00:41.322 [Eureka-EvictionTimer] INFO  c.n.e.r.AbstractInstanceRegistry - Running the evict task with compensationTime 0ms
2023-08-25 17:00:46.322 [Eureka-EvictionTimer] INFO  c.n.e.r.AbstractInstanceRegistry - Running the evict task with compensationTime 0ms
2023-08-25 17:00:51.322 [Eureka-EvictionTimer] INFO  c.n.e.r.AbstractInstanceRegistry - Running the evict task with compensationTime 0ms
2023-08-25 17:00:56.322 [Eureka-EvictionTimer] INFO  c.n.e.r.AbstractInstanceRegistry - Running the evict task with compensationTime 0ms
2023-08-25 17:01:01.322 [Eureka-EvictionTimer] INFO  c.n.e.r.AbstractInstanceRegistry - Running the evict task with compensationTime 0ms
2023-08-25 17:01:06.322 [Eureka-EvictionTimer] INFO  c.n.e.r.AbstractInstanceRegistry - Running the evict task with compensationTime 0ms
2023-08-25 17:01:11.322 [Eureka-EvictionTimer] INFO  c.n.e.r.AbstractInstanceRegistry - Running the evict task with compensationTime 0ms
2023-08-25 17:01:16.322 [Eureka-EvictionTimer] INFO  c.n.e.r.AbstractInstanceRegistry - Running the evict task with compensationTime 0ms
2023-08-25 17:01:21.322 [Eureka-EvictionTimer] INFO  c.n.e.r.AbstractInstanceRegistry - Running the evict task with compensationTime 0ms
2023-08-25 17:01:26.322 [Eureka-EvictionTimer] INFO  c.n.e.r.AbstractInstanceRegistry - Running the evict task with compensationTime 0ms
2023-08-25 17:01:31.322 [Eureka-EvictionTimer] INFO  c.n.e.r.AbstractInstanceRegistry - Running the evict task with compensationTime 0ms
2023-08-25 17:01:36.322 [Eureka-EvictionTimer] INFO  c.n.e.r.AbstractInstanceRegistry - Running the evict task with compensationTime 0ms
2023-08-25 17:01:41.322 [Eureka-EvictionTimer] INFO  c.n.e.r.AbstractInstanceRegistry - Running the evict task with compensationTime 0ms
2023-08-25 17:01:46.322 [Eureka-EvictionTimer] INFO  c.n.e.r.AbstractInstanceRegistry - Running the evict task with compensationTime 0ms
2023-08-25 17:01:51.322 [Eureka-EvictionTimer] INFO  c.n.e.r.AbstractInstanceRegistry - Running the evict task with compensationTime 0ms
2023-08-25 17:01:56.322 [Eureka-EvictionTimer] INFO  c.n.e.r.AbstractInstanceRegistry - Running the evict task with compensationTime 0ms
2023-08-25 17:02:01.322 [Eureka-EvictionTimer] INFO  c.n.e.r.AbstractInstanceRegistry - Running the evict task with compensationTime 0ms
2023-08-25 17:02:06.322 [Eureka-EvictionTimer] INFO  c.n.e.r.AbstractInstanceRegistry - Running the evict task with compensationTime 0ms
2023-08-25 17:02:11.322 [Eureka-EvictionTimer] INFO  c.n.e.r.AbstractInstanceRegistry - Running the evict task with compensationTime 0ms
2023-08-25 17:02:16.322 [Eureka-EvictionTimer] INFO  c.n.e.r.AbstractInstanceRegistry - Running the evict task with compensationTime 0ms
2023-08-25 17:02:21.322 [Eureka-EvictionTimer] INFO  c.n.e.r.AbstractInstanceRegistry - Running the evict task with compensationTime 0ms
2023-08-25 17:02:26.322 [Eureka-EvictionTimer] INFO  c.n.e.r.AbstractInstanceRegistry - Running the evict task with compensationTime 0ms
2023-08-25 17:02:31.322 [Eureka-EvictionTimer] INFO  c.n.e.r.AbstractInstanceRegistry - Running the evict task with compensationTime 0ms
2023-08-25 17:02:36.322 [Eureka-EvictionTimer] INFO  c.n.e.r.AbstractInstanceRegistry - Running the evict task with compensationTime 0ms
2023-08-25 17:02:41.322 [Eureka-EvictionTimer] INFO  c.n.e.r.AbstractInstanceRegistry - Running the evict task with compensationTime 0ms
2023-08-25 17:02:46.322 [Eureka-EvictionTimer] INFO  c.n.e.r.AbstractInstanceRegistry - Running the evict task with compensationTime 0ms
2023-08-25 17:02:51.322 [Eureka-EvictionTimer] INFO  c.n.e.r.AbstractInstanceRegistry - Running the evict task with compensationTime 0ms
2023-08-25 17:02:56.322 [Eureka-EvictionTimer] INFO  c.n.e.r.AbstractInstanceRegistry - Running the evict task with compensationTime 0ms
2023-08-25 17:03:01.322 [Eureka-EvictionTimer] INFO  c.n.e.r.AbstractInstanceRegistry - Running the evict task with compensationTime 0ms
2023-08-25 17:03:06.322 [Eureka-EvictionTimer] INFO  c.n.e.r.AbstractInstanceRegistry - Running the evict task with compensationTime 0ms
2023-08-25 17:03:11.322 [Eureka-EvictionTimer] INFO  c.n.e.r.AbstractInstanceRegistry - Running the evict task with compensationTime 0ms
2023-08-25 17:03:16.322 [Eureka-EvictionTimer] INFO  c.n.e.r.AbstractInstanceRegistry - Running the evict task with compensationTime 0ms
2023-08-25 17:03:21.322 [Eureka-EvictionTimer] INFO  c.n.e.r.AbstractInstanceRegistry - Running the evict task with compensationTime 0ms
2023-08-25 17:03:26.322 [Eureka-EvictionTimer] INFO  c.n.e.r.AbstractInstanceRegistry - Running the evict task with compensationTime 0ms
2023-08-25 17:03:31.322 [Eureka-EvictionTimer] INFO  c.n.e.r.AbstractInstanceRegistry - Running the evict task with compensationTime 0ms
2023-08-25 17:03:36.322 [Eureka-EvictionTimer] INFO  c.n.e.r.AbstractInstanceRegistry - Running the evict task with compensationTime 0ms
2023-08-25 17:03:41.322 [Eureka-EvictionTimer] INFO  c.n.e.r.AbstractInstanceRegistry - Running the evict task with compensationTime 0ms
2023-08-25 17:03:46.322 [Eureka-EvictionTimer] INFO  c.n.e.r.AbstractInstanceRegistry - Running the evict task with compensationTime 0ms
2023-08-25 17:03:51.322 [Eureka-EvictionTimer] INFO  c.n.e.r.AbstractInstanceRegistry - Running the evict task with compensationTime 0ms
2023-08-25 17:03:56.322 [Eureka-EvictionTimer] INFO  c.n.e.r.AbstractInstanceRegistry - Running the evict task with compensationTime 0ms
2023-08-25 17:04:01.322 [Eureka-EvictionTimer] INFO  c.n.e.r.AbstractInstanceRegistry - Running the evict task with compensationTime 0ms
2023-08-25 17:04:06.322 [Eureka-EvictionTimer] INFO  c.n.e.r.AbstractInstanceRegistry - Running the evict task with compensationTime 0ms
2023-08-25 17:04:11.322 [Eureka-EvictionTimer] INFO  c.n.e.r.AbstractInstanceRegistry - Running the evict task with compensationTime 0ms
2023-08-25 17:04:16.322 [Eureka-EvictionTimer] INFO  c.n.e.r.AbstractInstanceRegistry - Running the evict task with compensationTime 0ms
2023-08-25 17:04:21.322 [Eureka-EvictionTimer] INFO  c.n.e.r.AbstractInstanceRegistry - Running the evict task with compensationTime 0ms
2023-08-25 17:04:26.322 [Eureka-EvictionTimer] INFO  c.n.e.r.AbstractInstanceRegistry - Running the evict task with compensationTime 0ms
2023-08-25 17:04:31.322 [Eureka-EvictionTimer] INFO  c.n.e.r.AbstractInstanceRegistry - Running the evict task with compensationTime 0ms
2023-08-25 17:04:36.322 [Eureka-EvictionTimer] INFO  c.n.e.r.AbstractInstanceRegistry - Running the evict task with compensationTime 0ms
2023-08-25 17:04:41.322 [Eureka-EvictionTimer] INFO  c.n.e.r.AbstractInstanceRegistry - Running the evict task with compensationTime 0ms
2023-08-25 17:04:46.322 [Eureka-EvictionTimer] INFO  c.n.e.r.AbstractInstanceRegistry - Running the evict task with compensationTime 0ms
2023-08-25 17:04:51.322 [Eureka-EvictionTimer] INFO  c.n.e.r.AbstractInstanceRegistry - Running the evict task with compensationTime 0ms
2023-08-25 17:04:56.322 [Eureka-EvictionTimer] INFO  c.n.e.r.AbstractInstanceRegistry - Running the evict task with compensationTime 0ms
2023-08-25 17:05:00.853 [ReplicaAwareInstanceRegistry - RenewalThresholdUpdater] INFO  c.n.e.r.PeerAwareInstanceRegistryImpl - Current renewal threshold is : 0
2023-08-25 17:05:01.322 [Eureka-EvictionTimer] INFO  c.n.e.r.AbstractInstanceRegistry - Running the evict task with compensationTime 0ms
2023-08-25 17:05:06.322 [Eureka-EvictionTimer] INFO  c.n.e.r.AbstractInstanceRegistry - Running the evict task with compensationTime 0ms
2023-08-25 17:05:11.322 [Eureka-EvictionTimer] INFO  c.n.e.r.AbstractInstanceRegistry - Running the evict task with compensationTime 0ms
2023-08-25 17:05:16.322 [Eureka-EvictionTimer] INFO  c.n.e.r.AbstractInstanceRegistry - Running the evict task with compensationTime 0ms
2023-08-25 17:05:21.322 [Eureka-EvictionTimer] INFO  c.n.e.r.AbstractInstanceRegistry - Running the evict task with compensationTime 0ms
2023-08-25 17:05:26.322 [Eureka-EvictionTimer] INFO  c.n.e.r.AbstractInstanceRegistry - Running the evict task with compensationTime 0ms
2023-08-25 17:05:31.322 [Eureka-EvictionTimer] INFO  c.n.e.r.AbstractInstanceRegistry - Running the evict task with compensationTime 0ms
2023-08-25 17:05:36.322 [Eureka-EvictionTimer] INFO  c.n.e.r.AbstractInstanceRegistry - Running the evict task with compensationTime 0ms
2023-08-25 17:05:41.322 [Eureka-EvictionTimer] INFO  c.n.e.r.AbstractInstanceRegistry - Running the evict task with compensationTime 0ms
2023-08-25 17:05:46.322 [Eureka-EvictionTimer] INFO  c.n.e.r.AbstractInstanceRegistry - Running the evict task with compensationTime 0ms
2023-08-25 17:05:51.322 [Eureka-EvictionTimer] INFO  c.n.e.r.AbstractInstanceRegistry - Running the evict task with compensationTime 0ms
2023-08-25 17:05:56.322 [Eureka-EvictionTimer] INFO  c.n.e.r.AbstractInstanceRegistry - Running the evict task with compensationTime 0ms
2023-08-25 17:06:01.322 [Eureka-EvictionTimer] INFO  c.n.e.r.AbstractInstanceRegistry - Running the evict task with compensationTime 0ms
2023-08-25 17:06:06.322 [Eureka-EvictionTimer] INFO  c.n.e.r.AbstractInstanceRegistry - Running the evict task with compensationTime 0ms
2023-08-25 17:06:11.322 [Eureka-EvictionTimer] INFO  c.n.e.r.AbstractInstanceRegistry - Running the evict task with compensationTime 0ms
2023-08-25 17:06:16.322 [Eureka-EvictionTimer] INFO  c.n.e.r.AbstractInstanceRegistry - Running the evict task with compensationTime 0ms
2023-08-25 17:06:21.322 [Eureka-EvictionTimer] INFO  c.n.e.r.AbstractInstanceRegistry - Running the evict task with compensationTime 0ms
2023-08-25 17:06:26.322 [Eureka-EvictionTimer] INFO  c.n.e.r.AbstractInstanceRegistry - Running the evict task with compensationTime 0ms
2023-08-25 17:06:31.322 [Eureka-EvictionTimer] INFO  c.n.e.r.AbstractInstanceRegistry - Running the evict task with compensationTime 0ms
2023-08-25 17:06:36.322 [Eureka-EvictionTimer] INFO  c.n.e.r.AbstractInstanceRegistry - Running the evict task with compensationTime 0ms
2023-08-25 17:06:41.322 [Eureka-EvictionTimer] INFO  c.n.e.r.AbstractInstanceRegistry - Running the evict task with compensationTime 0ms
2023-08-25 17:06:46.322 [Eureka-EvictionTimer] INFO  c.n.e.r.AbstractInstanceRegistry - Running the evict task with compensationTime 0ms
2023-08-25 17:06:51.322 [Eureka-EvictionTimer] INFO  c.n.e.r.AbstractInstanceRegistry - Running the evict task with compensationTime 0ms
2023-08-25 17:06:56.322 [Eureka-EvictionTimer] INFO  c.n.e.r.AbstractInstanceRegistry - Running the evict task with compensationTime 0ms
2023-08-25 17:07:01.322 [Eureka-EvictionTimer] INFO  c.n.e.r.AbstractInstanceRegistry - Running the evict task with compensationTime 0ms
2023-08-25 17:07:06.322 [Eureka-EvictionTimer] INFO  c.n.e.r.AbstractInstanceRegistry - Running the evict task with compensationTime 0ms
2023-08-25 17:07:11.322 [Eureka-EvictionTimer] INFO  c.n.e.r.AbstractInstanceRegistry - Running the evict task with compensationTime 0ms
2023-08-25 17:07:16.322 [Eureka-EvictionTimer] INFO  c.n.e.r.AbstractInstanceRegistry - Running the evict task with compensationTime 0ms
2023-08-25 17:07:21.322 [Eureka-EvictionTimer] INFO  c.n.e.r.AbstractInstanceRegistry - Running the evict task with compensationTime 0ms
2023-08-25 17:07:26.322 [Eureka-EvictionTimer] INFO  c.n.e.r.AbstractInstanceRegistry - Running the evict task with compensationTime 0ms
2023-08-25 17:07:31.322 [Eureka-EvictionTimer] INFO  c.n.e.r.AbstractInstanceRegistry - Running the evict task with compensationTime 0ms
2023-08-25 17:07:36.322 [Eureka-EvictionTimer] INFO  c.n.e.r.AbstractInstanceRegistry - Running the evict task with compensationTime 0ms
2023-08-25 17:07:41.322 [Eureka-EvictionTimer] INFO  c.n.e.r.AbstractInstanceRegistry - Running the evict task with compensationTime 0ms
2023-08-25 17:07:46.322 [Eureka-EvictionTimer] INFO  c.n.e.r.AbstractInstanceRegistry - Running the evict task with compensationTime 0ms
2023-08-25 17:07:51.322 [Eureka-EvictionTimer] INFO  c.n.e.r.AbstractInstanceRegistry - Running the evict task with compensationTime 0ms
2023-08-25 17:07:56.322 [Eureka-EvictionTimer] INFO  c.n.e.r.AbstractInstanceRegistry - Running the evict task with compensationTime 0ms
2023-08-25 17:08:01.322 [Eureka-EvictionTimer] INFO  c.n.e.r.AbstractInstanceRegistry - Running the evict task with compensationTime 0ms
2023-08-25 17:08:06.322 [Eureka-EvictionTimer] INFO  c.n.e.r.AbstractInstanceRegistry - Running the evict task with compensationTime 0ms
2023-08-25 17:08:11.322 [Eureka-EvictionTimer] INFO  c.n.e.r.AbstractInstanceRegistry - Running the evict task with compensationTime 0ms
2023-08-25 17:08:16.322 [Eureka-EvictionTimer] INFO  c.n.e.r.AbstractInstanceRegistry - Running the evict task with compensationTime 0ms
2023-08-25 17:08:21.322 [Eureka-EvictionTimer] INFO  c.n.e.r.AbstractInstanceRegistry - Running the evict task with compensationTime 0ms
2023-08-25 17:08:26.322 [Eureka-EvictionTimer] INFO  c.n.e.r.AbstractInstanceRegistry - Running the evict task with compensationTime 0ms
2023-08-25 17:08:31.322 [Eureka-EvictionTimer] INFO  c.n.e.r.AbstractInstanceRegistry - Running the evict task with compensationTime 0ms
2023-08-25 17:08:36.322 [Eureka-EvictionTimer] INFO  c.n.e.r.AbstractInstanceRegistry - Running the evict task with compensationTime 0ms
2023-08-25 17:08:41.322 [Eureka-EvictionTimer] INFO  c.n.e.r.AbstractInstanceRegistry - Running the evict task with compensationTime 0ms
2023-08-25 17:08:46.322 [Eureka-EvictionTimer] INFO  c.n.e.r.AbstractInstanceRegistry - Running the evict task with compensationTime 0ms
2023-08-25 17:08:51.322 [Eureka-EvictionTimer] INFO  c.n.e.r.AbstractInstanceRegistry - Running the evict task with compensationTime 0ms
2023-08-25 17:08:56.322 [Eureka-EvictionTimer] INFO  c.n.e.r.AbstractInstanceRegistry - Running the evict task with compensationTime 0ms
2023-08-25 17:09:01.322 [Eureka-EvictionTimer] INFO  c.n.e.r.AbstractInstanceRegistry - Running the evict task with compensationTime 0ms
2023-08-25 17:09:06.322 [Eureka-EvictionTimer] INFO  c.n.e.r.AbstractInstanceRegistry - Running the evict task with compensationTime 0ms
2023-08-25 17:09:11.322 [Eureka-EvictionTimer] INFO  c.n.e.r.AbstractInstanceRegistry - Running the evict task with compensationTime 0ms
2023-08-25 17:09:16.322 [Eureka-EvictionTimer] INFO  c.n.e.r.AbstractInstanceRegistry - Running the evict task with compensationTime 0ms
2023-08-25 17:09:21.322 [Eureka-EvictionTimer] INFO  c.n.e.r.AbstractInstanceRegistry - Running the evict task with compensationTime 0ms
2023-08-25 17:09:26.322 [Eureka-EvictionTimer] INFO  c.n.e.r.AbstractInstanceRegistry - Running the evict task with compensationTime 0ms
2023-08-25 17:09:31.322 [Eureka-EvictionTimer] INFO  c.n.e.r.AbstractInstanceRegistry - Running the evict task with compensationTime 0ms
2023-08-25 17:09:36.322 [Eureka-EvictionTimer] INFO  c.n.e.r.AbstractInstanceRegistry - Running the evict task with compensationTime 0ms
2023-08-25 17:09:41.322 [Eureka-EvictionTimer] INFO  c.n.e.r.AbstractInstanceRegistry - Running the evict task with compensationTime 0ms
2023-08-25 17:09:46.322 [Eureka-EvictionTimer] INFO  c.n.e.r.AbstractInstanceRegistry - Running the evict task with compensationTime 0ms
2023-08-25 17:09:51.322 [Eureka-EvictionTimer] INFO  c.n.e.r.AbstractInstanceRegistry - Running the evict task with compensationTime 0ms
2023-08-25 17:09:56.322 [Eureka-EvictionTimer] INFO  c.n.e.r.AbstractInstanceRegistry - Running the evict task with compensationTime 0ms
2023-08-25 17:10:01.322 [Eureka-EvictionTimer] INFO  c.n.e.r.AbstractInstanceRegistry - Running the evict task with compensationTime 0ms
2023-08-25 17:10:06.322 [Eureka-EvictionTimer] INFO  c.n.e.r.AbstractInstanceRegistry - Running the evict task with compensationTime 0ms
2023-08-25 17:10:11.322 [Eureka-EvictionTimer] INFO  c.n.e.r.AbstractInstanceRegistry - Running the evict task with compensationTime 0ms
2023-08-25 17:10:16.322 [Eureka-EvictionTimer] INFO  c.n.e.r.AbstractInstanceRegistry - Running the evict task with compensationTime 0ms
2023-08-25 17:10:21.322 [Eureka-EvictionTimer] INFO  c.n.e.r.AbstractInstanceRegistry - Running the evict task with compensationTime 0ms
2023-08-25 17:10:26.322 [Eureka-EvictionTimer] INFO  c.n.e.r.AbstractInstanceRegistry - Running the evict task with compensationTime 0ms
2023-08-25 17:10:31.322 [Eureka-EvictionTimer] INFO  c.n.e.r.AbstractInstanceRegistry - Running the evict task with compensationTime 0ms
2023-08-25 17:10:36.322 [Eureka-EvictionTimer] INFO  c.n.e.r.AbstractInstanceRegistry - Running the evict task with compensationTime 0ms
2023-08-25 17:10:41.322 [Eureka-EvictionTimer] INFO  c.n.e.r.AbstractInstanceRegistry - Running the evict task with compensationTime 0ms
2023-08-25 17:10:46.322 [Eureka-EvictionTimer] INFO  c.n.e.r.AbstractInstanceRegistry - Running the evict task with compensationTime 0ms
2023-08-25 17:10:51.322 [Eureka-EvictionTimer] INFO  c.n.e.r.AbstractInstanceRegistry - Running the evict task with compensationTime 0ms
2023-08-25 17:10:56.322 [Eureka-EvictionTimer] INFO  c.n.e.r.AbstractInstanceRegistry - Running the evict task with compensationTime 0ms
2023-08-25 17:11:01.322 [Eureka-EvictionTimer] INFO  c.n.e.r.AbstractInstanceRegistry - Running the evict task with compensationTime 0ms
2023-08-25 17:11:06.322 [Eureka-EvictionTimer] INFO  c.n.e.r.AbstractInstanceRegistry - Running the evict task with compensationTime 0ms
2023-08-25 17:11:11.322 [Eureka-EvictionTimer] INFO  c.n.e.r.AbstractInstanceRegistry - Running the evict task with compensationTime 0ms
2023-08-25 17:11:16.322 [Eureka-EvictionTimer] INFO  c.n.e.r.AbstractInstanceRegistry - Running the evict task with compensationTime 0ms
2023-08-25 17:11:21.322 [Eureka-EvictionTimer] INFO  c.n.e.r.AbstractInstanceRegistry - Running the evict task with compensationTime 0ms
2023-08-25 17:11:26.322 [Eureka-EvictionTimer] INFO  c.n.e.r.AbstractInstanceRegistry - Running the evict task with compensationTime 0ms
2023-08-25 17:11:31.322 [Eureka-EvictionTimer] INFO  c.n.e.r.AbstractInstanceRegistry - Running the evict task with compensationTime 0ms
2023-08-25 17:11:36.322 [Eureka-EvictionTimer] INFO  c.n.e.r.AbstractInstanceRegistry - Running the evict task with compensationTime 0ms
2023-08-25 17:11:41.322 [Eureka-EvictionTimer] INFO  c.n.e.r.AbstractInstanceRegistry - Running the evict task with compensationTime 0ms
2023-08-25 17:11:46.322 [Eureka-EvictionTimer] INFO  c.n.e.r.AbstractInstanceRegistry - Running the evict task with compensationTime 0ms
2023-08-25 17:11:51.322 [Eureka-EvictionTimer] INFO  c.n.e.r.AbstractInstanceRegistry - Running the evict task with compensationTime 0ms
2023-08-25 17:11:56.322 [Eureka-EvictionTimer] INFO  c.n.e.r.AbstractInstanceRegistry - Running the evict task with compensationTime 0ms
2023-08-25 17:12:01.322 [Eureka-EvictionTimer] INFO  c.n.e.r.AbstractInstanceRegistry - Running the evict task with compensationTime 0ms
2023-08-25 17:12:06.322 [Eureka-EvictionTimer] INFO  c.n.e.r.AbstractInstanceRegistry - Running the evict task with compensationTime 0ms
2023-08-25 17:12:11.322 [Eureka-EvictionTimer] INFO  c.n.e.r.AbstractInstanceRegistry - Running the evict task with compensationTime 0ms
2023-08-25 17:12:16.322 [Eureka-EvictionTimer] INFO  c.n.e.r.AbstractInstanceRegistry - Running the evict task with compensationTime 0ms
2023-08-25 17:12:21.322 [Eureka-EvictionTimer] INFO  c.n.e.r.AbstractInstanceRegistry - Running the evict task with compensationTime 0ms
2023-08-25 17:12:26.322 [Eureka-EvictionTimer] INFO  c.n.e.r.AbstractInstanceRegistry - Running the evict task with compensationTime 0ms
2023-08-25 17:12:31.322 [Eureka-EvictionTimer] INFO  c.n.e.r.AbstractInstanceRegistry - Running the evict task with compensationTime 0ms
2023-08-25 17:12:36.322 [Eureka-EvictionTimer] INFO  c.n.e.r.AbstractInstanceRegistry - Running the evict task with compensationTime 0ms
2023-08-25 17:12:41.322 [Eureka-EvictionTimer] INFO  c.n.e.r.AbstractInstanceRegistry - Running the evict task with compensationTime 0ms
2023-08-25 17:12:46.322 [Eureka-EvictionTimer] INFO  c.n.e.r.AbstractInstanceRegistry - Running the evict task with compensationTime 0ms
2023-08-25 17:12:51.322 [Eureka-EvictionTimer] INFO  c.n.e.r.AbstractInstanceRegistry - Running the evict task with compensationTime 0ms
2023-08-25 17:12:56.322 [Eureka-EvictionTimer] INFO  c.n.e.r.AbstractInstanceRegistry - Running the evict task with compensationTime 0ms
2023-08-25 17:13:01.322 [Eureka-EvictionTimer] INFO  c.n.e.r.AbstractInstanceRegistry - Running the evict task with compensationTime 0ms
2023-08-25 17:13:06.322 [Eureka-EvictionTimer] INFO  c.n.e.r.AbstractInstanceRegistry - Running the evict task with compensationTime 0ms
2023-08-25 17:13:11.322 [Eureka-EvictionTimer] INFO  c.n.e.r.AbstractInstanceRegistry - Running the evict task with compensationTime 0ms
2023-08-25 17:13:16.322 [Eureka-EvictionTimer] INFO  c.n.e.r.AbstractInstanceRegistry - Running the evict task with compensationTime 0ms
2023-08-25 17:13:21.322 [Eureka-EvictionTimer] INFO  c.n.e.r.AbstractInstanceRegistry - Running the evict task with compensationTime 0ms
2023-08-25 17:13:26.322 [Eureka-EvictionTimer] INFO  c.n.e.r.AbstractInstanceRegistry - Running the evict task with compensationTime 0ms
2023-08-25 17:13:31.322 [Eureka-EvictionTimer] INFO  c.n.e.r.AbstractInstanceRegistry - Running the evict task with compensationTime 0ms
2023-08-25 17:13:36.322 [Eureka-EvictionTimer] INFO  c.n.e.r.AbstractInstanceRegistry - Running the evict task with compensationTime 0ms
2023-08-25 17:13:41.322 [Eureka-EvictionTimer] INFO  c.n.e.r.AbstractInstanceRegistry - Running the evict task with compensationTime 0ms
2023-08-25 17:13:46.322 [Eureka-EvictionTimer] INFO  c.n.e.r.AbstractInstanceRegistry - Running the evict task with compensationTime 0ms
2023-08-25 17:13:51.322 [Eureka-EvictionTimer] INFO  c.n.e.r.AbstractInstanceRegistry - Running the evict task with compensationTime 0ms
2023-08-25 17:13:56.322 [Eureka-EvictionTimer] INFO  c.n.e.r.AbstractInstanceRegistry - Running the evict task with compensationTime 0ms
2023-08-25 17:14:01.322 [Eureka-EvictionTimer] INFO  c.n.e.r.AbstractInstanceRegistry - Running the evict task with compensationTime 0ms
2023-08-25 17:14:06.322 [Eureka-EvictionTimer] INFO  c.n.e.r.AbstractInstanceRegistry - Running the evict task with compensationTime 0ms
2023-08-25 17:14:11.322 [Eureka-EvictionTimer] INFO  c.n.e.r.AbstractInstanceRegistry - Running the evict task with compensationTime 0ms
2023-08-25 17:14:16.322 [Eureka-EvictionTimer] INFO  c.n.e.r.AbstractInstanceRegistry - Running the evict task with compensationTime 0ms
2023-08-25 17:14:21.322 [Eureka-EvictionTimer] INFO  c.n.e.r.AbstractInstanceRegistry - Running the evict task with compensationTime 0ms
2023-08-25 17:14:26.322 [Eureka-EvictionTimer] INFO  c.n.e.r.AbstractInstanceRegistry - Running the evict task with compensationTime 0ms
2023-08-25 17:14:31.322 [Eureka-EvictionTimer] INFO  c.n.e.r.AbstractInstanceRegistry - Running the evict task with compensationTime 0ms
2023-08-25 17:14:36.322 [Eureka-EvictionTimer] INFO  c.n.e.r.AbstractInstanceRegistry - Running the evict task with compensationTime 0ms
2023-08-25 17:14:41.322 [Eureka-EvictionTimer] INFO  c.n.e.r.AbstractInstanceRegistry - Running the evict task with compensationTime 0ms
2023-08-25 17:14:46.322 [Eureka-EvictionTimer] INFO  c.n.e.r.AbstractInstanceRegistry - Running the evict task with compensationTime 0ms
2023-08-25 17:14:51.322 [Eureka-EvictionTimer] INFO  c.n.e.r.AbstractInstanceRegistry - Running the evict task with compensationTime 0ms
2023-08-25 17:14:56.322 [Eureka-EvictionTimer] INFO  c.n.e.r.AbstractInstanceRegistry - Running the evict task with compensationTime 0ms
2023-08-25 17:15:01.322 [Eureka-EvictionTimer] INFO  c.n.e.r.AbstractInstanceRegistry - Running the evict task with compensationTime 0ms
2023-08-25 17:15:06.322 [Eureka-EvictionTimer] INFO  c.n.e.r.AbstractInstanceRegistry - Running the evict task with compensationTime 0ms
2023-08-25 17:15:11.322 [Eureka-EvictionTimer] INFO  c.n.e.r.AbstractInstanceRegistry - Running the evict task with compensationTime 0ms
2023-08-25 17:15:16.322 [Eureka-EvictionTimer] INFO  c.n.e.r.AbstractInstanceRegistry - Running the evict task with compensationTime 0ms
2023-08-25 17:15:21.322 [Eureka-EvictionTimer] INFO  c.n.e.r.AbstractInstanceRegistry - Running the evict task with compensationTime 0ms
2023-08-25 17:15:26.322 [Eureka-EvictionTimer] INFO  c.n.e.r.AbstractInstanceRegistry - Running the evict task with compensationTime 0ms
2023-08-25 17:15:31.322 [Eureka-EvictionTimer] INFO  c.n.e.r.AbstractInstanceRegistry - Running the evict task with compensationTime 0ms
2023-08-25 17:15:36.322 [Eureka-EvictionTimer] INFO  c.n.e.r.AbstractInstanceRegistry - Running the evict task with compensationTime 0ms
2023-08-25 17:15:41.322 [Eureka-EvictionTimer] INFO  c.n.e.r.AbstractInstanceRegistry - Running the evict task with compensationTime 0ms
2023-08-25 17:15:46.322 [Eureka-EvictionTimer] INFO  c.n.e.r.AbstractInstanceRegistry - Running the evict task with compensationTime 0ms
2023-08-25 17:15:51.322 [Eureka-EvictionTimer] INFO  c.n.e.r.AbstractInstanceRegistry - Running the evict task with compensationTime 0ms
2023-08-25 17:15:56.322 [Eureka-EvictionTimer] INFO  c.n.e.r.AbstractInstanceRegistry - Running the evict task with compensationTime 0ms
2023-08-25 17:16:01.322 [Eureka-EvictionTimer] INFO  c.n.e.r.AbstractInstanceRegistry - Running the evict task with compensationTime 0ms
2023-08-25 17:16:06.322 [Eureka-EvictionTimer] INFO  c.n.e.r.AbstractInstanceRegistry - Running the evict task with compensationTime 0ms
2023-08-25 17:16:11.322 [Eureka-EvictionTimer] INFO  c.n.e.r.AbstractInstanceRegistry - Running the evict task with compensationTime 0ms
2023-08-25 17:16:16.322 [Eureka-EvictionTimer] INFO  c.n.e.r.AbstractInstanceRegistry - Running the evict task with compensationTime 0ms
2023-08-25 17:16:21.322 [Eureka-EvictionTimer] INFO  c.n.e.r.AbstractInstanceRegistry - Running the evict task with compensationTime 0ms
2023-08-25 17:16:26.322 [Eureka-EvictionTimer] INFO  c.n.e.r.AbstractInstanceRegistry - Running the evict task with compensationTime 0ms
2023-08-25 17:16:31.322 [Eureka-EvictionTimer] INFO  c.n.e.r.AbstractInstanceRegistry - Running the evict task with compensationTime 0ms
2023-08-25 17:16:36.322 [Eureka-EvictionTimer] INFO  c.n.e.r.AbstractInstanceRegistry - Running the evict task with compensationTime 0ms
2023-08-25 17:16:41.322 [Eureka-EvictionTimer] INFO  c.n.e.r.AbstractInstanceRegistry - Running the evict task with compensationTime 0ms
2023-08-25 17:16:46.322 [Eureka-EvictionTimer] INFO  c.n.e.r.AbstractInstanceRegistry - Running the evict task with compensationTime 0ms
2023-08-25 17:16:51.322 [Eureka-EvictionTimer] INFO  c.n.e.r.AbstractInstanceRegistry - Running the evict task with compensationTime 0ms
2023-08-25 17:16:56.322 [Eureka-EvictionTimer] INFO  c.n.e.r.AbstractInstanceRegistry - Running the evict task with compensationTime 0ms
2023-08-25 17:17:01.322 [Eureka-EvictionTimer] INFO  c.n.e.r.AbstractInstanceRegistry - Running the evict task with compensationTime 0ms
2023-08-25 17:17:06.322 [Eureka-EvictionTimer] INFO  c.n.e.r.AbstractInstanceRegistry - Running the evict task with compensationTime 0ms
2023-08-25 17:17:11.322 [Eureka-EvictionTimer] INFO  c.n.e.r.AbstractInstanceRegistry - Running the evict task with compensationTime 0ms
2023-08-25 17:17:16.322 [Eureka-EvictionTimer] INFO  c.n.e.r.AbstractInstanceRegistry - Running the evict task with compensationTime 0ms
2023-08-25 17:17:21.322 [Eureka-EvictionTimer] INFO  c.n.e.r.AbstractInstanceRegistry - Running the evict task with compensationTime 0ms
2023-08-25 17:17:26.322 [Eureka-EvictionTimer] INFO  c.n.e.r.AbstractInstanceRegistry - Running the evict task with compensationTime 0ms
2023-08-25 17:17:31.322 [Eureka-EvictionTimer] INFO  c.n.e.r.AbstractInstanceRegistry - Running the evict task with compensationTime 0ms
2023-08-25 17:17:36.322 [Eureka-EvictionTimer] INFO  c.n.e.r.AbstractInstanceRegistry - Running the evict task with compensationTime 0ms
2023-08-25 17:17:41.322 [Eureka-EvictionTimer] INFO  c.n.e.r.AbstractInstanceRegistry - Running the evict task with compensationTime 0ms
2023-08-25 17:17:46.322 [Eureka-EvictionTimer] INFO  c.n.e.r.AbstractInstanceRegistry - Running the evict task with compensationTime 0ms
2023-08-25 17:17:51.322 [Eureka-EvictionTimer] INFO  c.n.e.r.AbstractInstanceRegistry - Running the evict task with compensationTime 0ms
2023-08-25 17:17:56.322 [Eureka-EvictionTimer] INFO  c.n.e.r.AbstractInstanceRegistry - Running the evict task with compensationTime 0ms
2023-08-25 17:18:01.322 [Eureka-EvictionTimer] INFO  c.n.e.r.AbstractInstanceRegistry - Running the evict task with compensationTime 0ms
2023-08-25 17:18:06.322 [Eureka-EvictionTimer] INFO  c.n.e.r.AbstractInstanceRegistry - Running the evict task with compensationTime 0ms
2023-08-25 17:18:11.322 [Eureka-EvictionTimer] INFO  c.n.e.r.AbstractInstanceRegistry - Running the evict task with compensationTime 0ms
2023-08-25 17:18:16.322 [Eureka-EvictionTimer] INFO  c.n.e.r.AbstractInstanceRegistry - Running the evict task with compensationTime 0ms
2023-08-25 17:18:21.322 [Eureka-EvictionTimer] INFO  c.n.e.r.AbstractInstanceRegistry - Running the evict task with compensationTime 0ms
2023-08-25 17:18:26.322 [Eureka-EvictionTimer] INFO  c.n.e.r.AbstractInstanceRegistry - Running the evict task with compensationTime 0ms
2023-08-25 17:18:31.322 [Eureka-EvictionTimer] INFO  c.n.e.r.AbstractInstanceRegistry - Running the evict task with compensationTime 0ms
2023-08-25 17:18:36.322 [Eureka-EvictionTimer] INFO  c.n.e.r.AbstractInstanceRegistry - Running the evict task with compensationTime 0ms
2023-08-25 17:18:41.322 [Eureka-EvictionTimer] INFO  c.n.e.r.AbstractInstanceRegistry - Running the evict task with compensationTime 0ms
2023-08-25 17:18:46.322 [Eureka-EvictionTimer] INFO  c.n.e.r.AbstractInstanceRegistry - Running the evict task with compensationTime 0ms
2023-08-25 17:18:51.322 [Eureka-EvictionTimer] INFO  c.n.e.r.AbstractInstanceRegistry - Running the evict task with compensationTime 0ms
2023-08-25 17:18:56.322 [Eureka-EvictionTimer] INFO  c.n.e.r.AbstractInstanceRegistry - Running the evict task with compensationTime 0ms
2023-08-25 17:19:01.322 [Eureka-EvictionTimer] INFO  c.n.e.r.AbstractInstanceRegistry - Running the evict task with compensationTime 0ms
2023-08-25 17:19:06.322 [Eureka-EvictionTimer] INFO  c.n.e.r.AbstractInstanceRegistry - Running the evict task with compensationTime 0ms
2023-08-25 17:19:11.322 [Eureka-EvictionTimer] INFO  c.n.e.r.AbstractInstanceRegistry - Running the evict task with compensationTime 0ms
2023-08-25 17:19:16.322 [Eureka-EvictionTimer] INFO  c.n.e.r.AbstractInstanceRegistry - Running the evict task with compensationTime 0ms
2023-08-25 17:19:21.322 [Eureka-EvictionTimer] INFO  c.n.e.r.AbstractInstanceRegistry - Running the evict task with compensationTime 0ms
2023-08-25 17:19:26.322 [Eureka-EvictionTimer] INFO  c.n.e.r.AbstractInstanceRegistry - Running the evict task with compensationTime 0ms
2023-08-25 17:19:31.322 [Eureka-EvictionTimer] INFO  c.n.e.r.AbstractInstanceRegistry - Running the evict task with compensationTime 0ms
2023-08-25 17:19:36.322 [Eureka-EvictionTimer] INFO  c.n.e.r.AbstractInstanceRegistry - Running the evict task with compensationTime 0ms
2023-08-25 17:19:41.322 [Eureka-EvictionTimer] INFO  c.n.e.r.AbstractInstanceRegistry - Running the evict task with compensationTime 0ms
2023-08-25 17:19:46.322 [Eureka-EvictionTimer] INFO  c.n.e.r.AbstractInstanceRegistry - Running the evict task with compensationTime 0ms
2023-08-25 17:19:51.322 [Eureka-EvictionTimer] INFO  c.n.e.r.AbstractInstanceRegistry - Running the evict task with compensationTime 0ms
2023-08-25 17:19:56.322 [Eureka-EvictionTimer] INFO  c.n.e.r.AbstractInstanceRegistry - Running the evict task with compensationTime 0ms
2023-08-25 17:20:00.853 [ReplicaAwareInstanceRegistry - RenewalThresholdUpdater] INFO  c.n.e.r.PeerAwareInstanceRegistryImpl - Current renewal threshold is : 0
2023-08-25 17:20:01.322 [Eureka-EvictionTimer] INFO  c.n.e.r.AbstractInstanceRegistry - Running the evict task with compensationTime 0ms
2023-08-25 17:20:06.322 [Eureka-EvictionTimer] INFO  c.n.e.r.AbstractInstanceRegistry - Running the evict task with compensationTime 0ms
2023-08-25 17:20:11.322 [Eureka-EvictionTimer] INFO  c.n.e.r.AbstractInstanceRegistry - Running the evict task with compensationTime 0ms
2023-08-25 17:20:16.322 [Eureka-EvictionTimer] INFO  c.n.e.r.AbstractInstanceRegistry - Running the evict task with compensationTime 0ms
2023-08-25 17:20:21.322 [Eureka-EvictionTimer] INFO  c.n.e.r.AbstractInstanceRegistry - Running the evict task with compensationTime 0ms
2023-08-25 17:20:26.322 [Eureka-EvictionTimer] INFO  c.n.e.r.AbstractInstanceRegistry - Running the evict task with compensationTime 0ms
2023-08-25 17:20:31.322 [Eureka-EvictionTimer] INFO  c.n.e.r.AbstractInstanceRegistry - Running the evict task with compensationTime 0ms
2023-08-25 17:20:36.322 [Eureka-EvictionTimer] INFO  c.n.e.r.AbstractInstanceRegistry - Running the evict task with compensationTime 0ms
2023-08-25 17:20:41.322 [Eureka-EvictionTimer] INFO  c.n.e.r.AbstractInstanceRegistry - Running the evict task with compensationTime 0ms
2023-08-25 17:20:46.322 [Eureka-EvictionTimer] INFO  c.n.e.r.AbstractInstanceRegistry - Running the evict task with compensationTime 0ms
2023-08-25 17:20:51.322 [Eureka-EvictionTimer] INFO  c.n.e.r.AbstractInstanceRegistry - Running the evict task with compensationTime 0ms
2023-08-25 17:20:56.322 [Eureka-EvictionTimer] INFO  c.n.e.r.AbstractInstanceRegistry - Running the evict task with compensationTime 0ms
2023-08-25 17:21:01.322 [Eureka-EvictionTimer] INFO  c.n.e.r.AbstractInstanceRegistry - Running the evict task with compensationTime 0ms
2023-08-25 17:21:06.322 [Eureka-EvictionTimer] INFO  c.n.e.r.AbstractInstanceRegistry - Running the evict task with compensationTime 0ms
2023-08-25 17:21:11.322 [Eureka-EvictionTimer] INFO  c.n.e.r.AbstractInstanceRegistry - Running the evict task with compensationTime 0ms
2023-08-25 17:21:16.322 [Eureka-EvictionTimer] INFO  c.n.e.r.AbstractInstanceRegistry - Running the evict task with compensationTime 0ms
2023-08-25 17:21:21.322 [Eureka-EvictionTimer] INFO  c.n.e.r.AbstractInstanceRegistry - Running the evict task with compensationTime 0ms
2023-08-25 17:21:26.322 [Eureka-EvictionTimer] INFO  c.n.e.r.AbstractInstanceRegistry - Running the evict task with compensationTime 0ms
2023-08-25 17:21:31.322 [Eureka-EvictionTimer] INFO  c.n.e.r.AbstractInstanceRegistry - Running the evict task with compensationTime 0ms
2023-08-25 17:21:36.322 [Eureka-EvictionTimer] INFO  c.n.e.r.AbstractInstanceRegistry - Running the evict task with compensationTime 0ms
2023-08-25 17:21:41.322 [Eureka-EvictionTimer] INFO  c.n.e.r.AbstractInstanceRegistry - Running the evict task with compensationTime 0ms
2023-08-25 17:21:46.322 [Eureka-EvictionTimer] INFO  c.n.e.r.AbstractInstanceRegistry - Running the evict task with compensationTime 0ms
2023-08-25 17:21:51.322 [Eureka-EvictionTimer] INFO  c.n.e.r.AbstractInstanceRegistry - Running the evict task with compensationTime 0ms
2023-08-25 17:21:56.322 [Eureka-EvictionTimer] INFO  c.n.e.r.AbstractInstanceRegistry - Running the evict task with compensationTime 0ms
2023-08-25 17:22:01.322 [Eureka-EvictionTimer] INFO  c.n.e.r.AbstractInstanceRegistry - Running the evict task with compensationTime 0ms
2023-08-25 17:22:06.322 [Eureka-EvictionTimer] INFO  c.n.e.r.AbstractInstanceRegistry - Running the evict task with compensationTime 0ms
2023-08-25 17:22:11.322 [Eureka-EvictionTimer] INFO  c.n.e.r.AbstractInstanceRegistry - Running the evict task with compensationTime 0ms
2023-08-25 17:22:16.322 [Eureka-EvictionTimer] INFO  c.n.e.r.AbstractInstanceRegistry - Running the evict task with compensationTime 0ms
2023-08-25 17:22:21.322 [Eureka-EvictionTimer] INFO  c.n.e.r.AbstractInstanceRegistry - Running the evict task with compensationTime 0ms
2023-08-25 17:22:26.322 [Eureka-EvictionTimer] INFO  c.n.e.r.AbstractInstanceRegistry - Running the evict task with compensationTime 0ms
2023-08-25 17:22:31.322 [Eureka-EvictionTimer] INFO  c.n.e.r.AbstractInstanceRegistry - Running the evict task with compensationTime 0ms
2023-08-25 17:22:36.322 [Eureka-EvictionTimer] INFO  c.n.e.r.AbstractInstanceRegistry - Running the evict task with compensationTime 0ms
2023-08-25 17:22:41.322 [Eureka-EvictionTimer] INFO  c.n.e.r.AbstractInstanceRegistry - Running the evict task with compensationTime 0ms
2023-08-25 17:22:46.322 [Eureka-EvictionTimer] INFO  c.n.e.r.AbstractInstanceRegistry - Running the evict task with compensationTime 0ms
2023-08-25 17:22:51.322 [Eureka-EvictionTimer] INFO  c.n.e.r.AbstractInstanceRegistry - Running the evict task with compensationTime 0ms
2023-08-25 17:22:56.322 [Eureka-EvictionTimer] INFO  c.n.e.r.AbstractInstanceRegistry - Running the evict task with compensationTime 0ms
2023-08-25 17:23:01.322 [Eureka-EvictionTimer] INFO  c.n.e.r.AbstractInstanceRegistry - Running the evict task with compensationTime 0ms
2023-08-25 17:23:06.322 [Eureka-EvictionTimer] INFO  c.n.e.r.AbstractInstanceRegistry - Running the evict task with compensationTime 0ms
2023-08-25 17:23:11.322 [Eureka-EvictionTimer] INFO  c.n.e.r.AbstractInstanceRegistry - Running the evict task with compensationTime 0ms
2023-08-25 17:23:16.322 [Eureka-EvictionTimer] INFO  c.n.e.r.AbstractInstanceRegistry - Running the evict task with compensationTime 0ms
2023-08-25 17:23:21.322 [Eureka-EvictionTimer] INFO  c.n.e.r.AbstractInstanceRegistry - Running the evict task with compensationTime 0ms
2023-08-25 17:23:26.322 [Eureka-EvictionTimer] INFO  c.n.e.r.AbstractInstanceRegistry - Running the evict task with compensationTime 0ms
2023-08-25 17:23:31.322 [Eureka-EvictionTimer] INFO  c.n.e.r.AbstractInstanceRegistry - Running the evict task with compensationTime 0ms
2023-08-25 17:23:36.322 [Eureka-EvictionTimer] INFO  c.n.e.r.AbstractInstanceRegistry - Running the evict task with compensationTime 0ms
2023-08-25 17:23:41.322 [Eureka-EvictionTimer] INFO  c.n.e.r.AbstractInstanceRegistry - Running the evict task with compensationTime 0ms
2023-08-25 17:23:46.322 [Eureka-EvictionTimer] INFO  c.n.e.r.AbstractInstanceRegistry - Running the evict task with compensationTime 0ms
2023-08-25 17:23:51.322 [Eureka-EvictionTimer] INFO  c.n.e.r.AbstractInstanceRegistry - Running the evict task with compensationTime 0ms
2023-08-25 17:23:56.322 [Eureka-EvictionTimer] INFO  c.n.e.r.AbstractInstanceRegistry - Running the evict task with compensationTime 0ms
2023-08-25 17:24:01.322 [Eureka-EvictionTimer] INFO  c.n.e.r.AbstractInstanceRegistry - Running the evict task with compensationTime 0ms
2023-08-25 17:24:06.322 [Eureka-EvictionTimer] INFO  c.n.e.r.AbstractInstanceRegistry - Running the evict task with compensationTime 0ms
2023-08-25 17:24:11.322 [Eureka-EvictionTimer] INFO  c.n.e.r.AbstractInstanceRegistry - Running the evict task with compensationTime 0ms
2023-08-25 17:24:16.322 [Eureka-EvictionTimer] INFO  c.n.e.r.AbstractInstanceRegistry - Running the evict task with compensationTime 0ms
2023-08-25 17:24:21.322 [Eureka-EvictionTimer] INFO  c.n.e.r.AbstractInstanceRegistry - Running the evict task with compensationTime 0ms
2023-08-25 17:24:26.322 [Eureka-EvictionTimer] INFO  c.n.e.r.AbstractInstanceRegistry - Running the evict task with compensationTime 0ms
2023-08-25 17:24:31.322 [Eureka-EvictionTimer] INFO  c.n.e.r.AbstractInstanceRegistry - Running the evict task with compensationTime 0ms
2023-08-25 17:24:36.322 [Eureka-EvictionTimer] INFO  c.n.e.r.AbstractInstanceRegistry - Running the evict task with compensationTime 0ms
2023-08-25 17:24:41.322 [Eureka-EvictionTimer] INFO  c.n.e.r.AbstractInstanceRegistry - Running the evict task with compensationTime 0ms
2023-08-25 17:24:46.322 [Eureka-EvictionTimer] INFO  c.n.e.r.AbstractInstanceRegistry - Running the evict task with compensationTime 0ms
2023-08-25 17:24:51.322 [Eureka-EvictionTimer] INFO  c.n.e.r.AbstractInstanceRegistry - Running the evict task with compensationTime 0ms
2023-08-25 17:24:56.322 [Eureka-EvictionTimer] INFO  c.n.e.r.AbstractInstanceRegistry - Running the evict task with compensationTime 0ms
2023-08-25 17:25:01.322 [Eureka-EvictionTimer] INFO  c.n.e.r.AbstractInstanceRegistry - Running the evict task with compensationTime 0ms
2023-08-25 17:25:06.322 [Eureka-EvictionTimer] INFO  c.n.e.r.AbstractInstanceRegistry - Running the evict task with compensationTime 0ms
2023-08-25 17:25:11.322 [Eureka-EvictionTimer] INFO  c.n.e.r.AbstractInstanceRegistry - Running the evict task with compensationTime 0ms
2023-08-25 17:25:16.322 [Eureka-EvictionTimer] INFO  c.n.e.r.AbstractInstanceRegistry - Running the evict task with compensationTime 0ms
2023-08-25 17:25:21.322 [Eureka-EvictionTimer] INFO  c.n.e.r.AbstractInstanceRegistry - Running the evict task with compensationTime 0ms
2023-08-25 17:25:26.322 [Eureka-EvictionTimer] INFO  c.n.e.r.AbstractInstanceRegistry - Running the evict task with compensationTime 0ms
2023-08-25 17:25:31.322 [Eureka-EvictionTimer] INFO  c.n.e.r.AbstractInstanceRegistry - Running the evict task with compensationTime 0ms
2023-08-25 17:25:36.322 [Eureka-EvictionTimer] INFO  c.n.e.r.AbstractInstanceRegistry - Running the evict task with compensationTime 0ms
2023-08-25 17:25:41.322 [Eureka-EvictionTimer] INFO  c.n.e.r.AbstractInstanceRegistry - Running the evict task with compensationTime 0ms
2023-08-25 17:25:46.322 [Eureka-EvictionTimer] INFO  c.n.e.r.AbstractInstanceRegistry - Running the evict task with compensationTime 0ms
2023-08-25 17:25:51.322 [Eureka-EvictionTimer] INFO  c.n.e.r.AbstractInstanceRegistry - Running the evict task with compensationTime 0ms
2023-08-25 17:25:56.322 [Eureka-EvictionTimer] INFO  c.n.e.r.AbstractInstanceRegistry - Running the evict task with compensationTime 0ms
2023-08-25 17:26:01.322 [Eureka-EvictionTimer] INFO  c.n.e.r.AbstractInstanceRegistry - Running the evict task with compensationTime 0ms
2023-08-25 17:26:06.322 [Eureka-EvictionTimer] INFO  c.n.e.r.AbstractInstanceRegistry - Running the evict task with compensationTime 0ms
2023-08-25 17:26:11.322 [Eureka-EvictionTimer] INFO  c.n.e.r.AbstractInstanceRegistry - Running the evict task with compensationTime 0ms
2023-08-25 17:26:16.322 [Eureka-EvictionTimer] INFO  c.n.e.r.AbstractInstanceRegistry - Running the evict task with compensationTime 0ms
2023-08-25 17:26:21.322 [Eureka-EvictionTimer] INFO  c.n.e.r.AbstractInstanceRegistry - Running the evict task with compensationTime 0ms
2023-08-25 17:26:26.322 [Eureka-EvictionTimer] INFO  c.n.e.r.AbstractInstanceRegistry - Running the evict task with compensationTime 0ms
2023-08-25 17:26:31.322 [Eureka-EvictionTimer] INFO  c.n.e.r.AbstractInstanceRegistry - Running the evict task with compensationTime 0ms
2023-08-25 17:26:36.322 [Eureka-EvictionTimer] INFO  c.n.e.r.AbstractInstanceRegistry - Running the evict task with compensationTime 0ms
2023-08-25 17:26:41.322 [Eureka-EvictionTimer] INFO  c.n.e.r.AbstractInstanceRegistry - Running the evict task with compensationTime 0ms
2023-08-25 17:26:46.322 [Eureka-EvictionTimer] INFO  c.n.e.r.AbstractInstanceRegistry - Running the evict task with compensationTime 0ms
2023-08-25 17:26:51.322 [Eureka-EvictionTimer] INFO  c.n.e.r.AbstractInstanceRegistry - Running the evict task with compensationTime 0ms
2023-08-25 17:26:56.322 [Eureka-EvictionTimer] INFO  c.n.e.r.AbstractInstanceRegistry - Running the evict task with compensationTime 0ms
2023-08-25 17:27:01.322 [Eureka-EvictionTimer] INFO  c.n.e.r.AbstractInstanceRegistry - Running the evict task with compensationTime 0ms
2023-08-25 17:27:06.322 [Eureka-EvictionTimer] INFO  c.n.e.r.AbstractInstanceRegistry - Running the evict task with compensationTime 0ms
2023-08-25 17:27:11.322 [Eureka-EvictionTimer] INFO  c.n.e.r.AbstractInstanceRegistry - Running the evict task with compensationTime 0ms
2023-08-25 17:27:16.322 [Eureka-EvictionTimer] INFO  c.n.e.r.AbstractInstanceRegistry - Running the evict task with compensationTime 0ms
2023-08-25 17:27:21.322 [Eureka-EvictionTimer] INFO  c.n.e.r.AbstractInstanceRegistry - Running the evict task with compensationTime 0ms
2023-08-25 17:27:26.322 [Eureka-EvictionTimer] INFO  c.n.e.r.AbstractInstanceRegistry - Running the evict task with compensationTime 0ms
2023-08-25 17:27:31.322 [Eureka-EvictionTimer] INFO  c.n.e.r.AbstractInstanceRegistry - Running the evict task with compensationTime 0ms
2023-08-25 17:27:36.322 [Eureka-EvictionTimer] INFO  c.n.e.r.AbstractInstanceRegistry - Running the evict task with compensationTime 0ms
2023-08-25 17:27:41.322 [Eureka-EvictionTimer] INFO  c.n.e.r.AbstractInstanceRegistry - Running the evict task with compensationTime 0ms
2023-08-25 17:27:46.322 [Eureka-EvictionTimer] INFO  c.n.e.r.AbstractInstanceRegistry - Running the evict task with compensationTime 0ms
2023-08-25 17:27:51.322 [Eureka-EvictionTimer] INFO  c.n.e.r.AbstractInstanceRegistry - Running the evict task with compensationTime 0ms
2023-08-25 17:27:56.322 [Eureka-EvictionTimer] INFO  c.n.e.r.AbstractInstanceRegistry - Running the evict task with compensationTime 0ms
2023-08-25 17:28:01.322 [Eureka-EvictionTimer] INFO  c.n.e.r.AbstractInstanceRegistry - Running the evict task with compensationTime 0ms
2023-08-25 17:28:06.322 [Eureka-EvictionTimer] INFO  c.n.e.r.AbstractInstanceRegistry - Running the evict task with compensationTime 0ms
2023-08-25 17:28:11.322 [Eureka-EvictionTimer] INFO  c.n.e.r.AbstractInstanceRegistry - Running the evict task with compensationTime 0ms
2023-08-25 17:28:16.322 [Eureka-EvictionTimer] INFO  c.n.e.r.AbstractInstanceRegistry - Running the evict task with compensationTime 0ms
2023-08-25 17:28:21.322 [Eureka-EvictionTimer] INFO  c.n.e.r.AbstractInstanceRegistry - Running the evict task with compensationTime 0ms
2023-08-25 17:28:26.322 [Eureka-EvictionTimer] INFO  c.n.e.r.AbstractInstanceRegistry - Running the evict task with compensationTime 0ms
2023-08-25 17:28:31.322 [Eureka-EvictionTimer] INFO  c.n.e.r.AbstractInstanceRegistry - Running the evict task with compensationTime 0ms
2023-08-25 17:28:36.322 [Eureka-EvictionTimer] INFO  c.n.e.r.AbstractInstanceRegistry - Running the evict task with compensationTime 0ms
2023-08-25 17:28:41.322 [Eureka-EvictionTimer] INFO  c.n.e.r.AbstractInstanceRegistry - Running the evict task with compensationTime 0ms
2023-08-25 17:28:46.322 [Eureka-EvictionTimer] INFO  c.n.e.r.AbstractInstanceRegistry - Running the evict task with compensationTime 0ms
2023-08-25 17:28:51.322 [Eureka-EvictionTimer] INFO  c.n.e.r.AbstractInstanceRegistry - Running the evict task with compensationTime 0ms
2023-08-25 17:28:56.322 [Eureka-EvictionTimer] INFO  c.n.e.r.AbstractInstanceRegistry - Running the evict task with compensationTime 0ms
2023-08-25 17:29:01.322 [Eureka-EvictionTimer] INFO  c.n.e.r.AbstractInstanceRegistry - Running the evict task with compensationTime 0ms
2023-08-25 17:29:06.322 [Eureka-EvictionTimer] INFO  c.n.e.r.AbstractInstanceRegistry - Running the evict task with compensationTime 0ms
2023-08-25 17:29:11.322 [Eureka-EvictionTimer] INFO  c.n.e.r.AbstractInstanceRegistry - Running the evict task with compensationTime 0ms
2023-08-25 17:29:16.322 [Eureka-EvictionTimer] INFO  c.n.e.r.AbstractInstanceRegistry - Running the evict task with compensationTime 0ms
2023-08-25 17:29:21.322 [Eureka-EvictionTimer] INFO  c.n.e.r.AbstractInstanceRegistry - Running the evict task with compensationTime 0ms
2023-08-25 17:29:26.322 [Eureka-EvictionTimer] INFO  c.n.e.r.AbstractInstanceRegistry - Running the evict task with compensationTime 0ms
2023-08-25 17:29:31.322 [Eureka-EvictionTimer] INFO  c.n.e.r.AbstractInstanceRegistry - Running the evict task with compensationTime 0ms
2023-08-25 17:29:36.322 [Eureka-EvictionTimer] INFO  c.n.e.r.AbstractInstanceRegistry - Running the evict task with compensationTime 0ms
2023-08-25 17:29:41.322 [Eureka-EvictionTimer] INFO  c.n.e.r.AbstractInstanceRegistry - Running the evict task with compensationTime 0ms
2023-08-25 17:29:46.322 [Eureka-EvictionTimer] INFO  c.n.e.r.AbstractInstanceRegistry - Running the evict task with compensationTime 0ms
2023-08-25 17:29:51.322 [Eureka-EvictionTimer] INFO  c.n.e.r.AbstractInstanceRegistry - Running the evict task with compensationTime 0ms
2023-08-25 17:29:56.322 [Eureka-EvictionTimer] INFO  c.n.e.r.AbstractInstanceRegistry - Running the evict task with compensationTime 0ms
2023-08-25 17:30:01.322 [Eureka-EvictionTimer] INFO  c.n.e.r.AbstractInstanceRegistry - Running the evict task with compensationTime 0ms
2023-08-25 17:30:06.322 [Eureka-EvictionTimer] INFO  c.n.e.r.AbstractInstanceRegistry - Running the evict task with compensationTime 0ms
2023-08-25 17:30:11.322 [Eureka-EvictionTimer] INFO  c.n.e.r.AbstractInstanceRegistry - Running the evict task with compensationTime 0ms
2023-08-25 17:30:16.322 [Eureka-EvictionTimer] INFO  c.n.e.r.AbstractInstanceRegistry - Running the evict task with compensationTime 0ms
2023-08-25 17:30:21.322 [Eureka-EvictionTimer] INFO  c.n.e.r.AbstractInstanceRegistry - Running the evict task with compensationTime 0ms
2023-08-25 17:30:26.322 [Eureka-EvictionTimer] INFO  c.n.e.r.AbstractInstanceRegistry - Running the evict task with compensationTime 0ms
2023-08-25 17:30:31.322 [Eureka-EvictionTimer] INFO  c.n.e.r.AbstractInstanceRegistry - Running the evict task with compensationTime 0ms
2023-08-25 17:30:36.322 [Eureka-EvictionTimer] INFO  c.n.e.r.AbstractInstanceRegistry - Running the evict task with compensationTime 0ms
2023-08-25 17:30:41.322 [Eureka-EvictionTimer] INFO  c.n.e.r.AbstractInstanceRegistry - Running the evict task with compensationTime 0ms
2023-08-25 17:30:46.322 [Eureka-EvictionTimer] INFO  c.n.e.r.AbstractInstanceRegistry - Running the evict task with compensationTime 0ms
2023-08-25 17:30:51.322 [Eureka-EvictionTimer] INFO  c.n.e.r.AbstractInstanceRegistry - Running the evict task with compensationTime 0ms
2023-08-25 17:30:56.322 [Eureka-EvictionTimer] INFO  c.n.e.r.AbstractInstanceRegistry - Running the evict task with compensationTime 0ms
2023-08-25 17:31:01.322 [Eureka-EvictionTimer] INFO  c.n.e.r.AbstractInstanceRegistry - Running the evict task with compensationTime 0ms
2023-08-25 17:31:06.322 [Eureka-EvictionTimer] INFO  c.n.e.r.AbstractInstanceRegistry - Running the evict task with compensationTime 0ms
2023-08-25 17:31:11.322 [Eureka-EvictionTimer] INFO  c.n.e.r.AbstractInstanceRegistry - Running the evict task with compensationTime 0ms
2023-08-25 17:31:16.322 [Eureka-EvictionTimer] INFO  c.n.e.r.AbstractInstanceRegistry - Running the evict task with compensationTime 0ms
2023-08-25 17:31:21.322 [Eureka-EvictionTimer] INFO  c.n.e.r.AbstractInstanceRegistry - Running the evict task with compensationTime 0ms
2023-08-25 17:31:26.322 [Eureka-EvictionTimer] INFO  c.n.e.r.AbstractInstanceRegistry - Running the evict task with compensationTime 0ms
2023-08-25 17:31:31.322 [Eureka-EvictionTimer] INFO  c.n.e.r.AbstractInstanceRegistry - Running the evict task with compensationTime 0ms
2023-08-25 17:31:36.322 [Eureka-EvictionTimer] INFO  c.n.e.r.AbstractInstanceRegistry - Running the evict task with compensationTime 0ms
2023-08-25 17:31:41.322 [Eureka-EvictionTimer] INFO  c.n.e.r.AbstractInstanceRegistry - Running the evict task with compensationTime 0ms
2023-08-25 17:31:46.322 [Eureka-EvictionTimer] INFO  c.n.e.r.AbstractInstanceRegistry - Running the evict task with compensationTime 0ms
2023-08-25 17:31:51.322 [Eureka-EvictionTimer] INFO  c.n.e.r.AbstractInstanceRegistry - Running the evict task with compensationTime 0ms
2023-08-25 17:31:56.322 [Eureka-EvictionTimer] INFO  c.n.e.r.AbstractInstanceRegistry - Running the evict task with compensationTime 0ms
2023-08-25 17:32:01.322 [Eureka-EvictionTimer] INFO  c.n.e.r.AbstractInstanceRegistry - Running the evict task with compensationTime 0ms
2023-08-25 17:32:06.322 [Eureka-EvictionTimer] INFO  c.n.e.r.AbstractInstanceRegistry - Running the evict task with compensationTime 0ms
2023-08-25 17:32:11.322 [Eureka-EvictionTimer] INFO  c.n.e.r.AbstractInstanceRegistry - Running the evict task with compensationTime 0ms
2023-08-25 17:32:16.322 [Eureka-EvictionTimer] INFO  c.n.e.r.AbstractInstanceRegistry - Running the evict task with compensationTime 0ms
2023-08-25 17:32:21.322 [Eureka-EvictionTimer] INFO  c.n.e.r.AbstractInstanceRegistry - Running the evict task with compensationTime 0ms
2023-08-25 17:32:26.322 [Eureka-EvictionTimer] INFO  c.n.e.r.AbstractInstanceRegistry - Running the evict task with compensationTime 0ms
2023-08-25 17:32:31.322 [Eureka-EvictionTimer] INFO  c.n.e.r.AbstractInstanceRegistry - Running the evict task with compensationTime 0ms
2023-08-25 17:32:36.322 [Eureka-EvictionTimer] INFO  c.n.e.r.AbstractInstanceRegistry - Running the evict task with compensationTime 0ms
2023-08-25 17:32:41.322 [Eureka-EvictionTimer] INFO  c.n.e.r.AbstractInstanceRegistry - Running the evict task with compensationTime 0ms
2023-08-25 17:32:46.322 [Eureka-EvictionTimer] INFO  c.n.e.r.AbstractInstanceRegistry - Running the evict task with compensationTime 0ms
2023-08-25 17:32:51.322 [Eureka-EvictionTimer] INFO  c.n.e.r.AbstractInstanceRegistry - Running the evict task with compensationTime 0ms
2023-08-25 17:32:56.322 [Eureka-EvictionTimer] INFO  c.n.e.r.AbstractInstanceRegistry - Running the evict task with compensationTime 0ms
2023-08-25 17:33:01.322 [Eureka-EvictionTimer] INFO  c.n.e.r.AbstractInstanceRegistry - Running the evict task with compensationTime 0ms
2023-08-25 17:33:06.322 [Eureka-EvictionTimer] INFO  c.n.e.r.AbstractInstanceRegistry - Running the evict task with compensationTime 0ms
2023-08-25 17:33:11.322 [Eureka-EvictionTimer] INFO  c.n.e.r.AbstractInstanceRegistry - Running the evict task with compensationTime 0ms
2023-08-25 17:33:16.322 [Eureka-EvictionTimer] INFO  c.n.e.r.AbstractInstanceRegistry - Running the evict task with compensationTime 0ms
2023-08-25 17:33:21.322 [Eureka-EvictionTimer] INFO  c.n.e.r.AbstractInstanceRegistry - Running the evict task with compensationTime 0ms
2023-08-25 17:33:26.322 [Eureka-EvictionTimer] INFO  c.n.e.r.AbstractInstanceRegistry - Running the evict task with compensationTime 0ms
2023-08-25 17:33:31.322 [Eureka-EvictionTimer] INFO  c.n.e.r.AbstractInstanceRegistry - Running the evict task with compensationTime 0ms
2023-08-25 17:33:36.322 [Eureka-EvictionTimer] INFO  c.n.e.r.AbstractInstanceRegistry - Running the evict task with compensationTime 0ms
2023-08-25 17:33:41.322 [Eureka-EvictionTimer] INFO  c.n.e.r.AbstractInstanceRegistry - Running the evict task with compensationTime 0ms
2023-08-25 17:33:46.322 [Eureka-EvictionTimer] INFO  c.n.e.r.AbstractInstanceRegistry - Running the evict task with compensationTime 0ms
2023-08-25 17:33:51.322 [Eureka-EvictionTimer] INFO  c.n.e.r.AbstractInstanceRegistry - Running the evict task with compensationTime 0ms
2023-08-25 17:33:56.322 [Eureka-EvictionTimer] INFO  c.n.e.r.AbstractInstanceRegistry - Running the evict task with compensationTime 0ms
2023-08-25 17:34:01.322 [Eureka-EvictionTimer] INFO  c.n.e.r.AbstractInstanceRegistry - Running the evict task with compensationTime 0ms
2023-08-25 17:34:06.322 [Eureka-EvictionTimer] INFO  c.n.e.r.AbstractInstanceRegistry - Running the evict task with compensationTime 0ms
2023-08-25 17:34:11.322 [Eureka-EvictionTimer] INFO  c.n.e.r.AbstractInstanceRegistry - Running the evict task with compensationTime 0ms
2023-08-25 17:34:16.322 [Eureka-EvictionTimer] INFO  c.n.e.r.AbstractInstanceRegistry - Running the evict task with compensationTime 0ms
2023-08-25 17:34:21.322 [Eureka-EvictionTimer] INFO  c.n.e.r.AbstractInstanceRegistry - Running the evict task with compensationTime 0ms
2023-08-25 17:34:26.322 [Eureka-EvictionTimer] INFO  c.n.e.r.AbstractInstanceRegistry - Running the evict task with compensationTime 0ms
2023-08-25 17:34:31.322 [Eureka-EvictionTimer] INFO  c.n.e.r.AbstractInstanceRegistry - Running the evict task with compensationTime 0ms
2023-08-25 17:34:36.322 [Eureka-EvictionTimer] INFO  c.n.e.r.AbstractInstanceRegistry - Running the evict task with compensationTime 0ms
2023-08-25 17:34:41.322 [Eureka-EvictionTimer] INFO  c.n.e.r.AbstractInstanceRegistry - Running the evict task with compensationTime 0ms
2023-08-25 17:34:46.322 [Eureka-EvictionTimer] INFO  c.n.e.r.AbstractInstanceRegistry - Running the evict task with compensationTime 0ms
2023-08-25 17:34:51.322 [Eureka-EvictionTimer] INFO  c.n.e.r.AbstractInstanceRegistry - Running the evict task with compensationTime 0ms
2023-08-25 17:34:56.322 [Eureka-EvictionTimer] INFO  c.n.e.r.AbstractInstanceRegistry - Running the evict task with compensationTime 0ms
2023-08-25 17:35:00.853 [ReplicaAwareInstanceRegistry - RenewalThresholdUpdater] INFO  c.n.e.r.PeerAwareInstanceRegistryImpl - Current renewal threshold is : 0
2023-08-25 17:35:01.322 [Eureka-EvictionTimer] INFO  c.n.e.r.AbstractInstanceRegistry - Running the evict task with compensationTime 0ms
2023-08-25 17:35:06.322 [Eureka-EvictionTimer] INFO  c.n.e.r.AbstractInstanceRegistry - Running the evict task with compensationTime 0ms
2023-08-25 17:35:11.322 [Eureka-EvictionTimer] INFO  c.n.e.r.AbstractInstanceRegistry - Running the evict task with compensationTime 0ms
2023-08-25 17:35:16.322 [Eureka-EvictionTimer] INFO  c.n.e.r.AbstractInstanceRegistry - Running the evict task with compensationTime 0ms
2023-08-25 17:35:21.322 [Eureka-EvictionTimer] INFO  c.n.e.r.AbstractInstanceRegistry - Running the evict task with compensationTime 0ms
2023-08-25 17:35:26.322 [Eureka-EvictionTimer] INFO  c.n.e.r.AbstractInstanceRegistry - Running the evict task with compensationTime 0ms
2023-08-25 17:35:31.322 [Eureka-EvictionTimer] INFO  c.n.e.r.AbstractInstanceRegistry - Running the evict task with compensationTime 0ms
2023-08-25 17:35:36.322 [Eureka-EvictionTimer] INFO  c.n.e.r.AbstractInstanceRegistry - Running the evict task with compensationTime 0ms
2023-08-25 17:35:41.322 [Eureka-EvictionTimer] INFO  c.n.e.r.AbstractInstanceRegistry - Running the evict task with compensationTime 0ms
2023-08-25 17:35:46.322 [Eureka-EvictionTimer] INFO  c.n.e.r.AbstractInstanceRegistry - Running the evict task with compensationTime 0ms
2023-08-25 17:35:51.322 [Eureka-EvictionTimer] INFO  c.n.e.r.AbstractInstanceRegistry - Running the evict task with compensationTime 0ms
2023-08-25 17:35:56.322 [Eureka-EvictionTimer] INFO  c.n.e.r.AbstractInstanceRegistry - Running the evict task with compensationTime 0ms
2023-08-25 17:36:01.322 [Eureka-EvictionTimer] INFO  c.n.e.r.AbstractInstanceRegistry - Running the evict task with compensationTime 0ms
2023-08-25 17:36:06.322 [Eureka-EvictionTimer] INFO  c.n.e.r.AbstractInstanceRegistry - Running the evict task with compensationTime 0ms
2023-08-25 17:36:11.322 [Eureka-EvictionTimer] INFO  c.n.e.r.AbstractInstanceRegistry - Running the evict task with compensationTime 0ms
2023-08-25 17:36:16.322 [Eureka-EvictionTimer] INFO  c.n.e.r.AbstractInstanceRegistry - Running the evict task with compensationTime 0ms
2023-08-25 17:36:21.322 [Eureka-EvictionTimer] INFO  c.n.e.r.AbstractInstanceRegistry - Running the evict task with compensationTime 0ms
2023-08-25 17:36:26.322 [Eureka-EvictionTimer] INFO  c.n.e.r.AbstractInstanceRegistry - Running the evict task with compensationTime 0ms
2023-08-25 17:36:31.322 [Eureka-EvictionTimer] INFO  c.n.e.r.AbstractInstanceRegistry - Running the evict task with compensationTime 0ms
2023-08-25 17:36:36.322 [Eureka-EvictionTimer] INFO  c.n.e.r.AbstractInstanceRegistry - Running the evict task with compensationTime 0ms
2023-08-25 17:36:41.322 [Eureka-EvictionTimer] INFO  c.n.e.r.AbstractInstanceRegistry - Running the evict task with compensationTime 0ms
2023-08-25 17:36:46.322 [Eureka-EvictionTimer] INFO  c.n.e.r.AbstractInstanceRegistry - Running the evict task with compensationTime 0ms
2023-08-25 17:36:51.322 [Eureka-EvictionTimer] INFO  c.n.e.r.AbstractInstanceRegistry - Running the evict task with compensationTime 0ms
2023-08-25 17:36:56.322 [Eureka-EvictionTimer] INFO  c.n.e.r.AbstractInstanceRegistry - Running the evict task with compensationTime 0ms
2023-08-25 17:37:01.322 [Eureka-EvictionTimer] INFO  c.n.e.r.AbstractInstanceRegistry - Running the evict task with compensationTime 0ms
2023-08-25 17:37:06.322 [Eureka-EvictionTimer] INFO  c.n.e.r.AbstractInstanceRegistry - Running the evict task with compensationTime 0ms
2023-08-25 17:37:11.322 [Eureka-EvictionTimer] INFO  c.n.e.r.AbstractInstanceRegistry - Running the evict task with compensationTime 0ms
2023-08-25 17:37:16.322 [Eureka-EvictionTimer] INFO  c.n.e.r.AbstractInstanceRegistry - Running the evict task with compensationTime 0ms
2023-08-25 17:37:21.322 [Eureka-EvictionTimer] INFO  c.n.e.r.AbstractInstanceRegistry - Running the evict task with compensationTime 0ms
2023-08-25 17:37:26.322 [Eureka-EvictionTimer] INFO  c.n.e.r.AbstractInstanceRegistry - Running the evict task with compensationTime 0ms
2023-08-25 17:37:31.322 [Eureka-EvictionTimer] INFO  c.n.e.r.AbstractInstanceRegistry - Running the evict task with compensationTime 0ms
2023-08-25 17:37:36.322 [Eureka-EvictionTimer] INFO  c.n.e.r.AbstractInstanceRegistry - Running the evict task with compensationTime 0ms
2023-08-25 17:37:41.322 [Eureka-EvictionTimer] INFO  c.n.e.r.AbstractInstanceRegistry - Running the evict task with compensationTime 0ms
2023-08-25 17:37:46.322 [Eureka-EvictionTimer] INFO  c.n.e.r.AbstractInstanceRegistry - Running the evict task with compensationTime 0ms
2023-08-25 17:37:51.322 [Eureka-EvictionTimer] INFO  c.n.e.r.AbstractInstanceRegistry - Running the evict task with compensationTime 0ms
2023-08-25 17:37:56.322 [Eureka-EvictionTimer] INFO  c.n.e.r.AbstractInstanceRegistry - Running the evict task with compensationTime 0ms
2023-08-25 17:38:01.322 [Eureka-EvictionTimer] INFO  c.n.e.r.AbstractInstanceRegistry - Running the evict task with compensationTime 0ms
2023-08-25 17:38:06.322 [Eureka-EvictionTimer] INFO  c.n.e.r.AbstractInstanceRegistry - Running the evict task with compensationTime 0ms
2023-08-25 17:38:11.322 [Eureka-EvictionTimer] INFO  c.n.e.r.AbstractInstanceRegistry - Running the evict task with compensationTime 0ms
2023-08-25 17:38:16.322 [Eureka-EvictionTimer] INFO  c.n.e.r.AbstractInstanceRegistry - Running the evict task with compensationTime 0ms
2023-08-25 17:38:21.322 [Eureka-EvictionTimer] INFO  c.n.e.r.AbstractInstanceRegistry - Running the evict task with compensationTime 0ms
2023-08-25 17:38:26.322 [Eureka-EvictionTimer] INFO  c.n.e.r.AbstractInstanceRegistry - Running the evict task with compensationTime 0ms
2023-08-25 17:38:31.322 [Eureka-EvictionTimer] INFO  c.n.e.r.AbstractInstanceRegistry - Running the evict task with compensationTime 0ms
2023-08-25 17:38:36.322 [Eureka-EvictionTimer] INFO  c.n.e.r.AbstractInstanceRegistry - Running the evict task with compensationTime 0ms
2023-08-25 17:38:41.322 [Eureka-EvictionTimer] INFO  c.n.e.r.AbstractInstanceRegistry - Running the evict task with compensationTime 0ms
2023-08-25 17:38:46.322 [Eureka-EvictionTimer] INFO  c.n.e.r.AbstractInstanceRegistry - Running the evict task with compensationTime 0ms
2023-08-25 17:38:51.322 [Eureka-EvictionTimer] INFO  c.n.e.r.AbstractInstanceRegistry - Running the evict task with compensationTime 0ms
2023-08-25 17:38:56.322 [Eureka-EvictionTimer] INFO  c.n.e.r.AbstractInstanceRegistry - Running the evict task with compensationTime 0ms
2023-08-25 17:39:01.322 [Eureka-EvictionTimer] INFO  c.n.e.r.AbstractInstanceRegistry - Running the evict task with compensationTime 0ms
2023-08-25 17:39:06.322 [Eureka-EvictionTimer] INFO  c.n.e.r.AbstractInstanceRegistry - Running the evict task with compensationTime 0ms
2023-08-25 17:39:11.322 [Eureka-EvictionTimer] INFO  c.n.e.r.AbstractInstanceRegistry - Running the evict task with compensationTime 0ms
2023-08-25 17:39:16.322 [Eureka-EvictionTimer] INFO  c.n.e.r.AbstractInstanceRegistry - Running the evict task with compensationTime 0ms
2023-08-25 17:39:21.322 [Eureka-EvictionTimer] INFO  c.n.e.r.AbstractInstanceRegistry - Running the evict task with compensationTime 0ms
2023-08-25 17:39:26.322 [Eureka-EvictionTimer] INFO  c.n.e.r.AbstractInstanceRegistry - Running the evict task with compensationTime 0ms
2023-08-25 17:39:31.322 [Eureka-EvictionTimer] INFO  c.n.e.r.AbstractInstanceRegistry - Running the evict task with compensationTime 0ms
2023-08-25 17:39:36.322 [Eureka-EvictionTimer] INFO  c.n.e.r.AbstractInstanceRegistry - Running the evict task with compensationTime 0ms
2023-08-25 17:39:41.322 [Eureka-EvictionTimer] INFO  c.n.e.r.AbstractInstanceRegistry - Running the evict task with compensationTime 0ms
2023-08-25 17:39:46.322 [Eureka-EvictionTimer] INFO  c.n.e.r.AbstractInstanceRegistry - Running the evict task with compensationTime 0ms
2023-08-25 17:39:51.322 [Eureka-EvictionTimer] INFO  c.n.e.r.AbstractInstanceRegistry - Running the evict task with compensationTime 0ms
2023-08-25 17:39:56.322 [Eureka-EvictionTimer] INFO  c.n.e.r.AbstractInstanceRegistry - Running the evict task with compensationTime 0ms
2023-08-25 17:40:01.322 [Eureka-EvictionTimer] INFO  c.n.e.r.AbstractInstanceRegistry - Running the evict task with compensationTime 0ms
2023-08-25 17:40:06.322 [Eureka-EvictionTimer] INFO  c.n.e.r.AbstractInstanceRegistry - Running the evict task with compensationTime 0ms
2023-08-25 17:40:11.322 [Eureka-EvictionTimer] INFO  c.n.e.r.AbstractInstanceRegistry - Running the evict task with compensationTime 0ms
2023-08-25 17:40:16.322 [Eureka-EvictionTimer] INFO  c.n.e.r.AbstractInstanceRegistry - Running the evict task with compensationTime 0ms
2023-08-25 17:40:21.322 [Eureka-EvictionTimer] INFO  c.n.e.r.AbstractInstanceRegistry - Running the evict task with compensationTime 0ms
2023-08-25 17:40:26.322 [Eureka-EvictionTimer] INFO  c.n.e.r.AbstractInstanceRegistry - Running the evict task with compensationTime 0ms
2023-08-25 17:40:31.322 [Eureka-EvictionTimer] INFO  c.n.e.r.AbstractInstanceRegistry - Running the evict task with compensationTime 0ms
2023-08-25 17:40:36.322 [Eureka-EvictionTimer] INFO  c.n.e.r.AbstractInstanceRegistry - Running the evict task with compensationTime 0ms
2023-08-25 17:40:41.322 [Eureka-EvictionTimer] INFO  c.n.e.r.AbstractInstanceRegistry - Running the evict task with compensationTime 0ms
2023-08-25 17:40:46.322 [Eureka-EvictionTimer] INFO  c.n.e.r.AbstractInstanceRegistry - Running the evict task with compensationTime 0ms
2023-08-25 17:40:51.322 [Eureka-EvictionTimer] INFO  c.n.e.r.AbstractInstanceRegistry - Running the evict task with compensationTime 0ms
2023-08-25 17:40:56.322 [Eureka-EvictionTimer] INFO  c.n.e.r.AbstractInstanceRegistry - Running the evict task with compensationTime 0ms
2023-08-25 17:41:01.322 [Eureka-EvictionTimer] INFO  c.n.e.r.AbstractInstanceRegistry - Running the evict task with compensationTime 0ms
2023-08-25 17:41:06.322 [Eureka-EvictionTimer] INFO  c.n.e.r.AbstractInstanceRegistry - Running the evict task with compensationTime 0ms
2023-08-25 17:41:11.322 [Eureka-EvictionTimer] INFO  c.n.e.r.AbstractInstanceRegistry - Running the evict task with compensationTime 0ms
2023-08-25 17:41:16.322 [Eureka-EvictionTimer] INFO  c.n.e.r.AbstractInstanceRegistry - Running the evict task with compensationTime 0ms
2023-08-25 17:41:21.322 [Eureka-EvictionTimer] INFO  c.n.e.r.AbstractInstanceRegistry - Running the evict task with compensationTime 0ms
2023-08-25 17:41:26.322 [Eureka-EvictionTimer] INFO  c.n.e.r.AbstractInstanceRegistry - Running the evict task with compensationTime 0ms
2023-08-25 17:41:31.322 [Eureka-EvictionTimer] INFO  c.n.e.r.AbstractInstanceRegistry - Running the evict task with compensationTime 0ms
2023-08-25 17:41:36.322 [Eureka-EvictionTimer] INFO  c.n.e.r.AbstractInstanceRegistry - Running the evict task with compensationTime 0ms
2023-08-25 17:41:41.322 [Eureka-EvictionTimer] INFO  c.n.e.r.AbstractInstanceRegistry - Running the evict task with compensationTime 0ms
2023-08-25 17:41:46.322 [Eureka-EvictionTimer] INFO  c.n.e.r.AbstractInstanceRegistry - Running the evict task with compensationTime 0ms
2023-08-25 17:41:51.322 [Eureka-EvictionTimer] INFO  c.n.e.r.AbstractInstanceRegistry - Running the evict task with compensationTime 0ms
2023-08-25 17:41:56.322 [Eureka-EvictionTimer] INFO  c.n.e.r.AbstractInstanceRegistry - Running the evict task with compensationTime 0ms
2023-08-25 17:42:01.322 [Eureka-EvictionTimer] INFO  c.n.e.r.AbstractInstanceRegistry - Running the evict task with compensationTime 0ms
2023-08-25 17:42:06.322 [Eureka-EvictionTimer] INFO  c.n.e.r.AbstractInstanceRegistry - Running the evict task with compensationTime 0ms
2023-08-25 17:42:11.322 [Eureka-EvictionTimer] INFO  c.n.e.r.AbstractInstanceRegistry - Running the evict task with compensationTime 0ms
2023-08-25 17:42:16.322 [Eureka-EvictionTimer] INFO  c.n.e.r.AbstractInstanceRegistry - Running the evict task with compensationTime 0ms
2023-08-25 17:42:21.322 [Eureka-EvictionTimer] INFO  c.n.e.r.AbstractInstanceRegistry - Running the evict task with compensationTime 0ms
2023-08-25 17:42:26.322 [Eureka-EvictionTimer] INFO  c.n.e.r.AbstractInstanceRegistry - Running the evict task with compensationTime 0ms
2023-08-25 17:42:31.322 [Eureka-EvictionTimer] INFO  c.n.e.r.AbstractInstanceRegistry - Running the evict task with compensationTime 0ms
2023-08-25 17:42:36.322 [Eureka-EvictionTimer] INFO  c.n.e.r.AbstractInstanceRegistry - Running the evict task with compensationTime 0ms
2023-08-25 17:42:41.322 [Eureka-EvictionTimer] INFO  c.n.e.r.AbstractInstanceRegistry - Running the evict task with compensationTime 0ms
2023-08-25 17:42:46.322 [Eureka-EvictionTimer] INFO  c.n.e.r.AbstractInstanceRegistry - Running the evict task with compensationTime 0ms
2023-08-25 17:42:51.322 [Eureka-EvictionTimer] INFO  c.n.e.r.AbstractInstanceRegistry - Running the evict task with compensationTime 0ms
2023-08-25 17:42:56.322 [Eureka-EvictionTimer] INFO  c.n.e.r.AbstractInstanceRegistry - Running the evict task with compensationTime 0ms
2023-08-25 17:43:01.322 [Eureka-EvictionTimer] INFO  c.n.e.r.AbstractInstanceRegistry - Running the evict task with compensationTime 0ms
2023-08-25 17:43:06.322 [Eureka-EvictionTimer] INFO  c.n.e.r.AbstractInstanceRegistry - Running the evict task with compensationTime 0ms
2023-08-25 17:43:11.322 [Eureka-EvictionTimer] INFO  c.n.e.r.AbstractInstanceRegistry - Running the evict task with compensationTime 0ms
2023-08-25 17:43:16.322 [Eureka-EvictionTimer] INFO  c.n.e.r.AbstractInstanceRegistry - Running the evict task with compensationTime 0ms
2023-08-25 17:43:21.322 [Eureka-EvictionTimer] INFO  c.n.e.r.AbstractInstanceRegistry - Running the evict task with compensationTime 0ms
2023-08-25 17:43:26.322 [Eureka-EvictionTimer] INFO  c.n.e.r.AbstractInstanceRegistry - Running the evict task with compensationTime 0ms
2023-08-25 17:43:31.322 [Eureka-EvictionTimer] INFO  c.n.e.r.AbstractInstanceRegistry - Running the evict task with compensationTime 0ms
2023-08-25 17:43:36.322 [Eureka-EvictionTimer] INFO  c.n.e.r.AbstractInstanceRegistry - Running the evict task with compensationTime 0ms
2023-08-25 17:43:41.322 [Eureka-EvictionTimer] INFO  c.n.e.r.AbstractInstanceRegistry - Running the evict task with compensationTime 0ms
2023-08-25 17:43:46.322 [Eureka-EvictionTimer] INFO  c.n.e.r.AbstractInstanceRegistry - Running the evict task with compensationTime 0ms
2023-08-25 17:43:51.322 [Eureka-EvictionTimer] INFO  c.n.e.r.AbstractInstanceRegistry - Running the evict task with compensationTime 0ms
2023-08-25 17:43:56.322 [Eureka-EvictionTimer] INFO  c.n.e.r.AbstractInstanceRegistry - Running the evict task with compensationTime 0ms
2023-08-25 17:44:01.322 [Eureka-EvictionTimer] INFO  c.n.e.r.AbstractInstanceRegistry - Running the evict task with compensationTime 0ms
2023-08-25 17:44:06.322 [Eureka-EvictionTimer] INFO  c.n.e.r.AbstractInstanceRegistry - Running the evict task with compensationTime 0ms
2023-08-25 17:44:11.322 [Eureka-EvictionTimer] INFO  c.n.e.r.AbstractInstanceRegistry - Running the evict task with compensationTime 0ms
2023-08-25 17:44:16.322 [Eureka-EvictionTimer] INFO  c.n.e.r.AbstractInstanceRegistry - Running the evict task with compensationTime 0ms
2023-08-25 17:44:21.322 [Eureka-EvictionTimer] INFO  c.n.e.r.AbstractInstanceRegistry - Running the evict task with compensationTime 0ms
2023-08-25 17:44:26.322 [Eureka-EvictionTimer] INFO  c.n.e.r.AbstractInstanceRegistry - Running the evict task with compensationTime 0ms
2023-08-25 17:44:31.322 [Eureka-EvictionTimer] INFO  c.n.e.r.AbstractInstanceRegistry - Running the evict task with compensationTime 0ms
2023-08-25 17:44:36.322 [Eureka-EvictionTimer] INFO  c.n.e.r.AbstractInstanceRegistry - Running the evict task with compensationTime 0ms
2023-08-25 17:44:41.322 [Eureka-EvictionTimer] INFO  c.n.e.r.AbstractInstanceRegistry - Running the evict task with compensationTime 0ms
2023-08-25 17:44:46.322 [Eureka-EvictionTimer] INFO  c.n.e.r.AbstractInstanceRegistry - Running the evict task with compensationTime 0ms
2023-08-25 17:44:51.322 [Eureka-EvictionTimer] INFO  c.n.e.r.AbstractInstanceRegistry - Running the evict task with compensationTime 0ms
2023-08-25 17:44:56.322 [Eureka-EvictionTimer] INFO  c.n.e.r.AbstractInstanceRegistry - Running the evict task with compensationTime 0ms
2023-08-25 17:45:01.322 [Eureka-EvictionTimer] INFO  c.n.e.r.AbstractInstanceRegistry - Running the evict task with compensationTime 0ms
2023-08-25 17:45:06.322 [Eureka-EvictionTimer] INFO  c.n.e.r.AbstractInstanceRegistry - Running the evict task with compensationTime 0ms
2023-08-25 17:45:11.322 [Eureka-EvictionTimer] INFO  c.n.e.r.AbstractInstanceRegistry - Running the evict task with compensationTime 0ms
2023-08-25 17:45:16.322 [Eureka-EvictionTimer] INFO  c.n.e.r.AbstractInstanceRegistry - Running the evict task with compensationTime 0ms
2023-08-25 17:45:21.322 [Eureka-EvictionTimer] INFO  c.n.e.r.AbstractInstanceRegistry - Running the evict task with compensationTime 0ms
2023-08-25 17:45:26.322 [Eureka-EvictionTimer] INFO  c.n.e.r.AbstractInstanceRegistry - Running the evict task with compensationTime 0ms
2023-08-25 17:45:31.322 [Eureka-EvictionTimer] INFO  c.n.e.r.AbstractInstanceRegistry - Running the evict task with compensationTime 0ms
2023-08-25 17:45:36.322 [Eureka-EvictionTimer] INFO  c.n.e.r.AbstractInstanceRegistry - Running the evict task with compensationTime 0ms
2023-08-25 17:45:41.322 [Eureka-EvictionTimer] INFO  c.n.e.r.AbstractInstanceRegistry - Running the evict task with compensationTime 0ms
2023-08-25 17:45:46.322 [Eureka-EvictionTimer] INFO  c.n.e.r.AbstractInstanceRegistry - Running the evict task with compensationTime 0ms
2023-08-25 17:45:51.322 [Eureka-EvictionTimer] INFO  c.n.e.r.AbstractInstanceRegistry - Running the evict task with compensationTime 0ms
2023-08-25 17:45:56.322 [Eureka-EvictionTimer] INFO  c.n.e.r.AbstractInstanceRegistry - Running the evict task with compensationTime 0ms
2023-08-25 17:46:01.322 [Eureka-EvictionTimer] INFO  c.n.e.r.AbstractInstanceRegistry - Running the evict task with compensationTime 0ms
2023-08-25 17:46:06.322 [Eureka-EvictionTimer] INFO  c.n.e.r.AbstractInstanceRegistry - Running the evict task with compensationTime 0ms
2023-08-25 17:46:11.322 [Eureka-EvictionTimer] INFO  c.n.e.r.AbstractInstanceRegistry - Running the evict task with compensationTime 0ms
2023-08-25 17:46:16.322 [Eureka-EvictionTimer] INFO  c.n.e.r.AbstractInstanceRegistry - Running the evict task with compensationTime 0ms
2023-08-25 17:46:21.322 [Eureka-EvictionTimer] INFO  c.n.e.r.AbstractInstanceRegistry - Running the evict task with compensationTime 0ms
2023-08-25 17:46:26.322 [Eureka-EvictionTimer] INFO  c.n.e.r.AbstractInstanceRegistry - Running the evict task with compensationTime 0ms
2023-08-25 17:46:31.322 [Eureka-EvictionTimer] INFO  c.n.e.r.AbstractInstanceRegistry - Running the evict task with compensationTime 0ms
2023-08-25 17:46:36.322 [Eureka-EvictionTimer] INFO  c.n.e.r.AbstractInstanceRegistry - Running the evict task with compensationTime 0ms
2023-08-25 17:46:41.322 [Eureka-EvictionTimer] INFO  c.n.e.r.AbstractInstanceRegistry - Running the evict task with compensationTime 0ms
2023-08-25 17:46:46.322 [Eureka-EvictionTimer] INFO  c.n.e.r.AbstractInstanceRegistry - Running the evict task with compensationTime 0ms
2023-08-25 17:46:51.322 [Eureka-EvictionTimer] INFO  c.n.e.r.AbstractInstanceRegistry - Running the evict task with compensationTime 0ms
2023-08-25 17:46:56.322 [Eureka-EvictionTimer] INFO  c.n.e.r.AbstractInstanceRegistry - Running the evict task with compensationTime 0ms
2023-08-25 17:47:01.322 [Eureka-EvictionTimer] INFO  c.n.e.r.AbstractInstanceRegistry - Running the evict task with compensationTime 0ms
2023-08-25 17:47:06.322 [Eureka-EvictionTimer] INFO  c.n.e.r.AbstractInstanceRegistry - Running the evict task with compensationTime 0ms
2023-08-25 17:47:11.322 [Eureka-EvictionTimer] INFO  c.n.e.r.AbstractInstanceRegistry - Running the evict task with compensationTime 0ms
2023-08-25 17:47:16.322 [Eureka-EvictionTimer] INFO  c.n.e.r.AbstractInstanceRegistry - Running the evict task with compensationTime 0ms
2023-08-25 17:47:21.322 [Eureka-EvictionTimer] INFO  c.n.e.r.AbstractInstanceRegistry - Running the evict task with compensationTime 0ms
2023-08-25 17:47:26.322 [Eureka-EvictionTimer] INFO  c.n.e.r.AbstractInstanceRegistry - Running the evict task with compensationTime 0ms
2023-08-25 17:47:31.322 [Eureka-EvictionTimer] INFO  c.n.e.r.AbstractInstanceRegistry - Running the evict task with compensationTime 0ms
2023-08-25 17:47:36.322 [Eureka-EvictionTimer] INFO  c.n.e.r.AbstractInstanceRegistry - Running the evict task with compensationTime 0ms
2023-08-25 17:47:41.322 [Eureka-EvictionTimer] INFO  c.n.e.r.AbstractInstanceRegistry - Running the evict task with compensationTime 0ms
2023-08-25 17:47:46.322 [Eureka-EvictionTimer] INFO  c.n.e.r.AbstractInstanceRegistry - Running the evict task with compensationTime 0ms
2023-08-25 17:47:51.322 [Eureka-EvictionTimer] INFO  c.n.e.r.AbstractInstanceRegistry - Running the evict task with compensationTime 0ms
2023-08-25 17:47:56.322 [Eureka-EvictionTimer] INFO  c.n.e.r.AbstractInstanceRegistry - Running the evict task with compensationTime 0ms
2023-08-25 17:48:01.322 [Eureka-EvictionTimer] INFO  c.n.e.r.AbstractInstanceRegistry - Running the evict task with compensationTime 0ms
2023-08-25 17:48:06.322 [Eureka-EvictionTimer] INFO  c.n.e.r.AbstractInstanceRegistry - Running the evict task with compensationTime 0ms
2023-08-25 17:48:11.322 [Eureka-EvictionTimer] INFO  c.n.e.r.AbstractInstanceRegistry - Running the evict task with compensationTime 0ms
2023-08-25 17:48:16.322 [Eureka-EvictionTimer] INFO  c.n.e.r.AbstractInstanceRegistry - Running the evict task with compensationTime 0ms
2023-08-25 17:48:21.322 [Eureka-EvictionTimer] INFO  c.n.e.r.AbstractInstanceRegistry - Running the evict task with compensationTime 0ms
2023-08-25 17:48:26.322 [Eureka-EvictionTimer] INFO  c.n.e.r.AbstractInstanceRegistry - Running the evict task with compensationTime 0ms
2023-08-25 17:48:31.322 [Eureka-EvictionTimer] INFO  c.n.e.r.AbstractInstanceRegistry - Running the evict task with compensationTime 0ms
2023-08-25 17:48:36.322 [Eureka-EvictionTimer] INFO  c.n.e.r.AbstractInstanceRegistry - Running the evict task with compensationTime 0ms
2023-08-25 17:48:41.322 [Eureka-EvictionTimer] INFO  c.n.e.r.AbstractInstanceRegistry - Running the evict task with compensationTime 0ms
2023-08-25 17:48:46.322 [Eureka-EvictionTimer] INFO  c.n.e.r.AbstractInstanceRegistry - Running the evict task with compensationTime 0ms
2023-08-25 17:48:51.322 [Eureka-EvictionTimer] INFO  c.n.e.r.AbstractInstanceRegistry - Running the evict task with compensationTime 0ms
2023-08-25 17:48:56.322 [Eureka-EvictionTimer] INFO  c.n.e.r.AbstractInstanceRegistry - Running the evict task with compensationTime 0ms
2023-08-25 17:49:01.322 [Eureka-EvictionTimer] INFO  c.n.e.r.AbstractInstanceRegistry - Running the evict task with compensationTime 0ms
2023-08-25 17:49:06.322 [Eureka-EvictionTimer] INFO  c.n.e.r.AbstractInstanceRegistry - Running the evict task with compensationTime 0ms
2023-08-25 17:49:11.322 [Eureka-EvictionTimer] INFO  c.n.e.r.AbstractInstanceRegistry - Running the evict task with compensationTime 0ms
2023-08-25 17:49:16.322 [Eureka-EvictionTimer] INFO  c.n.e.r.AbstractInstanceRegistry - Running the evict task with compensationTime 0ms
2023-08-25 17:49:21.322 [Eureka-EvictionTimer] INFO  c.n.e.r.AbstractInstanceRegistry - Running the evict task with compensationTime 0ms
2023-08-25 17:49:26.322 [Eureka-EvictionTimer] INFO  c.n.e.r.AbstractInstanceRegistry - Running the evict task with compensationTime 0ms
2023-08-25 17:49:31.322 [Eureka-EvictionTimer] INFO  c.n.e.r.AbstractInstanceRegistry - Running the evict task with compensationTime 0ms
2023-08-25 17:49:36.322 [Eureka-EvictionTimer] INFO  c.n.e.r.AbstractInstanceRegistry - Running the evict task with compensationTime 0ms
2023-08-25 17:49:41.322 [Eureka-EvictionTimer] INFO  c.n.e.r.AbstractInstanceRegistry - Running the evict task with compensationTime 0ms
2023-08-25 17:49:46.322 [Eureka-EvictionTimer] INFO  c.n.e.r.AbstractInstanceRegistry - Running the evict task with compensationTime 0ms
2023-08-25 17:49:51.322 [Eureka-EvictionTimer] INFO  c.n.e.r.AbstractInstanceRegistry - Running the evict task with compensationTime 0ms
2023-08-25 17:49:56.322 [Eureka-EvictionTimer] INFO  c.n.e.r.AbstractInstanceRegistry - Running the evict task with compensationTime 0ms
2023-08-25 17:50:00.853 [ReplicaAwareInstanceRegistry - RenewalThresholdUpdater] INFO  c.n.e.r.PeerAwareInstanceRegistryImpl - Current renewal threshold is : 0
2023-08-25 17:50:01.322 [Eureka-EvictionTimer] INFO  c.n.e.r.AbstractInstanceRegistry - Running the evict task with compensationTime 0ms
2023-08-25 17:50:06.322 [Eureka-EvictionTimer] INFO  c.n.e.r.AbstractInstanceRegistry - Running the evict task with compensationTime 0ms
2023-08-25 17:50:11.322 [Eureka-EvictionTimer] INFO  c.n.e.r.AbstractInstanceRegistry - Running the evict task with compensationTime 0ms
2023-08-25 17:50:16.322 [Eureka-EvictionTimer] INFO  c.n.e.r.AbstractInstanceRegistry - Running the evict task with compensationTime 0ms
2023-08-25 17:50:21.322 [Eureka-EvictionTimer] INFO  c.n.e.r.AbstractInstanceRegistry - Running the evict task with compensationTime 0ms
2023-08-25 17:50:26.322 [Eureka-EvictionTimer] INFO  c.n.e.r.AbstractInstanceRegistry - Running the evict task with compensationTime 0ms
2023-08-25 17:50:31.322 [Eureka-EvictionTimer] INFO  c.n.e.r.AbstractInstanceRegistry - Running the evict task with compensationTime 0ms
2023-08-25 17:50:36.322 [Eureka-EvictionTimer] INFO  c.n.e.r.AbstractInstanceRegistry - Running the evict task with compensationTime 0ms
2023-08-25 17:50:41.322 [Eureka-EvictionTimer] INFO  c.n.e.r.AbstractInstanceRegistry - Running the evict task with compensationTime 0ms
2023-08-25 17:50:46.322 [Eureka-EvictionTimer] INFO  c.n.e.r.AbstractInstanceRegistry - Running the evict task with compensationTime 0ms
2023-08-25 17:50:51.322 [Eureka-EvictionTimer] INFO  c.n.e.r.AbstractInstanceRegistry - Running the evict task with compensationTime 0ms
2023-08-25 17:50:56.322 [Eureka-EvictionTimer] INFO  c.n.e.r.AbstractInstanceRegistry - Running the evict task with compensationTime 0ms
2023-08-25 17:51:01.322 [Eureka-EvictionTimer] INFO  c.n.e.r.AbstractInstanceRegistry - Running the evict task with compensationTime 0ms
2023-08-25 17:51:06.322 [Eureka-EvictionTimer] INFO  c.n.e.r.AbstractInstanceRegistry - Running the evict task with compensationTime 0ms
2023-08-25 17:51:11.322 [Eureka-EvictionTimer] INFO  c.n.e.r.AbstractInstanceRegistry - Running the evict task with compensationTime 0ms
2023-08-25 17:51:16.322 [Eureka-EvictionTimer] INFO  c.n.e.r.AbstractInstanceRegistry - Running the evict task with compensationTime 0ms
2023-08-25 17:51:21.322 [Eureka-EvictionTimer] INFO  c.n.e.r.AbstractInstanceRegistry - Running the evict task with compensationTime 0ms
2023-08-25 17:51:26.322 [Eureka-EvictionTimer] INFO  c.n.e.r.AbstractInstanceRegistry - Running the evict task with compensationTime 0ms
2023-08-25 17:51:31.322 [Eureka-EvictionTimer] INFO  c.n.e.r.AbstractInstanceRegistry - Running the evict task with compensationTime 0ms
2023-08-25 17:51:36.322 [Eureka-EvictionTimer] INFO  c.n.e.r.AbstractInstanceRegistry - Running the evict task with compensationTime 0ms
2023-08-25 17:51:41.322 [Eureka-EvictionTimer] INFO  c.n.e.r.AbstractInstanceRegistry - Running the evict task with compensationTime 0ms
2023-08-25 17:51:46.322 [Eureka-EvictionTimer] INFO  c.n.e.r.AbstractInstanceRegistry - Running the evict task with compensationTime 0ms
2023-08-25 17:51:51.322 [Eureka-EvictionTimer] INFO  c.n.e.r.AbstractInstanceRegistry - Running the evict task with compensationTime 0ms
2023-08-25 17:51:56.322 [Eureka-EvictionTimer] INFO  c.n.e.r.AbstractInstanceRegistry - Running the evict task with compensationTime 0ms
2023-08-25 17:52:01.322 [Eureka-EvictionTimer] INFO  c.n.e.r.AbstractInstanceRegistry - Running the evict task with compensationTime 0ms
2023-08-25 17:52:06.322 [Eureka-EvictionTimer] INFO  c.n.e.r.AbstractInstanceRegistry - Running the evict task with compensationTime 0ms
2023-08-25 17:52:11.322 [Eureka-EvictionTimer] INFO  c.n.e.r.AbstractInstanceRegistry - Running the evict task with compensationTime 0ms
2023-08-25 17:52:16.322 [Eureka-EvictionTimer] INFO  c.n.e.r.AbstractInstanceRegistry - Running the evict task with compensationTime 0ms
2023-08-25 17:52:21.322 [Eureka-EvictionTimer] INFO  c.n.e.r.AbstractInstanceRegistry - Running the evict task with compensationTime 0ms
2023-08-25 17:52:26.322 [Eureka-EvictionTimer] INFO  c.n.e.r.AbstractInstanceRegistry - Running the evict task with compensationTime 0ms
2023-08-25 17:52:31.322 [Eureka-EvictionTimer] INFO  c.n.e.r.AbstractInstanceRegistry - Running the evict task with compensationTime 0ms
2023-08-25 17:52:36.322 [Eureka-EvictionTimer] INFO  c.n.e.r.AbstractInstanceRegistry - Running the evict task with compensationTime 0ms
2023-08-25 17:52:41.322 [Eureka-EvictionTimer] INFO  c.n.e.r.AbstractInstanceRegistry - Running the evict task with compensationTime 0ms
2023-08-25 17:52:46.322 [Eureka-EvictionTimer] INFO  c.n.e.r.AbstractInstanceRegistry - Running the evict task with compensationTime 0ms
2023-08-25 17:52:51.322 [Eureka-EvictionTimer] INFO  c.n.e.r.AbstractInstanceRegistry - Running the evict task with compensationTime 0ms
2023-08-25 17:52:56.322 [Eureka-EvictionTimer] INFO  c.n.e.r.AbstractInstanceRegistry - Running the evict task with compensationTime 0ms
2023-08-25 17:53:01.322 [Eureka-EvictionTimer] INFO  c.n.e.r.AbstractInstanceRegistry - Running the evict task with compensationTime 0ms
2023-08-25 17:53:06.322 [Eureka-EvictionTimer] INFO  c.n.e.r.AbstractInstanceRegistry - Running the evict task with compensationTime 0ms
2023-08-25 17:53:11.322 [Eureka-EvictionTimer] INFO  c.n.e.r.AbstractInstanceRegistry - Running the evict task with compensationTime 0ms
2023-08-25 17:53:16.322 [Eureka-EvictionTimer] INFO  c.n.e.r.AbstractInstanceRegistry - Running the evict task with compensationTime 0ms
2023-08-25 17:53:21.322 [Eureka-EvictionTimer] INFO  c.n.e.r.AbstractInstanceRegistry - Running the evict task with compensationTime 0ms
2023-08-25 17:53:26.322 [Eureka-EvictionTimer] INFO  c.n.e.r.AbstractInstanceRegistry - Running the evict task with compensationTime 0ms
2023-08-25 17:53:31.322 [Eureka-EvictionTimer] INFO  c.n.e.r.AbstractInstanceRegistry - Running the evict task with compensationTime 0ms
2023-08-25 17:53:36.322 [Eureka-EvictionTimer] INFO  c.n.e.r.AbstractInstanceRegistry - Running the evict task with compensationTime 0ms
2023-08-25 17:53:41.322 [Eureka-EvictionTimer] INFO  c.n.e.r.AbstractInstanceRegistry - Running the evict task with compensationTime 0ms
2023-08-25 17:53:46.322 [Eureka-EvictionTimer] INFO  c.n.e.r.AbstractInstanceRegistry - Running the evict task with compensationTime 0ms
2023-08-25 17:53:51.322 [Eureka-EvictionTimer] INFO  c.n.e.r.AbstractInstanceRegistry - Running the evict task with compensationTime 0ms
2023-08-25 17:53:56.322 [Eureka-EvictionTimer] INFO  c.n.e.r.AbstractInstanceRegistry - Running the evict task with compensationTime 0ms
2023-08-25 17:54:01.322 [Eureka-EvictionTimer] INFO  c.n.e.r.AbstractInstanceRegistry - Running the evict task with compensationTime 0ms
2023-08-25 17:54:06.322 [Eureka-EvictionTimer] INFO  c.n.e.r.AbstractInstanceRegistry - Running the evict task with compensationTime 0ms
2023-08-25 17:54:11.322 [Eureka-EvictionTimer] INFO  c.n.e.r.AbstractInstanceRegistry - Running the evict task with compensationTime 0ms
2023-08-25 17:54:16.322 [Eureka-EvictionTimer] INFO  c.n.e.r.AbstractInstanceRegistry - Running the evict task with compensationTime 0ms
2023-08-25 17:54:21.322 [Eureka-EvictionTimer] INFO  c.n.e.r.AbstractInstanceRegistry - Running the evict task with compensationTime 0ms
2023-08-25 17:54:26.322 [Eureka-EvictionTimer] INFO  c.n.e.r.AbstractInstanceRegistry - Running the evict task with compensationTime 0ms
2023-08-25 17:54:31.322 [Eureka-EvictionTimer] INFO  c.n.e.r.AbstractInstanceRegistry - Running the evict task with compensationTime 0ms
2023-08-25 17:54:36.322 [Eureka-EvictionTimer] INFO  c.n.e.r.AbstractInstanceRegistry - Running the evict task with compensationTime 0ms
2023-08-25 17:54:41.322 [Eureka-EvictionTimer] INFO  c.n.e.r.AbstractInstanceRegistry - Running the evict task with compensationTime 0ms
2023-08-25 17:54:46.322 [Eureka-EvictionTimer] INFO  c.n.e.r.AbstractInstanceRegistry - Running the evict task with compensationTime 0ms
2023-08-25 17:54:51.322 [Eureka-EvictionTimer] INFO  c.n.e.r.AbstractInstanceRegistry - Running the evict task with compensationTime 0ms
2023-08-25 17:54:56.322 [Eureka-EvictionTimer] INFO  c.n.e.r.AbstractInstanceRegistry - Running the evict task with compensationTime 0ms
2023-08-25 17:55:01.322 [Eureka-EvictionTimer] INFO  c.n.e.r.AbstractInstanceRegistry - Running the evict task with compensationTime 0ms
2023-08-25 17:55:06.322 [Eureka-EvictionTimer] INFO  c.n.e.r.AbstractInstanceRegistry - Running the evict task with compensationTime 0ms
2023-08-25 17:55:11.322 [Eureka-EvictionTimer] INFO  c.n.e.r.AbstractInstanceRegistry - Running the evict task with compensationTime 0ms
2023-08-25 17:55:16.322 [Eureka-EvictionTimer] INFO  c.n.e.r.AbstractInstanceRegistry - Running the evict task with compensationTime 0ms
2023-08-25 17:55:21.322 [Eureka-EvictionTimer] INFO  c.n.e.r.AbstractInstanceRegistry - Running the evict task with compensationTime 0ms
2023-08-25 17:55:26.322 [Eureka-EvictionTimer] INFO  c.n.e.r.AbstractInstanceRegistry - Running the evict task with compensationTime 0ms
2023-08-25 17:55:31.322 [Eureka-EvictionTimer] INFO  c.n.e.r.AbstractInstanceRegistry - Running the evict task with compensationTime 0ms
2023-08-25 17:55:36.322 [Eureka-EvictionTimer] INFO  c.n.e.r.AbstractInstanceRegistry - Running the evict task with compensationTime 0ms
2023-08-25 17:55:41.322 [Eureka-EvictionTimer] INFO  c.n.e.r.AbstractInstanceRegistry - Running the evict task with compensationTime 0ms
2023-08-25 17:55:46.322 [Eureka-EvictionTimer] INFO  c.n.e.r.AbstractInstanceRegistry - Running the evict task with compensationTime 0ms
2023-08-25 17:55:51.322 [Eureka-EvictionTimer] INFO  c.n.e.r.AbstractInstanceRegistry - Running the evict task with compensationTime 0ms
2023-08-25 17:55:56.322 [Eureka-EvictionTimer] INFO  c.n.e.r.AbstractInstanceRegistry - Running the evict task with compensationTime 0ms
2023-08-25 17:56:01.322 [Eureka-EvictionTimer] INFO  c.n.e.r.AbstractInstanceRegistry - Running the evict task with compensationTime 0ms
2023-08-25 17:56:06.322 [Eureka-EvictionTimer] INFO  c.n.e.r.AbstractInstanceRegistry - Running the evict task with compensationTime 0ms
2023-08-25 17:56:11.322 [Eureka-EvictionTimer] INFO  c.n.e.r.AbstractInstanceRegistry - Running the evict task with compensationTime 0ms
2023-08-25 17:56:16.322 [Eureka-EvictionTimer] INFO  c.n.e.r.AbstractInstanceRegistry - Running the evict task with compensationTime 0ms
2023-08-25 17:56:21.322 [Eureka-EvictionTimer] INFO  c.n.e.r.AbstractInstanceRegistry - Running the evict task with compensationTime 0ms
2023-08-25 17:56:26.322 [Eureka-EvictionTimer] INFO  c.n.e.r.AbstractInstanceRegistry - Running the evict task with compensationTime 0ms
2023-08-25 17:56:31.322 [Eureka-EvictionTimer] INFO  c.n.e.r.AbstractInstanceRegistry - Running the evict task with compensationTime 0ms
2023-08-25 17:56:36.322 [Eureka-EvictionTimer] INFO  c.n.e.r.AbstractInstanceRegistry - Running the evict task with compensationTime 0ms
2023-08-25 17:56:41.322 [Eureka-EvictionTimer] INFO  c.n.e.r.AbstractInstanceRegistry - Running the evict task with compensationTime 0ms
2023-08-25 17:56:46.322 [Eureka-EvictionTimer] INFO  c.n.e.r.AbstractInstanceRegistry - Running the evict task with compensationTime 0ms
2023-08-25 17:56:51.322 [Eureka-EvictionTimer] INFO  c.n.e.r.AbstractInstanceRegistry - Running the evict task with compensationTime 0ms
2023-08-25 17:56:56.322 [Eureka-EvictionTimer] INFO  c.n.e.r.AbstractInstanceRegistry - Running the evict task with compensationTime 0ms
2023-08-25 17:57:01.322 [Eureka-EvictionTimer] INFO  c.n.e.r.AbstractInstanceRegistry - Running the evict task with compensationTime 0ms
2023-08-25 17:57:06.322 [Eureka-EvictionTimer] INFO  c.n.e.r.AbstractInstanceRegistry - Running the evict task with compensationTime 0ms
2023-08-25 17:57:11.322 [Eureka-EvictionTimer] INFO  c.n.e.r.AbstractInstanceRegistry - Running the evict task with compensationTime 0ms
2023-08-25 17:57:16.322 [Eureka-EvictionTimer] INFO  c.n.e.r.AbstractInstanceRegistry - Running the evict task with compensationTime 0ms
2023-08-25 17:57:21.322 [Eureka-EvictionTimer] INFO  c.n.e.r.AbstractInstanceRegistry - Running the evict task with compensationTime 0ms
2023-08-25 17:57:26.322 [Eureka-EvictionTimer] INFO  c.n.e.r.AbstractInstanceRegistry - Running the evict task with compensationTime 0ms
2023-08-25 17:57:31.322 [Eureka-EvictionTimer] INFO  c.n.e.r.AbstractInstanceRegistry - Running the evict task with compensationTime 0ms
2023-08-25 17:57:36.322 [Eureka-EvictionTimer] INFO  c.n.e.r.AbstractInstanceRegistry - Running the evict task with compensationTime 0ms
2023-08-25 17:57:41.322 [Eureka-EvictionTimer] INFO  c.n.e.r.AbstractInstanceRegistry - Running the evict task with compensationTime 0ms
2023-08-25 17:57:46.322 [Eureka-EvictionTimer] INFO  c.n.e.r.AbstractInstanceRegistry - Running the evict task with compensationTime 0ms
2023-08-25 17:57:51.322 [Eureka-EvictionTimer] INFO  c.n.e.r.AbstractInstanceRegistry - Running the evict task with compensationTime 0ms
2023-08-25 17:57:56.322 [Eureka-EvictionTimer] INFO  c.n.e.r.AbstractInstanceRegistry - Running the evict task with compensationTime 0ms
2023-08-25 17:58:01.322 [Eureka-EvictionTimer] INFO  c.n.e.r.AbstractInstanceRegistry - Running the evict task with compensationTime 0ms
2023-08-25 17:58:06.322 [Eureka-EvictionTimer] INFO  c.n.e.r.AbstractInstanceRegistry - Running the evict task with compensationTime 0ms
2023-08-25 17:58:11.322 [Eureka-EvictionTimer] INFO  c.n.e.r.AbstractInstanceRegistry - Running the evict task with compensationTime 0ms
2023-08-25 17:58:16.322 [Eureka-EvictionTimer] INFO  c.n.e.r.AbstractInstanceRegistry - Running the evict task with compensationTime 0ms
2023-08-25 17:58:21.322 [Eureka-EvictionTimer] INFO  c.n.e.r.AbstractInstanceRegistry - Running the evict task with compensationTime 0ms
2023-08-25 17:58:26.322 [Eureka-EvictionTimer] INFO  c.n.e.r.AbstractInstanceRegistry - Running the evict task with compensationTime 0ms
2023-08-25 17:58:31.322 [Eureka-EvictionTimer] INFO  c.n.e.r.AbstractInstanceRegistry - Running the evict task with compensationTime 0ms
2023-08-25 17:58:36.322 [Eureka-EvictionTimer] INFO  c.n.e.r.AbstractInstanceRegistry - Running the evict task with compensationTime 0ms
2023-08-25 17:58:41.322 [Eureka-EvictionTimer] INFO  c.n.e.r.AbstractInstanceRegistry - Running the evict task with compensationTime 0ms
2023-08-25 17:58:46.322 [Eureka-EvictionTimer] INFO  c.n.e.r.AbstractInstanceRegistry - Running the evict task with compensationTime 0ms
2023-08-25 17:58:51.322 [Eureka-EvictionTimer] INFO  c.n.e.r.AbstractInstanceRegistry - Running the evict task with compensationTime 0ms
2023-08-25 17:58:56.322 [Eureka-EvictionTimer] INFO  c.n.e.r.AbstractInstanceRegistry - Running the evict task with compensationTime 0ms
2023-08-25 17:59:01.322 [Eureka-EvictionTimer] INFO  c.n.e.r.AbstractInstanceRegistry - Running the evict task with compensationTime 0ms
2023-08-25 17:59:06.322 [Eureka-EvictionTimer] INFO  c.n.e.r.AbstractInstanceRegistry - Running the evict task with compensationTime 0ms
2023-08-25 17:59:11.322 [Eureka-EvictionTimer] INFO  c.n.e.r.AbstractInstanceRegistry - Running the evict task with compensationTime 0ms
2023-08-25 17:59:16.322 [Eureka-EvictionTimer] INFO  c.n.e.r.AbstractInstanceRegistry - Running the evict task with compensationTime 0ms
2023-08-25 17:59:21.322 [Eureka-EvictionTimer] INFO  c.n.e.r.AbstractInstanceRegistry - Running the evict task with compensationTime 0ms
2023-08-25 17:59:26.322 [Eureka-EvictionTimer] INFO  c.n.e.r.AbstractInstanceRegistry - Running the evict task with compensationTime 0ms
2023-08-25 17:59:31.322 [Eureka-EvictionTimer] INFO  c.n.e.r.AbstractInstanceRegistry - Running the evict task with compensationTime 0ms
2023-08-25 17:59:36.322 [Eureka-EvictionTimer] INFO  c.n.e.r.AbstractInstanceRegistry - Running the evict task with compensationTime 0ms
2023-08-25 17:59:41.322 [Eureka-EvictionTimer] INFO  c.n.e.r.AbstractInstanceRegistry - Running the evict task with compensationTime 0ms
2023-08-25 17:59:46.322 [Eureka-EvictionTimer] INFO  c.n.e.r.AbstractInstanceRegistry - Running the evict task with compensationTime 0ms
2023-08-25 17:59:51.322 [Eureka-EvictionTimer] INFO  c.n.e.r.AbstractInstanceRegistry - Running the evict task with compensationTime 0ms
2023-08-25 17:59:56.322 [Eureka-EvictionTimer] INFO  c.n.e.r.AbstractInstanceRegistry - Running the evict task with compensationTime 0ms
2023-08-25 18:00:01.322 [Eureka-EvictionTimer] INFO  c.n.e.r.AbstractInstanceRegistry - Running the evict task with compensationTime 0ms
2023-08-25 18:00:06.322 [Eureka-EvictionTimer] INFO  c.n.e.r.AbstractInstanceRegistry - Running the evict task with compensationTime 0ms
2023-08-25 18:00:11.322 [Eureka-EvictionTimer] INFO  c.n.e.r.AbstractInstanceRegistry - Running the evict task with compensationTime 0ms
2023-08-25 18:00:16.322 [Eureka-EvictionTimer] INFO  c.n.e.r.AbstractInstanceRegistry - Running the evict task with compensationTime 0ms
2023-08-25 18:00:21.322 [Eureka-EvictionTimer] INFO  c.n.e.r.AbstractInstanceRegistry - Running the evict task with compensationTime 0ms
2023-08-25 18:00:26.322 [Eureka-EvictionTimer] INFO  c.n.e.r.AbstractInstanceRegistry - Running the evict task with compensationTime 0ms
2023-08-25 18:00:31.322 [Eureka-EvictionTimer] INFO  c.n.e.r.AbstractInstanceRegistry - Running the evict task with compensationTime 0ms
2023-08-25 18:00:36.322 [Eureka-EvictionTimer] INFO  c.n.e.r.AbstractInstanceRegistry - Running the evict task with compensationTime 0ms
2023-08-25 18:00:41.322 [Eureka-EvictionTimer] INFO  c.n.e.r.AbstractInstanceRegistry - Running the evict task with compensationTime 0ms
2023-08-25 18:00:46.322 [Eureka-EvictionTimer] INFO  c.n.e.r.AbstractInstanceRegistry - Running the evict task with compensationTime 0ms
2023-08-25 18:00:51.322 [Eureka-EvictionTimer] INFO  c.n.e.r.AbstractInstanceRegistry - Running the evict task with compensationTime 0ms
2023-08-25 18:00:56.322 [Eureka-EvictionTimer] INFO  c.n.e.r.AbstractInstanceRegistry - Running the evict task with compensationTime 0ms
2023-08-25 18:01:01.322 [Eureka-EvictionTimer] INFO  c.n.e.r.AbstractInstanceRegistry - Running the evict task with compensationTime 0ms
2023-08-25 18:01:06.322 [Eureka-EvictionTimer] INFO  c.n.e.r.AbstractInstanceRegistry - Running the evict task with compensationTime 0ms
2023-08-25 18:01:11.322 [Eureka-EvictionTimer] INFO  c.n.e.r.AbstractInstanceRegistry - Running the evict task with compensationTime 0ms
2023-08-25 18:01:16.322 [Eureka-EvictionTimer] INFO  c.n.e.r.AbstractInstanceRegistry - Running the evict task with compensationTime 0ms
2023-08-25 18:01:21.322 [Eureka-EvictionTimer] INFO  c.n.e.r.AbstractInstanceRegistry - Running the evict task with compensationTime 0ms
2023-08-25 18:01:26.322 [Eureka-EvictionTimer] INFO  c.n.e.r.AbstractInstanceRegistry - Running the evict task with compensationTime 0ms
2023-08-25 18:01:31.322 [Eureka-EvictionTimer] INFO  c.n.e.r.AbstractInstanceRegistry - Running the evict task with compensationTime 0ms
2023-08-25 18:01:36.322 [Eureka-EvictionTimer] INFO  c.n.e.r.AbstractInstanceRegistry - Running the evict task with compensationTime 0ms
2023-08-25 18:01:41.322 [Eureka-EvictionTimer] INFO  c.n.e.r.AbstractInstanceRegistry - Running the evict task with compensationTime 0ms
2023-08-25 18:01:46.322 [Eureka-EvictionTimer] INFO  c.n.e.r.AbstractInstanceRegistry - Running the evict task with compensationTime 0ms
2023-08-25 18:01:51.322 [Eureka-EvictionTimer] INFO  c.n.e.r.AbstractInstanceRegistry - Running the evict task with compensationTime 0ms
2023-08-25 18:01:56.322 [Eureka-EvictionTimer] INFO  c.n.e.r.AbstractInstanceRegistry - Running the evict task with compensationTime 0ms
2023-08-25 18:02:01.322 [Eureka-EvictionTimer] INFO  c.n.e.r.AbstractInstanceRegistry - Running the evict task with compensationTime 0ms
2023-08-25 18:02:06.322 [Eureka-EvictionTimer] INFO  c.n.e.r.AbstractInstanceRegistry - Running the evict task with compensationTime 0ms
2023-08-25 18:02:11.322 [Eureka-EvictionTimer] INFO  c.n.e.r.AbstractInstanceRegistry - Running the evict task with compensationTime 0ms
2023-08-25 18:02:16.322 [Eureka-EvictionTimer] INFO  c.n.e.r.AbstractInstanceRegistry - Running the evict task with compensationTime 0ms
2023-08-25 18:02:21.322 [Eureka-EvictionTimer] INFO  c.n.e.r.AbstractInstanceRegistry - Running the evict task with compensationTime 0ms
2023-08-25 18:02:26.322 [Eureka-EvictionTimer] INFO  c.n.e.r.AbstractInstanceRegistry - Running the evict task with compensationTime 0ms
2023-08-25 18:02:31.322 [Eureka-EvictionTimer] INFO  c.n.e.r.AbstractInstanceRegistry - Running the evict task with compensationTime 0ms
2023-08-25 18:02:36.322 [Eureka-EvictionTimer] INFO  c.n.e.r.AbstractInstanceRegistry - Running the evict task with compensationTime 0ms
2023-08-25 18:02:41.322 [Eureka-EvictionTimer] INFO  c.n.e.r.AbstractInstanceRegistry - Running the evict task with compensationTime 0ms
2023-08-25 18:02:46.322 [Eureka-EvictionTimer] INFO  c.n.e.r.AbstractInstanceRegistry - Running the evict task with compensationTime 0ms
2023-08-25 18:02:51.322 [Eureka-EvictionTimer] INFO  c.n.e.r.AbstractInstanceRegistry - Running the evict task with compensationTime 0ms
2023-08-25 18:02:56.322 [Eureka-EvictionTimer] INFO  c.n.e.r.AbstractInstanceRegistry - Running the evict task with compensationTime 0ms
2023-08-25 18:03:01.322 [Eureka-EvictionTimer] INFO  c.n.e.r.AbstractInstanceRegistry - Running the evict task with compensationTime 0ms
2023-08-25 18:03:06.322 [Eureka-EvictionTimer] INFO  c.n.e.r.AbstractInstanceRegistry - Running the evict task with compensationTime 0ms
2023-08-25 18:03:11.322 [Eureka-EvictionTimer] INFO  c.n.e.r.AbstractInstanceRegistry - Running the evict task with compensationTime 0ms
2023-08-25 18:03:16.322 [Eureka-EvictionTimer] INFO  c.n.e.r.AbstractInstanceRegistry - Running the evict task with compensationTime 0ms
2023-08-25 18:03:21.322 [Eureka-EvictionTimer] INFO  c.n.e.r.AbstractInstanceRegistry - Running the evict task with compensationTime 0ms
2023-08-25 18:03:26.322 [Eureka-EvictionTimer] INFO  c.n.e.r.AbstractInstanceRegistry - Running the evict task with compensationTime 0ms
2023-08-25 18:03:31.322 [Eureka-EvictionTimer] INFO  c.n.e.r.AbstractInstanceRegistry - Running the evict task with compensationTime 0ms
2023-08-25 18:03:36.322 [Eureka-EvictionTimer] INFO  c.n.e.r.AbstractInstanceRegistry - Running the evict task with compensationTime 0ms
2023-08-25 18:03:41.322 [Eureka-EvictionTimer] INFO  c.n.e.r.AbstractInstanceRegistry - Running the evict task with compensationTime 0ms
2023-08-25 18:03:46.322 [Eureka-EvictionTimer] INFO  c.n.e.r.AbstractInstanceRegistry - Running the evict task with compensationTime 0ms
2023-08-25 18:03:51.322 [Eureka-EvictionTimer] INFO  c.n.e.r.AbstractInstanceRegistry - Running the evict task with compensationTime 0ms
2023-08-25 18:03:56.322 [Eureka-EvictionTimer] INFO  c.n.e.r.AbstractInstanceRegistry - Running the evict task with compensationTime 0ms
2023-08-25 18:04:01.322 [Eureka-EvictionTimer] INFO  c.n.e.r.AbstractInstanceRegistry - Running the evict task with compensationTime 0ms
2023-08-25 18:04:06.322 [Eureka-EvictionTimer] INFO  c.n.e.r.AbstractInstanceRegistry - Running the evict task with compensationTime 0ms
2023-08-25 18:04:11.322 [Eureka-EvictionTimer] INFO  c.n.e.r.AbstractInstanceRegistry - Running the evict task with compensationTime 0ms
2023-08-25 18:04:16.322 [Eureka-EvictionTimer] INFO  c.n.e.r.AbstractInstanceRegistry - Running the evict task with compensationTime 0ms
2023-08-25 18:04:21.322 [Eureka-EvictionTimer] INFO  c.n.e.r.AbstractInstanceRegistry - Running the evict task with compensationTime 0ms
2023-08-25 18:04:26.322 [Eureka-EvictionTimer] INFO  c.n.e.r.AbstractInstanceRegistry - Running the evict task with compensationTime 0ms
2023-08-25 18:04:31.322 [Eureka-EvictionTimer] INFO  c.n.e.r.AbstractInstanceRegistry - Running the evict task with compensationTime 0ms
2023-08-25 18:04:36.322 [Eureka-EvictionTimer] INFO  c.n.e.r.AbstractInstanceRegistry - Running the evict task with compensationTime 0ms
2023-08-25 18:04:41.322 [Eureka-EvictionTimer] INFO  c.n.e.r.AbstractInstanceRegistry - Running the evict task with compensationTime 0ms
2023-08-25 18:04:46.322 [Eureka-EvictionTimer] INFO  c.n.e.r.AbstractInstanceRegistry - Running the evict task with compensationTime 0ms
2023-08-25 18:04:51.322 [Eureka-EvictionTimer] INFO  c.n.e.r.AbstractInstanceRegistry - Running the evict task with compensationTime 0ms
2023-08-25 18:04:56.322 [Eureka-EvictionTimer] INFO  c.n.e.r.AbstractInstanceRegistry - Running the evict task with compensationTime 0ms
2023-08-25 18:05:00.853 [ReplicaAwareInstanceRegistry - RenewalThresholdUpdater] INFO  c.n.e.r.PeerAwareInstanceRegistryImpl - Current renewal threshold is : 0
2023-08-25 18:05:01.322 [Eureka-EvictionTimer] INFO  c.n.e.r.AbstractInstanceRegistry - Running the evict task with compensationTime 0ms
2023-08-25 18:05:06.322 [Eureka-EvictionTimer] INFO  c.n.e.r.AbstractInstanceRegistry - Running the evict task with compensationTime 0ms
2023-08-25 18:05:11.322 [Eureka-EvictionTimer] INFO  c.n.e.r.AbstractInstanceRegistry - Running the evict task with compensationTime 0ms
2023-08-25 18:05:16.322 [Eureka-EvictionTimer] INFO  c.n.e.r.AbstractInstanceRegistry - Running the evict task with compensationTime 0ms
2023-08-25 18:05:21.322 [Eureka-EvictionTimer] INFO  c.n.e.r.AbstractInstanceRegistry - Running the evict task with compensationTime 0ms
2023-08-25 18:05:26.322 [Eureka-EvictionTimer] INFO  c.n.e.r.AbstractInstanceRegistry - Running the evict task with compensationTime 0ms
2023-08-25 18:05:31.322 [Eureka-EvictionTimer] INFO  c.n.e.r.AbstractInstanceRegistry - Running the evict task with compensationTime 0ms
2023-08-25 18:05:36.322 [Eureka-EvictionTimer] INFO  c.n.e.r.AbstractInstanceRegistry - Running the evict task with compensationTime 0ms
2023-08-25 18:05:41.322 [Eureka-EvictionTimer] INFO  c.n.e.r.AbstractInstanceRegistry - Running the evict task with compensationTime 0ms
2023-08-25 18:05:46.322 [Eureka-EvictionTimer] INFO  c.n.e.r.AbstractInstanceRegistry - Running the evict task with compensationTime 0ms
2023-08-25 18:05:51.322 [Eureka-EvictionTimer] INFO  c.n.e.r.AbstractInstanceRegistry - Running the evict task with compensationTime 0ms
2023-08-25 18:05:56.322 [Eureka-EvictionTimer] INFO  c.n.e.r.AbstractInstanceRegistry - Running the evict task with compensationTime 0ms
2023-08-25 18:06:01.322 [Eureka-EvictionTimer] INFO  c.n.e.r.AbstractInstanceRegistry - Running the evict task with compensationTime 0ms
2023-08-25 18:06:06.322 [Eureka-EvictionTimer] INFO  c.n.e.r.AbstractInstanceRegistry - Running the evict task with compensationTime 0ms
2023-08-25 18:06:11.322 [Eureka-EvictionTimer] INFO  c.n.e.r.AbstractInstanceRegistry - Running the evict task with compensationTime 0ms
2023-08-25 18:06:16.322 [Eureka-EvictionTimer] INFO  c.n.e.r.AbstractInstanceRegistry - Running the evict task with compensationTime 0ms
2023-08-25 18:06:21.322 [Eureka-EvictionTimer] INFO  c.n.e.r.AbstractInstanceRegistry - Running the evict task with compensationTime 0ms
2023-08-25 18:06:26.322 [Eureka-EvictionTimer] INFO  c.n.e.r.AbstractInstanceRegistry - Running the evict task with compensationTime 0ms
2023-08-25 18:06:31.322 [Eureka-EvictionTimer] INFO  c.n.e.r.AbstractInstanceRegistry - Running the evict task with compensationTime 0ms
2023-08-25 18:06:36.322 [Eureka-EvictionTimer] INFO  c.n.e.r.AbstractInstanceRegistry - Running the evict task with compensationTime 0ms
2023-08-25 18:06:41.322 [Eureka-EvictionTimer] INFO  c.n.e.r.AbstractInstanceRegistry - Running the evict task with compensationTime 0ms
2023-08-25 18:06:46.322 [Eureka-EvictionTimer] INFO  c.n.e.r.AbstractInstanceRegistry - Running the evict task with compensationTime 0ms
2023-08-25 18:06:51.322 [Eureka-EvictionTimer] INFO  c.n.e.r.AbstractInstanceRegistry - Running the evict task with compensationTime 0ms
2023-08-25 18:06:56.322 [Eureka-EvictionTimer] INFO  c.n.e.r.AbstractInstanceRegistry - Running the evict task with compensationTime 0ms
2023-08-25 18:07:01.322 [Eureka-EvictionTimer] INFO  c.n.e.r.AbstractInstanceRegistry - Running the evict task with compensationTime 0ms
2023-08-25 18:07:06.322 [Eureka-EvictionTimer] INFO  c.n.e.r.AbstractInstanceRegistry - Running the evict task with compensationTime 0ms
2023-08-25 18:07:11.322 [Eureka-EvictionTimer] INFO  c.n.e.r.AbstractInstanceRegistry - Running the evict task with compensationTime 0ms
2023-08-25 18:07:16.322 [Eureka-EvictionTimer] INFO  c.n.e.r.AbstractInstanceRegistry - Running the evict task with compensationTime 0ms
2023-08-25 18:07:21.322 [Eureka-EvictionTimer] INFO  c.n.e.r.AbstractInstanceRegistry - Running the evict task with compensationTime 0ms
2023-08-25 18:07:26.322 [Eureka-EvictionTimer] INFO  c.n.e.r.AbstractInstanceRegistry - Running the evict task with compensationTime 0ms
2023-08-25 18:07:31.322 [Eureka-EvictionTimer] INFO  c.n.e.r.AbstractInstanceRegistry - Running the evict task with compensationTime 0ms
2023-08-25 18:07:36.322 [Eureka-EvictionTimer] INFO  c.n.e.r.AbstractInstanceRegistry - Running the evict task with compensationTime 0ms
2023-08-25 18:07:41.322 [Eureka-EvictionTimer] INFO  c.n.e.r.AbstractInstanceRegistry - Running the evict task with compensationTime 0ms
2023-08-25 18:07:46.322 [Eureka-EvictionTimer] INFO  c.n.e.r.AbstractInstanceRegistry - Running the evict task with compensationTime 0ms
2023-08-25 18:07:51.322 [Eureka-EvictionTimer] INFO  c.n.e.r.AbstractInstanceRegistry - Running the evict task with compensationTime 0ms
2023-08-25 18:07:56.322 [Eureka-EvictionTimer] INFO  c.n.e.r.AbstractInstanceRegistry - Running the evict task with compensationTime 0ms
2023-08-25 18:08:01.322 [Eureka-EvictionTimer] INFO  c.n.e.r.AbstractInstanceRegistry - Running the evict task with compensationTime 0ms
2023-08-25 18:08:06.322 [Eureka-EvictionTimer] INFO  c.n.e.r.AbstractInstanceRegistry - Running the evict task with compensationTime 0ms
2023-08-25 18:08:11.322 [Eureka-EvictionTimer] INFO  c.n.e.r.AbstractInstanceRegistry - Running the evict task with compensationTime 0ms
2023-08-25 18:08:16.322 [Eureka-EvictionTimer] INFO  c.n.e.r.AbstractInstanceRegistry - Running the evict task with compensationTime 0ms
2023-08-25 18:08:21.322 [Eureka-EvictionTimer] INFO  c.n.e.r.AbstractInstanceRegistry - Running the evict task with compensationTime 0ms
2023-08-25 18:08:26.322 [Eureka-EvictionTimer] INFO  c.n.e.r.AbstractInstanceRegistry - Running the evict task with compensationTime 0ms
2023-08-25 18:08:31.322 [Eureka-EvictionTimer] INFO  c.n.e.r.AbstractInstanceRegistry - Running the evict task with compensationTime 0ms
2023-08-25 18:08:36.322 [Eureka-EvictionTimer] INFO  c.n.e.r.AbstractInstanceRegistry - Running the evict task with compensationTime 0ms
2023-08-25 18:08:41.322 [Eureka-EvictionTimer] INFO  c.n.e.r.AbstractInstanceRegistry - Running the evict task with compensationTime 0ms
2023-08-25 18:08:46.322 [Eureka-EvictionTimer] INFO  c.n.e.r.AbstractInstanceRegistry - Running the evict task with compensationTime 0ms
2023-08-25 18:08:51.322 [Eureka-EvictionTimer] INFO  c.n.e.r.AbstractInstanceRegistry - Running the evict task with compensationTime 0ms
2023-08-25 18:08:56.322 [Eureka-EvictionTimer] INFO  c.n.e.r.AbstractInstanceRegistry - Running the evict task with compensationTime 0ms
2023-08-25 18:09:01.322 [Eureka-EvictionTimer] INFO  c.n.e.r.AbstractInstanceRegistry - Running the evict task with compensationTime 0ms
2023-08-25 18:09:06.322 [Eureka-EvictionTimer] INFO  c.n.e.r.AbstractInstanceRegistry - Running the evict task with compensationTime 0ms
2023-08-25 18:09:11.322 [Eureka-EvictionTimer] INFO  c.n.e.r.AbstractInstanceRegistry - Running the evict task with compensationTime 0ms
2023-08-25 18:09:16.322 [Eureka-EvictionTimer] INFO  c.n.e.r.AbstractInstanceRegistry - Running the evict task with compensationTime 0ms
2023-08-25 18:09:21.322 [Eureka-EvictionTimer] INFO  c.n.e.r.AbstractInstanceRegistry - Running the evict task with compensationTime 0ms
2023-08-25 18:09:26.322 [Eureka-EvictionTimer] INFO  c.n.e.r.AbstractInstanceRegistry - Running the evict task with compensationTime 0ms
2023-08-25 18:09:31.322 [Eureka-EvictionTimer] INFO  c.n.e.r.AbstractInstanceRegistry - Running the evict task with compensationTime 0ms
2023-08-25 18:09:36.322 [Eureka-EvictionTimer] INFO  c.n.e.r.AbstractInstanceRegistry - Running the evict task with compensationTime 0ms
2023-08-25 18:09:41.322 [Eureka-EvictionTimer] INFO  c.n.e.r.AbstractInstanceRegistry - Running the evict task with compensationTime 0ms
2023-08-25 18:09:46.322 [Eureka-EvictionTimer] INFO  c.n.e.r.AbstractInstanceRegistry - Running the evict task with compensationTime 0ms
2023-08-25 18:09:51.322 [Eureka-EvictionTimer] INFO  c.n.e.r.AbstractInstanceRegistry - Running the evict task with compensationTime 0ms
2023-08-25 18:09:56.322 [Eureka-EvictionTimer] INFO  c.n.e.r.AbstractInstanceRegistry - Running the evict task with compensationTime 0ms
2023-08-25 18:10:01.322 [Eureka-EvictionTimer] INFO  c.n.e.r.AbstractInstanceRegistry - Running the evict task with compensationTime 0ms
2023-08-25 18:10:06.322 [Eureka-EvictionTimer] INFO  c.n.e.r.AbstractInstanceRegistry - Running the evict task with compensationTime 0ms
2023-08-25 18:10:11.322 [Eureka-EvictionTimer] INFO  c.n.e.r.AbstractInstanceRegistry - Running the evict task with compensationTime 0ms
2023-08-25 18:10:16.322 [Eureka-EvictionTimer] INFO  c.n.e.r.AbstractInstanceRegistry - Running the evict task with compensationTime 0ms
2023-08-25 18:10:21.322 [Eureka-EvictionTimer] INFO  c.n.e.r.AbstractInstanceRegistry - Running the evict task with compensationTime 0ms
2023-08-25 18:10:26.322 [Eureka-EvictionTimer] INFO  c.n.e.r.AbstractInstanceRegistry - Running the evict task with compensationTime 0ms
2023-08-25 18:10:31.322 [Eureka-EvictionTimer] INFO  c.n.e.r.AbstractInstanceRegistry - Running the evict task with compensationTime 0ms
2023-08-25 18:10:36.322 [Eureka-EvictionTimer] INFO  c.n.e.r.AbstractInstanceRegistry - Running the evict task with compensationTime 0ms
2023-08-25 18:10:41.322 [Eureka-EvictionTimer] INFO  c.n.e.r.AbstractInstanceRegistry - Running the evict task with compensationTime 0ms
2023-08-25 18:10:46.322 [Eureka-EvictionTimer] INFO  c.n.e.r.AbstractInstanceRegistry - Running the evict task with compensationTime 0ms
2023-08-25 18:10:51.322 [Eureka-EvictionTimer] INFO  c.n.e.r.AbstractInstanceRegistry - Running the evict task with compensationTime 0ms
2023-08-25 18:10:56.322 [Eureka-EvictionTimer] INFO  c.n.e.r.AbstractInstanceRegistry - Running the evict task with compensationTime 0ms
2023-08-25 18:11:01.322 [Eureka-EvictionTimer] INFO  c.n.e.r.AbstractInstanceRegistry - Running the evict task with compensationTime 0ms
2023-08-25 18:11:06.322 [Eureka-EvictionTimer] INFO  c.n.e.r.AbstractInstanceRegistry - Running the evict task with compensationTime 0ms
2023-08-25 18:11:11.322 [Eureka-EvictionTimer] INFO  c.n.e.r.AbstractInstanceRegistry - Running the evict task with compensationTime 0ms
2023-08-25 18:11:16.322 [Eureka-EvictionTimer] INFO  c.n.e.r.AbstractInstanceRegistry - Running the evict task with compensationTime 0ms
2023-08-25 18:11:21.322 [Eureka-EvictionTimer] INFO  c.n.e.r.AbstractInstanceRegistry - Running the evict task with compensationTime 0ms
2023-08-25 18:11:26.322 [Eureka-EvictionTimer] INFO  c.n.e.r.AbstractInstanceRegistry - Running the evict task with compensationTime 0ms
2023-08-25 18:11:31.322 [Eureka-EvictionTimer] INFO  c.n.e.r.AbstractInstanceRegistry - Running the evict task with compensationTime 0ms
2023-08-25 18:11:36.322 [Eureka-EvictionTimer] INFO  c.n.e.r.AbstractInstanceRegistry - Running the evict task with compensationTime 0ms
2023-08-25 18:11:41.322 [Eureka-EvictionTimer] INFO  c.n.e.r.AbstractInstanceRegistry - Running the evict task with compensationTime 0ms
2023-08-25 18:11:46.322 [Eureka-EvictionTimer] INFO  c.n.e.r.AbstractInstanceRegistry - Running the evict task with compensationTime 0ms
2023-08-25 18:11:51.322 [Eureka-EvictionTimer] INFO  c.n.e.r.AbstractInstanceRegistry - Running the evict task with compensationTime 0ms
2023-08-25 18:11:56.322 [Eureka-EvictionTimer] INFO  c.n.e.r.AbstractInstanceRegistry - Running the evict task with compensationTime 0ms
2023-08-25 18:12:01.322 [Eureka-EvictionTimer] INFO  c.n.e.r.AbstractInstanceRegistry - Running the evict task with compensationTime 0ms
2023-08-25 18:12:06.322 [Eureka-EvictionTimer] INFO  c.n.e.r.AbstractInstanceRegistry - Running the evict task with compensationTime 0ms
2023-08-25 18:12:11.322 [Eureka-EvictionTimer] INFO  c.n.e.r.AbstractInstanceRegistry - Running the evict task with compensationTime 0ms
2023-08-25 18:12:16.322 [Eureka-EvictionTimer] INFO  c.n.e.r.AbstractInstanceRegistry - Running the evict task with compensationTime 0ms
2023-08-25 18:12:21.322 [Eureka-EvictionTimer] INFO  c.n.e.r.AbstractInstanceRegistry - Running the evict task with compensationTime 0ms
2023-08-25 18:12:26.322 [Eureka-EvictionTimer] INFO  c.n.e.r.AbstractInstanceRegistry - Running the evict task with compensationTime 0ms
2023-08-25 18:12:31.322 [Eureka-EvictionTimer] INFO  c.n.e.r.AbstractInstanceRegistry - Running the evict task with compensationTime 0ms
2023-08-25 18:12:36.322 [Eureka-EvictionTimer] INFO  c.n.e.r.AbstractInstanceRegistry - Running the evict task with compensationTime 0ms
2023-08-25 18:12:41.322 [Eureka-EvictionTimer] INFO  c.n.e.r.AbstractInstanceRegistry - Running the evict task with compensationTime 0ms
2023-08-25 18:12:46.322 [Eureka-EvictionTimer] INFO  c.n.e.r.AbstractInstanceRegistry - Running the evict task with compensationTime 0ms
2023-08-25 18:12:51.322 [Eureka-EvictionTimer] INFO  c.n.e.r.AbstractInstanceRegistry - Running the evict task with compensationTime 0ms
2023-08-25 18:12:56.322 [Eureka-EvictionTimer] INFO  c.n.e.r.AbstractInstanceRegistry - Running the evict task with compensationTime 0ms
2023-08-25 18:13:01.322 [Eureka-EvictionTimer] INFO  c.n.e.r.AbstractInstanceRegistry - Running the evict task with compensationTime 0ms
2023-08-25 18:13:06.322 [Eureka-EvictionTimer] INFO  c.n.e.r.AbstractInstanceRegistry - Running the evict task with compensationTime 0ms
2023-08-25 18:13:11.322 [Eureka-EvictionTimer] INFO  c.n.e.r.AbstractInstanceRegistry - Running the evict task with compensationTime 0ms
2023-08-25 18:13:16.322 [Eureka-EvictionTimer] INFO  c.n.e.r.AbstractInstanceRegistry - Running the evict task with compensationTime 0ms
2023-08-25 18:13:21.322 [Eureka-EvictionTimer] INFO  c.n.e.r.AbstractInstanceRegistry - Running the evict task with compensationTime 0ms
2023-08-25 18:13:26.322 [Eureka-EvictionTimer] INFO  c.n.e.r.AbstractInstanceRegistry - Running the evict task with compensationTime 0ms
2023-08-25 18:13:31.322 [Eureka-EvictionTimer] INFO  c.n.e.r.AbstractInstanceRegistry - Running the evict task with compensationTime 0ms
2023-08-25 18:13:36.322 [Eureka-EvictionTimer] INFO  c.n.e.r.AbstractInstanceRegistry - Running the evict task with compensationTime 0ms
2023-08-25 18:13:41.322 [Eureka-EvictionTimer] INFO  c.n.e.r.AbstractInstanceRegistry - Running the evict task with compensationTime 0ms
2023-08-25 18:13:46.322 [Eureka-EvictionTimer] INFO  c.n.e.r.AbstractInstanceRegistry - Running the evict task with compensationTime 0ms
2023-08-25 18:13:51.322 [Eureka-EvictionTimer] INFO  c.n.e.r.AbstractInstanceRegistry - Running the evict task with compensationTime 0ms
2023-08-25 18:13:56.322 [Eureka-EvictionTimer] INFO  c.n.e.r.AbstractInstanceRegistry - Running the evict task with compensationTime 0ms
2023-08-25 18:14:01.322 [Eureka-EvictionTimer] INFO  c.n.e.r.AbstractInstanceRegistry - Running the evict task with compensationTime 0ms
2023-08-25 18:14:06.322 [Eureka-EvictionTimer] INFO  c.n.e.r.AbstractInstanceRegistry - Running the evict task with compensationTime 0ms
2023-08-25 18:14:11.322 [Eureka-EvictionTimer] INFO  c.n.e.r.AbstractInstanceRegistry - Running the evict task with compensationTime 0ms
2023-08-25 18:14:16.322 [Eureka-EvictionTimer] INFO  c.n.e.r.AbstractInstanceRegistry - Running the evict task with compensationTime 0ms
2023-08-25 18:14:21.322 [Eureka-EvictionTimer] INFO  c.n.e.r.AbstractInstanceRegistry - Running the evict task with compensationTime 0ms
2023-08-25 18:14:26.322 [Eureka-EvictionTimer] INFO  c.n.e.r.AbstractInstanceRegistry - Running the evict task with compensationTime 0ms
2023-08-25 18:14:31.322 [Eureka-EvictionTimer] INFO  c.n.e.r.AbstractInstanceRegistry - Running the evict task with compensationTime 0ms
2023-08-25 18:14:36.322 [Eureka-EvictionTimer] INFO  c.n.e.r.AbstractInstanceRegistry - Running the evict task with compensationTime 0ms
2023-08-25 18:14:41.322 [Eureka-EvictionTimer] INFO  c.n.e.r.AbstractInstanceRegistry - Running the evict task with compensationTime 0ms
2023-08-25 18:14:46.322 [Eureka-EvictionTimer] INFO  c.n.e.r.AbstractInstanceRegistry - Running the evict task with compensationTime 0ms
2023-08-25 18:14:51.322 [Eureka-EvictionTimer] INFO  c.n.e.r.AbstractInstanceRegistry - Running the evict task with compensationTime 0ms
2023-08-25 18:14:56.322 [Eureka-EvictionTimer] INFO  c.n.e.r.AbstractInstanceRegistry - Running the evict task with compensationTime 0ms
2023-08-25 18:15:01.322 [Eureka-EvictionTimer] INFO  c.n.e.r.AbstractInstanceRegistry - Running the evict task with compensationTime 0ms
2023-08-25 18:15:06.322 [Eureka-EvictionTimer] INFO  c.n.e.r.AbstractInstanceRegistry - Running the evict task with compensationTime 0ms
2023-08-25 18:15:11.322 [Eureka-EvictionTimer] INFO  c.n.e.r.AbstractInstanceRegistry - Running the evict task with compensationTime 0ms
2023-08-25 18:15:16.322 [Eureka-EvictionTimer] INFO  c.n.e.r.AbstractInstanceRegistry - Running the evict task with compensationTime 0ms
2023-08-25 18:15:21.322 [Eureka-EvictionTimer] INFO  c.n.e.r.AbstractInstanceRegistry - Running the evict task with compensationTime 0ms
2023-08-25 18:15:26.322 [Eureka-EvictionTimer] INFO  c.n.e.r.AbstractInstanceRegistry - Running the evict task with compensationTime 0ms
2023-08-25 18:15:31.322 [Eureka-EvictionTimer] INFO  c.n.e.r.AbstractInstanceRegistry - Running the evict task with compensationTime 0ms
2023-08-25 18:15:36.322 [Eureka-EvictionTimer] INFO  c.n.e.r.AbstractInstanceRegistry - Running the evict task with compensationTime 0ms
2023-08-25 18:15:41.322 [Eureka-EvictionTimer] INFO  c.n.e.r.AbstractInstanceRegistry - Running the evict task with compensationTime 0ms
2023-08-25 18:15:46.322 [Eureka-EvictionTimer] INFO  c.n.e.r.AbstractInstanceRegistry - Running the evict task with compensationTime 0ms
2023-08-25 18:15:51.322 [Eureka-EvictionTimer] INFO  c.n.e.r.AbstractInstanceRegistry - Running the evict task with compensationTime 0ms
2023-08-25 18:15:56.322 [Eureka-EvictionTimer] INFO  c.n.e.r.AbstractInstanceRegistry - Running the evict task with compensationTime 0ms
2023-08-25 18:16:01.322 [Eureka-EvictionTimer] INFO  c.n.e.r.AbstractInstanceRegistry - Running the evict task with compensationTime 0ms
2023-08-25 18:16:06.322 [Eureka-EvictionTimer] INFO  c.n.e.r.AbstractInstanceRegistry - Running the evict task with compensationTime 0ms
2023-08-25 18:16:11.322 [Eureka-EvictionTimer] INFO  c.n.e.r.AbstractInstanceRegistry - Running the evict task with compensationTime 0ms
2023-08-25 18:16:16.322 [Eureka-EvictionTimer] INFO  c.n.e.r.AbstractInstanceRegistry - Running the evict task with compensationTime 0ms
2023-08-25 18:16:21.322 [Eureka-EvictionTimer] INFO  c.n.e.r.AbstractInstanceRegistry - Running the evict task with compensationTime 0ms
2023-08-25 18:16:26.322 [Eureka-EvictionTimer] INFO  c.n.e.r.AbstractInstanceRegistry - Running the evict task with compensationTime 0ms
2023-08-25 18:16:31.322 [Eureka-EvictionTimer] INFO  c.n.e.r.AbstractInstanceRegistry - Running the evict task with compensationTime 0ms
2023-08-25 18:16:36.322 [Eureka-EvictionTimer] INFO  c.n.e.r.AbstractInstanceRegistry - Running the evict task with compensationTime 0ms
2023-08-25 18:16:41.322 [Eureka-EvictionTimer] INFO  c.n.e.r.AbstractInstanceRegistry - Running the evict task with compensationTime 0ms
2023-08-25 18:16:46.322 [Eureka-EvictionTimer] INFO  c.n.e.r.AbstractInstanceRegistry - Running the evict task with compensationTime 0ms
2023-08-25 18:16:51.322 [Eureka-EvictionTimer] INFO  c.n.e.r.AbstractInstanceRegistry - Running the evict task with compensationTime 0ms
2023-08-25 18:16:56.322 [Eureka-EvictionTimer] INFO  c.n.e.r.AbstractInstanceRegistry - Running the evict task with compensationTime 0ms
2023-08-25 18:17:01.322 [Eureka-EvictionTimer] INFO  c.n.e.r.AbstractInstanceRegistry - Running the evict task with compensationTime 0ms
2023-08-25 18:17:06.322 [Eureka-EvictionTimer] INFO  c.n.e.r.AbstractInstanceRegistry - Running the evict task with compensationTime 0ms
2023-08-25 18:17:11.322 [Eureka-EvictionTimer] INFO  c.n.e.r.AbstractInstanceRegistry - Running the evict task with compensationTime 0ms
2023-08-25 18:17:16.322 [Eureka-EvictionTimer] INFO  c.n.e.r.AbstractInstanceRegistry - Running the evict task with compensationTime 0ms
2023-08-25 18:17:21.322 [Eureka-EvictionTimer] INFO  c.n.e.r.AbstractInstanceRegistry - Running the evict task with compensationTime 0ms
2023-08-25 18:17:26.322 [Eureka-EvictionTimer] INFO  c.n.e.r.AbstractInstanceRegistry - Running the evict task with compensationTime 0ms
2023-08-25 18:17:31.322 [Eureka-EvictionTimer] INFO  c.n.e.r.AbstractInstanceRegistry - Running the evict task with compensationTime 0ms
2023-08-25 18:17:36.322 [Eureka-EvictionTimer] INFO  c.n.e.r.AbstractInstanceRegistry - Running the evict task with compensationTime 0ms
2023-08-25 18:17:41.322 [Eureka-EvictionTimer] INFO  c.n.e.r.AbstractInstanceRegistry - Running the evict task with compensationTime 0ms
2023-08-25 18:17:46.322 [Eureka-EvictionTimer] INFO  c.n.e.r.AbstractInstanceRegistry - Running the evict task with compensationTime 0ms
2023-08-25 18:17:51.322 [Eureka-EvictionTimer] INFO  c.n.e.r.AbstractInstanceRegistry - Running the evict task with compensationTime 0ms
2023-08-25 18:17:56.322 [Eureka-EvictionTimer] INFO  c.n.e.r.AbstractInstanceRegistry - Running the evict task with compensationTime 0ms
2023-08-25 18:18:01.322 [Eureka-EvictionTimer] INFO  c.n.e.r.AbstractInstanceRegistry - Running the evict task with compensationTime 0ms
2023-08-25 18:18:06.322 [Eureka-EvictionTimer] INFO  c.n.e.r.AbstractInstanceRegistry - Running the evict task with compensationTime 0ms
2023-08-25 18:18:11.322 [Eureka-EvictionTimer] INFO  c.n.e.r.AbstractInstanceRegistry - Running the evict task with compensationTime 0ms
2023-08-25 18:18:16.322 [Eureka-EvictionTimer] INFO  c.n.e.r.AbstractInstanceRegistry - Running the evict task with compensationTime 0ms
2023-08-25 18:18:21.322 [Eureka-EvictionTimer] INFO  c.n.e.r.AbstractInstanceRegistry - Running the evict task with compensationTime 0ms
2023-08-25 18:18:26.322 [Eureka-EvictionTimer] INFO  c.n.e.r.AbstractInstanceRegistry - Running the evict task with compensationTime 0ms
2023-08-25 18:18:31.322 [Eureka-EvictionTimer] INFO  c.n.e.r.AbstractInstanceRegistry - Running the evict task with compensationTime 0ms
2023-08-25 18:18:36.322 [Eureka-EvictionTimer] INFO  c.n.e.r.AbstractInstanceRegistry - Running the evict task with compensationTime 0ms
2023-08-25 18:18:41.322 [Eureka-EvictionTimer] INFO  c.n.e.r.AbstractInstanceRegistry - Running the evict task with compensationTime 0ms
2023-08-25 18:18:46.322 [Eureka-EvictionTimer] INFO  c.n.e.r.AbstractInstanceRegistry - Running the evict task with compensationTime 0ms
2023-08-25 18:18:51.322 [Eureka-EvictionTimer] INFO  c.n.e.r.AbstractInstanceRegistry - Running the evict task with compensationTime 0ms
2023-08-25 18:18:56.322 [Eureka-EvictionTimer] INFO  c.n.e.r.AbstractInstanceRegistry - Running the evict task with compensationTime 0ms
2023-08-25 18:19:01.322 [Eureka-EvictionTimer] INFO  c.n.e.r.AbstractInstanceRegistry - Running the evict task with compensationTime 0ms
2023-08-25 18:19:06.322 [Eureka-EvictionTimer] INFO  c.n.e.r.AbstractInstanceRegistry - Running the evict task with compensationTime 0ms
2023-08-25 18:19:11.322 [Eureka-EvictionTimer] INFO  c.n.e.r.AbstractInstanceRegistry - Running the evict task with compensationTime 0ms
2023-08-25 18:19:16.322 [Eureka-EvictionTimer] INFO  c.n.e.r.AbstractInstanceRegistry - Running the evict task with compensationTime 0ms
2023-08-25 18:19:21.322 [Eureka-EvictionTimer] INFO  c.n.e.r.AbstractInstanceRegistry - Running the evict task with compensationTime 0ms
2023-08-25 18:19:26.322 [Eureka-EvictionTimer] INFO  c.n.e.r.AbstractInstanceRegistry - Running the evict task with compensationTime 0ms
2023-08-25 18:19:31.322 [Eureka-EvictionTimer] INFO  c.n.e.r.AbstractInstanceRegistry - Running the evict task with compensationTime 0ms
2023-08-25 18:19:36.322 [Eureka-EvictionTimer] INFO  c.n.e.r.AbstractInstanceRegistry - Running the evict task with compensationTime 0ms
2023-08-25 18:19:41.322 [Eureka-EvictionTimer] INFO  c.n.e.r.AbstractInstanceRegistry - Running the evict task with compensationTime 0ms
2023-08-25 18:19:46.322 [Eureka-EvictionTimer] INFO  c.n.e.r.AbstractInstanceRegistry - Running the evict task with compensationTime 0ms
2023-08-25 18:19:51.322 [Eureka-EvictionTimer] INFO  c.n.e.r.AbstractInstanceRegistry - Running the evict task with compensationTime 0ms
2023-08-25 18:19:56.322 [Eureka-EvictionTimer] INFO  c.n.e.r.AbstractInstanceRegistry - Running the evict task with compensationTime 0ms
2023-08-25 18:20:00.853 [ReplicaAwareInstanceRegistry - RenewalThresholdUpdater] INFO  c.n.e.r.PeerAwareInstanceRegistryImpl - Current renewal threshold is : 0
2023-08-25 18:20:01.322 [Eureka-EvictionTimer] INFO  c.n.e.r.AbstractInstanceRegistry - Running the evict task with compensationTime 0ms
2023-08-25 18:20:06.322 [Eureka-EvictionTimer] INFO  c.n.e.r.AbstractInstanceRegistry - Running the evict task with compensationTime 0ms
2023-08-25 18:20:11.322 [Eureka-EvictionTimer] INFO  c.n.e.r.AbstractInstanceRegistry - Running the evict task with compensationTime 0ms
2023-08-25 18:20:16.322 [Eureka-EvictionTimer] INFO  c.n.e.r.AbstractInstanceRegistry - Running the evict task with compensationTime 0ms
2023-08-25 18:20:21.322 [Eureka-EvictionTimer] INFO  c.n.e.r.AbstractInstanceRegistry - Running the evict task with compensationTime 0ms
2023-08-25 18:20:26.322 [Eureka-EvictionTimer] INFO  c.n.e.r.AbstractInstanceRegistry - Running the evict task with compensationTime 0ms
2023-08-25 18:20:31.322 [Eureka-EvictionTimer] INFO  c.n.e.r.AbstractInstanceRegistry - Running the evict task with compensationTime 0ms
2023-08-25 18:20:36.322 [Eureka-EvictionTimer] INFO  c.n.e.r.AbstractInstanceRegistry - Running the evict task with compensationTime 0ms
2023-08-25 18:20:41.322 [Eureka-EvictionTimer] INFO  c.n.e.r.AbstractInstanceRegistry - Running the evict task with compensationTime 0ms
2023-08-25 18:20:46.322 [Eureka-EvictionTimer] INFO  c.n.e.r.AbstractInstanceRegistry - Running the evict task with compensationTime 0ms
2023-08-25 18:20:51.322 [Eureka-EvictionTimer] INFO  c.n.e.r.AbstractInstanceRegistry - Running the evict task with compensationTime 0ms
2023-08-25 18:20:56.322 [Eureka-EvictionTimer] INFO  c.n.e.r.AbstractInstanceRegistry - Running the evict task with compensationTime 0ms
2023-08-25 18:21:01.322 [Eureka-EvictionTimer] INFO  c.n.e.r.AbstractInstanceRegistry - Running the evict task with compensationTime 0ms
2023-08-25 18:21:06.322 [Eureka-EvictionTimer] INFO  c.n.e.r.AbstractInstanceRegistry - Running the evict task with compensationTime 0ms
2023-08-25 18:21:11.322 [Eureka-EvictionTimer] INFO  c.n.e.r.AbstractInstanceRegistry - Running the evict task with compensationTime 0ms
2023-08-25 18:21:16.322 [Eureka-EvictionTimer] INFO  c.n.e.r.AbstractInstanceRegistry - Running the evict task with compensationTime 0ms
2023-08-25 18:21:21.322 [Eureka-EvictionTimer] INFO  c.n.e.r.AbstractInstanceRegistry - Running the evict task with compensationTime 0ms
2023-08-25 18:21:26.322 [Eureka-EvictionTimer] INFO  c.n.e.r.AbstractInstanceRegistry - Running the evict task with compensationTime 0ms
2023-08-25 18:21:31.322 [Eureka-EvictionTimer] INFO  c.n.e.r.AbstractInstanceRegistry - Running the evict task with compensationTime 0ms
2023-08-25 18:21:36.322 [Eureka-EvictionTimer] INFO  c.n.e.r.AbstractInstanceRegistry - Running the evict task with compensationTime 0ms
2023-08-25 18:21:41.322 [Eureka-EvictionTimer] INFO  c.n.e.r.AbstractInstanceRegistry - Running the evict task with compensationTime 0ms
2023-08-25 18:21:46.322 [Eureka-EvictionTimer] INFO  c.n.e.r.AbstractInstanceRegistry - Running the evict task with compensationTime 0ms
2023-08-25 18:21:51.322 [Eureka-EvictionTimer] INFO  c.n.e.r.AbstractInstanceRegistry - Running the evict task with compensationTime 0ms
2023-08-25 18:21:56.322 [Eureka-EvictionTimer] INFO  c.n.e.r.AbstractInstanceRegistry - Running the evict task with compensationTime 0ms
2023-08-25 18:22:01.322 [Eureka-EvictionTimer] INFO  c.n.e.r.AbstractInstanceRegistry - Running the evict task with compensationTime 0ms
2023-08-25 18:22:06.322 [Eureka-EvictionTimer] INFO  c.n.e.r.AbstractInstanceRegistry - Running the evict task with compensationTime 0ms
2023-08-25 18:22:11.322 [Eureka-EvictionTimer] INFO  c.n.e.r.AbstractInstanceRegistry - Running the evict task with compensationTime 0ms
2023-08-25 18:22:16.322 [Eureka-EvictionTimer] INFO  c.n.e.r.AbstractInstanceRegistry - Running the evict task with compensationTime 0ms
2023-08-25 18:22:21.322 [Eureka-EvictionTimer] INFO  c.n.e.r.AbstractInstanceRegistry - Running the evict task with compensationTime 0ms
2023-08-25 18:22:26.322 [Eureka-EvictionTimer] INFO  c.n.e.r.AbstractInstanceRegistry - Running the evict task with compensationTime 0ms
2023-08-25 18:22:31.322 [Eureka-EvictionTimer] INFO  c.n.e.r.AbstractInstanceRegistry - Running the evict task with compensationTime 0ms
2023-08-25 18:22:36.322 [Eureka-EvictionTimer] INFO  c.n.e.r.AbstractInstanceRegistry - Running the evict task with compensationTime 0ms
2023-08-25 18:22:41.322 [Eureka-EvictionTimer] INFO  c.n.e.r.AbstractInstanceRegistry - Running the evict task with compensationTime 0ms
2023-08-25 18:22:46.322 [Eureka-EvictionTimer] INFO  c.n.e.r.AbstractInstanceRegistry - Running the evict task with compensationTime 0ms
2023-08-25 18:22:51.322 [Eureka-EvictionTimer] INFO  c.n.e.r.AbstractInstanceRegistry - Running the evict task with compensationTime 0ms
2023-08-25 18:22:56.322 [Eureka-EvictionTimer] INFO  c.n.e.r.AbstractInstanceRegistry - Running the evict task with compensationTime 0ms
2023-08-25 18:23:01.322 [Eureka-EvictionTimer] INFO  c.n.e.r.AbstractInstanceRegistry - Running the evict task with compensationTime 0ms
2023-08-25 18:23:06.322 [Eureka-EvictionTimer] INFO  c.n.e.r.AbstractInstanceRegistry - Running the evict task with compensationTime 0ms
2023-08-25 18:23:11.322 [Eureka-EvictionTimer] INFO  c.n.e.r.AbstractInstanceRegistry - Running the evict task with compensationTime 0ms
2023-08-25 18:23:16.322 [Eureka-EvictionTimer] INFO  c.n.e.r.AbstractInstanceRegistry - Running the evict task with compensationTime 0ms
2023-08-25 18:23:21.322 [Eureka-EvictionTimer] INFO  c.n.e.r.AbstractInstanceRegistry - Running the evict task with compensationTime 0ms
2023-08-25 18:23:26.322 [Eureka-EvictionTimer] INFO  c.n.e.r.AbstractInstanceRegistry - Running the evict task with compensationTime 0ms
2023-08-25 18:23:31.322 [Eureka-EvictionTimer] INFO  c.n.e.r.AbstractInstanceRegistry - Running the evict task with compensationTime 0ms
2023-08-25 18:23:36.322 [Eureka-EvictionTimer] INFO  c.n.e.r.AbstractInstanceRegistry - Running the evict task with compensationTime 0ms
2023-08-25 18:23:41.322 [Eureka-EvictionTimer] INFO  c.n.e.r.AbstractInstanceRegistry - Running the evict task with compensationTime 0ms
2023-08-25 18:23:46.322 [Eureka-EvictionTimer] INFO  c.n.e.r.AbstractInstanceRegistry - Running the evict task with compensationTime 0ms
2023-08-25 18:23:51.322 [Eureka-EvictionTimer] INFO  c.n.e.r.AbstractInstanceRegistry - Running the evict task with compensationTime 0ms
2023-08-25 18:23:56.322 [Eureka-EvictionTimer] INFO  c.n.e.r.AbstractInstanceRegistry - Running the evict task with compensationTime 0ms
2023-08-25 18:24:01.322 [Eureka-EvictionTimer] INFO  c.n.e.r.AbstractInstanceRegistry - Running the evict task with compensationTime 0ms
2023-08-25 18:24:06.322 [Eureka-EvictionTimer] INFO  c.n.e.r.AbstractInstanceRegistry - Running the evict task with compensationTime 0ms
2023-08-25 18:24:11.322 [Eureka-EvictionTimer] INFO  c.n.e.r.AbstractInstanceRegistry - Running the evict task with compensationTime 0ms
2023-08-25 18:24:16.322 [Eureka-EvictionTimer] INFO  c.n.e.r.AbstractInstanceRegistry - Running the evict task with compensationTime 0ms
2023-08-25 18:24:21.322 [Eureka-EvictionTimer] INFO  c.n.e.r.AbstractInstanceRegistry - Running the evict task with compensationTime 0ms
2023-08-25 18:24:26.322 [Eureka-EvictionTimer] INFO  c.n.e.r.AbstractInstanceRegistry - Running the evict task with compensationTime 0ms
2023-08-25 18:24:31.322 [Eureka-EvictionTimer] INFO  c.n.e.r.AbstractInstanceRegistry - Running the evict task with compensationTime 0ms
2023-08-25 18:24:36.322 [Eureka-EvictionTimer] INFO  c.n.e.r.AbstractInstanceRegistry - Running the evict task with compensationTime 0ms
2023-08-25 18:24:41.322 [Eureka-EvictionTimer] INFO  c.n.e.r.AbstractInstanceRegistry - Running the evict task with compensationTime 0ms
2023-08-25 18:24:46.322 [Eureka-EvictionTimer] INFO  c.n.e.r.AbstractInstanceRegistry - Running the evict task with compensationTime 0ms
2023-08-25 18:24:51.322 [Eureka-EvictionTimer] INFO  c.n.e.r.AbstractInstanceRegistry - Running the evict task with compensationTime 0ms
2023-08-25 18:24:56.322 [Eureka-EvictionTimer] INFO  c.n.e.r.AbstractInstanceRegistry - Running the evict task with compensationTime 0ms
2023-08-25 18:25:01.322 [Eureka-EvictionTimer] INFO  c.n.e.r.AbstractInstanceRegistry - Running the evict task with compensationTime 0ms
2023-08-25 18:25:06.322 [Eureka-EvictionTimer] INFO  c.n.e.r.AbstractInstanceRegistry - Running the evict task with compensationTime 0ms
2023-08-25 18:25:11.322 [Eureka-EvictionTimer] INFO  c.n.e.r.AbstractInstanceRegistry - Running the evict task with compensationTime 0ms
2023-08-25 18:25:16.322 [Eureka-EvictionTimer] INFO  c.n.e.r.AbstractInstanceRegistry - Running the evict task with compensationTime 0ms
2023-08-25 18:25:21.322 [Eureka-EvictionTimer] INFO  c.n.e.r.AbstractInstanceRegistry - Running the evict task with compensationTime 0ms
2023-08-25 18:25:26.322 [Eureka-EvictionTimer] INFO  c.n.e.r.AbstractInstanceRegistry - Running the evict task with compensationTime 0ms
2023-08-25 18:25:31.322 [Eureka-EvictionTimer] INFO  c.n.e.r.AbstractInstanceRegistry - Running the evict task with compensationTime 0ms
2023-08-25 18:25:36.322 [Eureka-EvictionTimer] INFO  c.n.e.r.AbstractInstanceRegistry - Running the evict task with compensationTime 0ms
2023-08-25 18:25:41.322 [Eureka-EvictionTimer] INFO  c.n.e.r.AbstractInstanceRegistry - Running the evict task with compensationTime 0ms
2023-08-25 18:25:46.322 [Eureka-EvictionTimer] INFO  c.n.e.r.AbstractInstanceRegistry - Running the evict task with compensationTime 0ms
2023-08-25 18:25:51.322 [Eureka-EvictionTimer] INFO  c.n.e.r.AbstractInstanceRegistry - Running the evict task with compensationTime 0ms
2023-08-25 18:25:56.322 [Eureka-EvictionTimer] INFO  c.n.e.r.AbstractInstanceRegistry - Running the evict task with compensationTime 0ms
2023-08-25 18:26:01.322 [Eureka-EvictionTimer] INFO  c.n.e.r.AbstractInstanceRegistry - Running the evict task with compensationTime 0ms
2023-08-25 18:26:06.322 [Eureka-EvictionTimer] INFO  c.n.e.r.AbstractInstanceRegistry - Running the evict task with compensationTime 0ms
2023-08-25 18:26:11.322 [Eureka-EvictionTimer] INFO  c.n.e.r.AbstractInstanceRegistry - Running the evict task with compensationTime 0ms
2023-08-25 18:26:16.322 [Eureka-EvictionTimer] INFO  c.n.e.r.AbstractInstanceRegistry - Running the evict task with compensationTime 0ms
2023-08-25 18:26:21.322 [Eureka-EvictionTimer] INFO  c.n.e.r.AbstractInstanceRegistry - Running the evict task with compensationTime 0ms
2023-08-25 18:26:26.322 [Eureka-EvictionTimer] INFO  c.n.e.r.AbstractInstanceRegistry - Running the evict task with compensationTime 0ms
2023-08-25 18:26:31.322 [Eureka-EvictionTimer] INFO  c.n.e.r.AbstractInstanceRegistry - Running the evict task with compensationTime 0ms
2023-08-25 18:26:36.322 [Eureka-EvictionTimer] INFO  c.n.e.r.AbstractInstanceRegistry - Running the evict task with compensationTime 0ms
2023-08-25 18:26:41.322 [Eureka-EvictionTimer] INFO  c.n.e.r.AbstractInstanceRegistry - Running the evict task with compensationTime 0ms
2023-08-25 18:26:46.322 [Eureka-EvictionTimer] INFO  c.n.e.r.AbstractInstanceRegistry - Running the evict task with compensationTime 0ms
2023-08-25 18:26:51.322 [Eureka-EvictionTimer] INFO  c.n.e.r.AbstractInstanceRegistry - Running the evict task with compensationTime 0ms
2023-08-25 18:26:56.322 [Eureka-EvictionTimer] INFO  c.n.e.r.AbstractInstanceRegistry - Running the evict task with compensationTime 0ms
2023-08-25 18:27:01.322 [Eureka-EvictionTimer] INFO  c.n.e.r.AbstractInstanceRegistry - Running the evict task with compensationTime 0ms
2023-08-25 18:27:06.322 [Eureka-EvictionTimer] INFO  c.n.e.r.AbstractInstanceRegistry - Running the evict task with compensationTime 0ms
2023-08-25 18:27:11.322 [Eureka-EvictionTimer] INFO  c.n.e.r.AbstractInstanceRegistry - Running the evict task with compensationTime 0ms
2023-08-25 18:27:16.322 [Eureka-EvictionTimer] INFO  c.n.e.r.AbstractInstanceRegistry - Running the evict task with compensationTime 0ms
2023-08-25 18:27:21.322 [Eureka-EvictionTimer] INFO  c.n.e.r.AbstractInstanceRegistry - Running the evict task with compensationTime 0ms
2023-08-25 18:27:26.322 [Eureka-EvictionTimer] INFO  c.n.e.r.AbstractInstanceRegistry - Running the evict task with compensationTime 0ms
2023-08-25 18:27:31.322 [Eureka-EvictionTimer] INFO  c.n.e.r.AbstractInstanceRegistry - Running the evict task with compensationTime 0ms
2023-08-25 18:27:36.322 [Eureka-EvictionTimer] INFO  c.n.e.r.AbstractInstanceRegistry - Running the evict task with compensationTime 0ms
2023-08-25 18:27:41.322 [Eureka-EvictionTimer] INFO  c.n.e.r.AbstractInstanceRegistry - Running the evict task with compensationTime 0ms
2023-08-25 18:27:46.322 [Eureka-EvictionTimer] INFO  c.n.e.r.AbstractInstanceRegistry - Running the evict task with compensationTime 0ms
2023-08-25 18:27:51.322 [Eureka-EvictionTimer] INFO  c.n.e.r.AbstractInstanceRegistry - Running the evict task with compensationTime 0ms
2023-08-25 18:27:56.322 [Eureka-EvictionTimer] INFO  c.n.e.r.AbstractInstanceRegistry - Running the evict task with compensationTime 0ms
2023-08-25 18:28:01.322 [Eureka-EvictionTimer] INFO  c.n.e.r.AbstractInstanceRegistry - Running the evict task with compensationTime 0ms
2023-08-25 18:28:06.322 [Eureka-EvictionTimer] INFO  c.n.e.r.AbstractInstanceRegistry - Running the evict task with compensationTime 0ms
2023-08-25 18:28:11.322 [Eureka-EvictionTimer] INFO  c.n.e.r.AbstractInstanceRegistry - Running the evict task with compensationTime 0ms
2023-08-25 18:28:16.322 [Eureka-EvictionTimer] INFO  c.n.e.r.AbstractInstanceRegistry - Running the evict task with compensationTime 0ms
2023-08-25 18:28:21.322 [Eureka-EvictionTimer] INFO  c.n.e.r.AbstractInstanceRegistry - Running the evict task with compensationTime 0ms
2023-08-25 18:28:26.322 [Eureka-EvictionTimer] INFO  c.n.e.r.AbstractInstanceRegistry - Running the evict task with compensationTime 0ms
2023-08-25 18:28:31.322 [Eureka-EvictionTimer] INFO  c.n.e.r.AbstractInstanceRegistry - Running the evict task with compensationTime 0ms
2023-08-25 18:28:36.322 [Eureka-EvictionTimer] INFO  c.n.e.r.AbstractInstanceRegistry - Running the evict task with compensationTime 0ms
2023-08-25 18:28:41.322 [Eureka-EvictionTimer] INFO  c.n.e.r.AbstractInstanceRegistry - Running the evict task with compensationTime 0ms
2023-08-25 18:28:46.322 [Eureka-EvictionTimer] INFO  c.n.e.r.AbstractInstanceRegistry - Running the evict task with compensationTime 0ms
2023-08-25 18:28:51.322 [Eureka-EvictionTimer] INFO  c.n.e.r.AbstractInstanceRegistry - Running the evict task with compensationTime 0ms
2023-08-25 18:28:56.322 [Eureka-EvictionTimer] INFO  c.n.e.r.AbstractInstanceRegistry - Running the evict task with compensationTime 0ms
2023-08-25 18:29:01.322 [Eureka-EvictionTimer] INFO  c.n.e.r.AbstractInstanceRegistry - Running the evict task with compensationTime 0ms
2023-08-25 18:29:06.322 [Eureka-EvictionTimer] INFO  c.n.e.r.AbstractInstanceRegistry - Running the evict task with compensationTime 0ms
2023-08-25 18:29:11.322 [Eureka-EvictionTimer] INFO  c.n.e.r.AbstractInstanceRegistry - Running the evict task with compensationTime 0ms
2023-08-25 18:29:16.322 [Eureka-EvictionTimer] INFO  c.n.e.r.AbstractInstanceRegistry - Running the evict task with compensationTime 0ms
2023-08-25 18:29:21.322 [Eureka-EvictionTimer] INFO  c.n.e.r.AbstractInstanceRegistry - Running the evict task with compensationTime 0ms
2023-08-25 18:29:26.322 [Eureka-EvictionTimer] INFO  c.n.e.r.AbstractInstanceRegistry - Running the evict task with compensationTime 0ms
2023-08-25 18:29:31.322 [Eureka-EvictionTimer] INFO  c.n.e.r.AbstractInstanceRegistry - Running the evict task with compensationTime 0ms
2023-08-25 18:29:36.322 [Eureka-EvictionTimer] INFO  c.n.e.r.AbstractInstanceRegistry - Running the evict task with compensationTime 0ms
2023-08-25 18:29:41.322 [Eureka-EvictionTimer] INFO  c.n.e.r.AbstractInstanceRegistry - Running the evict task with compensationTime 0ms
2023-08-25 18:29:46.322 [Eureka-EvictionTimer] INFO  c.n.e.r.AbstractInstanceRegistry - Running the evict task with compensationTime 0ms
2023-08-25 18:29:51.322 [Eureka-EvictionTimer] INFO  c.n.e.r.AbstractInstanceRegistry - Running the evict task with compensationTime 0ms
2023-08-25 18:29:56.322 [Eureka-EvictionTimer] INFO  c.n.e.r.AbstractInstanceRegistry - Running the evict task with compensationTime 0ms
2023-08-25 18:30:01.322 [Eureka-EvictionTimer] INFO  c.n.e.r.AbstractInstanceRegistry - Running the evict task with compensationTime 0ms
2023-08-25 18:30:06.322 [Eureka-EvictionTimer] INFO  c.n.e.r.AbstractInstanceRegistry - Running the evict task with compensationTime 0ms
2023-08-25 18:30:11.322 [Eureka-EvictionTimer] INFO  c.n.e.r.AbstractInstanceRegistry - Running the evict task with compensationTime 0ms
2023-08-25 18:30:16.322 [Eureka-EvictionTimer] INFO  c.n.e.r.AbstractInstanceRegistry - Running the evict task with compensationTime 0ms
2023-08-25 18:30:21.322 [Eureka-EvictionTimer] INFO  c.n.e.r.AbstractInstanceRegistry - Running the evict task with compensationTime 0ms
2023-08-25 18:30:26.322 [Eureka-EvictionTimer] INFO  c.n.e.r.AbstractInstanceRegistry - Running the evict task with compensationTime 0ms
2023-08-25 18:30:31.322 [Eureka-EvictionTimer] INFO  c.n.e.r.AbstractInstanceRegistry - Running the evict task with compensationTime 0ms
2023-08-25 18:30:36.322 [Eureka-EvictionTimer] INFO  c.n.e.r.AbstractInstanceRegistry - Running the evict task with compensationTime 0ms
2023-08-25 18:30:41.322 [Eureka-EvictionTimer] INFO  c.n.e.r.AbstractInstanceRegistry - Running the evict task with compensationTime 0ms
2023-08-25 18:30:46.322 [Eureka-EvictionTimer] INFO  c.n.e.r.AbstractInstanceRegistry - Running the evict task with compensationTime 0ms
2023-08-25 18:30:51.322 [Eureka-EvictionTimer] INFO  c.n.e.r.AbstractInstanceRegistry - Running the evict task with compensationTime 0ms
2023-08-25 18:30:56.322 [Eureka-EvictionTimer] INFO  c.n.e.r.AbstractInstanceRegistry - Running the evict task with compensationTime 0ms
2023-08-25 18:31:01.322 [Eureka-EvictionTimer] INFO  c.n.e.r.AbstractInstanceRegistry - Running the evict task with compensationTime 0ms
2023-08-25 18:31:06.322 [Eureka-EvictionTimer] INFO  c.n.e.r.AbstractInstanceRegistry - Running the evict task with compensationTime 0ms
2023-08-25 18:31:11.322 [Eureka-EvictionTimer] INFO  c.n.e.r.AbstractInstanceRegistry - Running the evict task with compensationTime 0ms
2023-08-25 18:31:16.322 [Eureka-EvictionTimer] INFO  c.n.e.r.AbstractInstanceRegistry - Running the evict task with compensationTime 0ms
2023-08-25 18:31:21.322 [Eureka-EvictionTimer] INFO  c.n.e.r.AbstractInstanceRegistry - Running the evict task with compensationTime 0ms
2023-08-25 18:31:26.322 [Eureka-EvictionTimer] INFO  c.n.e.r.AbstractInstanceRegistry - Running the evict task with compensationTime 0ms
2023-08-25 18:31:31.322 [Eureka-EvictionTimer] INFO  c.n.e.r.AbstractInstanceRegistry - Running the evict task with compensationTime 0ms
2023-08-25 18:31:36.322 [Eureka-EvictionTimer] INFO  c.n.e.r.AbstractInstanceRegistry - Running the evict task with compensationTime 0ms
2023-08-25 18:31:41.322 [Eureka-EvictionTimer] INFO  c.n.e.r.AbstractInstanceRegistry - Running the evict task with compensationTime 0ms
2023-08-25 18:31:46.322 [Eureka-EvictionTimer] INFO  c.n.e.r.AbstractInstanceRegistry - Running the evict task with compensationTime 0ms
2023-08-25 18:31:51.322 [Eureka-EvictionTimer] INFO  c.n.e.r.AbstractInstanceRegistry - Running the evict task with compensationTime 0ms
2023-08-25 18:31:56.322 [Eureka-EvictionTimer] INFO  c.n.e.r.AbstractInstanceRegistry - Running the evict task with compensationTime 0ms
2023-08-25 18:32:01.322 [Eureka-EvictionTimer] INFO  c.n.e.r.AbstractInstanceRegistry - Running the evict task with compensationTime 0ms
2023-08-25 18:32:06.322 [Eureka-EvictionTimer] INFO  c.n.e.r.AbstractInstanceRegistry - Running the evict task with compensationTime 0ms
2023-08-25 18:32:11.322 [Eureka-EvictionTimer] INFO  c.n.e.r.AbstractInstanceRegistry - Running the evict task with compensationTime 0ms
2023-08-25 18:32:16.322 [Eureka-EvictionTimer] INFO  c.n.e.r.AbstractInstanceRegistry - Running the evict task with compensationTime 0ms
2023-08-25 18:32:21.322 [Eureka-EvictionTimer] INFO  c.n.e.r.AbstractInstanceRegistry - Running the evict task with compensationTime 0ms
2023-08-25 18:32:26.322 [Eureka-EvictionTimer] INFO  c.n.e.r.AbstractInstanceRegistry - Running the evict task with compensationTime 0ms
2023-08-25 18:32:31.322 [Eureka-EvictionTimer] INFO  c.n.e.r.AbstractInstanceRegistry - Running the evict task with compensationTime 0ms
2023-08-25 18:32:36.322 [Eureka-EvictionTimer] INFO  c.n.e.r.AbstractInstanceRegistry - Running the evict task with compensationTime 0ms
2023-08-25 18:32:41.322 [Eureka-EvictionTimer] INFO  c.n.e.r.AbstractInstanceRegistry - Running the evict task with compensationTime 0ms
2023-08-25 18:32:46.322 [Eureka-EvictionTimer] INFO  c.n.e.r.AbstractInstanceRegistry - Running the evict task with compensationTime 0ms
2023-08-25 18:32:51.322 [Eureka-EvictionTimer] INFO  c.n.e.r.AbstractInstanceRegistry - Running the evict task with compensationTime 0ms
2023-08-25 18:32:56.322 [Eureka-EvictionTimer] INFO  c.n.e.r.AbstractInstanceRegistry - Running the evict task with compensationTime 0ms
2023-08-25 18:33:01.322 [Eureka-EvictionTimer] INFO  c.n.e.r.AbstractInstanceRegistry - Running the evict task with compensationTime 0ms
2023-08-25 18:33:06.322 [Eureka-EvictionTimer] INFO  c.n.e.r.AbstractInstanceRegistry - Running the evict task with compensationTime 0ms
2023-08-25 18:33:11.322 [Eureka-EvictionTimer] INFO  c.n.e.r.AbstractInstanceRegistry - Running the evict task with compensationTime 0ms
2023-08-25 18:33:16.322 [Eureka-EvictionTimer] INFO  c.n.e.r.AbstractInstanceRegistry - Running the evict task with compensationTime 0ms
2023-08-25 18:33:21.322 [Eureka-EvictionTimer] INFO  c.n.e.r.AbstractInstanceRegistry - Running the evict task with compensationTime 0ms
2023-08-25 18:33:26.322 [Eureka-EvictionTimer] INFO  c.n.e.r.AbstractInstanceRegistry - Running the evict task with compensationTime 0ms
2023-08-25 18:33:31.322 [Eureka-EvictionTimer] INFO  c.n.e.r.AbstractInstanceRegistry - Running the evict task with compensationTime 0ms
2023-08-25 18:33:36.322 [Eureka-EvictionTimer] INFO  c.n.e.r.AbstractInstanceRegistry - Running the evict task with compensationTime 0ms
2023-08-25 18:33:41.322 [Eureka-EvictionTimer] INFO  c.n.e.r.AbstractInstanceRegistry - Running the evict task with compensationTime 0ms
2023-08-25 18:33:46.322 [Eureka-EvictionTimer] INFO  c.n.e.r.AbstractInstanceRegistry - Running the evict task with compensationTime 0ms
2023-08-25 18:33:51.322 [Eureka-EvictionTimer] INFO  c.n.e.r.AbstractInstanceRegistry - Running the evict task with compensationTime 0ms
2023-08-25 18:33:56.322 [Eureka-EvictionTimer] INFO  c.n.e.r.AbstractInstanceRegistry - Running the evict task with compensationTime 0ms
2023-08-25 18:34:01.322 [Eureka-EvictionTimer] INFO  c.n.e.r.AbstractInstanceRegistry - Running the evict task with compensationTime 0ms
2023-08-25 18:34:06.322 [Eureka-EvictionTimer] INFO  c.n.e.r.AbstractInstanceRegistry - Running the evict task with compensationTime 0ms
2023-08-25 18:34:11.322 [Eureka-EvictionTimer] INFO  c.n.e.r.AbstractInstanceRegistry - Running the evict task with compensationTime 0ms
2023-08-25 18:34:16.322 [Eureka-EvictionTimer] INFO  c.n.e.r.AbstractInstanceRegistry - Running the evict task with compensationTime 0ms
2023-08-25 18:34:21.322 [Eureka-EvictionTimer] INFO  c.n.e.r.AbstractInstanceRegistry - Running the evict task with compensationTime 0ms
2023-08-25 18:34:26.322 [Eureka-EvictionTimer] INFO  c.n.e.r.AbstractInstanceRegistry - Running the evict task with compensationTime 0ms
2023-08-25 18:34:31.322 [Eureka-EvictionTimer] INFO  c.n.e.r.AbstractInstanceRegistry - Running the evict task with compensationTime 0ms
2023-08-25 18:34:36.322 [Eureka-EvictionTimer] INFO  c.n.e.r.AbstractInstanceRegistry - Running the evict task with compensationTime 0ms
2023-08-25 18:34:41.322 [Eureka-EvictionTimer] INFO  c.n.e.r.AbstractInstanceRegistry - Running the evict task with compensationTime 0ms
2023-08-25 18:34:46.322 [Eureka-EvictionTimer] INFO  c.n.e.r.AbstractInstanceRegistry - Running the evict task with compensationTime 0ms
2023-08-25 18:34:51.322 [Eureka-EvictionTimer] INFO  c.n.e.r.AbstractInstanceRegistry - Running the evict task with compensationTime 0ms
2023-08-25 18:34:56.322 [Eureka-EvictionTimer] INFO  c.n.e.r.AbstractInstanceRegistry - Running the evict task with compensationTime 0ms
2023-08-25 18:35:00.853 [ReplicaAwareInstanceRegistry - RenewalThresholdUpdater] INFO  c.n.e.r.PeerAwareInstanceRegistryImpl - Current renewal threshold is : 0
2023-08-25 18:35:01.322 [Eureka-EvictionTimer] INFO  c.n.e.r.AbstractInstanceRegistry - Running the evict task with compensationTime 0ms
2023-08-25 18:35:06.322 [Eureka-EvictionTimer] INFO  c.n.e.r.AbstractInstanceRegistry - Running the evict task with compensationTime 0ms
2023-08-25 18:35:11.322 [Eureka-EvictionTimer] INFO  c.n.e.r.AbstractInstanceRegistry - Running the evict task with compensationTime 0ms
2023-08-25 18:35:16.322 [Eureka-EvictionTimer] INFO  c.n.e.r.AbstractInstanceRegistry - Running the evict task with compensationTime 0ms
2023-08-25 18:35:21.322 [Eureka-EvictionTimer] INFO  c.n.e.r.AbstractInstanceRegistry - Running the evict task with compensationTime 0ms
2023-08-25 18:35:26.322 [Eureka-EvictionTimer] INFO  c.n.e.r.AbstractInstanceRegistry - Running the evict task with compensationTime 0ms
2023-08-25 18:35:31.322 [Eureka-EvictionTimer] INFO  c.n.e.r.AbstractInstanceRegistry - Running the evict task with compensationTime 0ms
2023-08-25 18:35:36.322 [Eureka-EvictionTimer] INFO  c.n.e.r.AbstractInstanceRegistry - Running the evict task with compensationTime 0ms
2023-08-25 18:35:41.322 [Eureka-EvictionTimer] INFO  c.n.e.r.AbstractInstanceRegistry - Running the evict task with compensationTime 0ms
2023-08-25 18:35:46.322 [Eureka-EvictionTimer] INFO  c.n.e.r.AbstractInstanceRegistry - Running the evict task with compensationTime 0ms
2023-08-25 18:35:51.322 [Eureka-EvictionTimer] INFO  c.n.e.r.AbstractInstanceRegistry - Running the evict task with compensationTime 0ms
2023-08-25 18:35:56.322 [Eureka-EvictionTimer] INFO  c.n.e.r.AbstractInstanceRegistry - Running the evict task with compensationTime 0ms
2023-08-25 18:36:01.322 [Eureka-EvictionTimer] INFO  c.n.e.r.AbstractInstanceRegistry - Running the evict task with compensationTime 0ms
2023-08-25 18:36:06.322 [Eureka-EvictionTimer] INFO  c.n.e.r.AbstractInstanceRegistry - Running the evict task with compensationTime 0ms
2023-08-25 18:36:11.322 [Eureka-EvictionTimer] INFO  c.n.e.r.AbstractInstanceRegistry - Running the evict task with compensationTime 0ms
2023-08-25 18:36:16.322 [Eureka-EvictionTimer] INFO  c.n.e.r.AbstractInstanceRegistry - Running the evict task with compensationTime 0ms
2023-08-25 18:36:21.322 [Eureka-EvictionTimer] INFO  c.n.e.r.AbstractInstanceRegistry - Running the evict task with compensationTime 0ms
2023-08-25 18:36:26.322 [Eureka-EvictionTimer] INFO  c.n.e.r.AbstractInstanceRegistry - Running the evict task with compensationTime 0ms
2023-08-25 18:36:31.322 [Eureka-EvictionTimer] INFO  c.n.e.r.AbstractInstanceRegistry - Running the evict task with compensationTime 0ms
2023-08-25 18:36:36.322 [Eureka-EvictionTimer] INFO  c.n.e.r.AbstractInstanceRegistry - Running the evict task with compensationTime 0ms
2023-08-25 18:36:41.322 [Eureka-EvictionTimer] INFO  c.n.e.r.AbstractInstanceRegistry - Running the evict task with compensationTime 0ms
2023-08-25 18:36:46.322 [Eureka-EvictionTimer] INFO  c.n.e.r.AbstractInstanceRegistry - Running the evict task with compensationTime 0ms
2023-08-25 18:36:51.322 [Eureka-EvictionTimer] INFO  c.n.e.r.AbstractInstanceRegistry - Running the evict task with compensationTime 0ms
2023-08-25 18:36:56.322 [Eureka-EvictionTimer] INFO  c.n.e.r.AbstractInstanceRegistry - Running the evict task with compensationTime 0ms
2023-08-25 18:37:01.322 [Eureka-EvictionTimer] INFO  c.n.e.r.AbstractInstanceRegistry - Running the evict task with compensationTime 0ms
2023-08-25 18:37:06.322 [Eureka-EvictionTimer] INFO  c.n.e.r.AbstractInstanceRegistry - Running the evict task with compensationTime 0ms
2023-08-25 18:37:11.322 [Eureka-EvictionTimer] INFO  c.n.e.r.AbstractInstanceRegistry - Running the evict task with compensationTime 0ms
2023-08-25 18:37:16.322 [Eureka-EvictionTimer] INFO  c.n.e.r.AbstractInstanceRegistry - Running the evict task with compensationTime 0ms
2023-08-25 18:37:21.322 [Eureka-EvictionTimer] INFO  c.n.e.r.AbstractInstanceRegistry - Running the evict task with compensationTime 0ms
2023-08-25 18:37:26.322 [Eureka-EvictionTimer] INFO  c.n.e.r.AbstractInstanceRegistry - Running the evict task with compensationTime 0ms
2023-08-25 18:37:31.322 [Eureka-EvictionTimer] INFO  c.n.e.r.AbstractInstanceRegistry - Running the evict task with compensationTime 0ms
2023-08-25 18:37:36.322 [Eureka-EvictionTimer] INFO  c.n.e.r.AbstractInstanceRegistry - Running the evict task with compensationTime 0ms
2023-08-25 18:37:41.322 [Eureka-EvictionTimer] INFO  c.n.e.r.AbstractInstanceRegistry - Running the evict task with compensationTime 0ms
2023-08-25 18:37:46.322 [Eureka-EvictionTimer] INFO  c.n.e.r.AbstractInstanceRegistry - Running the evict task with compensationTime 0ms
2023-08-25 18:37:51.322 [Eureka-EvictionTimer] INFO  c.n.e.r.AbstractInstanceRegistry - Running the evict task with compensationTime 0ms
2023-08-25 18:37:56.322 [Eureka-EvictionTimer] INFO  c.n.e.r.AbstractInstanceRegistry - Running the evict task with compensationTime 0ms
2023-08-25 18:38:01.322 [Eureka-EvictionTimer] INFO  c.n.e.r.AbstractInstanceRegistry - Running the evict task with compensationTime 0ms
2023-08-25 18:38:06.322 [Eureka-EvictionTimer] INFO  c.n.e.r.AbstractInstanceRegistry - Running the evict task with compensationTime 0ms
2023-08-25 18:38:11.322 [Eureka-EvictionTimer] INFO  c.n.e.r.AbstractInstanceRegistry - Running the evict task with compensationTime 0ms
2023-08-25 18:38:16.322 [Eureka-EvictionTimer] INFO  c.n.e.r.AbstractInstanceRegistry - Running the evict task with compensationTime 0ms
2023-08-25 18:38:21.322 [Eureka-EvictionTimer] INFO  c.n.e.r.AbstractInstanceRegistry - Running the evict task with compensationTime 0ms
2023-08-25 18:38:26.322 [Eureka-EvictionTimer] INFO  c.n.e.r.AbstractInstanceRegistry - Running the evict task with compensationTime 0ms
2023-08-25 18:38:31.322 [Eureka-EvictionTimer] INFO  c.n.e.r.AbstractInstanceRegistry - Running the evict task with compensationTime 0ms
2023-08-25 18:38:36.322 [Eureka-EvictionTimer] INFO  c.n.e.r.AbstractInstanceRegistry - Running the evict task with compensationTime 0ms
2023-08-25 18:38:41.322 [Eureka-EvictionTimer] INFO  c.n.e.r.AbstractInstanceRegistry - Running the evict task with compensationTime 0ms
2023-08-25 18:38:46.322 [Eureka-EvictionTimer] INFO  c.n.e.r.AbstractInstanceRegistry - Running the evict task with compensationTime 0ms
2023-08-25 18:38:51.322 [Eureka-EvictionTimer] INFO  c.n.e.r.AbstractInstanceRegistry - Running the evict task with compensationTime 0ms
2023-08-25 18:38:56.322 [Eureka-EvictionTimer] INFO  c.n.e.r.AbstractInstanceRegistry - Running the evict task with compensationTime 0ms
2023-08-25 18:39:01.322 [Eureka-EvictionTimer] INFO  c.n.e.r.AbstractInstanceRegistry - Running the evict task with compensationTime 0ms
2023-08-25 18:39:06.322 [Eureka-EvictionTimer] INFO  c.n.e.r.AbstractInstanceRegistry - Running the evict task with compensationTime 0ms
2023-08-25 18:39:11.322 [Eureka-EvictionTimer] INFO  c.n.e.r.AbstractInstanceRegistry - Running the evict task with compensationTime 0ms
2023-08-25 18:39:16.322 [Eureka-EvictionTimer] INFO  c.n.e.r.AbstractInstanceRegistry - Running the evict task with compensationTime 0ms
2023-08-25 18:39:21.322 [Eureka-EvictionTimer] INFO  c.n.e.r.AbstractInstanceRegistry - Running the evict task with compensationTime 0ms
2023-08-25 18:39:26.322 [Eureka-EvictionTimer] INFO  c.n.e.r.AbstractInstanceRegistry - Running the evict task with compensationTime 0ms
2023-08-25 18:39:31.322 [Eureka-EvictionTimer] INFO  c.n.e.r.AbstractInstanceRegistry - Running the evict task with compensationTime 0ms
2023-08-25 18:39:36.322 [Eureka-EvictionTimer] INFO  c.n.e.r.AbstractInstanceRegistry - Running the evict task with compensationTime 0ms
2023-08-25 18:39:41.322 [Eureka-EvictionTimer] INFO  c.n.e.r.AbstractInstanceRegistry - Running the evict task with compensationTime 0ms
2023-08-25 18:39:46.322 [Eureka-EvictionTimer] INFO  c.n.e.r.AbstractInstanceRegistry - Running the evict task with compensationTime 0ms
2023-08-25 18:39:51.322 [Eureka-EvictionTimer] INFO  c.n.e.r.AbstractInstanceRegistry - Running the evict task with compensationTime 0ms
2023-08-25 18:39:56.322 [Eureka-EvictionTimer] INFO  c.n.e.r.AbstractInstanceRegistry - Running the evict task with compensationTime 0ms
2023-08-25 18:40:01.322 [Eureka-EvictionTimer] INFO  c.n.e.r.AbstractInstanceRegistry - Running the evict task with compensationTime 0ms
2023-08-25 18:40:06.322 [Eureka-EvictionTimer] INFO  c.n.e.r.AbstractInstanceRegistry - Running the evict task with compensationTime 0ms
2023-08-25 18:40:11.322 [Eureka-EvictionTimer] INFO  c.n.e.r.AbstractInstanceRegistry - Running the evict task with compensationTime 0ms
2023-08-25 18:40:16.322 [Eureka-EvictionTimer] INFO  c.n.e.r.AbstractInstanceRegistry - Running the evict task with compensationTime 0ms
2023-08-25 18:40:21.322 [Eureka-EvictionTimer] INFO  c.n.e.r.AbstractInstanceRegistry - Running the evict task with compensationTime 0ms
2023-08-25 18:40:26.322 [Eureka-EvictionTimer] INFO  c.n.e.r.AbstractInstanceRegistry - Running the evict task with compensationTime 0ms
2023-08-25 18:40:31.322 [Eureka-EvictionTimer] INFO  c.n.e.r.AbstractInstanceRegistry - Running the evict task with compensationTime 0ms
2023-08-25 18:40:36.322 [Eureka-EvictionTimer] INFO  c.n.e.r.AbstractInstanceRegistry - Running the evict task with compensationTime 0ms
2023-08-25 18:40:41.322 [Eureka-EvictionTimer] INFO  c.n.e.r.AbstractInstanceRegistry - Running the evict task with compensationTime 0ms
2023-08-25 18:40:46.322 [Eureka-EvictionTimer] INFO  c.n.e.r.AbstractInstanceRegistry - Running the evict task with compensationTime 0ms
2023-08-25 18:40:51.322 [Eureka-EvictionTimer] INFO  c.n.e.r.AbstractInstanceRegistry - Running the evict task with compensationTime 0ms
2023-08-25 18:40:56.322 [Eureka-EvictionTimer] INFO  c.n.e.r.AbstractInstanceRegistry - Running the evict task with compensationTime 0ms
2023-08-25 18:41:01.322 [Eureka-EvictionTimer] INFO  c.n.e.r.AbstractInstanceRegistry - Running the evict task with compensationTime 0ms
2023-08-25 18:41:06.322 [Eureka-EvictionTimer] INFO  c.n.e.r.AbstractInstanceRegistry - Running the evict task with compensationTime 0ms
2023-08-25 18:41:11.322 [Eureka-EvictionTimer] INFO  c.n.e.r.AbstractInstanceRegistry - Running the evict task with compensationTime 0ms
2023-08-25 18:41:16.322 [Eureka-EvictionTimer] INFO  c.n.e.r.AbstractInstanceRegistry - Running the evict task with compensationTime 0ms
2023-08-25 18:41:21.322 [Eureka-EvictionTimer] INFO  c.n.e.r.AbstractInstanceRegistry - Running the evict task with compensationTime 0ms
2023-08-25 18:41:26.322 [Eureka-EvictionTimer] INFO  c.n.e.r.AbstractInstanceRegistry - Running the evict task with compensationTime 0ms
2023-08-25 18:41:31.322 [Eureka-EvictionTimer] INFO  c.n.e.r.AbstractInstanceRegistry - Running the evict task with compensationTime 0ms
2023-08-25 18:41:36.322 [Eureka-EvictionTimer] INFO  c.n.e.r.AbstractInstanceRegistry - Running the evict task with compensationTime 0ms
2023-08-25 18:41:41.322 [Eureka-EvictionTimer] INFO  c.n.e.r.AbstractInstanceRegistry - Running the evict task with compensationTime 0ms
2023-08-25 18:41:46.322 [Eureka-EvictionTimer] INFO  c.n.e.r.AbstractInstanceRegistry - Running the evict task with compensationTime 0ms
2023-08-25 18:41:51.322 [Eureka-EvictionTimer] INFO  c.n.e.r.AbstractInstanceRegistry - Running the evict task with compensationTime 0ms
2023-08-25 18:41:56.322 [Eureka-EvictionTimer] INFO  c.n.e.r.AbstractInstanceRegistry - Running the evict task with compensationTime 0ms
2023-08-25 18:42:01.322 [Eureka-EvictionTimer] INFO  c.n.e.r.AbstractInstanceRegistry - Running the evict task with compensationTime 0ms
2023-08-25 18:42:06.322 [Eureka-EvictionTimer] INFO  c.n.e.r.AbstractInstanceRegistry - Running the evict task with compensationTime 0ms
2023-08-25 18:42:11.322 [Eureka-EvictionTimer] INFO  c.n.e.r.AbstractInstanceRegistry - Running the evict task with compensationTime 0ms
2023-08-25 18:42:16.322 [Eureka-EvictionTimer] INFO  c.n.e.r.AbstractInstanceRegistry - Running the evict task with compensationTime 0ms
2023-08-25 18:42:21.322 [Eureka-EvictionTimer] INFO  c.n.e.r.AbstractInstanceRegistry - Running the evict task with compensationTime 0ms
2023-08-25 18:42:26.322 [Eureka-EvictionTimer] INFO  c.n.e.r.AbstractInstanceRegistry - Running the evict task with compensationTime 0ms
2023-08-25 18:42:31.322 [Eureka-EvictionTimer] INFO  c.n.e.r.AbstractInstanceRegistry - Running the evict task with compensationTime 0ms
2023-08-25 18:42:36.322 [Eureka-EvictionTimer] INFO  c.n.e.r.AbstractInstanceRegistry - Running the evict task with compensationTime 0ms
2023-08-25 18:42:41.322 [Eureka-EvictionTimer] INFO  c.n.e.r.AbstractInstanceRegistry - Running the evict task with compensationTime 0ms
2023-08-25 18:42:46.322 [Eureka-EvictionTimer] INFO  c.n.e.r.AbstractInstanceRegistry - Running the evict task with compensationTime 0ms
2023-08-25 18:42:51.322 [Eureka-EvictionTimer] INFO  c.n.e.r.AbstractInstanceRegistry - Running the evict task with compensationTime 0ms
2023-08-25 18:42:56.322 [Eureka-EvictionTimer] INFO  c.n.e.r.AbstractInstanceRegistry - Running the evict task with compensationTime 0ms
2023-08-25 18:43:01.322 [Eureka-EvictionTimer] INFO  c.n.e.r.AbstractInstanceRegistry - Running the evict task with compensationTime 0ms
2023-08-25 18:43:06.322 [Eureka-EvictionTimer] INFO  c.n.e.r.AbstractInstanceRegistry - Running the evict task with compensationTime 0ms
2023-08-25 18:43:11.322 [Eureka-EvictionTimer] INFO  c.n.e.r.AbstractInstanceRegistry - Running the evict task with compensationTime 0ms
2023-08-25 18:43:16.322 [Eureka-EvictionTimer] INFO  c.n.e.r.AbstractInstanceRegistry - Running the evict task with compensationTime 0ms
2023-08-25 18:43:21.322 [Eureka-EvictionTimer] INFO  c.n.e.r.AbstractInstanceRegistry - Running the evict task with compensationTime 0ms
2023-08-25 18:43:26.322 [Eureka-EvictionTimer] INFO  c.n.e.r.AbstractInstanceRegistry - Running the evict task with compensationTime 0ms
2023-08-25 18:43:31.322 [Eureka-EvictionTimer] INFO  c.n.e.r.AbstractInstanceRegistry - Running the evict task with compensationTime 0ms
2023-08-25 18:43:36.322 [Eureka-EvictionTimer] INFO  c.n.e.r.AbstractInstanceRegistry - Running the evict task with compensationTime 0ms
2023-08-25 18:43:41.322 [Eureka-EvictionTimer] INFO  c.n.e.r.AbstractInstanceRegistry - Running the evict task with compensationTime 0ms
2023-08-25 18:43:46.322 [Eureka-EvictionTimer] INFO  c.n.e.r.AbstractInstanceRegistry - Running the evict task with compensationTime 0ms
2023-08-25 18:43:51.322 [Eureka-EvictionTimer] INFO  c.n.e.r.AbstractInstanceRegistry - Running the evict task with compensationTime 0ms
2023-08-25 18:43:56.322 [Eureka-EvictionTimer] INFO  c.n.e.r.AbstractInstanceRegistry - Running the evict task with compensationTime 0ms
2023-08-25 18:44:01.322 [Eureka-EvictionTimer] INFO  c.n.e.r.AbstractInstanceRegistry - Running the evict task with compensationTime 0ms
2023-08-25 18:44:06.322 [Eureka-EvictionTimer] INFO  c.n.e.r.AbstractInstanceRegistry - Running the evict task with compensationTime 0ms
2023-08-25 18:44:11.322 [Eureka-EvictionTimer] INFO  c.n.e.r.AbstractInstanceRegistry - Running the evict task with compensationTime 0ms
2023-08-25 18:44:16.322 [Eureka-EvictionTimer] INFO  c.n.e.r.AbstractInstanceRegistry - Running the evict task with compensationTime 0ms
2023-08-25 18:44:21.322 [Eureka-EvictionTimer] INFO  c.n.e.r.AbstractInstanceRegistry - Running the evict task with compensationTime 0ms
2023-08-25 18:44:26.322 [Eureka-EvictionTimer] INFO  c.n.e.r.AbstractInstanceRegistry - Running the evict task with compensationTime 0ms
2023-08-25 18:44:31.322 [Eureka-EvictionTimer] INFO  c.n.e.r.AbstractInstanceRegistry - Running the evict task with compensationTime 0ms
2023-08-25 18:44:36.322 [Eureka-EvictionTimer] INFO  c.n.e.r.AbstractInstanceRegistry - Running the evict task with compensationTime 0ms
2023-08-25 18:44:41.322 [Eureka-EvictionTimer] INFO  c.n.e.r.AbstractInstanceRegistry - Running the evict task with compensationTime 0ms
2023-08-25 18:44:46.322 [Eureka-EvictionTimer] INFO  c.n.e.r.AbstractInstanceRegistry - Running the evict task with compensationTime 0ms
2023-08-25 18:44:51.322 [Eureka-EvictionTimer] INFO  c.n.e.r.AbstractInstanceRegistry - Running the evict task with compensationTime 0ms
2023-08-25 18:44:56.322 [Eureka-EvictionTimer] INFO  c.n.e.r.AbstractInstanceRegistry - Running the evict task with compensationTime 0ms
2023-08-25 18:45:01.322 [Eureka-EvictionTimer] INFO  c.n.e.r.AbstractInstanceRegistry - Running the evict task with compensationTime 0ms
2023-08-25 18:45:06.322 [Eureka-EvictionTimer] INFO  c.n.e.r.AbstractInstanceRegistry - Running the evict task with compensationTime 0ms
2023-08-25 18:45:11.322 [Eureka-EvictionTimer] INFO  c.n.e.r.AbstractInstanceRegistry - Running the evict task with compensationTime 0ms
2023-08-25 18:45:16.322 [Eureka-EvictionTimer] INFO  c.n.e.r.AbstractInstanceRegistry - Running the evict task with compensationTime 0ms
2023-08-25 18:45:21.322 [Eureka-EvictionTimer] INFO  c.n.e.r.AbstractInstanceRegistry - Running the evict task with compensationTime 0ms
2023-08-25 18:45:26.322 [Eureka-EvictionTimer] INFO  c.n.e.r.AbstractInstanceRegistry - Running the evict task with compensationTime 0ms
2023-08-25 18:45:31.322 [Eureka-EvictionTimer] INFO  c.n.e.r.AbstractInstanceRegistry - Running the evict task with compensationTime 0ms
2023-08-25 18:45:36.322 [Eureka-EvictionTimer] INFO  c.n.e.r.AbstractInstanceRegistry - Running the evict task with compensationTime 0ms
2023-08-25 18:45:41.322 [Eureka-EvictionTimer] INFO  c.n.e.r.AbstractInstanceRegistry - Running the evict task with compensationTime 0ms
2023-08-25 18:45:46.322 [Eureka-EvictionTimer] INFO  c.n.e.r.AbstractInstanceRegistry - Running the evict task with compensationTime 0ms
2023-08-25 18:45:51.322 [Eureka-EvictionTimer] INFO  c.n.e.r.AbstractInstanceRegistry - Running the evict task with compensationTime 0ms
2023-08-25 18:45:56.322 [Eureka-EvictionTimer] INFO  c.n.e.r.AbstractInstanceRegistry - Running the evict task with compensationTime 0ms
2023-08-25 18:46:01.322 [Eureka-EvictionTimer] INFO  c.n.e.r.AbstractInstanceRegistry - Running the evict task with compensationTime 0ms
2023-08-25 18:46:06.322 [Eureka-EvictionTimer] INFO  c.n.e.r.AbstractInstanceRegistry - Running the evict task with compensationTime 0ms
2023-08-25 18:46:11.322 [Eureka-EvictionTimer] INFO  c.n.e.r.AbstractInstanceRegistry - Running the evict task with compensationTime 0ms
2023-08-25 18:46:16.322 [Eureka-EvictionTimer] INFO  c.n.e.r.AbstractInstanceRegistry - Running the evict task with compensationTime 0ms
2023-08-25 18:46:21.322 [Eureka-EvictionTimer] INFO  c.n.e.r.AbstractInstanceRegistry - Running the evict task with compensationTime 0ms
2023-08-25 18:46:26.322 [Eureka-EvictionTimer] INFO  c.n.e.r.AbstractInstanceRegistry - Running the evict task with compensationTime 0ms
2023-08-25 18:46:31.322 [Eureka-EvictionTimer] INFO  c.n.e.r.AbstractInstanceRegistry - Running the evict task with compensationTime 0ms
2023-08-25 18:46:36.322 [Eureka-EvictionTimer] INFO  c.n.e.r.AbstractInstanceRegistry - Running the evict task with compensationTime 0ms
2023-08-25 18:46:41.322 [Eureka-EvictionTimer] INFO  c.n.e.r.AbstractInstanceRegistry - Running the evict task with compensationTime 0ms
2023-08-25 18:46:46.322 [Eureka-EvictionTimer] INFO  c.n.e.r.AbstractInstanceRegistry - Running the evict task with compensationTime 0ms
2023-08-25 18:46:51.322 [Eureka-EvictionTimer] INFO  c.n.e.r.AbstractInstanceRegistry - Running the evict task with compensationTime 0ms
2023-08-25 18:46:56.322 [Eureka-EvictionTimer] INFO  c.n.e.r.AbstractInstanceRegistry - Running the evict task with compensationTime 0ms
2023-08-25 18:47:01.322 [Eureka-EvictionTimer] INFO  c.n.e.r.AbstractInstanceRegistry - Running the evict task with compensationTime 0ms
2023-08-25 18:47:06.322 [Eureka-EvictionTimer] INFO  c.n.e.r.AbstractInstanceRegistry - Running the evict task with compensationTime 0ms
2023-08-25 18:47:11.322 [Eureka-EvictionTimer] INFO  c.n.e.r.AbstractInstanceRegistry - Running the evict task with compensationTime 0ms
2023-08-25 18:47:16.322 [Eureka-EvictionTimer] INFO  c.n.e.r.AbstractInstanceRegistry - Running the evict task with compensationTime 0ms
2023-08-25 18:47:21.322 [Eureka-EvictionTimer] INFO  c.n.e.r.AbstractInstanceRegistry - Running the evict task with compensationTime 0ms
2023-08-25 18:47:26.322 [Eureka-EvictionTimer] INFO  c.n.e.r.AbstractInstanceRegistry - Running the evict task with compensationTime 0ms
2023-08-25 18:47:31.322 [Eureka-EvictionTimer] INFO  c.n.e.r.AbstractInstanceRegistry - Running the evict task with compensationTime 0ms
2023-08-25 18:47:36.322 [Eureka-EvictionTimer] INFO  c.n.e.r.AbstractInstanceRegistry - Running the evict task with compensationTime 0ms
2023-08-25 18:47:41.322 [Eureka-EvictionTimer] INFO  c.n.e.r.AbstractInstanceRegistry - Running the evict task with compensationTime 0ms
2023-08-25 18:47:46.322 [Eureka-EvictionTimer] INFO  c.n.e.r.AbstractInstanceRegistry - Running the evict task with compensationTime 0ms
2023-08-25 18:47:51.322 [Eureka-EvictionTimer] INFO  c.n.e.r.AbstractInstanceRegistry - Running the evict task with compensationTime 0ms
2023-08-25 18:47:56.322 [Eureka-EvictionTimer] INFO  c.n.e.r.AbstractInstanceRegistry - Running the evict task with compensationTime 0ms
2023-08-25 18:48:01.322 [Eureka-EvictionTimer] INFO  c.n.e.r.AbstractInstanceRegistry - Running the evict task with compensationTime 0ms
2023-08-25 18:48:06.322 [Eureka-EvictionTimer] INFO  c.n.e.r.AbstractInstanceRegistry - Running the evict task with compensationTime 0ms
2023-08-25 18:48:11.322 [Eureka-EvictionTimer] INFO  c.n.e.r.AbstractInstanceRegistry - Running the evict task with compensationTime 0ms
2023-08-25 18:48:16.322 [Eureka-EvictionTimer] INFO  c.n.e.r.AbstractInstanceRegistry - Running the evict task with compensationTime 0ms
2023-08-25 18:48:21.322 [Eureka-EvictionTimer] INFO  c.n.e.r.AbstractInstanceRegistry - Running the evict task with compensationTime 0ms
2023-08-25 18:48:26.322 [Eureka-EvictionTimer] INFO  c.n.e.r.AbstractInstanceRegistry - Running the evict task with compensationTime 0ms
2023-08-25 18:48:31.322 [Eureka-EvictionTimer] INFO  c.n.e.r.AbstractInstanceRegistry - Running the evict task with compensationTime 0ms
2023-08-25 18:48:36.322 [Eureka-EvictionTimer] INFO  c.n.e.r.AbstractInstanceRegistry - Running the evict task with compensationTime 0ms
2023-08-25 18:48:41.322 [Eureka-EvictionTimer] INFO  c.n.e.r.AbstractInstanceRegistry - Running the evict task with compensationTime 0ms
2023-08-25 18:48:46.322 [Eureka-EvictionTimer] INFO  c.n.e.r.AbstractInstanceRegistry - Running the evict task with compensationTime 0ms
2023-08-25 18:48:51.322 [Eureka-EvictionTimer] INFO  c.n.e.r.AbstractInstanceRegistry - Running the evict task with compensationTime 0ms
2023-08-25 18:48:56.322 [Eureka-EvictionTimer] INFO  c.n.e.r.AbstractInstanceRegistry - Running the evict task with compensationTime 0ms
2023-08-25 18:49:01.322 [Eureka-EvictionTimer] INFO  c.n.e.r.AbstractInstanceRegistry - Running the evict task with compensationTime 0ms
2023-08-25 18:49:06.322 [Eureka-EvictionTimer] INFO  c.n.e.r.AbstractInstanceRegistry - Running the evict task with compensationTime 0ms
2023-08-25 18:49:11.322 [Eureka-EvictionTimer] INFO  c.n.e.r.AbstractInstanceRegistry - Running the evict task with compensationTime 0ms
2023-08-25 18:49:16.322 [Eureka-EvictionTimer] INFO  c.n.e.r.AbstractInstanceRegistry - Running the evict task with compensationTime 0ms
2023-08-25 18:49:21.322 [Eureka-EvictionTimer] INFO  c.n.e.r.AbstractInstanceRegistry - Running the evict task with compensationTime 0ms
2023-08-25 18:49:26.322 [Eureka-EvictionTimer] INFO  c.n.e.r.AbstractInstanceRegistry - Running the evict task with compensationTime 0ms
2023-08-25 18:49:31.322 [Eureka-EvictionTimer] INFO  c.n.e.r.AbstractInstanceRegistry - Running the evict task with compensationTime 0ms
2023-08-25 18:49:36.322 [Eureka-EvictionTimer] INFO  c.n.e.r.AbstractInstanceRegistry - Running the evict task with compensationTime 0ms
2023-08-25 18:49:41.322 [Eureka-EvictionTimer] INFO  c.n.e.r.AbstractInstanceRegistry - Running the evict task with compensationTime 0ms
2023-08-25 18:49:46.322 [Eureka-EvictionTimer] INFO  c.n.e.r.AbstractInstanceRegistry - Running the evict task with compensationTime 0ms
2023-08-25 18:49:51.322 [Eureka-EvictionTimer] INFO  c.n.e.r.AbstractInstanceRegistry - Running the evict task with compensationTime 0ms
2023-08-25 18:49:56.322 [Eureka-EvictionTimer] INFO  c.n.e.r.AbstractInstanceRegistry - Running the evict task with compensationTime 0ms
2023-08-25 18:50:00.853 [ReplicaAwareInstanceRegistry - RenewalThresholdUpdater] INFO  c.n.e.r.PeerAwareInstanceRegistryImpl - Current renewal threshold is : 0
2023-08-25 18:50:01.322 [Eureka-EvictionTimer] INFO  c.n.e.r.AbstractInstanceRegistry - Running the evict task with compensationTime 0ms
2023-08-25 18:50:06.322 [Eureka-EvictionTimer] INFO  c.n.e.r.AbstractInstanceRegistry - Running the evict task with compensationTime 0ms
2023-08-25 18:50:11.322 [Eureka-EvictionTimer] INFO  c.n.e.r.AbstractInstanceRegistry - Running the evict task with compensationTime 0ms
2023-08-25 18:50:16.322 [Eureka-EvictionTimer] INFO  c.n.e.r.AbstractInstanceRegistry - Running the evict task with compensationTime 0ms
2023-08-25 18:50:21.322 [Eureka-EvictionTimer] INFO  c.n.e.r.AbstractInstanceRegistry - Running the evict task with compensationTime 0ms
2023-08-25 18:50:26.322 [Eureka-EvictionTimer] INFO  c.n.e.r.AbstractInstanceRegistry - Running the evict task with compensationTime 0ms
2023-08-25 18:50:31.322 [Eureka-EvictionTimer] INFO  c.n.e.r.AbstractInstanceRegistry - Running the evict task with compensationTime 0ms
2023-08-25 18:50:36.322 [Eureka-EvictionTimer] INFO  c.n.e.r.AbstractInstanceRegistry - Running the evict task with compensationTime 0ms
2023-08-25 18:50:41.322 [Eureka-EvictionTimer] INFO  c.n.e.r.AbstractInstanceRegistry - Running the evict task with compensationTime 0ms
2023-08-25 18:50:46.322 [Eureka-EvictionTimer] INFO  c.n.e.r.AbstractInstanceRegistry - Running the evict task with compensationTime 0ms
2023-08-25 18:50:51.322 [Eureka-EvictionTimer] INFO  c.n.e.r.AbstractInstanceRegistry - Running the evict task with compensationTime 0ms
2023-08-25 18:50:56.322 [Eureka-EvictionTimer] INFO  c.n.e.r.AbstractInstanceRegistry - Running the evict task with compensationTime 0ms
2023-08-25 18:51:01.322 [Eureka-EvictionTimer] INFO  c.n.e.r.AbstractInstanceRegistry - Running the evict task with compensationTime 0ms
2023-08-25 18:51:06.322 [Eureka-EvictionTimer] INFO  c.n.e.r.AbstractInstanceRegistry - Running the evict task with compensationTime 0ms
2023-08-25 18:51:11.322 [Eureka-EvictionTimer] INFO  c.n.e.r.AbstractInstanceRegistry - Running the evict task with compensationTime 0ms
2023-08-25 18:51:16.322 [Eureka-EvictionTimer] INFO  c.n.e.r.AbstractInstanceRegistry - Running the evict task with compensationTime 0ms
2023-08-25 18:51:21.322 [Eureka-EvictionTimer] INFO  c.n.e.r.AbstractInstanceRegistry - Running the evict task with compensationTime 0ms
2023-08-25 18:51:26.322 [Eureka-EvictionTimer] INFO  c.n.e.r.AbstractInstanceRegistry - Running the evict task with compensationTime 0ms
2023-08-25 18:51:31.322 [Eureka-EvictionTimer] INFO  c.n.e.r.AbstractInstanceRegistry - Running the evict task with compensationTime 0ms
2023-08-25 18:51:36.322 [Eureka-EvictionTimer] INFO  c.n.e.r.AbstractInstanceRegistry - Running the evict task with compensationTime 0ms
2023-08-25 18:51:41.322 [Eureka-EvictionTimer] INFO  c.n.e.r.AbstractInstanceRegistry - Running the evict task with compensationTime 0ms
2023-08-25 18:51:46.322 [Eureka-EvictionTimer] INFO  c.n.e.r.AbstractInstanceRegistry - Running the evict task with compensationTime 0ms
2023-08-25 18:51:51.322 [Eureka-EvictionTimer] INFO  c.n.e.r.AbstractInstanceRegistry - Running the evict task with compensationTime 0ms
2023-08-25 18:51:56.322 [Eureka-EvictionTimer] INFO  c.n.e.r.AbstractInstanceRegistry - Running the evict task with compensationTime 0ms
2023-08-25 18:52:01.322 [Eureka-EvictionTimer] INFO  c.n.e.r.AbstractInstanceRegistry - Running the evict task with compensationTime 0ms
2023-08-25 18:52:06.322 [Eureka-EvictionTimer] INFO  c.n.e.r.AbstractInstanceRegistry - Running the evict task with compensationTime 0ms
2023-08-25 18:52:11.322 [Eureka-EvictionTimer] INFO  c.n.e.r.AbstractInstanceRegistry - Running the evict task with compensationTime 0ms
2023-08-25 18:52:16.322 [Eureka-EvictionTimer] INFO  c.n.e.r.AbstractInstanceRegistry - Running the evict task with compensationTime 0ms
2023-08-25 18:52:21.322 [Eureka-EvictionTimer] INFO  c.n.e.r.AbstractInstanceRegistry - Running the evict task with compensationTime 0ms
2023-08-25 18:52:26.322 [Eureka-EvictionTimer] INFO  c.n.e.r.AbstractInstanceRegistry - Running the evict task with compensationTime 0ms
2023-08-25 18:52:31.322 [Eureka-EvictionTimer] INFO  c.n.e.r.AbstractInstanceRegistry - Running the evict task with compensationTime 0ms
2023-08-25 18:52:36.322 [Eureka-EvictionTimer] INFO  c.n.e.r.AbstractInstanceRegistry - Running the evict task with compensationTime 0ms
2023-08-25 18:52:41.322 [Eureka-EvictionTimer] INFO  c.n.e.r.AbstractInstanceRegistry - Running the evict task with compensationTime 0ms
2023-08-25 18:52:46.322 [Eureka-EvictionTimer] INFO  c.n.e.r.AbstractInstanceRegistry - Running the evict task with compensationTime 0ms
2023-08-25 18:52:51.322 [Eureka-EvictionTimer] INFO  c.n.e.r.AbstractInstanceRegistry - Running the evict task with compensationTime 0ms
2023-08-25 18:52:56.322 [Eureka-EvictionTimer] INFO  c.n.e.r.AbstractInstanceRegistry - Running the evict task with compensationTime 0ms
2023-08-25 18:53:01.322 [Eureka-EvictionTimer] INFO  c.n.e.r.AbstractInstanceRegistry - Running the evict task with compensationTime 0ms
2023-08-25 18:53:06.322 [Eureka-EvictionTimer] INFO  c.n.e.r.AbstractInstanceRegistry - Running the evict task with compensationTime 0ms
2023-08-25 18:53:11.322 [Eureka-EvictionTimer] INFO  c.n.e.r.AbstractInstanceRegistry - Running the evict task with compensationTime 0ms
2023-08-25 18:53:16.322 [Eureka-EvictionTimer] INFO  c.n.e.r.AbstractInstanceRegistry - Running the evict task with compensationTime 0ms
2023-08-25 18:53:21.322 [Eureka-EvictionTimer] INFO  c.n.e.r.AbstractInstanceRegistry - Running the evict task with compensationTime 0ms
2023-08-25 18:53:26.322 [Eureka-EvictionTimer] INFO  c.n.e.r.AbstractInstanceRegistry - Running the evict task with compensationTime 0ms
2023-08-25 18:53:31.322 [Eureka-EvictionTimer] INFO  c.n.e.r.AbstractInstanceRegistry - Running the evict task with compensationTime 0ms
2023-08-25 18:53:36.322 [Eureka-EvictionTimer] INFO  c.n.e.r.AbstractInstanceRegistry - Running the evict task with compensationTime 0ms
2023-08-25 18:53:41.322 [Eureka-EvictionTimer] INFO  c.n.e.r.AbstractInstanceRegistry - Running the evict task with compensationTime 0ms
2023-08-25 18:53:46.322 [Eureka-EvictionTimer] INFO  c.n.e.r.AbstractInstanceRegistry - Running the evict task with compensationTime 0ms
2023-08-25 18:53:51.322 [Eureka-EvictionTimer] INFO  c.n.e.r.AbstractInstanceRegistry - Running the evict task with compensationTime 0ms
2023-08-25 18:53:56.322 [Eureka-EvictionTimer] INFO  c.n.e.r.AbstractInstanceRegistry - Running the evict task with compensationTime 0ms
2023-08-25 18:54:01.322 [Eureka-EvictionTimer] INFO  c.n.e.r.AbstractInstanceRegistry - Running the evict task with compensationTime 0ms
2023-08-25 18:54:06.322 [Eureka-EvictionTimer] INFO  c.n.e.r.AbstractInstanceRegistry - Running the evict task with compensationTime 0ms
2023-08-25 18:54:11.322 [Eureka-EvictionTimer] INFO  c.n.e.r.AbstractInstanceRegistry - Running the evict task with compensationTime 0ms
2023-08-25 18:54:16.322 [Eureka-EvictionTimer] INFO  c.n.e.r.AbstractInstanceRegistry - Running the evict task with compensationTime 0ms
2023-08-25 18:54:21.322 [Eureka-EvictionTimer] INFO  c.n.e.r.AbstractInstanceRegistry - Running the evict task with compensationTime 0ms
2023-08-25 18:54:26.322 [Eureka-EvictionTimer] INFO  c.n.e.r.AbstractInstanceRegistry - Running the evict task with compensationTime 0ms
2023-08-25 18:54:31.322 [Eureka-EvictionTimer] INFO  c.n.e.r.AbstractInstanceRegistry - Running the evict task with compensationTime 0ms
2023-08-25 18:54:36.322 [Eureka-EvictionTimer] INFO  c.n.e.r.AbstractInstanceRegistry - Running the evict task with compensationTime 0ms
2023-08-25 18:54:41.322 [Eureka-EvictionTimer] INFO  c.n.e.r.AbstractInstanceRegistry - Running the evict task with compensationTime 0ms
2023-08-25 18:54:46.322 [Eureka-EvictionTimer] INFO  c.n.e.r.AbstractInstanceRegistry - Running the evict task with compensationTime 0ms
2023-08-25 18:54:51.322 [Eureka-EvictionTimer] INFO  c.n.e.r.AbstractInstanceRegistry - Running the evict task with compensationTime 0ms
2023-08-25 18:54:56.322 [Eureka-EvictionTimer] INFO  c.n.e.r.AbstractInstanceRegistry - Running the evict task with compensationTime 0ms
2023-08-25 18:55:01.322 [Eureka-EvictionTimer] INFO  c.n.e.r.AbstractInstanceRegistry - Running the evict task with compensationTime 0ms
2023-08-25 18:55:06.322 [Eureka-EvictionTimer] INFO  c.n.e.r.AbstractInstanceRegistry - Running the evict task with compensationTime 0ms
2023-08-25 18:55:11.322 [Eureka-EvictionTimer] INFO  c.n.e.r.AbstractInstanceRegistry - Running the evict task with compensationTime 0ms
2023-08-25 18:55:16.322 [Eureka-EvictionTimer] INFO  c.n.e.r.AbstractInstanceRegistry - Running the evict task with compensationTime 0ms
2023-08-25 18:55:21.322 [Eureka-EvictionTimer] INFO  c.n.e.r.AbstractInstanceRegistry - Running the evict task with compensationTime 0ms
2023-08-25 18:55:26.322 [Eureka-EvictionTimer] INFO  c.n.e.r.AbstractInstanceRegistry - Running the evict task with compensationTime 0ms
2023-08-25 18:55:31.322 [Eureka-EvictionTimer] INFO  c.n.e.r.AbstractInstanceRegistry - Running the evict task with compensationTime 0ms
2023-08-25 18:55:36.322 [Eureka-EvictionTimer] INFO  c.n.e.r.AbstractInstanceRegistry - Running the evict task with compensationTime 0ms
2023-08-25 18:55:41.322 [Eureka-EvictionTimer] INFO  c.n.e.r.AbstractInstanceRegistry - Running the evict task with compensationTime 0ms
2023-08-25 18:55:46.322 [Eureka-EvictionTimer] INFO  c.n.e.r.AbstractInstanceRegistry - Running the evict task with compensationTime 0ms
2023-08-25 18:55:51.322 [Eureka-EvictionTimer] INFO  c.n.e.r.AbstractInstanceRegistry - Running the evict task with compensationTime 0ms
2023-08-25 18:55:56.322 [Eureka-EvictionTimer] INFO  c.n.e.r.AbstractInstanceRegistry - Running the evict task with compensationTime 0ms
2023-08-25 18:56:01.322 [Eureka-EvictionTimer] INFO  c.n.e.r.AbstractInstanceRegistry - Running the evict task with compensationTime 0ms
2023-08-25 18:56:06.322 [Eureka-EvictionTimer] INFO  c.n.e.r.AbstractInstanceRegistry - Running the evict task with compensationTime 0ms
2023-08-25 18:56:11.322 [Eureka-EvictionTimer] INFO  c.n.e.r.AbstractInstanceRegistry - Running the evict task with compensationTime 0ms
2023-08-25 18:56:16.322 [Eureka-EvictionTimer] INFO  c.n.e.r.AbstractInstanceRegistry - Running the evict task with compensationTime 0ms
2023-08-25 18:56:21.322 [Eureka-EvictionTimer] INFO  c.n.e.r.AbstractInstanceRegistry - Running the evict task with compensationTime 0ms
2023-08-25 18:56:26.322 [Eureka-EvictionTimer] INFO  c.n.e.r.AbstractInstanceRegistry - Running the evict task with compensationTime 0ms
2023-08-25 18:56:31.322 [Eureka-EvictionTimer] INFO  c.n.e.r.AbstractInstanceRegistry - Running the evict task with compensationTime 0ms
2023-08-25 18:56:36.322 [Eureka-EvictionTimer] INFO  c.n.e.r.AbstractInstanceRegistry - Running the evict task with compensationTime 0ms
2023-08-25 18:56:41.322 [Eureka-EvictionTimer] INFO  c.n.e.r.AbstractInstanceRegistry - Running the evict task with compensationTime 0ms
2023-08-25 18:56:46.322 [Eureka-EvictionTimer] INFO  c.n.e.r.AbstractInstanceRegistry - Running the evict task with compensationTime 0ms
2023-08-25 18:56:51.322 [Eureka-EvictionTimer] INFO  c.n.e.r.AbstractInstanceRegistry - Running the evict task with compensationTime 0ms
2023-08-25 18:56:56.322 [Eureka-EvictionTimer] INFO  c.n.e.r.AbstractInstanceRegistry - Running the evict task with compensationTime 0ms
2023-08-25 18:57:01.322 [Eureka-EvictionTimer] INFO  c.n.e.r.AbstractInstanceRegistry - Running the evict task with compensationTime 0ms
2023-08-25 18:57:06.322 [Eureka-EvictionTimer] INFO  c.n.e.r.AbstractInstanceRegistry - Running the evict task with compensationTime 0ms
2023-08-25 18:57:11.322 [Eureka-EvictionTimer] INFO  c.n.e.r.AbstractInstanceRegistry - Running the evict task with compensationTime 0ms
2023-08-25 18:57:16.322 [Eureka-EvictionTimer] INFO  c.n.e.r.AbstractInstanceRegistry - Running the evict task with compensationTime 0ms
2023-08-25 18:57:21.322 [Eureka-EvictionTimer] INFO  c.n.e.r.AbstractInstanceRegistry - Running the evict task with compensationTime 0ms
2023-08-25 18:57:26.322 [Eureka-EvictionTimer] INFO  c.n.e.r.AbstractInstanceRegistry - Running the evict task with compensationTime 0ms
2023-08-25 18:57:31.322 [Eureka-EvictionTimer] INFO  c.n.e.r.AbstractInstanceRegistry - Running the evict task with compensationTime 0ms
2023-08-25 18:57:36.322 [Eureka-EvictionTimer] INFO  c.n.e.r.AbstractInstanceRegistry - Running the evict task with compensationTime 0ms
2023-08-25 18:57:41.322 [Eureka-EvictionTimer] INFO  c.n.e.r.AbstractInstanceRegistry - Running the evict task with compensationTime 0ms
2023-08-25 18:57:46.322 [Eureka-EvictionTimer] INFO  c.n.e.r.AbstractInstanceRegistry - Running the evict task with compensationTime 0ms
2023-08-25 18:57:51.322 [Eureka-EvictionTimer] INFO  c.n.e.r.AbstractInstanceRegistry - Running the evict task with compensationTime 0ms
2023-08-25 18:57:56.322 [Eureka-EvictionTimer] INFO  c.n.e.r.AbstractInstanceRegistry - Running the evict task with compensationTime 0ms
2023-08-25 18:58:01.322 [Eureka-EvictionTimer] INFO  c.n.e.r.AbstractInstanceRegistry - Running the evict task with compensationTime 0ms
2023-08-25 18:58:06.322 [Eureka-EvictionTimer] INFO  c.n.e.r.AbstractInstanceRegistry - Running the evict task with compensationTime 0ms
2023-08-25 18:58:11.322 [Eureka-EvictionTimer] INFO  c.n.e.r.AbstractInstanceRegistry - Running the evict task with compensationTime 0ms
2023-08-25 18:58:16.322 [Eureka-EvictionTimer] INFO  c.n.e.r.AbstractInstanceRegistry - Running the evict task with compensationTime 0ms
2023-08-25 18:58:21.322 [Eureka-EvictionTimer] INFO  c.n.e.r.AbstractInstanceRegistry - Running the evict task with compensationTime 0ms
2023-08-25 18:58:26.322 [Eureka-EvictionTimer] INFO  c.n.e.r.AbstractInstanceRegistry - Running the evict task with compensationTime 0ms
2023-08-25 18:58:31.322 [Eureka-EvictionTimer] INFO  c.n.e.r.AbstractInstanceRegistry - Running the evict task with compensationTime 0ms
2023-08-25 18:58:36.322 [Eureka-EvictionTimer] INFO  c.n.e.r.AbstractInstanceRegistry - Running the evict task with compensationTime 0ms
2023-08-25 18:58:41.322 [Eureka-EvictionTimer] INFO  c.n.e.r.AbstractInstanceRegistry - Running the evict task with compensationTime 0ms
2023-08-25 18:58:46.322 [Eureka-EvictionTimer] INFO  c.n.e.r.AbstractInstanceRegistry - Running the evict task with compensationTime 0ms
2023-08-25 18:58:51.322 [Eureka-EvictionTimer] INFO  c.n.e.r.AbstractInstanceRegistry - Running the evict task with compensationTime 0ms
2023-08-25 18:58:56.322 [Eureka-EvictionTimer] INFO  c.n.e.r.AbstractInstanceRegistry - Running the evict task with compensationTime 0ms
2023-08-25 18:59:01.322 [Eureka-EvictionTimer] INFO  c.n.e.r.AbstractInstanceRegistry - Running the evict task with compensationTime 0ms
2023-08-25 18:59:06.322 [Eureka-EvictionTimer] INFO  c.n.e.r.AbstractInstanceRegistry - Running the evict task with compensationTime 0ms
2023-08-25 18:59:11.322 [Eureka-EvictionTimer] INFO  c.n.e.r.AbstractInstanceRegistry - Running the evict task with compensationTime 0ms
2023-08-25 18:59:16.322 [Eureka-EvictionTimer] INFO  c.n.e.r.AbstractInstanceRegistry - Running the evict task with compensationTime 0ms
2023-08-25 18:59:21.322 [Eureka-EvictionTimer] INFO  c.n.e.r.AbstractInstanceRegistry - Running the evict task with compensationTime 0ms
2023-08-25 18:59:26.322 [Eureka-EvictionTimer] INFO  c.n.e.r.AbstractInstanceRegistry - Running the evict task with compensationTime 0ms
2023-08-25 18:59:31.322 [Eureka-EvictionTimer] INFO  c.n.e.r.AbstractInstanceRegistry - Running the evict task with compensationTime 0ms
2023-08-25 18:59:36.322 [Eureka-EvictionTimer] INFO  c.n.e.r.AbstractInstanceRegistry - Running the evict task with compensationTime 0ms
2023-08-25 18:59:41.322 [Eureka-EvictionTimer] INFO  c.n.e.r.AbstractInstanceRegistry - Running the evict task with compensationTime 0ms
2023-08-25 18:59:46.322 [Eureka-EvictionTimer] INFO  c.n.e.r.AbstractInstanceRegistry - Running the evict task with compensationTime 0ms
2023-08-25 18:59:51.322 [Eureka-EvictionTimer] INFO  c.n.e.r.AbstractInstanceRegistry - Running the evict task with compensationTime 0ms
2023-08-25 18:59:56.322 [Eureka-EvictionTimer] INFO  c.n.e.r.AbstractInstanceRegistry - Running the evict task with compensationTime 0ms
2023-08-25 19:00:01.322 [Eureka-EvictionTimer] INFO  c.n.e.r.AbstractInstanceRegistry - Running the evict task with compensationTime 0ms
2023-08-25 19:00:06.322 [Eureka-EvictionTimer] INFO  c.n.e.r.AbstractInstanceRegistry - Running the evict task with compensationTime 0ms
2023-08-25 19:00:11.322 [Eureka-EvictionTimer] INFO  c.n.e.r.AbstractInstanceRegistry - Running the evict task with compensationTime 0ms
2023-08-25 19:00:16.322 [Eureka-EvictionTimer] INFO  c.n.e.r.AbstractInstanceRegistry - Running the evict task with compensationTime 0ms
2023-08-25 19:00:21.322 [Eureka-EvictionTimer] INFO  c.n.e.r.AbstractInstanceRegistry - Running the evict task with compensationTime 0ms
2023-08-25 19:00:26.322 [Eureka-EvictionTimer] INFO  c.n.e.r.AbstractInstanceRegistry - Running the evict task with compensationTime 0ms
2023-08-25 19:00:31.322 [Eureka-EvictionTimer] INFO  c.n.e.r.AbstractInstanceRegistry - Running the evict task with compensationTime 0ms
2023-08-25 19:00:36.322 [Eureka-EvictionTimer] INFO  c.n.e.r.AbstractInstanceRegistry - Running the evict task with compensationTime 0ms
2023-08-25 19:00:41.322 [Eureka-EvictionTimer] INFO  c.n.e.r.AbstractInstanceRegistry - Running the evict task with compensationTime 0ms
2023-08-25 19:00:46.322 [Eureka-EvictionTimer] INFO  c.n.e.r.AbstractInstanceRegistry - Running the evict task with compensationTime 0ms
2023-08-25 19:00:51.322 [Eureka-EvictionTimer] INFO  c.n.e.r.AbstractInstanceRegistry - Running the evict task with compensationTime 0ms
2023-08-25 19:00:56.322 [Eureka-EvictionTimer] INFO  c.n.e.r.AbstractInstanceRegistry - Running the evict task with compensationTime 0ms
2023-08-25 19:01:01.322 [Eureka-EvictionTimer] INFO  c.n.e.r.AbstractInstanceRegistry - Running the evict task with compensationTime 0ms
2023-08-25 19:01:06.322 [Eureka-EvictionTimer] INFO  c.n.e.r.AbstractInstanceRegistry - Running the evict task with compensationTime 0ms
2023-08-25 19:01:11.322 [Eureka-EvictionTimer] INFO  c.n.e.r.AbstractInstanceRegistry - Running the evict task with compensationTime 0ms
2023-08-25 19:01:16.322 [Eureka-EvictionTimer] INFO  c.n.e.r.AbstractInstanceRegistry - Running the evict task with compensationTime 0ms
2023-08-25 19:01:21.322 [Eureka-EvictionTimer] INFO  c.n.e.r.AbstractInstanceRegistry - Running the evict task with compensationTime 0ms
2023-08-25 19:01:26.322 [Eureka-EvictionTimer] INFO  c.n.e.r.AbstractInstanceRegistry - Running the evict task with compensationTime 0ms
2023-08-25 19:01:31.322 [Eureka-EvictionTimer] INFO  c.n.e.r.AbstractInstanceRegistry - Running the evict task with compensationTime 0ms
2023-08-25 19:01:36.322 [Eureka-EvictionTimer] INFO  c.n.e.r.AbstractInstanceRegistry - Running the evict task with compensationTime 0ms
2023-08-25 19:01:41.322 [Eureka-EvictionTimer] INFO  c.n.e.r.AbstractInstanceRegistry - Running the evict task with compensationTime 0ms
2023-08-25 19:01:46.322 [Eureka-EvictionTimer] INFO  c.n.e.r.AbstractInstanceRegistry - Running the evict task with compensationTime 0ms
2023-08-25 19:01:51.322 [Eureka-EvictionTimer] INFO  c.n.e.r.AbstractInstanceRegistry - Running the evict task with compensationTime 0ms
2023-08-25 19:01:56.322 [Eureka-EvictionTimer] INFO  c.n.e.r.AbstractInstanceRegistry - Running the evict task with compensationTime 0ms
2023-08-25 19:02:01.322 [Eureka-EvictionTimer] INFO  c.n.e.r.AbstractInstanceRegistry - Running the evict task with compensationTime 0ms
2023-08-25 19:02:06.322 [Eureka-EvictionTimer] INFO  c.n.e.r.AbstractInstanceRegistry - Running the evict task with compensationTime 0ms
2023-08-25 19:02:11.322 [Eureka-EvictionTimer] INFO  c.n.e.r.AbstractInstanceRegistry - Running the evict task with compensationTime 0ms
2023-08-25 19:02:16.322 [Eureka-EvictionTimer] INFO  c.n.e.r.AbstractInstanceRegistry - Running the evict task with compensationTime 0ms
2023-08-25 19:02:21.322 [Eureka-EvictionTimer] INFO  c.n.e.r.AbstractInstanceRegistry - Running the evict task with compensationTime 0ms
2023-08-25 19:02:26.322 [Eureka-EvictionTimer] INFO  c.n.e.r.AbstractInstanceRegistry - Running the evict task with compensationTime 0ms
2023-08-25 19:02:31.322 [Eureka-EvictionTimer] INFO  c.n.e.r.AbstractInstanceRegistry - Running the evict task with compensationTime 0ms
2023-08-25 19:02:36.322 [Eureka-EvictionTimer] INFO  c.n.e.r.AbstractInstanceRegistry - Running the evict task with compensationTime 0ms
2023-08-25 19:02:41.322 [Eureka-EvictionTimer] INFO  c.n.e.r.AbstractInstanceRegistry - Running the evict task with compensationTime 0ms
2023-08-25 19:02:46.322 [Eureka-EvictionTimer] INFO  c.n.e.r.AbstractInstanceRegistry - Running the evict task with compensationTime 0ms
2023-08-25 19:02:51.322 [Eureka-EvictionTimer] INFO  c.n.e.r.AbstractInstanceRegistry - Running the evict task with compensationTime 0ms
2023-08-25 19:02:56.322 [Eureka-EvictionTimer] INFO  c.n.e.r.AbstractInstanceRegistry - Running the evict task with compensationTime 0ms
2023-08-25 19:03:01.322 [Eureka-EvictionTimer] INFO  c.n.e.r.AbstractInstanceRegistry - Running the evict task with compensationTime 0ms
2023-08-25 19:03:06.322 [Eureka-EvictionTimer] INFO  c.n.e.r.AbstractInstanceRegistry - Running the evict task with compensationTime 0ms
2023-08-25 19:03:11.322 [Eureka-EvictionTimer] INFO  c.n.e.r.AbstractInstanceRegistry - Running the evict task with compensationTime 0ms
2023-08-25 19:03:16.322 [Eureka-EvictionTimer] INFO  c.n.e.r.AbstractInstanceRegistry - Running the evict task with compensationTime 0ms
2023-08-25 19:03:21.322 [Eureka-EvictionTimer] INFO  c.n.e.r.AbstractInstanceRegistry - Running the evict task with compensationTime 0ms
2023-08-25 19:03:26.322 [Eureka-EvictionTimer] INFO  c.n.e.r.AbstractInstanceRegistry - Running the evict task with compensationTime 0ms
2023-08-25 19:03:31.322 [Eureka-EvictionTimer] INFO  c.n.e.r.AbstractInstanceRegistry - Running the evict task with compensationTime 0ms
2023-08-25 19:03:36.322 [Eureka-EvictionTimer] INFO  c.n.e.r.AbstractInstanceRegistry - Running the evict task with compensationTime 0ms
2023-08-25 19:03:41.322 [Eureka-EvictionTimer] INFO  c.n.e.r.AbstractInstanceRegistry - Running the evict task with compensationTime 0ms
2023-08-25 19:03:46.322 [Eureka-EvictionTimer] INFO  c.n.e.r.AbstractInstanceRegistry - Running the evict task with compensationTime 0ms
2023-08-25 19:03:51.322 [Eureka-EvictionTimer] INFO  c.n.e.r.AbstractInstanceRegistry - Running the evict task with compensationTime 0ms
2023-08-25 19:03:56.322 [Eureka-EvictionTimer] INFO  c.n.e.r.AbstractInstanceRegistry - Running the evict task with compensationTime 0ms
2023-08-25 19:04:01.322 [Eureka-EvictionTimer] INFO  c.n.e.r.AbstractInstanceRegistry - Running the evict task with compensationTime 0ms
2023-08-25 19:04:06.322 [Eureka-EvictionTimer] INFO  c.n.e.r.AbstractInstanceRegistry - Running the evict task with compensationTime 0ms
2023-08-25 19:04:11.322 [Eureka-EvictionTimer] INFO  c.n.e.r.AbstractInstanceRegistry - Running the evict task with compensationTime 0ms
2023-08-25 19:04:16.322 [Eureka-EvictionTimer] INFO  c.n.e.r.AbstractInstanceRegistry - Running the evict task with compensationTime 0ms
2023-08-25 19:04:21.322 [Eureka-EvictionTimer] INFO  c.n.e.r.AbstractInstanceRegistry - Running the evict task with compensationTime 0ms
2023-08-25 19:04:26.322 [Eureka-EvictionTimer] INFO  c.n.e.r.AbstractInstanceRegistry - Running the evict task with compensationTime 0ms
2023-08-25 19:04:31.322 [Eureka-EvictionTimer] INFO  c.n.e.r.AbstractInstanceRegistry - Running the evict task with compensationTime 0ms
2023-08-25 19:04:36.322 [Eureka-EvictionTimer] INFO  c.n.e.r.AbstractInstanceRegistry - Running the evict task with compensationTime 0ms
2023-08-25 19:04:41.322 [Eureka-EvictionTimer] INFO  c.n.e.r.AbstractInstanceRegistry - Running the evict task with compensationTime 0ms
2023-08-25 19:04:46.322 [Eureka-EvictionTimer] INFO  c.n.e.r.AbstractInstanceRegistry - Running the evict task with compensationTime 0ms
2023-08-25 19:04:51.322 [Eureka-EvictionTimer] INFO  c.n.e.r.AbstractInstanceRegistry - Running the evict task with compensationTime 0ms
2023-08-25 19:04:56.322 [Eureka-EvictionTimer] INFO  c.n.e.r.AbstractInstanceRegistry - Running the evict task with compensationTime 0ms
2023-08-25 19:05:00.853 [ReplicaAwareInstanceRegistry - RenewalThresholdUpdater] INFO  c.n.e.r.PeerAwareInstanceRegistryImpl - Current renewal threshold is : 0
2023-08-25 19:05:01.322 [Eureka-EvictionTimer] INFO  c.n.e.r.AbstractInstanceRegistry - Running the evict task with compensationTime 0ms
2023-08-25 19:05:06.322 [Eureka-EvictionTimer] INFO  c.n.e.r.AbstractInstanceRegistry - Running the evict task with compensationTime 0ms
2023-08-25 19:05:11.322 [Eureka-EvictionTimer] INFO  c.n.e.r.AbstractInstanceRegistry - Running the evict task with compensationTime 0ms
2023-08-25 19:05:16.322 [Eureka-EvictionTimer] INFO  c.n.e.r.AbstractInstanceRegistry - Running the evict task with compensationTime 0ms
2023-08-25 19:05:21.322 [Eureka-EvictionTimer] INFO  c.n.e.r.AbstractInstanceRegistry - Running the evict task with compensationTime 0ms
2023-08-25 19:05:26.322 [Eureka-EvictionTimer] INFO  c.n.e.r.AbstractInstanceRegistry - Running the evict task with compensationTime 0ms
2023-08-25 19:05:31.322 [Eureka-EvictionTimer] INFO  c.n.e.r.AbstractInstanceRegistry - Running the evict task with compensationTime 0ms
2023-08-25 19:05:36.322 [Eureka-EvictionTimer] INFO  c.n.e.r.AbstractInstanceRegistry - Running the evict task with compensationTime 0ms
2023-08-25 19:05:41.322 [Eureka-EvictionTimer] INFO  c.n.e.r.AbstractInstanceRegistry - Running the evict task with compensationTime 0ms
2023-08-25 19:05:46.322 [Eureka-EvictionTimer] INFO  c.n.e.r.AbstractInstanceRegistry - Running the evict task with compensationTime 0ms
2023-08-25 19:05:51.322 [Eureka-EvictionTimer] INFO  c.n.e.r.AbstractInstanceRegistry - Running the evict task with compensationTime 0ms
2023-08-25 19:05:56.322 [Eureka-EvictionTimer] INFO  c.n.e.r.AbstractInstanceRegistry - Running the evict task with compensationTime 0ms
2023-08-25 19:06:01.322 [Eureka-EvictionTimer] INFO  c.n.e.r.AbstractInstanceRegistry - Running the evict task with compensationTime 0ms
2023-08-25 19:06:06.322 [Eureka-EvictionTimer] INFO  c.n.e.r.AbstractInstanceRegistry - Running the evict task with compensationTime 0ms
2023-08-25 19:06:11.322 [Eureka-EvictionTimer] INFO  c.n.e.r.AbstractInstanceRegistry - Running the evict task with compensationTime 0ms
2023-08-25 19:06:16.322 [Eureka-EvictionTimer] INFO  c.n.e.r.AbstractInstanceRegistry - Running the evict task with compensationTime 0ms
2023-08-25 19:06:21.322 [Eureka-EvictionTimer] INFO  c.n.e.r.AbstractInstanceRegistry - Running the evict task with compensationTime 0ms
2023-08-25 19:06:26.322 [Eureka-EvictionTimer] INFO  c.n.e.r.AbstractInstanceRegistry - Running the evict task with compensationTime 0ms
2023-08-25 19:06:31.322 [Eureka-EvictionTimer] INFO  c.n.e.r.AbstractInstanceRegistry - Running the evict task with compensationTime 0ms
2023-08-25 19:06:36.322 [Eureka-EvictionTimer] INFO  c.n.e.r.AbstractInstanceRegistry - Running the evict task with compensationTime 0ms
2023-08-25 19:06:41.322 [Eureka-EvictionTimer] INFO  c.n.e.r.AbstractInstanceRegistry - Running the evict task with compensationTime 0ms
2023-08-25 19:06:46.322 [Eureka-EvictionTimer] INFO  c.n.e.r.AbstractInstanceRegistry - Running the evict task with compensationTime 0ms
2023-08-25 19:06:51.322 [Eureka-EvictionTimer] INFO  c.n.e.r.AbstractInstanceRegistry - Running the evict task with compensationTime 0ms
2023-08-25 19:06:56.322 [Eureka-EvictionTimer] INFO  c.n.e.r.AbstractInstanceRegistry - Running the evict task with compensationTime 0ms
2023-08-25 19:07:01.322 [Eureka-EvictionTimer] INFO  c.n.e.r.AbstractInstanceRegistry - Running the evict task with compensationTime 0ms
2023-08-25 19:07:06.322 [Eureka-EvictionTimer] INFO  c.n.e.r.AbstractInstanceRegistry - Running the evict task with compensationTime 0ms
2023-08-25 19:07:11.322 [Eureka-EvictionTimer] INFO  c.n.e.r.AbstractInstanceRegistry - Running the evict task with compensationTime 0ms
2023-08-25 19:07:16.322 [Eureka-EvictionTimer] INFO  c.n.e.r.AbstractInstanceRegistry - Running the evict task with compensationTime 0ms
2023-08-25 19:07:21.322 [Eureka-EvictionTimer] INFO  c.n.e.r.AbstractInstanceRegistry - Running the evict task with compensationTime 0ms
2023-08-25 19:07:26.322 [Eureka-EvictionTimer] INFO  c.n.e.r.AbstractInstanceRegistry - Running the evict task with compensationTime 0ms
2023-08-25 19:07:31.322 [Eureka-EvictionTimer] INFO  c.n.e.r.AbstractInstanceRegistry - Running the evict task with compensationTime 0ms
2023-08-25 19:07:36.322 [Eureka-EvictionTimer] INFO  c.n.e.r.AbstractInstanceRegistry - Running the evict task with compensationTime 0ms
2023-08-25 19:07:41.322 [Eureka-EvictionTimer] INFO  c.n.e.r.AbstractInstanceRegistry - Running the evict task with compensationTime 0ms
2023-08-25 19:07:46.322 [Eureka-EvictionTimer] INFO  c.n.e.r.AbstractInstanceRegistry - Running the evict task with compensationTime 0ms
2023-08-25 19:07:51.322 [Eureka-EvictionTimer] INFO  c.n.e.r.AbstractInstanceRegistry - Running the evict task with compensationTime 0ms
2023-08-25 19:07:56.322 [Eureka-EvictionTimer] INFO  c.n.e.r.AbstractInstanceRegistry - Running the evict task with compensationTime 0ms
2023-08-25 19:08:01.322 [Eureka-EvictionTimer] INFO  c.n.e.r.AbstractInstanceRegistry - Running the evict task with compensationTime 0ms
2023-08-25 19:08:06.322 [Eureka-EvictionTimer] INFO  c.n.e.r.AbstractInstanceRegistry - Running the evict task with compensationTime 0ms
2023-08-25 19:08:11.322 [Eureka-EvictionTimer] INFO  c.n.e.r.AbstractInstanceRegistry - Running the evict task with compensationTime 0ms
2023-08-25 19:08:16.322 [Eureka-EvictionTimer] INFO  c.n.e.r.AbstractInstanceRegistry - Running the evict task with compensationTime 0ms
2023-08-25 19:08:21.322 [Eureka-EvictionTimer] INFO  c.n.e.r.AbstractInstanceRegistry - Running the evict task with compensationTime 0ms
2023-08-25 19:08:26.322 [Eureka-EvictionTimer] INFO  c.n.e.r.AbstractInstanceRegistry - Running the evict task with compensationTime 0ms
2023-08-25 19:08:31.322 [Eureka-EvictionTimer] INFO  c.n.e.r.AbstractInstanceRegistry - Running the evict task with compensationTime 0ms
2023-08-25 19:08:36.322 [Eureka-EvictionTimer] INFO  c.n.e.r.AbstractInstanceRegistry - Running the evict task with compensationTime 0ms
2023-08-25 19:08:41.322 [Eureka-EvictionTimer] INFO  c.n.e.r.AbstractInstanceRegistry - Running the evict task with compensationTime 0ms
2023-08-25 19:08:46.322 [Eureka-EvictionTimer] INFO  c.n.e.r.AbstractInstanceRegistry - Running the evict task with compensationTime 0ms
2023-08-25 19:08:51.322 [Eureka-EvictionTimer] INFO  c.n.e.r.AbstractInstanceRegistry - Running the evict task with compensationTime 0ms
2023-08-25 19:08:56.322 [Eureka-EvictionTimer] INFO  c.n.e.r.AbstractInstanceRegistry - Running the evict task with compensationTime 0ms
2023-08-25 19:09:01.322 [Eureka-EvictionTimer] INFO  c.n.e.r.AbstractInstanceRegistry - Running the evict task with compensationTime 0ms
2023-08-25 19:09:06.322 [Eureka-EvictionTimer] INFO  c.n.e.r.AbstractInstanceRegistry - Running the evict task with compensationTime 0ms
2023-08-25 19:09:11.322 [Eureka-EvictionTimer] INFO  c.n.e.r.AbstractInstanceRegistry - Running the evict task with compensationTime 0ms
2023-08-25 19:09:16.322 [Eureka-EvictionTimer] INFO  c.n.e.r.AbstractInstanceRegistry - Running the evict task with compensationTime 0ms
2023-08-25 19:09:21.322 [Eureka-EvictionTimer] INFO  c.n.e.r.AbstractInstanceRegistry - Running the evict task with compensationTime 0ms
2023-08-25 19:09:26.322 [Eureka-EvictionTimer] INFO  c.n.e.r.AbstractInstanceRegistry - Running the evict task with compensationTime 0ms
2023-08-25 19:09:31.322 [Eureka-EvictionTimer] INFO  c.n.e.r.AbstractInstanceRegistry - Running the evict task with compensationTime 0ms
2023-08-25 19:09:36.322 [Eureka-EvictionTimer] INFO  c.n.e.r.AbstractInstanceRegistry - Running the evict task with compensationTime 0ms
2023-08-25 19:09:41.322 [Eureka-EvictionTimer] INFO  c.n.e.r.AbstractInstanceRegistry - Running the evict task with compensationTime 0ms
2023-08-25 19:09:46.322 [Eureka-EvictionTimer] INFO  c.n.e.r.AbstractInstanceRegistry - Running the evict task with compensationTime 0ms
2023-08-25 19:09:51.322 [Eureka-EvictionTimer] INFO  c.n.e.r.AbstractInstanceRegistry - Running the evict task with compensationTime 0ms
2023-08-25 19:09:56.322 [Eureka-EvictionTimer] INFO  c.n.e.r.AbstractInstanceRegistry - Running the evict task with compensationTime 0ms
2023-08-25 19:10:01.322 [Eureka-EvictionTimer] INFO  c.n.e.r.AbstractInstanceRegistry - Running the evict task with compensationTime 0ms
2023-08-25 19:10:06.322 [Eureka-EvictionTimer] INFO  c.n.e.r.AbstractInstanceRegistry - Running the evict task with compensationTime 0ms
2023-08-25 19:10:11.322 [Eureka-EvictionTimer] INFO  c.n.e.r.AbstractInstanceRegistry - Running the evict task with compensationTime 0ms
2023-08-25 19:10:16.322 [Eureka-EvictionTimer] INFO  c.n.e.r.AbstractInstanceRegistry - Running the evict task with compensationTime 0ms
2023-08-25 19:10:21.322 [Eureka-EvictionTimer] INFO  c.n.e.r.AbstractInstanceRegistry - Running the evict task with compensationTime 0ms
2023-08-25 19:10:26.322 [Eureka-EvictionTimer] INFO  c.n.e.r.AbstractInstanceRegistry - Running the evict task with compensationTime 0ms
2023-08-25 19:10:31.322 [Eureka-EvictionTimer] INFO  c.n.e.r.AbstractInstanceRegistry - Running the evict task with compensationTime 0ms
2023-08-25 19:10:36.322 [Eureka-EvictionTimer] INFO  c.n.e.r.AbstractInstanceRegistry - Running the evict task with compensationTime 0ms
2023-08-25 19:10:41.322 [Eureka-EvictionTimer] INFO  c.n.e.r.AbstractInstanceRegistry - Running the evict task with compensationTime 0ms
2023-08-25 19:10:46.322 [Eureka-EvictionTimer] INFO  c.n.e.r.AbstractInstanceRegistry - Running the evict task with compensationTime 0ms
2023-08-25 19:10:51.322 [Eureka-EvictionTimer] INFO  c.n.e.r.AbstractInstanceRegistry - Running the evict task with compensationTime 0ms
2023-08-25 19:10:56.322 [Eureka-EvictionTimer] INFO  c.n.e.r.AbstractInstanceRegistry - Running the evict task with compensationTime 0ms
2023-08-25 19:11:01.322 [Eureka-EvictionTimer] INFO  c.n.e.r.AbstractInstanceRegistry - Running the evict task with compensationTime 0ms
2023-08-25 19:11:06.322 [Eureka-EvictionTimer] INFO  c.n.e.r.AbstractInstanceRegistry - Running the evict task with compensationTime 0ms
2023-08-25 19:11:11.322 [Eureka-EvictionTimer] INFO  c.n.e.r.AbstractInstanceRegistry - Running the evict task with compensationTime 0ms
2023-08-25 19:11:16.322 [Eureka-EvictionTimer] INFO  c.n.e.r.AbstractInstanceRegistry - Running the evict task with compensationTime 0ms
2023-08-25 19:11:21.322 [Eureka-EvictionTimer] INFO  c.n.e.r.AbstractInstanceRegistry - Running the evict task with compensationTime 0ms
2023-08-25 19:11:26.322 [Eureka-EvictionTimer] INFO  c.n.e.r.AbstractInstanceRegistry - Running the evict task with compensationTime 0ms
2023-08-25 19:11:31.322 [Eureka-EvictionTimer] INFO  c.n.e.r.AbstractInstanceRegistry - Running the evict task with compensationTime 0ms
2023-08-25 19:11:36.322 [Eureka-EvictionTimer] INFO  c.n.e.r.AbstractInstanceRegistry - Running the evict task with compensationTime 0ms
2023-08-25 19:11:41.322 [Eureka-EvictionTimer] INFO  c.n.e.r.AbstractInstanceRegistry - Running the evict task with compensationTime 0ms
2023-08-25 19:11:46.322 [Eureka-EvictionTimer] INFO  c.n.e.r.AbstractInstanceRegistry - Running the evict task with compensationTime 0ms
2023-08-25 19:11:51.322 [Eureka-EvictionTimer] INFO  c.n.e.r.AbstractInstanceRegistry - Running the evict task with compensationTime 0ms
2023-08-25 19:11:56.322 [Eureka-EvictionTimer] INFO  c.n.e.r.AbstractInstanceRegistry - Running the evict task with compensationTime 0ms
2023-08-25 19:12:01.322 [Eureka-EvictionTimer] INFO  c.n.e.r.AbstractInstanceRegistry - Running the evict task with compensationTime 0ms
2023-08-25 19:12:06.322 [Eureka-EvictionTimer] INFO  c.n.e.r.AbstractInstanceRegistry - Running the evict task with compensationTime 0ms
2023-08-25 19:12:11.322 [Eureka-EvictionTimer] INFO  c.n.e.r.AbstractInstanceRegistry - Running the evict task with compensationTime 0ms
2023-08-25 19:12:16.322 [Eureka-EvictionTimer] INFO  c.n.e.r.AbstractInstanceRegistry - Running the evict task with compensationTime 0ms
2023-08-25 19:12:21.322 [Eureka-EvictionTimer] INFO  c.n.e.r.AbstractInstanceRegistry - Running the evict task with compensationTime 0ms
2023-08-25 19:12:26.322 [Eureka-EvictionTimer] INFO  c.n.e.r.AbstractInstanceRegistry - Running the evict task with compensationTime 0ms
2023-08-25 19:12:31.322 [Eureka-EvictionTimer] INFO  c.n.e.r.AbstractInstanceRegistry - Running the evict task with compensationTime 0ms
2023-08-25 19:12:36.322 [Eureka-EvictionTimer] INFO  c.n.e.r.AbstractInstanceRegistry - Running the evict task with compensationTime 0ms
2023-08-25 19:12:41.322 [Eureka-EvictionTimer] INFO  c.n.e.r.AbstractInstanceRegistry - Running the evict task with compensationTime 0ms
2023-08-25 19:12:46.322 [Eureka-EvictionTimer] INFO  c.n.e.r.AbstractInstanceRegistry - Running the evict task with compensationTime 0ms
2023-08-25 19:12:51.322 [Eureka-EvictionTimer] INFO  c.n.e.r.AbstractInstanceRegistry - Running the evict task with compensationTime 0ms
2023-08-25 19:12:56.322 [Eureka-EvictionTimer] INFO  c.n.e.r.AbstractInstanceRegistry - Running the evict task with compensationTime 0ms
2023-08-25 19:13:01.322 [Eureka-EvictionTimer] INFO  c.n.e.r.AbstractInstanceRegistry - Running the evict task with compensationTime 0ms
2023-08-25 19:13:06.322 [Eureka-EvictionTimer] INFO  c.n.e.r.AbstractInstanceRegistry - Running the evict task with compensationTime 0ms
2023-08-25 19:13:11.322 [Eureka-EvictionTimer] INFO  c.n.e.r.AbstractInstanceRegistry - Running the evict task with compensationTime 0ms
2023-08-25 19:13:16.322 [Eureka-EvictionTimer] INFO  c.n.e.r.AbstractInstanceRegistry - Running the evict task with compensationTime 0ms
2023-08-25 19:13:21.322 [Eureka-EvictionTimer] INFO  c.n.e.r.AbstractInstanceRegistry - Running the evict task with compensationTime 0ms
2023-08-25 19:13:26.322 [Eureka-EvictionTimer] INFO  c.n.e.r.AbstractInstanceRegistry - Running the evict task with compensationTime 0ms
2023-08-25 19:13:31.322 [Eureka-EvictionTimer] INFO  c.n.e.r.AbstractInstanceRegistry - Running the evict task with compensationTime 0ms
2023-08-25 19:13:36.322 [Eureka-EvictionTimer] INFO  c.n.e.r.AbstractInstanceRegistry - Running the evict task with compensationTime 0ms
2023-08-25 19:13:41.322 [Eureka-EvictionTimer] INFO  c.n.e.r.AbstractInstanceRegistry - Running the evict task with compensationTime 0ms
2023-08-25 19:13:46.322 [Eureka-EvictionTimer] INFO  c.n.e.r.AbstractInstanceRegistry - Running the evict task with compensationTime 0ms
2023-08-25 19:13:51.322 [Eureka-EvictionTimer] INFO  c.n.e.r.AbstractInstanceRegistry - Running the evict task with compensationTime 0ms
2023-08-25 19:13:56.322 [Eureka-EvictionTimer] INFO  c.n.e.r.AbstractInstanceRegistry - Running the evict task with compensationTime 0ms
2023-08-25 19:14:01.322 [Eureka-EvictionTimer] INFO  c.n.e.r.AbstractInstanceRegistry - Running the evict task with compensationTime 0ms
2023-08-25 19:14:06.322 [Eureka-EvictionTimer] INFO  c.n.e.r.AbstractInstanceRegistry - Running the evict task with compensationTime 0ms
2023-08-25 19:14:11.322 [Eureka-EvictionTimer] INFO  c.n.e.r.AbstractInstanceRegistry - Running the evict task with compensationTime 0ms
2023-08-25 19:14:16.322 [Eureka-EvictionTimer] INFO  c.n.e.r.AbstractInstanceRegistry - Running the evict task with compensationTime 0ms
2023-08-25 19:14:21.322 [Eureka-EvictionTimer] INFO  c.n.e.r.AbstractInstanceRegistry - Running the evict task with compensationTime 0ms
2023-08-25 19:14:26.322 [Eureka-EvictionTimer] INFO  c.n.e.r.AbstractInstanceRegistry - Running the evict task with compensationTime 0ms
2023-08-25 19:14:31.322 [Eureka-EvictionTimer] INFO  c.n.e.r.AbstractInstanceRegistry - Running the evict task with compensationTime 0ms
2023-08-25 19:14:36.322 [Eureka-EvictionTimer] INFO  c.n.e.r.AbstractInstanceRegistry - Running the evict task with compensationTime 0ms
2023-08-25 19:14:41.322 [Eureka-EvictionTimer] INFO  c.n.e.r.AbstractInstanceRegistry - Running the evict task with compensationTime 0ms
2023-08-25 19:14:46.322 [Eureka-EvictionTimer] INFO  c.n.e.r.AbstractInstanceRegistry - Running the evict task with compensationTime 0ms
2023-08-25 19:14:51.322 [Eureka-EvictionTimer] INFO  c.n.e.r.AbstractInstanceRegistry - Running the evict task with compensationTime 0ms
2023-08-25 19:14:56.322 [Eureka-EvictionTimer] INFO  c.n.e.r.AbstractInstanceRegistry - Running the evict task with compensationTime 0ms
2023-08-25 19:15:01.322 [Eureka-EvictionTimer] INFO  c.n.e.r.AbstractInstanceRegistry - Running the evict task with compensationTime 0ms
2023-08-25 19:15:06.322 [Eureka-EvictionTimer] INFO  c.n.e.r.AbstractInstanceRegistry - Running the evict task with compensationTime 0ms
2023-08-25 19:15:11.322 [Eureka-EvictionTimer] INFO  c.n.e.r.AbstractInstanceRegistry - Running the evict task with compensationTime 0ms
2023-08-25 19:15:16.322 [Eureka-EvictionTimer] INFO  c.n.e.r.AbstractInstanceRegistry - Running the evict task with compensationTime 0ms
2023-08-25 19:15:21.322 [Eureka-EvictionTimer] INFO  c.n.e.r.AbstractInstanceRegistry - Running the evict task with compensationTime 0ms
2023-08-25 19:15:26.322 [Eureka-EvictionTimer] INFO  c.n.e.r.AbstractInstanceRegistry - Running the evict task with compensationTime 0ms
2023-08-25 19:15:31.322 [Eureka-EvictionTimer] INFO  c.n.e.r.AbstractInstanceRegistry - Running the evict task with compensationTime 0ms
2023-08-25 19:15:36.322 [Eureka-EvictionTimer] INFO  c.n.e.r.AbstractInstanceRegistry - Running the evict task with compensationTime 0ms
2023-08-25 19:15:41.322 [Eureka-EvictionTimer] INFO  c.n.e.r.AbstractInstanceRegistry - Running the evict task with compensationTime 0ms
2023-08-25 19:15:46.322 [Eureka-EvictionTimer] INFO  c.n.e.r.AbstractInstanceRegistry - Running the evict task with compensationTime 0ms
2023-08-25 19:15:51.322 [Eureka-EvictionTimer] INFO  c.n.e.r.AbstractInstanceRegistry - Running the evict task with compensationTime 0ms
2023-08-25 19:15:56.322 [Eureka-EvictionTimer] INFO  c.n.e.r.AbstractInstanceRegistry - Running the evict task with compensationTime 0ms
2023-08-25 19:16:01.322 [Eureka-EvictionTimer] INFO  c.n.e.r.AbstractInstanceRegistry - Running the evict task with compensationTime 0ms
2023-08-25 19:16:06.322 [Eureka-EvictionTimer] INFO  c.n.e.r.AbstractInstanceRegistry - Running the evict task with compensationTime 0ms
2023-08-25 19:16:11.322 [Eureka-EvictionTimer] INFO  c.n.e.r.AbstractInstanceRegistry - Running the evict task with compensationTime 0ms
2023-08-25 19:16:16.322 [Eureka-EvictionTimer] INFO  c.n.e.r.AbstractInstanceRegistry - Running the evict task with compensationTime 0ms
2023-08-25 19:16:21.322 [Eureka-EvictionTimer] INFO  c.n.e.r.AbstractInstanceRegistry - Running the evict task with compensationTime 0ms
2023-08-25 19:16:26.322 [Eureka-EvictionTimer] INFO  c.n.e.r.AbstractInstanceRegistry - Running the evict task with compensationTime 0ms
2023-08-25 19:16:31.322 [Eureka-EvictionTimer] INFO  c.n.e.r.AbstractInstanceRegistry - Running the evict task with compensationTime 0ms
2023-08-25 19:16:36.322 [Eureka-EvictionTimer] INFO  c.n.e.r.AbstractInstanceRegistry - Running the evict task with compensationTime 0ms
2023-08-25 19:16:41.322 [Eureka-EvictionTimer] INFO  c.n.e.r.AbstractInstanceRegistry - Running the evict task with compensationTime 0ms
2023-08-25 19:16:46.322 [Eureka-EvictionTimer] INFO  c.n.e.r.AbstractInstanceRegistry - Running the evict task with compensationTime 0ms
2023-08-25 19:16:51.322 [Eureka-EvictionTimer] INFO  c.n.e.r.AbstractInstanceRegistry - Running the evict task with compensationTime 0ms
2023-08-25 19:16:56.322 [Eureka-EvictionTimer] INFO  c.n.e.r.AbstractInstanceRegistry - Running the evict task with compensationTime 0ms
2023-08-25 19:17:01.322 [Eureka-EvictionTimer] INFO  c.n.e.r.AbstractInstanceRegistry - Running the evict task with compensationTime 0ms
2023-08-25 19:17:06.322 [Eureka-EvictionTimer] INFO  c.n.e.r.AbstractInstanceRegistry - Running the evict task with compensationTime 0ms
2023-08-25 19:17:11.322 [Eureka-EvictionTimer] INFO  c.n.e.r.AbstractInstanceRegistry - Running the evict task with compensationTime 0ms
2023-08-25 19:17:16.322 [Eureka-EvictionTimer] INFO  c.n.e.r.AbstractInstanceRegistry - Running the evict task with compensationTime 0ms
2023-08-25 19:17:21.322 [Eureka-EvictionTimer] INFO  c.n.e.r.AbstractInstanceRegistry - Running the evict task with compensationTime 0ms
2023-08-25 19:17:26.322 [Eureka-EvictionTimer] INFO  c.n.e.r.AbstractInstanceRegistry - Running the evict task with compensationTime 0ms
2023-08-25 19:17:31.322 [Eureka-EvictionTimer] INFO  c.n.e.r.AbstractInstanceRegistry - Running the evict task with compensationTime 0ms
2023-08-25 19:17:36.322 [Eureka-EvictionTimer] INFO  c.n.e.r.AbstractInstanceRegistry - Running the evict task with compensationTime 0ms
2023-08-25 19:17:41.322 [Eureka-EvictionTimer] INFO  c.n.e.r.AbstractInstanceRegistry - Running the evict task with compensationTime 0ms
2023-08-25 19:17:46.322 [Eureka-EvictionTimer] INFO  c.n.e.r.AbstractInstanceRegistry - Running the evict task with compensationTime 0ms
2023-08-25 19:17:51.322 [Eureka-EvictionTimer] INFO  c.n.e.r.AbstractInstanceRegistry - Running the evict task with compensationTime 0ms
2023-08-25 19:17:56.322 [Eureka-EvictionTimer] INFO  c.n.e.r.AbstractInstanceRegistry - Running the evict task with compensationTime 0ms
2023-08-25 19:18:01.322 [Eureka-EvictionTimer] INFO  c.n.e.r.AbstractInstanceRegistry - Running the evict task with compensationTime 0ms
2023-08-25 19:18:06.322 [Eureka-EvictionTimer] INFO  c.n.e.r.AbstractInstanceRegistry - Running the evict task with compensationTime 0ms
2023-08-25 19:18:11.322 [Eureka-EvictionTimer] INFO  c.n.e.r.AbstractInstanceRegistry - Running the evict task with compensationTime 0ms
2023-08-25 19:18:16.322 [Eureka-EvictionTimer] INFO  c.n.e.r.AbstractInstanceRegistry - Running the evict task with compensationTime 0ms
2023-08-25 19:18:21.322 [Eureka-EvictionTimer] INFO  c.n.e.r.AbstractInstanceRegistry - Running the evict task with compensationTime 0ms
2023-08-25 19:18:26.322 [Eureka-EvictionTimer] INFO  c.n.e.r.AbstractInstanceRegistry - Running the evict task with compensationTime 0ms
2023-08-25 19:18:31.322 [Eureka-EvictionTimer] INFO  c.n.e.r.AbstractInstanceRegistry - Running the evict task with compensationTime 0ms
2023-08-25 19:18:36.322 [Eureka-EvictionTimer] INFO  c.n.e.r.AbstractInstanceRegistry - Running the evict task with compensationTime 0ms
2023-08-25 19:18:41.322 [Eureka-EvictionTimer] INFO  c.n.e.r.AbstractInstanceRegistry - Running the evict task with compensationTime 0ms
2023-08-25 19:18:46.322 [Eureka-EvictionTimer] INFO  c.n.e.r.AbstractInstanceRegistry - Running the evict task with compensationTime 0ms
2023-08-25 19:18:51.322 [Eureka-EvictionTimer] INFO  c.n.e.r.AbstractInstanceRegistry - Running the evict task with compensationTime 0ms
2023-08-25 19:18:56.322 [Eureka-EvictionTimer] INFO  c.n.e.r.AbstractInstanceRegistry - Running the evict task with compensationTime 0ms
2023-08-25 19:19:01.322 [Eureka-EvictionTimer] INFO  c.n.e.r.AbstractInstanceRegistry - Running the evict task with compensationTime 0ms
2023-08-25 19:19:06.322 [Eureka-EvictionTimer] INFO  c.n.e.r.AbstractInstanceRegistry - Running the evict task with compensationTime 0ms
2023-08-25 19:19:11.322 [Eureka-EvictionTimer] INFO  c.n.e.r.AbstractInstanceRegistry - Running the evict task with compensationTime 0ms
2023-08-25 19:19:16.322 [Eureka-EvictionTimer] INFO  c.n.e.r.AbstractInstanceRegistry - Running the evict task with compensationTime 0ms
2023-08-25 19:19:21.322 [Eureka-EvictionTimer] INFO  c.n.e.r.AbstractInstanceRegistry - Running the evict task with compensationTime 0ms
2023-08-25 19:19:26.322 [Eureka-EvictionTimer] INFO  c.n.e.r.AbstractInstanceRegistry - Running the evict task with compensationTime 0ms
2023-08-25 19:19:31.322 [Eureka-EvictionTimer] INFO  c.n.e.r.AbstractInstanceRegistry - Running the evict task with compensationTime 0ms
2023-08-25 19:19:36.322 [Eureka-EvictionTimer] INFO  c.n.e.r.AbstractInstanceRegistry - Running the evict task with compensationTime 0ms
2023-08-25 19:19:41.322 [Eureka-EvictionTimer] INFO  c.n.e.r.AbstractInstanceRegistry - Running the evict task with compensationTime 0ms
2023-08-25 19:19:46.322 [Eureka-EvictionTimer] INFO  c.n.e.r.AbstractInstanceRegistry - Running the evict task with compensationTime 0ms
2023-08-25 19:19:51.322 [Eureka-EvictionTimer] INFO  c.n.e.r.AbstractInstanceRegistry - Running the evict task with compensationTime 0ms
2023-08-25 19:19:56.322 [Eureka-EvictionTimer] INFO  c.n.e.r.AbstractInstanceRegistry - Running the evict task with compensationTime 0ms
2023-08-25 19:20:00.853 [ReplicaAwareInstanceRegistry - RenewalThresholdUpdater] INFO  c.n.e.r.PeerAwareInstanceRegistryImpl - Current renewal threshold is : 0
2023-08-25 19:20:01.322 [Eureka-EvictionTimer] INFO  c.n.e.r.AbstractInstanceRegistry - Running the evict task with compensationTime 0ms
2023-08-25 19:20:06.322 [Eureka-EvictionTimer] INFO  c.n.e.r.AbstractInstanceRegistry - Running the evict task with compensationTime 0ms
2023-08-25 19:20:11.322 [Eureka-EvictionTimer] INFO  c.n.e.r.AbstractInstanceRegistry - Running the evict task with compensationTime 0ms
2023-08-25 19:20:16.322 [Eureka-EvictionTimer] INFO  c.n.e.r.AbstractInstanceRegistry - Running the evict task with compensationTime 0ms
2023-08-25 19:20:21.322 [Eureka-EvictionTimer] INFO  c.n.e.r.AbstractInstanceRegistry - Running the evict task with compensationTime 0ms
2023-08-25 19:20:26.322 [Eureka-EvictionTimer] INFO  c.n.e.r.AbstractInstanceRegistry - Running the evict task with compensationTime 0ms
2023-08-25 19:20:31.322 [Eureka-EvictionTimer] INFO  c.n.e.r.AbstractInstanceRegistry - Running the evict task with compensationTime 0ms
2023-08-25 19:20:36.322 [Eureka-EvictionTimer] INFO  c.n.e.r.AbstractInstanceRegistry - Running the evict task with compensationTime 0ms
2023-08-25 19:20:41.322 [Eureka-EvictionTimer] INFO  c.n.e.r.AbstractInstanceRegistry - Running the evict task with compensationTime 0ms
2023-08-25 19:20:46.322 [Eureka-EvictionTimer] INFO  c.n.e.r.AbstractInstanceRegistry - Running the evict task with compensationTime 0ms
2023-08-25 19:20:51.322 [Eureka-EvictionTimer] INFO  c.n.e.r.AbstractInstanceRegistry - Running the evict task with compensationTime 0ms
2023-08-25 19:20:56.322 [Eureka-EvictionTimer] INFO  c.n.e.r.AbstractInstanceRegistry - Running the evict task with compensationTime 0ms
2023-08-25 19:21:01.322 [Eureka-EvictionTimer] INFO  c.n.e.r.AbstractInstanceRegistry - Running the evict task with compensationTime 0ms
2023-08-25 19:21:06.322 [Eureka-EvictionTimer] INFO  c.n.e.r.AbstractInstanceRegistry - Running the evict task with compensationTime 0ms
2023-08-25 19:21:11.322 [Eureka-EvictionTimer] INFO  c.n.e.r.AbstractInstanceRegistry - Running the evict task with compensationTime 0ms
2023-08-25 19:21:16.322 [Eureka-EvictionTimer] INFO  c.n.e.r.AbstractInstanceRegistry - Running the evict task with compensationTime 0ms
2023-08-25 19:21:21.322 [Eureka-EvictionTimer] INFO  c.n.e.r.AbstractInstanceRegistry - Running the evict task with compensationTime 0ms
2023-08-25 19:21:26.322 [Eureka-EvictionTimer] INFO  c.n.e.r.AbstractInstanceRegistry - Running the evict task with compensationTime 0ms
2023-08-25 19:21:31.322 [Eureka-EvictionTimer] INFO  c.n.e.r.AbstractInstanceRegistry - Running the evict task with compensationTime 0ms
2023-08-25 19:21:36.322 [Eureka-EvictionTimer] INFO  c.n.e.r.AbstractInstanceRegistry - Running the evict task with compensationTime 0ms
2023-08-25 19:21:41.322 [Eureka-EvictionTimer] INFO  c.n.e.r.AbstractInstanceRegistry - Running the evict task with compensationTime 0ms
2023-08-25 19:21:46.322 [Eureka-EvictionTimer] INFO  c.n.e.r.AbstractInstanceRegistry - Running the evict task with compensationTime 0ms
2023-08-25 19:21:51.322 [Eureka-EvictionTimer] INFO  c.n.e.r.AbstractInstanceRegistry - Running the evict task with compensationTime 0ms
2023-08-25 19:21:56.322 [Eureka-EvictionTimer] INFO  c.n.e.r.AbstractInstanceRegistry - Running the evict task with compensationTime 0ms
2023-08-25 19:22:01.322 [Eureka-EvictionTimer] INFO  c.n.e.r.AbstractInstanceRegistry - Running the evict task with compensationTime 0ms
2023-08-25 19:22:06.322 [Eureka-EvictionTimer] INFO  c.n.e.r.AbstractInstanceRegistry - Running the evict task with compensationTime 0ms
2023-08-25 19:22:11.322 [Eureka-EvictionTimer] INFO  c.n.e.r.AbstractInstanceRegistry - Running the evict task with compensationTime 0ms
2023-08-25 19:22:16.322 [Eureka-EvictionTimer] INFO  c.n.e.r.AbstractInstanceRegistry - Running the evict task with compensationTime 0ms
2023-08-25 19:22:21.322 [Eureka-EvictionTimer] INFO  c.n.e.r.AbstractInstanceRegistry - Running the evict task with compensationTime 0ms
2023-08-25 19:22:26.322 [Eureka-EvictionTimer] INFO  c.n.e.r.AbstractInstanceRegistry - Running the evict task with compensationTime 0ms
2023-08-25 19:22:31.322 [Eureka-EvictionTimer] INFO  c.n.e.r.AbstractInstanceRegistry - Running the evict task with compensationTime 0ms
2023-08-25 19:22:36.322 [Eureka-EvictionTimer] INFO  c.n.e.r.AbstractInstanceRegistry - Running the evict task with compensationTime 0ms
2023-08-25 19:22:41.322 [Eureka-EvictionTimer] INFO  c.n.e.r.AbstractInstanceRegistry - Running the evict task with compensationTime 0ms
2023-08-25 19:22:46.322 [Eureka-EvictionTimer] INFO  c.n.e.r.AbstractInstanceRegistry - Running the evict task with compensationTime 0ms
2023-08-25 19:22:51.322 [Eureka-EvictionTimer] INFO  c.n.e.r.AbstractInstanceRegistry - Running the evict task with compensationTime 0ms
2023-08-25 19:22:56.322 [Eureka-EvictionTimer] INFO  c.n.e.r.AbstractInstanceRegistry - Running the evict task with compensationTime 0ms
2023-08-25 19:23:01.322 [Eureka-EvictionTimer] INFO  c.n.e.r.AbstractInstanceRegistry - Running the evict task with compensationTime 0ms
2023-08-25 19:23:06.322 [Eureka-EvictionTimer] INFO  c.n.e.r.AbstractInstanceRegistry - Running the evict task with compensationTime 0ms
2023-08-25 19:23:11.322 [Eureka-EvictionTimer] INFO  c.n.e.r.AbstractInstanceRegistry - Running the evict task with compensationTime 0ms
2023-08-25 19:23:16.322 [Eureka-EvictionTimer] INFO  c.n.e.r.AbstractInstanceRegistry - Running the evict task with compensationTime 0ms
2023-08-25 19:23:21.322 [Eureka-EvictionTimer] INFO  c.n.e.r.AbstractInstanceRegistry - Running the evict task with compensationTime 0ms
2023-08-25 19:23:26.322 [Eureka-EvictionTimer] INFO  c.n.e.r.AbstractInstanceRegistry - Running the evict task with compensationTime 0ms
2023-08-25 19:23:31.322 [Eureka-EvictionTimer] INFO  c.n.e.r.AbstractInstanceRegistry - Running the evict task with compensationTime 0ms
2023-08-25 19:23:36.322 [Eureka-EvictionTimer] INFO  c.n.e.r.AbstractInstanceRegistry - Running the evict task with compensationTime 0ms
2023-08-25 19:23:41.322 [Eureka-EvictionTimer] INFO  c.n.e.r.AbstractInstanceRegistry - Running the evict task with compensationTime 0ms
2023-08-25 19:23:46.322 [Eureka-EvictionTimer] INFO  c.n.e.r.AbstractInstanceRegistry - Running the evict task with compensationTime 0ms
2023-08-25 19:23:51.322 [Eureka-EvictionTimer] INFO  c.n.e.r.AbstractInstanceRegistry - Running the evict task with compensationTime 0ms
2023-08-25 19:23:56.322 [Eureka-EvictionTimer] INFO  c.n.e.r.AbstractInstanceRegistry - Running the evict task with compensationTime 0ms
2023-08-25 19:24:01.322 [Eureka-EvictionTimer] INFO  c.n.e.r.AbstractInstanceRegistry - Running the evict task with compensationTime 0ms
2023-08-25 19:24:06.322 [Eureka-EvictionTimer] INFO  c.n.e.r.AbstractInstanceRegistry - Running the evict task with compensationTime 0ms
2023-08-25 19:24:11.322 [Eureka-EvictionTimer] INFO  c.n.e.r.AbstractInstanceRegistry - Running the evict task with compensationTime 0ms
2023-08-25 19:24:16.322 [Eureka-EvictionTimer] INFO  c.n.e.r.AbstractInstanceRegistry - Running the evict task with compensationTime 0ms
2023-08-25 19:24:21.322 [Eureka-EvictionTimer] INFO  c.n.e.r.AbstractInstanceRegistry - Running the evict task with compensationTime 0ms
2023-08-25 19:24:26.322 [Eureka-EvictionTimer] INFO  c.n.e.r.AbstractInstanceRegistry - Running the evict task with compensationTime 0ms
2023-08-25 19:24:31.322 [Eureka-EvictionTimer] INFO  c.n.e.r.AbstractInstanceRegistry - Running the evict task with compensationTime 0ms
2023-08-25 19:24:36.322 [Eureka-EvictionTimer] INFO  c.n.e.r.AbstractInstanceRegistry - Running the evict task with compensationTime 0ms
2023-08-25 19:24:41.322 [Eureka-EvictionTimer] INFO  c.n.e.r.AbstractInstanceRegistry - Running the evict task with compensationTime 0ms
2023-08-25 19:24:46.322 [Eureka-EvictionTimer] INFO  c.n.e.r.AbstractInstanceRegistry - Running the evict task with compensationTime 0ms
2023-08-25 19:24:51.322 [Eureka-EvictionTimer] INFO  c.n.e.r.AbstractInstanceRegistry - Running the evict task with compensationTime 0ms
2023-08-25 19:24:56.322 [Eureka-EvictionTimer] INFO  c.n.e.r.AbstractInstanceRegistry - Running the evict task with compensationTime 0ms
2023-08-25 19:25:01.322 [Eureka-EvictionTimer] INFO  c.n.e.r.AbstractInstanceRegistry - Running the evict task with compensationTime 0ms
2023-08-25 19:25:06.322 [Eureka-EvictionTimer] INFO  c.n.e.r.AbstractInstanceRegistry - Running the evict task with compensationTime 0ms
2023-08-25 19:25:11.322 [Eureka-EvictionTimer] INFO  c.n.e.r.AbstractInstanceRegistry - Running the evict task with compensationTime 0ms
2023-08-25 19:25:16.322 [Eureka-EvictionTimer] INFO  c.n.e.r.AbstractInstanceRegistry - Running the evict task with compensationTime 0ms
2023-08-25 19:25:21.322 [Eureka-EvictionTimer] INFO  c.n.e.r.AbstractInstanceRegistry - Running the evict task with compensationTime 0ms
2023-08-25 19:25:26.322 [Eureka-EvictionTimer] INFO  c.n.e.r.AbstractInstanceRegistry - Running the evict task with compensationTime 0ms
2023-08-25 19:25:31.322 [Eureka-EvictionTimer] INFO  c.n.e.r.AbstractInstanceRegistry - Running the evict task with compensationTime 0ms
2023-08-25 19:25:36.322 [Eureka-EvictionTimer] INFO  c.n.e.r.AbstractInstanceRegistry - Running the evict task with compensationTime 0ms
2023-08-25 19:25:41.322 [Eureka-EvictionTimer] INFO  c.n.e.r.AbstractInstanceRegistry - Running the evict task with compensationTime 0ms
2023-08-25 19:25:46.322 [Eureka-EvictionTimer] INFO  c.n.e.r.AbstractInstanceRegistry - Running the evict task with compensationTime 0ms
2023-08-25 19:25:51.322 [Eureka-EvictionTimer] INFO  c.n.e.r.AbstractInstanceRegistry - Running the evict task with compensationTime 0ms
2023-08-25 19:25:56.322 [Eureka-EvictionTimer] INFO  c.n.e.r.AbstractInstanceRegistry - Running the evict task with compensationTime 0ms
2023-08-25 19:26:01.322 [Eureka-EvictionTimer] INFO  c.n.e.r.AbstractInstanceRegistry - Running the evict task with compensationTime 0ms
2023-08-25 19:26:06.322 [Eureka-EvictionTimer] INFO  c.n.e.r.AbstractInstanceRegistry - Running the evict task with compensationTime 0ms
2023-08-25 19:26:11.322 [Eureka-EvictionTimer] INFO  c.n.e.r.AbstractInstanceRegistry - Running the evict task with compensationTime 0ms
2023-08-25 19:26:16.322 [Eureka-EvictionTimer] INFO  c.n.e.r.AbstractInstanceRegistry - Running the evict task with compensationTime 0ms
2023-08-25 19:26:21.322 [Eureka-EvictionTimer] INFO  c.n.e.r.AbstractInstanceRegistry - Running the evict task with compensationTime 0ms
2023-08-25 19:26:26.322 [Eureka-EvictionTimer] INFO  c.n.e.r.AbstractInstanceRegistry - Running the evict task with compensationTime 0ms
2023-08-25 19:26:31.322 [Eureka-EvictionTimer] INFO  c.n.e.r.AbstractInstanceRegistry - Running the evict task with compensationTime 0ms
2023-08-25 19:26:36.322 [Eureka-EvictionTimer] INFO  c.n.e.r.AbstractInstanceRegistry - Running the evict task with compensationTime 0ms
2023-08-25 19:26:41.322 [Eureka-EvictionTimer] INFO  c.n.e.r.AbstractInstanceRegistry - Running the evict task with compensationTime 0ms
2023-08-25 19:26:46.322 [Eureka-EvictionTimer] INFO  c.n.e.r.AbstractInstanceRegistry - Running the evict task with compensationTime 0ms
2023-08-25 19:26:51.322 [Eureka-EvictionTimer] INFO  c.n.e.r.AbstractInstanceRegistry - Running the evict task with compensationTime 0ms
2023-08-25 19:26:56.322 [Eureka-EvictionTimer] INFO  c.n.e.r.AbstractInstanceRegistry - Running the evict task with compensationTime 0ms
2023-08-25 19:27:01.322 [Eureka-EvictionTimer] INFO  c.n.e.r.AbstractInstanceRegistry - Running the evict task with compensationTime 0ms
2023-08-25 19:27:06.322 [Eureka-EvictionTimer] INFO  c.n.e.r.AbstractInstanceRegistry - Running the evict task with compensationTime 0ms
2023-08-25 19:27:11.322 [Eureka-EvictionTimer] INFO  c.n.e.r.AbstractInstanceRegistry - Running the evict task with compensationTime 0ms
2023-08-25 19:27:16.322 [Eureka-EvictionTimer] INFO  c.n.e.r.AbstractInstanceRegistry - Running the evict task with compensationTime 0ms
2023-08-25 19:27:21.322 [Eureka-EvictionTimer] INFO  c.n.e.r.AbstractInstanceRegistry - Running the evict task with compensationTime 0ms
2023-08-25 19:27:26.322 [Eureka-EvictionTimer] INFO  c.n.e.r.AbstractInstanceRegistry - Running the evict task with compensationTime 0ms
2023-08-25 19:27:31.322 [Eureka-EvictionTimer] INFO  c.n.e.r.AbstractInstanceRegistry - Running the evict task with compensationTime 0ms
2023-08-25 19:27:36.322 [Eureka-EvictionTimer] INFO  c.n.e.r.AbstractInstanceRegistry - Running the evict task with compensationTime 0ms
2023-08-25 19:27:41.322 [Eureka-EvictionTimer] INFO  c.n.e.r.AbstractInstanceRegistry - Running the evict task with compensationTime 0ms
2023-08-25 19:27:46.322 [Eureka-EvictionTimer] INFO  c.n.e.r.AbstractInstanceRegistry - Running the evict task with compensationTime 0ms
2023-08-25 19:27:51.322 [Eureka-EvictionTimer] INFO  c.n.e.r.AbstractInstanceRegistry - Running the evict task with compensationTime 0ms
2023-08-25 19:27:56.322 [Eureka-EvictionTimer] INFO  c.n.e.r.AbstractInstanceRegistry - Running the evict task with compensationTime 0ms
2023-08-25 19:28:01.322 [Eureka-EvictionTimer] INFO  c.n.e.r.AbstractInstanceRegistry - Running the evict task with compensationTime 0ms
2023-08-25 19:28:06.322 [Eureka-EvictionTimer] INFO  c.n.e.r.AbstractInstanceRegistry - Running the evict task with compensationTime 0ms
2023-08-25 19:28:11.322 [Eureka-EvictionTimer] INFO  c.n.e.r.AbstractInstanceRegistry - Running the evict task with compensationTime 0ms
2023-08-25 19:28:16.322 [Eureka-EvictionTimer] INFO  c.n.e.r.AbstractInstanceRegistry - Running the evict task with compensationTime 0ms
2023-08-25 19:28:21.322 [Eureka-EvictionTimer] INFO  c.n.e.r.AbstractInstanceRegistry - Running the evict task with compensationTime 0ms
2023-08-25 19:28:26.322 [Eureka-EvictionTimer] INFO  c.n.e.r.AbstractInstanceRegistry - Running the evict task with compensationTime 0ms
2023-08-25 19:28:31.322 [Eureka-EvictionTimer] INFO  c.n.e.r.AbstractInstanceRegistry - Running the evict task with compensationTime 0ms
2023-08-25 19:28:36.322 [Eureka-EvictionTimer] INFO  c.n.e.r.AbstractInstanceRegistry - Running the evict task with compensationTime 0ms
2023-08-25 19:28:41.322 [Eureka-EvictionTimer] INFO  c.n.e.r.AbstractInstanceRegistry - Running the evict task with compensationTime 0ms
2023-08-25 19:28:46.322 [Eureka-EvictionTimer] INFO  c.n.e.r.AbstractInstanceRegistry - Running the evict task with compensationTime 0ms
2023-08-25 19:28:51.322 [Eureka-EvictionTimer] INFO  c.n.e.r.AbstractInstanceRegistry - Running the evict task with compensationTime 0ms
2023-08-25 19:28:56.322 [Eureka-EvictionTimer] INFO  c.n.e.r.AbstractInstanceRegistry - Running the evict task with compensationTime 0ms
2023-08-25 19:29:01.322 [Eureka-EvictionTimer] INFO  c.n.e.r.AbstractInstanceRegistry - Running the evict task with compensationTime 0ms
2023-08-25 19:29:06.322 [Eureka-EvictionTimer] INFO  c.n.e.r.AbstractInstanceRegistry - Running the evict task with compensationTime 0ms
2023-08-25 19:29:11.322 [Eureka-EvictionTimer] INFO  c.n.e.r.AbstractInstanceRegistry - Running the evict task with compensationTime 0ms
2023-08-25 19:29:16.322 [Eureka-EvictionTimer] INFO  c.n.e.r.AbstractInstanceRegistry - Running the evict task with compensationTime 0ms
2023-08-25 19:29:21.322 [Eureka-EvictionTimer] INFO  c.n.e.r.AbstractInstanceRegistry - Running the evict task with compensationTime 0ms
2023-08-25 19:29:26.322 [Eureka-EvictionTimer] INFO  c.n.e.r.AbstractInstanceRegistry - Running the evict task with compensationTime 0ms
2023-08-25 19:29:31.322 [Eureka-EvictionTimer] INFO  c.n.e.r.AbstractInstanceRegistry - Running the evict task with compensationTime 0ms
2023-08-25 19:29:36.322 [Eureka-EvictionTimer] INFO  c.n.e.r.AbstractInstanceRegistry - Running the evict task with compensationTime 0ms
2023-08-25 19:29:41.322 [Eureka-EvictionTimer] INFO  c.n.e.r.AbstractInstanceRegistry - Running the evict task with compensationTime 0ms
2023-08-25 19:29:46.322 [Eureka-EvictionTimer] INFO  c.n.e.r.AbstractInstanceRegistry - Running the evict task with compensationTime 0ms
2023-08-25 19:29:51.322 [Eureka-EvictionTimer] INFO  c.n.e.r.AbstractInstanceRegistry - Running the evict task with compensationTime 0ms
2023-08-25 19:29:56.322 [Eureka-EvictionTimer] INFO  c.n.e.r.AbstractInstanceRegistry - Running the evict task with compensationTime 0ms
2023-08-25 19:30:01.322 [Eureka-EvictionTimer] INFO  c.n.e.r.AbstractInstanceRegistry - Running the evict task with compensationTime 0ms
2023-08-25 19:30:06.322 [Eureka-EvictionTimer] INFO  c.n.e.r.AbstractInstanceRegistry - Running the evict task with compensationTime 0ms
2023-08-25 19:30:11.322 [Eureka-EvictionTimer] INFO  c.n.e.r.AbstractInstanceRegistry - Running the evict task with compensationTime 0ms
2023-08-25 19:30:16.322 [Eureka-EvictionTimer] INFO  c.n.e.r.AbstractInstanceRegistry - Running the evict task with compensationTime 0ms
2023-08-25 19:30:21.322 [Eureka-EvictionTimer] INFO  c.n.e.r.AbstractInstanceRegistry - Running the evict task with compensationTime 0ms
2023-08-25 19:30:26.322 [Eureka-EvictionTimer] INFO  c.n.e.r.AbstractInstanceRegistry - Running the evict task with compensationTime 0ms
2023-08-25 19:30:31.322 [Eureka-EvictionTimer] INFO  c.n.e.r.AbstractInstanceRegistry - Running the evict task with compensationTime 0ms
2023-08-25 19:30:36.322 [Eureka-EvictionTimer] INFO  c.n.e.r.AbstractInstanceRegistry - Running the evict task with compensationTime 0ms
2023-08-25 19:30:41.322 [Eureka-EvictionTimer] INFO  c.n.e.r.AbstractInstanceRegistry - Running the evict task with compensationTime 0ms
2023-08-25 19:30:46.322 [Eureka-EvictionTimer] INFO  c.n.e.r.AbstractInstanceRegistry - Running the evict task with compensationTime 0ms
2023-08-25 19:30:51.322 [Eureka-EvictionTimer] INFO  c.n.e.r.AbstractInstanceRegistry - Running the evict task with compensationTime 0ms
2023-08-25 19:30:56.322 [Eureka-EvictionTimer] INFO  c.n.e.r.AbstractInstanceRegistry - Running the evict task with compensationTime 0ms
2023-08-25 19:31:01.322 [Eureka-EvictionTimer] INFO  c.n.e.r.AbstractInstanceRegistry - Running the evict task with compensationTime 0ms
2023-08-25 19:31:06.322 [Eureka-EvictionTimer] INFO  c.n.e.r.AbstractInstanceRegistry - Running the evict task with compensationTime 0ms
2023-08-25 19:31:11.322 [Eureka-EvictionTimer] INFO  c.n.e.r.AbstractInstanceRegistry - Running the evict task with compensationTime 0ms
2023-08-25 19:31:16.322 [Eureka-EvictionTimer] INFO  c.n.e.r.AbstractInstanceRegistry - Running the evict task with compensationTime 0ms
2023-08-25 19:31:21.322 [Eureka-EvictionTimer] INFO  c.n.e.r.AbstractInstanceRegistry - Running the evict task with compensationTime 0ms
2023-08-25 19:31:26.322 [Eureka-EvictionTimer] INFO  c.n.e.r.AbstractInstanceRegistry - Running the evict task with compensationTime 0ms
2023-08-25 19:31:31.322 [Eureka-EvictionTimer] INFO  c.n.e.r.AbstractInstanceRegistry - Running the evict task with compensationTime 0ms
2023-08-25 19:31:36.322 [Eureka-EvictionTimer] INFO  c.n.e.r.AbstractInstanceRegistry - Running the evict task with compensationTime 0ms
2023-08-25 19:31:41.322 [Eureka-EvictionTimer] INFO  c.n.e.r.AbstractInstanceRegistry - Running the evict task with compensationTime 0ms
2023-08-25 19:31:46.322 [Eureka-EvictionTimer] INFO  c.n.e.r.AbstractInstanceRegistry - Running the evict task with compensationTime 0ms
2023-08-25 19:31:51.322 [Eureka-EvictionTimer] INFO  c.n.e.r.AbstractInstanceRegistry - Running the evict task with compensationTime 0ms
2023-08-25 19:31:56.322 [Eureka-EvictionTimer] INFO  c.n.e.r.AbstractInstanceRegistry - Running the evict task with compensationTime 0ms
2023-08-25 19:32:01.322 [Eureka-EvictionTimer] INFO  c.n.e.r.AbstractInstanceRegistry - Running the evict task with compensationTime 0ms
2023-08-25 19:32:06.322 [Eureka-EvictionTimer] INFO  c.n.e.r.AbstractInstanceRegistry - Running the evict task with compensationTime 0ms
2023-08-25 19:32:11.322 [Eureka-EvictionTimer] INFO  c.n.e.r.AbstractInstanceRegistry - Running the evict task with compensationTime 0ms
2023-08-25 19:32:16.322 [Eureka-EvictionTimer] INFO  c.n.e.r.AbstractInstanceRegistry - Running the evict task with compensationTime 0ms
2023-08-25 19:32:21.322 [Eureka-EvictionTimer] INFO  c.n.e.r.AbstractInstanceRegistry - Running the evict task with compensationTime 0ms
2023-08-25 19:32:26.322 [Eureka-EvictionTimer] INFO  c.n.e.r.AbstractInstanceRegistry - Running the evict task with compensationTime 0ms
2023-08-25 19:32:31.322 [Eureka-EvictionTimer] INFO  c.n.e.r.AbstractInstanceRegistry - Running the evict task with compensationTime 0ms
2023-08-25 19:32:36.322 [Eureka-EvictionTimer] INFO  c.n.e.r.AbstractInstanceRegistry - Running the evict task with compensationTime 0ms
2023-08-25 19:32:41.322 [Eureka-EvictionTimer] INFO  c.n.e.r.AbstractInstanceRegistry - Running the evict task with compensationTime 0ms
2023-08-25 19:32:46.322 [Eureka-EvictionTimer] INFO  c.n.e.r.AbstractInstanceRegistry - Running the evict task with compensationTime 0ms
2023-08-25 19:32:51.322 [Eureka-EvictionTimer] INFO  c.n.e.r.AbstractInstanceRegistry - Running the evict task with compensationTime 0ms
2023-08-25 19:32:56.322 [Eureka-EvictionTimer] INFO  c.n.e.r.AbstractInstanceRegistry - Running the evict task with compensationTime 0ms
2023-08-25 19:33:01.322 [Eureka-EvictionTimer] INFO  c.n.e.r.AbstractInstanceRegistry - Running the evict task with compensationTime 0ms
2023-08-25 19:33:06.322 [Eureka-EvictionTimer] INFO  c.n.e.r.AbstractInstanceRegistry - Running the evict task with compensationTime 0ms
2023-08-25 19:33:11.322 [Eureka-EvictionTimer] INFO  c.n.e.r.AbstractInstanceRegistry - Running the evict task with compensationTime 0ms
2023-08-25 19:33:16.322 [Eureka-EvictionTimer] INFO  c.n.e.r.AbstractInstanceRegistry - Running the evict task with compensationTime 0ms
2023-08-25 19:33:21.322 [Eureka-EvictionTimer] INFO  c.n.e.r.AbstractInstanceRegistry - Running the evict task with compensationTime 0ms
2023-08-25 19:33:26.322 [Eureka-EvictionTimer] INFO  c.n.e.r.AbstractInstanceRegistry - Running the evict task with compensationTime 0ms
2023-08-25 19:33:31.322 [Eureka-EvictionTimer] INFO  c.n.e.r.AbstractInstanceRegistry - Running the evict task with compensationTime 0ms
2023-08-25 19:33:36.322 [Eureka-EvictionTimer] INFO  c.n.e.r.AbstractInstanceRegistry - Running the evict task with compensationTime 0ms
2023-08-25 19:33:41.322 [Eureka-EvictionTimer] INFO  c.n.e.r.AbstractInstanceRegistry - Running the evict task with compensationTime 0ms
2023-08-25 19:33:46.322 [Eureka-EvictionTimer] INFO  c.n.e.r.AbstractInstanceRegistry - Running the evict task with compensationTime 0ms
2023-08-25 19:33:51.322 [Eureka-EvictionTimer] INFO  c.n.e.r.AbstractInstanceRegistry - Running the evict task with compensationTime 0ms
2023-08-25 19:33:56.322 [Eureka-EvictionTimer] INFO  c.n.e.r.AbstractInstanceRegistry - Running the evict task with compensationTime 0ms
2023-08-25 19:34:01.322 [Eureka-EvictionTimer] INFO  c.n.e.r.AbstractInstanceRegistry - Running the evict task with compensationTime 0ms
2023-08-25 19:34:06.322 [Eureka-EvictionTimer] INFO  c.n.e.r.AbstractInstanceRegistry - Running the evict task with compensationTime 0ms
2023-08-25 19:34:11.322 [Eureka-EvictionTimer] INFO  c.n.e.r.AbstractInstanceRegistry - Running the evict task with compensationTime 0ms
2023-08-25 19:34:16.322 [Eureka-EvictionTimer] INFO  c.n.e.r.AbstractInstanceRegistry - Running the evict task with compensationTime 0ms
2023-08-25 19:34:21.322 [Eureka-EvictionTimer] INFO  c.n.e.r.AbstractInstanceRegistry - Running the evict task with compensationTime 0ms
2023-08-25 19:34:26.322 [Eureka-EvictionTimer] INFO  c.n.e.r.AbstractInstanceRegistry - Running the evict task with compensationTime 0ms
2023-08-25 19:34:31.322 [Eureka-EvictionTimer] INFO  c.n.e.r.AbstractInstanceRegistry - Running the evict task with compensationTime 0ms
2023-08-25 19:34:36.322 [Eureka-EvictionTimer] INFO  c.n.e.r.AbstractInstanceRegistry - Running the evict task with compensationTime 0ms
2023-08-25 19:34:41.322 [Eureka-EvictionTimer] INFO  c.n.e.r.AbstractInstanceRegistry - Running the evict task with compensationTime 0ms
2023-08-25 19:34:46.322 [Eureka-EvictionTimer] INFO  c.n.e.r.AbstractInstanceRegistry - Running the evict task with compensationTime 0ms
2023-08-25 19:34:51.322 [Eureka-EvictionTimer] INFO  c.n.e.r.AbstractInstanceRegistry - Running the evict task with compensationTime 0ms
2023-08-25 19:34:56.322 [Eureka-EvictionTimer] INFO  c.n.e.r.AbstractInstanceRegistry - Running the evict task with compensationTime 0ms
2023-08-25 19:35:00.853 [ReplicaAwareInstanceRegistry - RenewalThresholdUpdater] INFO  c.n.e.r.PeerAwareInstanceRegistryImpl - Current renewal threshold is : 0
2023-08-25 19:35:01.322 [Eureka-EvictionTimer] INFO  c.n.e.r.AbstractInstanceRegistry - Running the evict task with compensationTime 0ms
2023-08-25 19:35:06.322 [Eureka-EvictionTimer] INFO  c.n.e.r.AbstractInstanceRegistry - Running the evict task with compensationTime 0ms
2023-08-25 19:35:11.322 [Eureka-EvictionTimer] INFO  c.n.e.r.AbstractInstanceRegistry - Running the evict task with compensationTime 0ms
2023-08-25 19:35:16.322 [Eureka-EvictionTimer] INFO  c.n.e.r.AbstractInstanceRegistry - Running the evict task with compensationTime 0ms
2023-08-25 19:35:21.322 [Eureka-EvictionTimer] INFO  c.n.e.r.AbstractInstanceRegistry - Running the evict task with compensationTime 0ms
2023-08-25 19:35:26.322 [Eureka-EvictionTimer] INFO  c.n.e.r.AbstractInstanceRegistry - Running the evict task with compensationTime 0ms
2023-08-25 19:35:31.322 [Eureka-EvictionTimer] INFO  c.n.e.r.AbstractInstanceRegistry - Running the evict task with compensationTime 0ms
2023-08-25 19:35:36.322 [Eureka-EvictionTimer] INFO  c.n.e.r.AbstractInstanceRegistry - Running the evict task with compensationTime 0ms
2023-08-25 19:35:41.322 [Eureka-EvictionTimer] INFO  c.n.e.r.AbstractInstanceRegistry - Running the evict task with compensationTime 0ms
2023-08-25 19:35:46.322 [Eureka-EvictionTimer] INFO  c.n.e.r.AbstractInstanceRegistry - Running the evict task with compensationTime 0ms
2023-08-25 19:35:51.322 [Eureka-EvictionTimer] INFO  c.n.e.r.AbstractInstanceRegistry - Running the evict task with compensationTime 0ms
2023-08-25 19:35:56.322 [Eureka-EvictionTimer] INFO  c.n.e.r.AbstractInstanceRegistry - Running the evict task with compensationTime 0ms
2023-08-25 19:36:01.322 [Eureka-EvictionTimer] INFO  c.n.e.r.AbstractInstanceRegistry - Running the evict task with compensationTime 0ms
2023-08-25 19:36:06.322 [Eureka-EvictionTimer] INFO  c.n.e.r.AbstractInstanceRegistry - Running the evict task with compensationTime 0ms
2023-08-25 19:36:11.322 [Eureka-EvictionTimer] INFO  c.n.e.r.AbstractInstanceRegistry - Running the evict task with compensationTime 0ms
2023-08-25 19:36:16.322 [Eureka-EvictionTimer] INFO  c.n.e.r.AbstractInstanceRegistry - Running the evict task with compensationTime 0ms
2023-08-25 19:36:21.322 [Eureka-EvictionTimer] INFO  c.n.e.r.AbstractInstanceRegistry - Running the evict task with compensationTime 0ms
2023-08-25 19:36:26.322 [Eureka-EvictionTimer] INFO  c.n.e.r.AbstractInstanceRegistry - Running the evict task with compensationTime 0ms
2023-08-25 19:36:31.322 [Eureka-EvictionTimer] INFO  c.n.e.r.AbstractInstanceRegistry - Running the evict task with compensationTime 0ms
2023-08-25 19:36:36.322 [Eureka-EvictionTimer] INFO  c.n.e.r.AbstractInstanceRegistry - Running the evict task with compensationTime 0ms
2023-08-25 19:36:41.322 [Eureka-EvictionTimer] INFO  c.n.e.r.AbstractInstanceRegistry - Running the evict task with compensationTime 0ms
2023-08-25 19:36:46.322 [Eureka-EvictionTimer] INFO  c.n.e.r.AbstractInstanceRegistry - Running the evict task with compensationTime 0ms
2023-08-25 19:36:51.322 [Eureka-EvictionTimer] INFO  c.n.e.r.AbstractInstanceRegistry - Running the evict task with compensationTime 0ms
2023-08-25 19:36:56.322 [Eureka-EvictionTimer] INFO  c.n.e.r.AbstractInstanceRegistry - Running the evict task with compensationTime 0ms
2023-08-25 19:37:01.322 [Eureka-EvictionTimer] INFO  c.n.e.r.AbstractInstanceRegistry - Running the evict task with compensationTime 0ms
2023-08-25 19:37:06.322 [Eureka-EvictionTimer] INFO  c.n.e.r.AbstractInstanceRegistry - Running the evict task with compensationTime 0ms
2023-08-25 19:37:11.322 [Eureka-EvictionTimer] INFO  c.n.e.r.AbstractInstanceRegistry - Running the evict task with compensationTime 0ms
2023-08-25 19:37:16.322 [Eureka-EvictionTimer] INFO  c.n.e.r.AbstractInstanceRegistry - Running the evict task with compensationTime 0ms
2023-08-25 19:37:21.322 [Eureka-EvictionTimer] INFO  c.n.e.r.AbstractInstanceRegistry - Running the evict task with compensationTime 0ms
2023-08-25 19:37:26.322 [Eureka-EvictionTimer] INFO  c.n.e.r.AbstractInstanceRegistry - Running the evict task with compensationTime 0ms
2023-08-25 19:37:31.322 [Eureka-EvictionTimer] INFO  c.n.e.r.AbstractInstanceRegistry - Running the evict task with compensationTime 0ms
2023-08-25 19:37:36.322 [Eureka-EvictionTimer] INFO  c.n.e.r.AbstractInstanceRegistry - Running the evict task with compensationTime 0ms
2023-08-25 19:37:41.322 [Eureka-EvictionTimer] INFO  c.n.e.r.AbstractInstanceRegistry - Running the evict task with compensationTime 0ms
2023-08-25 19:37:46.322 [Eureka-EvictionTimer] INFO  c.n.e.r.AbstractInstanceRegistry - Running the evict task with compensationTime 0ms
2023-08-25 19:37:51.322 [Eureka-EvictionTimer] INFO  c.n.e.r.AbstractInstanceRegistry - Running the evict task with compensationTime 0ms
2023-08-25 19:37:56.322 [Eureka-EvictionTimer] INFO  c.n.e.r.AbstractInstanceRegistry - Running the evict task with compensationTime 0ms
2023-08-25 19:38:01.322 [Eureka-EvictionTimer] INFO  c.n.e.r.AbstractInstanceRegistry - Running the evict task with compensationTime 0ms
2023-08-25 19:38:06.322 [Eureka-EvictionTimer] INFO  c.n.e.r.AbstractInstanceRegistry - Running the evict task with compensationTime 0ms
2023-08-25 19:38:11.322 [Eureka-EvictionTimer] INFO  c.n.e.r.AbstractInstanceRegistry - Running the evict task with compensationTime 0ms
2023-08-25 19:38:16.322 [Eureka-EvictionTimer] INFO  c.n.e.r.AbstractInstanceRegistry - Running the evict task with compensationTime 0ms
2023-08-25 19:38:21.322 [Eureka-EvictionTimer] INFO  c.n.e.r.AbstractInstanceRegistry - Running the evict task with compensationTime 0ms
2023-08-25 19:38:26.322 [Eureka-EvictionTimer] INFO  c.n.e.r.AbstractInstanceRegistry - Running the evict task with compensationTime 0ms
2023-08-25 19:38:31.322 [Eureka-EvictionTimer] INFO  c.n.e.r.AbstractInstanceRegistry - Running the evict task with compensationTime 0ms
2023-08-25 19:38:36.322 [Eureka-EvictionTimer] INFO  c.n.e.r.AbstractInstanceRegistry - Running the evict task with compensationTime 0ms
2023-08-25 19:38:41.322 [Eureka-EvictionTimer] INFO  c.n.e.r.AbstractInstanceRegistry - Running the evict task with compensationTime 0ms
2023-08-25 19:38:46.322 [Eureka-EvictionTimer] INFO  c.n.e.r.AbstractInstanceRegistry - Running the evict task with compensationTime 0ms
2023-08-25 19:38:51.322 [Eureka-EvictionTimer] INFO  c.n.e.r.AbstractInstanceRegistry - Running the evict task with compensationTime 0ms
2023-08-25 19:38:56.322 [Eureka-EvictionTimer] INFO  c.n.e.r.AbstractInstanceRegistry - Running the evict task with compensationTime 0ms
2023-08-25 19:39:01.322 [Eureka-EvictionTimer] INFO  c.n.e.r.AbstractInstanceRegistry - Running the evict task with compensationTime 0ms
2023-08-25 19:39:06.322 [Eureka-EvictionTimer] INFO  c.n.e.r.AbstractInstanceRegistry - Running the evict task with compensationTime 0ms
2023-08-25 19:39:11.322 [Eureka-EvictionTimer] INFO  c.n.e.r.AbstractInstanceRegistry - Running the evict task with compensationTime 0ms
2023-08-25 19:39:16.322 [Eureka-EvictionTimer] INFO  c.n.e.r.AbstractInstanceRegistry - Running the evict task with compensationTime 0ms
2023-08-25 19:39:21.322 [Eureka-EvictionTimer] INFO  c.n.e.r.AbstractInstanceRegistry - Running the evict task with compensationTime 0ms
2023-08-25 19:39:26.322 [Eureka-EvictionTimer] INFO  c.n.e.r.AbstractInstanceRegistry - Running the evict task with compensationTime 0ms
2023-08-25 19:39:31.322 [Eureka-EvictionTimer] INFO  c.n.e.r.AbstractInstanceRegistry - Running the evict task with compensationTime 0ms
2023-08-25 19:39:36.322 [Eureka-EvictionTimer] INFO  c.n.e.r.AbstractInstanceRegistry - Running the evict task with compensationTime 0ms
2023-08-25 19:39:41.322 [Eureka-EvictionTimer] INFO  c.n.e.r.AbstractInstanceRegistry - Running the evict task with compensationTime 0ms
2023-08-25 19:39:46.322 [Eureka-EvictionTimer] INFO  c.n.e.r.AbstractInstanceRegistry - Running the evict task with compensationTime 0ms
2023-08-25 19:39:51.322 [Eureka-EvictionTimer] INFO  c.n.e.r.AbstractInstanceRegistry - Running the evict task with compensationTime 0ms
2023-08-25 19:39:56.322 [Eureka-EvictionTimer] INFO  c.n.e.r.AbstractInstanceRegistry - Running the evict task with compensationTime 0ms
2023-08-25 19:40:01.322 [Eureka-EvictionTimer] INFO  c.n.e.r.AbstractInstanceRegistry - Running the evict task with compensationTime 0ms
2023-08-25 19:40:06.322 [Eureka-EvictionTimer] INFO  c.n.e.r.AbstractInstanceRegistry - Running the evict task with compensationTime 0ms
2023-08-25 19:40:11.322 [Eureka-EvictionTimer] INFO  c.n.e.r.AbstractInstanceRegistry - Running the evict task with compensationTime 0ms
2023-08-25 19:40:16.322 [Eureka-EvictionTimer] INFO  c.n.e.r.AbstractInstanceRegistry - Running the evict task with compensationTime 0ms
2023-08-25 19:40:21.322 [Eureka-EvictionTimer] INFO  c.n.e.r.AbstractInstanceRegistry - Running the evict task with compensationTime 0ms
2023-08-25 19:40:26.322 [Eureka-EvictionTimer] INFO  c.n.e.r.AbstractInstanceRegistry - Running the evict task with compensationTime 0ms
2023-08-25 19:40:31.322 [Eureka-EvictionTimer] INFO  c.n.e.r.AbstractInstanceRegistry - Running the evict task with compensationTime 0ms
2023-08-25 19:40:36.322 [Eureka-EvictionTimer] INFO  c.n.e.r.AbstractInstanceRegistry - Running the evict task with compensationTime 0ms
2023-08-25 19:40:41.322 [Eureka-EvictionTimer] INFO  c.n.e.r.AbstractInstanceRegistry - Running the evict task with compensationTime 0ms
2023-08-25 19:40:46.322 [Eureka-EvictionTimer] INFO  c.n.e.r.AbstractInstanceRegistry - Running the evict task with compensationTime 0ms
2023-08-25 19:40:51.322 [Eureka-EvictionTimer] INFO  c.n.e.r.AbstractInstanceRegistry - Running the evict task with compensationTime 0ms
2023-08-25 19:40:56.322 [Eureka-EvictionTimer] INFO  c.n.e.r.AbstractInstanceRegistry - Running the evict task with compensationTime 0ms
2023-08-25 19:41:01.322 [Eureka-EvictionTimer] INFO  c.n.e.r.AbstractInstanceRegistry - Running the evict task with compensationTime 0ms
2023-08-25 19:41:06.322 [Eureka-EvictionTimer] INFO  c.n.e.r.AbstractInstanceRegistry - Running the evict task with compensationTime 0ms
2023-08-25 19:41:11.322 [Eureka-EvictionTimer] INFO  c.n.e.r.AbstractInstanceRegistry - Running the evict task with compensationTime 0ms
2023-08-25 19:41:16.322 [Eureka-EvictionTimer] INFO  c.n.e.r.AbstractInstanceRegistry - Running the evict task with compensationTime 0ms
2023-08-25 19:41:21.322 [Eureka-EvictionTimer] INFO  c.n.e.r.AbstractInstanceRegistry - Running the evict task with compensationTime 0ms
2023-08-25 19:41:26.322 [Eureka-EvictionTimer] INFO  c.n.e.r.AbstractInstanceRegistry - Running the evict task with compensationTime 0ms
2023-08-25 19:41:31.322 [Eureka-EvictionTimer] INFO  c.n.e.r.AbstractInstanceRegistry - Running the evict task with compensationTime 0ms
2023-08-25 19:41:36.322 [Eureka-EvictionTimer] INFO  c.n.e.r.AbstractInstanceRegistry - Running the evict task with compensationTime 0ms
2023-08-25 19:41:41.322 [Eureka-EvictionTimer] INFO  c.n.e.r.AbstractInstanceRegistry - Running the evict task with compensationTime 0ms
2023-08-25 19:41:46.322 [Eureka-EvictionTimer] INFO  c.n.e.r.AbstractInstanceRegistry - Running the evict task with compensationTime 0ms
2023-08-25 19:41:51.322 [Eureka-EvictionTimer] INFO  c.n.e.r.AbstractInstanceRegistry - Running the evict task with compensationTime 0ms
2023-08-25 19:41:56.322 [Eureka-EvictionTimer] INFO  c.n.e.r.AbstractInstanceRegistry - Running the evict task with compensationTime 0ms
2023-08-25 19:42:01.322 [Eureka-EvictionTimer] INFO  c.n.e.r.AbstractInstanceRegistry - Running the evict task with compensationTime 0ms
2023-08-25 19:42:06.322 [Eureka-EvictionTimer] INFO  c.n.e.r.AbstractInstanceRegistry - Running the evict task with compensationTime 0ms
2023-08-25 19:42:11.322 [Eureka-EvictionTimer] INFO  c.n.e.r.AbstractInstanceRegistry - Running the evict task with compensationTime 0ms
2023-08-25 19:42:16.322 [Eureka-EvictionTimer] INFO  c.n.e.r.AbstractInstanceRegistry - Running the evict task with compensationTime 0ms
2023-08-25 19:42:21.322 [Eureka-EvictionTimer] INFO  c.n.e.r.AbstractInstanceRegistry - Running the evict task with compensationTime 0ms
2023-08-25 19:42:26.322 [Eureka-EvictionTimer] INFO  c.n.e.r.AbstractInstanceRegistry - Running the evict task with compensationTime 0ms
2023-08-25 19:42:31.322 [Eureka-EvictionTimer] INFO  c.n.e.r.AbstractInstanceRegistry - Running the evict task with compensationTime 0ms
2023-08-25 19:42:36.322 [Eureka-EvictionTimer] INFO  c.n.e.r.AbstractInstanceRegistry - Running the evict task with compensationTime 0ms
2023-08-25 19:42:41.322 [Eureka-EvictionTimer] INFO  c.n.e.r.AbstractInstanceRegistry - Running the evict task with compensationTime 0ms
2023-08-25 19:42:46.322 [Eureka-EvictionTimer] INFO  c.n.e.r.AbstractInstanceRegistry - Running the evict task with compensationTime 0ms
2023-08-25 19:42:51.322 [Eureka-EvictionTimer] INFO  c.n.e.r.AbstractInstanceRegistry - Running the evict task with compensationTime 0ms
2023-08-25 19:42:56.322 [Eureka-EvictionTimer] INFO  c.n.e.r.AbstractInstanceRegistry - Running the evict task with compensationTime 0ms
2023-08-25 19:43:01.322 [Eureka-EvictionTimer] INFO  c.n.e.r.AbstractInstanceRegistry - Running the evict task with compensationTime 0ms
2023-08-25 19:43:06.322 [Eureka-EvictionTimer] INFO  c.n.e.r.AbstractInstanceRegistry - Running the evict task with compensationTime 0ms
2023-08-25 19:43:11.322 [Eureka-EvictionTimer] INFO  c.n.e.r.AbstractInstanceRegistry - Running the evict task with compensationTime 0ms
2023-08-25 19:43:16.322 [Eureka-EvictionTimer] INFO  c.n.e.r.AbstractInstanceRegistry - Running the evict task with compensationTime 0ms
2023-08-25 19:43:21.322 [Eureka-EvictionTimer] INFO  c.n.e.r.AbstractInstanceRegistry - Running the evict task with compensationTime 0ms
2023-08-25 19:43:26.322 [Eureka-EvictionTimer] INFO  c.n.e.r.AbstractInstanceRegistry - Running the evict task with compensationTime 0ms
2023-08-25 19:43:31.322 [Eureka-EvictionTimer] INFO  c.n.e.r.AbstractInstanceRegistry - Running the evict task with compensationTime 0ms
2023-08-25 19:43:36.322 [Eureka-EvictionTimer] INFO  c.n.e.r.AbstractInstanceRegistry - Running the evict task with compensationTime 0ms
2023-08-25 19:43:41.322 [Eureka-EvictionTimer] INFO  c.n.e.r.AbstractInstanceRegistry - Running the evict task with compensationTime 0ms
2023-08-25 19:43:46.322 [Eureka-EvictionTimer] INFO  c.n.e.r.AbstractInstanceRegistry - Running the evict task with compensationTime 0ms
2023-08-25 19:43:51.322 [Eureka-EvictionTimer] INFO  c.n.e.r.AbstractInstanceRegistry - Running the evict task with compensationTime 0ms
2023-08-25 19:43:56.322 [Eureka-EvictionTimer] INFO  c.n.e.r.AbstractInstanceRegistry - Running the evict task with compensationTime 0ms
2023-08-25 19:44:01.322 [Eureka-EvictionTimer] INFO  c.n.e.r.AbstractInstanceRegistry - Running the evict task with compensationTime 0ms
2023-08-25 19:44:06.322 [Eureka-EvictionTimer] INFO  c.n.e.r.AbstractInstanceRegistry - Running the evict task with compensationTime 0ms
2023-08-25 19:44:11.322 [Eureka-EvictionTimer] INFO  c.n.e.r.AbstractInstanceRegistry - Running the evict task with compensationTime 0ms
2023-08-25 19:44:16.322 [Eureka-EvictionTimer] INFO  c.n.e.r.AbstractInstanceRegistry - Running the evict task with compensationTime 0ms
2023-08-25 19:44:21.322 [Eureka-EvictionTimer] INFO  c.n.e.r.AbstractInstanceRegistry - Running the evict task with compensationTime 0ms
2023-08-25 19:44:26.322 [Eureka-EvictionTimer] INFO  c.n.e.r.AbstractInstanceRegistry - Running the evict task with compensationTime 0ms
2023-08-25 19:44:31.322 [Eureka-EvictionTimer] INFO  c.n.e.r.AbstractInstanceRegistry - Running the evict task with compensationTime 0ms
2023-08-25 19:44:36.322 [Eureka-EvictionTimer] INFO  c.n.e.r.AbstractInstanceRegistry - Running the evict task with compensationTime 0ms
2023-08-25 19:44:41.322 [Eureka-EvictionTimer] INFO  c.n.e.r.AbstractInstanceRegistry - Running the evict task with compensationTime 0ms
2023-08-25 19:44:46.322 [Eureka-EvictionTimer] INFO  c.n.e.r.AbstractInstanceRegistry - Running the evict task with compensationTime 0ms
2023-08-25 19:44:51.322 [Eureka-EvictionTimer] INFO  c.n.e.r.AbstractInstanceRegistry - Running the evict task with compensationTime 0ms
2023-08-25 19:44:56.322 [Eureka-EvictionTimer] INFO  c.n.e.r.AbstractInstanceRegistry - Running the evict task with compensationTime 0ms
2023-08-25 19:45:01.322 [Eureka-EvictionTimer] INFO  c.n.e.r.AbstractInstanceRegistry - Running the evict task with compensationTime 0ms
2023-08-25 19:45:06.322 [Eureka-EvictionTimer] INFO  c.n.e.r.AbstractInstanceRegistry - Running the evict task with compensationTime 0ms
2023-08-25 19:45:11.322 [Eureka-EvictionTimer] INFO  c.n.e.r.AbstractInstanceRegistry - Running the evict task with compensationTime 0ms
2023-08-25 19:45:16.322 [Eureka-EvictionTimer] INFO  c.n.e.r.AbstractInstanceRegistry - Running the evict task with compensationTime 0ms
2023-08-25 19:45:21.322 [Eureka-EvictionTimer] INFO  c.n.e.r.AbstractInstanceRegistry - Running the evict task with compensationTime 0ms
2023-08-25 19:45:26.322 [Eureka-EvictionTimer] INFO  c.n.e.r.AbstractInstanceRegistry - Running the evict task with compensationTime 0ms
2023-08-25 19:45:31.322 [Eureka-EvictionTimer] INFO  c.n.e.r.AbstractInstanceRegistry - Running the evict task with compensationTime 0ms
2023-08-25 19:45:36.322 [Eureka-EvictionTimer] INFO  c.n.e.r.AbstractInstanceRegistry - Running the evict task with compensationTime 0ms
2023-08-25 19:45:41.322 [Eureka-EvictionTimer] INFO  c.n.e.r.AbstractInstanceRegistry - Running the evict task with compensationTime 0ms
2023-08-25 19:45:46.322 [Eureka-EvictionTimer] INFO  c.n.e.r.AbstractInstanceRegistry - Running the evict task with compensationTime 0ms
2023-08-25 19:45:51.322 [Eureka-EvictionTimer] INFO  c.n.e.r.AbstractInstanceRegistry - Running the evict task with compensationTime 0ms
2023-08-25 19:45:56.322 [Eureka-EvictionTimer] INFO  c.n.e.r.AbstractInstanceRegistry - Running the evict task with compensationTime 0ms
2023-08-25 19:46:01.322 [Eureka-EvictionTimer] INFO  c.n.e.r.AbstractInstanceRegistry - Running the evict task with compensationTime 0ms
2023-08-25 19:46:06.322 [Eureka-EvictionTimer] INFO  c.n.e.r.AbstractInstanceRegistry - Running the evict task with compensationTime 0ms
2023-08-25 19:46:11.322 [Eureka-EvictionTimer] INFO  c.n.e.r.AbstractInstanceRegistry - Running the evict task with compensationTime 0ms
2023-08-25 19:46:16.322 [Eureka-EvictionTimer] INFO  c.n.e.r.AbstractInstanceRegistry - Running the evict task with compensationTime 0ms
2023-08-25 19:46:21.322 [Eureka-EvictionTimer] INFO  c.n.e.r.AbstractInstanceRegistry - Running the evict task with compensationTime 0ms
2023-08-25 19:46:26.322 [Eureka-EvictionTimer] INFO  c.n.e.r.AbstractInstanceRegistry - Running the evict task with compensationTime 0ms
2023-08-25 19:46:31.322 [Eureka-EvictionTimer] INFO  c.n.e.r.AbstractInstanceRegistry - Running the evict task with compensationTime 0ms
2023-08-25 19:46:36.322 [Eureka-EvictionTimer] INFO  c.n.e.r.AbstractInstanceRegistry - Running the evict task with compensationTime 0ms
2023-08-25 19:46:41.322 [Eureka-EvictionTimer] INFO  c.n.e.r.AbstractInstanceRegistry - Running the evict task with compensationTime 0ms
2023-08-25 19:46:46.322 [Eureka-EvictionTimer] INFO  c.n.e.r.AbstractInstanceRegistry - Running the evict task with compensationTime 0ms
2023-08-25 19:46:51.322 [Eureka-EvictionTimer] INFO  c.n.e.r.AbstractInstanceRegistry - Running the evict task with compensationTime 0ms
2023-08-25 19:46:56.322 [Eureka-EvictionTimer] INFO  c.n.e.r.AbstractInstanceRegistry - Running the evict task with compensationTime 0ms
2023-08-25 19:47:01.322 [Eureka-EvictionTimer] INFO  c.n.e.r.AbstractInstanceRegistry - Running the evict task with compensationTime 0ms
2023-08-25 19:47:06.322 [Eureka-EvictionTimer] INFO  c.n.e.r.AbstractInstanceRegistry - Running the evict task with compensationTime 0ms
2023-08-25 19:47:11.322 [Eureka-EvictionTimer] INFO  c.n.e.r.AbstractInstanceRegistry - Running the evict task with compensationTime 0ms
2023-08-25 19:47:16.322 [Eureka-EvictionTimer] INFO  c.n.e.r.AbstractInstanceRegistry - Running the evict task with compensationTime 0ms
2023-08-25 19:47:21.322 [Eureka-EvictionTimer] INFO  c.n.e.r.AbstractInstanceRegistry - Running the evict task with compensationTime 0ms
2023-08-25 19:47:26.322 [Eureka-EvictionTimer] INFO  c.n.e.r.AbstractInstanceRegistry - Running the evict task with compensationTime 0ms
2023-08-25 19:47:31.322 [Eureka-EvictionTimer] INFO  c.n.e.r.AbstractInstanceRegistry - Running the evict task with compensationTime 0ms
2023-08-25 19:47:36.322 [Eureka-EvictionTimer] INFO  c.n.e.r.AbstractInstanceRegistry - Running the evict task with compensationTime 0ms
2023-08-25 19:47:41.322 [Eureka-EvictionTimer] INFO  c.n.e.r.AbstractInstanceRegistry - Running the evict task with compensationTime 0ms
2023-08-25 19:47:46.322 [Eureka-EvictionTimer] INFO  c.n.e.r.AbstractInstanceRegistry - Running the evict task with compensationTime 0ms
2023-08-25 19:47:51.322 [Eureka-EvictionTimer] INFO  c.n.e.r.AbstractInstanceRegistry - Running the evict task with compensationTime 0ms
2023-08-25 19:47:56.322 [Eureka-EvictionTimer] INFO  c.n.e.r.AbstractInstanceRegistry - Running the evict task with compensationTime 0ms
2023-08-25 19:48:01.322 [Eureka-EvictionTimer] INFO  c.n.e.r.AbstractInstanceRegistry - Running the evict task with compensationTime 0ms
2023-08-25 19:48:06.322 [Eureka-EvictionTimer] INFO  c.n.e.r.AbstractInstanceRegistry - Running the evict task with compensationTime 0ms
2023-08-25 19:48:11.322 [Eureka-EvictionTimer] INFO  c.n.e.r.AbstractInstanceRegistry - Running the evict task with compensationTime 0ms
2023-08-25 19:48:16.322 [Eureka-EvictionTimer] INFO  c.n.e.r.AbstractInstanceRegistry - Running the evict task with compensationTime 0ms
2023-08-25 19:48:21.322 [Eureka-EvictionTimer] INFO  c.n.e.r.AbstractInstanceRegistry - Running the evict task with compensationTime 0ms
2023-08-25 19:48:26.322 [Eureka-EvictionTimer] INFO  c.n.e.r.AbstractInstanceRegistry - Running the evict task with compensationTime 0ms
2023-08-25 19:48:31.322 [Eureka-EvictionTimer] INFO  c.n.e.r.AbstractInstanceRegistry - Running the evict task with compensationTime 0ms
2023-08-25 19:48:36.322 [Eureka-EvictionTimer] INFO  c.n.e.r.AbstractInstanceRegistry - Running the evict task with compensationTime 0ms
2023-08-25 19:48:41.322 [Eureka-EvictionTimer] INFO  c.n.e.r.AbstractInstanceRegistry - Running the evict task with compensationTime 0ms
2023-08-25 19:48:46.322 [Eureka-EvictionTimer] INFO  c.n.e.r.AbstractInstanceRegistry - Running the evict task with compensationTime 0ms
2023-08-25 19:48:51.322 [Eureka-EvictionTimer] INFO  c.n.e.r.AbstractInstanceRegistry - Running the evict task with compensationTime 0ms
2023-08-25 19:48:56.322 [Eureka-EvictionTimer] INFO  c.n.e.r.AbstractInstanceRegistry - Running the evict task with compensationTime 0ms
2023-08-25 19:49:01.322 [Eureka-EvictionTimer] INFO  c.n.e.r.AbstractInstanceRegistry - Running the evict task with compensationTime 0ms
2023-08-25 19:49:06.322 [Eureka-EvictionTimer] INFO  c.n.e.r.AbstractInstanceRegistry - Running the evict task with compensationTime 0ms
2023-08-25 19:49:11.322 [Eureka-EvictionTimer] INFO  c.n.e.r.AbstractInstanceRegistry - Running the evict task with compensationTime 0ms
2023-08-25 19:49:16.322 [Eureka-EvictionTimer] INFO  c.n.e.r.AbstractInstanceRegistry - Running the evict task with compensationTime 0ms
2023-08-25 19:49:21.322 [Eureka-EvictionTimer] INFO  c.n.e.r.AbstractInstanceRegistry - Running the evict task with compensationTime 0ms
2023-08-25 19:49:26.322 [Eureka-EvictionTimer] INFO  c.n.e.r.AbstractInstanceRegistry - Running the evict task with compensationTime 0ms
2023-08-25 19:49:31.322 [Eureka-EvictionTimer] INFO  c.n.e.r.AbstractInstanceRegistry - Running the evict task with compensationTime 0ms
2023-08-25 19:49:36.322 [Eureka-EvictionTimer] INFO  c.n.e.r.AbstractInstanceRegistry - Running the evict task with compensationTime 0ms
2023-08-25 19:49:41.322 [Eureka-EvictionTimer] INFO  c.n.e.r.AbstractInstanceRegistry - Running the evict task with compensationTime 0ms
2023-08-25 19:49:46.322 [Eureka-EvictionTimer] INFO  c.n.e.r.AbstractInstanceRegistry - Running the evict task with compensationTime 0ms
2023-08-25 19:49:51.322 [Eureka-EvictionTimer] INFO  c.n.e.r.AbstractInstanceRegistry - Running the evict task with compensationTime 0ms
2023-08-25 19:49:56.322 [Eureka-EvictionTimer] INFO  c.n.e.r.AbstractInstanceRegistry - Running the evict task with compensationTime 0ms
2023-08-25 19:50:00.853 [ReplicaAwareInstanceRegistry - RenewalThresholdUpdater] INFO  c.n.e.r.PeerAwareInstanceRegistryImpl - Current renewal threshold is : 0
2023-08-25 19:50:01.322 [Eureka-EvictionTimer] INFO  c.n.e.r.AbstractInstanceRegistry - Running the evict task with compensationTime 0ms
2023-08-25 19:50:06.322 [Eureka-EvictionTimer] INFO  c.n.e.r.AbstractInstanceRegistry - Running the evict task with compensationTime 0ms
2023-08-25 19:50:11.322 [Eureka-EvictionTimer] INFO  c.n.e.r.AbstractInstanceRegistry - Running the evict task with compensationTime 0ms
2023-08-25 19:50:16.322 [Eureka-EvictionTimer] INFO  c.n.e.r.AbstractInstanceRegistry - Running the evict task with compensationTime 0ms
2023-08-25 19:50:21.322 [Eureka-EvictionTimer] INFO  c.n.e.r.AbstractInstanceRegistry - Running the evict task with compensationTime 0ms
2023-08-25 19:50:26.322 [Eureka-EvictionTimer] INFO  c.n.e.r.AbstractInstanceRegistry - Running the evict task with compensationTime 0ms
2023-08-25 19:50:31.322 [Eureka-EvictionTimer] INFO  c.n.e.r.AbstractInstanceRegistry - Running the evict task with compensationTime 0ms
2023-08-25 19:50:36.322 [Eureka-EvictionTimer] INFO  c.n.e.r.AbstractInstanceRegistry - Running the evict task with compensationTime 0ms
2023-08-25 19:50:41.322 [Eureka-EvictionTimer] INFO  c.n.e.r.AbstractInstanceRegistry - Running the evict task with compensationTime 0ms
2023-08-25 19:50:46.322 [Eureka-EvictionTimer] INFO  c.n.e.r.AbstractInstanceRegistry - Running the evict task with compensationTime 0ms
2023-08-25 19:50:51.322 [Eureka-EvictionTimer] INFO  c.n.e.r.AbstractInstanceRegistry - Running the evict task with compensationTime 0ms
2023-08-25 19:50:56.322 [Eureka-EvictionTimer] INFO  c.n.e.r.AbstractInstanceRegistry - Running the evict task with compensationTime 0ms
2023-08-25 19:51:01.322 [Eureka-EvictionTimer] INFO  c.n.e.r.AbstractInstanceRegistry - Running the evict task with compensationTime 0ms
2023-08-25 19:51:06.322 [Eureka-EvictionTimer] INFO  c.n.e.r.AbstractInstanceRegistry - Running the evict task with compensationTime 0ms
2023-08-25 19:51:11.322 [Eureka-EvictionTimer] INFO  c.n.e.r.AbstractInstanceRegistry - Running the evict task with compensationTime 0ms
2023-08-25 19:51:16.322 [Eureka-EvictionTimer] INFO  c.n.e.r.AbstractInstanceRegistry - Running the evict task with compensationTime 0ms
2023-08-25 19:51:21.322 [Eureka-EvictionTimer] INFO  c.n.e.r.AbstractInstanceRegistry - Running the evict task with compensationTime 0ms
2023-08-25 19:51:26.322 [Eureka-EvictionTimer] INFO  c.n.e.r.AbstractInstanceRegistry - Running the evict task with compensationTime 0ms
2023-08-25 19:51:31.322 [Eureka-EvictionTimer] INFO  c.n.e.r.AbstractInstanceRegistry - Running the evict task with compensationTime 0ms
2023-08-25 19:51:36.322 [Eureka-EvictionTimer] INFO  c.n.e.r.AbstractInstanceRegistry - Running the evict task with compensationTime 0ms
2023-08-25 19:51:41.322 [Eureka-EvictionTimer] INFO  c.n.e.r.AbstractInstanceRegistry - Running the evict task with compensationTime 0ms
2023-08-25 19:51:46.322 [Eureka-EvictionTimer] INFO  c.n.e.r.AbstractInstanceRegistry - Running the evict task with compensationTime 0ms
2023-08-25 19:51:51.322 [Eureka-EvictionTimer] INFO  c.n.e.r.AbstractInstanceRegistry - Running the evict task with compensationTime 0ms
2023-08-25 19:51:56.322 [Eureka-EvictionTimer] INFO  c.n.e.r.AbstractInstanceRegistry - Running the evict task with compensationTime 0ms
2023-08-25 19:52:01.322 [Eureka-EvictionTimer] INFO  c.n.e.r.AbstractInstanceRegistry - Running the evict task with compensationTime 0ms
2023-08-25 19:52:06.322 [Eureka-EvictionTimer] INFO  c.n.e.r.AbstractInstanceRegistry - Running the evict task with compensationTime 0ms
2023-08-25 19:52:11.322 [Eureka-EvictionTimer] INFO  c.n.e.r.AbstractInstanceRegistry - Running the evict task with compensationTime 0ms
2023-08-25 19:52:16.322 [Eureka-EvictionTimer] INFO  c.n.e.r.AbstractInstanceRegistry - Running the evict task with compensationTime 0ms
2023-08-25 19:52:21.322 [Eureka-EvictionTimer] INFO  c.n.e.r.AbstractInstanceRegistry - Running the evict task with compensationTime 0ms
2023-08-25 19:52:26.322 [Eureka-EvictionTimer] INFO  c.n.e.r.AbstractInstanceRegistry - Running the evict task with compensationTime 0ms
2023-08-25 19:52:31.322 [Eureka-EvictionTimer] INFO  c.n.e.r.AbstractInstanceRegistry - Running the evict task with compensationTime 0ms
2023-08-25 19:52:36.322 [Eureka-EvictionTimer] INFO  c.n.e.r.AbstractInstanceRegistry - Running the evict task with compensationTime 0ms
2023-08-25 19:52:41.322 [Eureka-EvictionTimer] INFO  c.n.e.r.AbstractInstanceRegistry - Running the evict task with compensationTime 0ms
2023-08-25 19:52:46.322 [Eureka-EvictionTimer] INFO  c.n.e.r.AbstractInstanceRegistry - Running the evict task with compensationTime 0ms
2023-08-25 19:52:51.322 [Eureka-EvictionTimer] INFO  c.n.e.r.AbstractInstanceRegistry - Running the evict task with compensationTime 0ms
2023-08-25 19:52:56.322 [Eureka-EvictionTimer] INFO  c.n.e.r.AbstractInstanceRegistry - Running the evict task with compensationTime 0ms
2023-08-25 19:53:01.322 [Eureka-EvictionTimer] INFO  c.n.e.r.AbstractInstanceRegistry - Running the evict task with compensationTime 0ms
2023-08-25 19:53:06.322 [Eureka-EvictionTimer] INFO  c.n.e.r.AbstractInstanceRegistry - Running the evict task with compensationTime 0ms
2023-08-25 19:53:11.322 [Eureka-EvictionTimer] INFO  c.n.e.r.AbstractInstanceRegistry - Running the evict task with compensationTime 0ms
2023-08-25 19:53:16.322 [Eureka-EvictionTimer] INFO  c.n.e.r.AbstractInstanceRegistry - Running the evict task with compensationTime 0ms
2023-08-25 19:53:21.322 [Eureka-EvictionTimer] INFO  c.n.e.r.AbstractInstanceRegistry - Running the evict task with compensationTime 0ms
2023-08-25 19:53:26.322 [Eureka-EvictionTimer] INFO  c.n.e.r.AbstractInstanceRegistry - Running the evict task with compensationTime 0ms
2023-08-25 19:53:31.322 [Eureka-EvictionTimer] INFO  c.n.e.r.AbstractInstanceRegistry - Running the evict task with compensationTime 0ms
2023-08-25 19:53:36.322 [Eureka-EvictionTimer] INFO  c.n.e.r.AbstractInstanceRegistry - Running the evict task with compensationTime 0ms
2023-08-25 19:53:41.322 [Eureka-EvictionTimer] INFO  c.n.e.r.AbstractInstanceRegistry - Running the evict task with compensationTime 0ms
2023-08-25 19:53:46.322 [Eureka-EvictionTimer] INFO  c.n.e.r.AbstractInstanceRegistry - Running the evict task with compensationTime 0ms
2023-08-25 19:53:51.322 [Eureka-EvictionTimer] INFO  c.n.e.r.AbstractInstanceRegistry - Running the evict task with compensationTime 0ms
2023-08-25 19:53:56.322 [Eureka-EvictionTimer] INFO  c.n.e.r.AbstractInstanceRegistry - Running the evict task with compensationTime 0ms
2023-08-25 19:54:01.322 [Eureka-EvictionTimer] INFO  c.n.e.r.AbstractInstanceRegistry - Running the evict task with compensationTime 0ms
2023-08-25 19:54:06.322 [Eureka-EvictionTimer] INFO  c.n.e.r.AbstractInstanceRegistry - Running the evict task with compensationTime 0ms
2023-08-25 19:54:11.322 [Eureka-EvictionTimer] INFO  c.n.e.r.AbstractInstanceRegistry - Running the evict task with compensationTime 0ms
2023-08-25 19:54:16.322 [Eureka-EvictionTimer] INFO  c.n.e.r.AbstractInstanceRegistry - Running the evict task with compensationTime 0ms
2023-08-25 19:54:21.322 [Eureka-EvictionTimer] INFO  c.n.e.r.AbstractInstanceRegistry - Running the evict task with compensationTime 0ms
2023-08-25 19:54:26.322 [Eureka-EvictionTimer] INFO  c.n.e.r.AbstractInstanceRegistry - Running the evict task with compensationTime 0ms
2023-08-25 19:54:31.322 [Eureka-EvictionTimer] INFO  c.n.e.r.AbstractInstanceRegistry - Running the evict task with compensationTime 0ms
2023-08-25 19:54:36.322 [Eureka-EvictionTimer] INFO  c.n.e.r.AbstractInstanceRegistry - Running the evict task with compensationTime 0ms
2023-08-25 19:54:41.322 [Eureka-EvictionTimer] INFO  c.n.e.r.AbstractInstanceRegistry - Running the evict task with compensationTime 0ms
2023-08-25 19:54:46.322 [Eureka-EvictionTimer] INFO  c.n.e.r.AbstractInstanceRegistry - Running the evict task with compensationTime 0ms
2023-08-25 19:54:51.322 [Eureka-EvictionTimer] INFO  c.n.e.r.AbstractInstanceRegistry - Running the evict task with compensationTime 0ms
2023-08-25 19:54:56.322 [Eureka-EvictionTimer] INFO  c.n.e.r.AbstractInstanceRegistry - Running the evict task with compensationTime 0ms
2023-08-25 19:55:01.322 [Eureka-EvictionTimer] INFO  c.n.e.r.AbstractInstanceRegistry - Running the evict task with compensationTime 0ms
2023-08-25 19:55:06.322 [Eureka-EvictionTimer] INFO  c.n.e.r.AbstractInstanceRegistry - Running the evict task with compensationTime 0ms
2023-08-25 19:55:11.322 [Eureka-EvictionTimer] INFO  c.n.e.r.AbstractInstanceRegistry - Running the evict task with compensationTime 0ms
2023-08-25 19:55:16.322 [Eureka-EvictionTimer] INFO  c.n.e.r.AbstractInstanceRegistry - Running the evict task with compensationTime 0ms
2023-08-25 19:55:21.322 [Eureka-EvictionTimer] INFO  c.n.e.r.AbstractInstanceRegistry - Running the evict task with compensationTime 0ms
2023-08-25 19:55:26.322 [Eureka-EvictionTimer] INFO  c.n.e.r.AbstractInstanceRegistry - Running the evict task with compensationTime 0ms
2023-08-25 19:55:31.322 [Eureka-EvictionTimer] INFO  c.n.e.r.AbstractInstanceRegistry - Running the evict task with compensationTime 0ms
2023-08-25 19:55:36.322 [Eureka-EvictionTimer] INFO  c.n.e.r.AbstractInstanceRegistry - Running the evict task with compensationTime 0ms
2023-08-25 19:55:41.322 [Eureka-EvictionTimer] INFO  c.n.e.r.AbstractInstanceRegistry - Running the evict task with compensationTime 0ms
2023-08-25 19:55:46.322 [Eureka-EvictionTimer] INFO  c.n.e.r.AbstractInstanceRegistry - Running the evict task with compensationTime 0ms
2023-08-25 19:55:51.322 [Eureka-EvictionTimer] INFO  c.n.e.r.AbstractInstanceRegistry - Running the evict task with compensationTime 0ms
2023-08-25 19:55:56.322 [Eureka-EvictionTimer] INFO  c.n.e.r.AbstractInstanceRegistry - Running the evict task with compensationTime 0ms
2023-08-25 19:56:01.322 [Eureka-EvictionTimer] INFO  c.n.e.r.AbstractInstanceRegistry - Running the evict task with compensationTime 0ms
2023-08-25 19:56:06.322 [Eureka-EvictionTimer] INFO  c.n.e.r.AbstractInstanceRegistry - Running the evict task with compensationTime 0ms
2023-08-25 19:56:11.322 [Eureka-EvictionTimer] INFO  c.n.e.r.AbstractInstanceRegistry - Running the evict task with compensationTime 0ms
2023-08-25 19:56:16.322 [Eureka-EvictionTimer] INFO  c.n.e.r.AbstractInstanceRegistry - Running the evict task with compensationTime 0ms
2023-08-25 19:56:21.322 [Eureka-EvictionTimer] INFO  c.n.e.r.AbstractInstanceRegistry - Running the evict task with compensationTime 0ms
2023-08-25 19:56:26.322 [Eureka-EvictionTimer] INFO  c.n.e.r.AbstractInstanceRegistry - Running the evict task with compensationTime 0ms
2023-08-25 19:56:31.322 [Eureka-EvictionTimer] INFO  c.n.e.r.AbstractInstanceRegistry - Running the evict task with compensationTime 0ms
2023-08-25 19:56:36.322 [Eureka-EvictionTimer] INFO  c.n.e.r.AbstractInstanceRegistry - Running the evict task with compensationTime 0ms
2023-08-25 19:56:41.322 [Eureka-EvictionTimer] INFO  c.n.e.r.AbstractInstanceRegistry - Running the evict task with compensationTime 0ms
2023-08-25 19:56:46.322 [Eureka-EvictionTimer] INFO  c.n.e.r.AbstractInstanceRegistry - Running the evict task with compensationTime 0ms
2023-08-25 19:56:51.322 [Eureka-EvictionTimer] INFO  c.n.e.r.AbstractInstanceRegistry - Running the evict task with compensationTime 0ms
2023-08-25 19:56:56.322 [Eureka-EvictionTimer] INFO  c.n.e.r.AbstractInstanceRegistry - Running the evict task with compensationTime 0ms
2023-08-25 19:57:01.322 [Eureka-EvictionTimer] INFO  c.n.e.r.AbstractInstanceRegistry - Running the evict task with compensationTime 0ms
2023-08-25 19:57:06.322 [Eureka-EvictionTimer] INFO  c.n.e.r.AbstractInstanceRegistry - Running the evict task with compensationTime 0ms
2023-08-25 19:57:11.322 [Eureka-EvictionTimer] INFO  c.n.e.r.AbstractInstanceRegistry - Running the evict task with compensationTime 0ms
2023-08-25 19:57:16.322 [Eureka-EvictionTimer] INFO  c.n.e.r.AbstractInstanceRegistry - Running the evict task with compensationTime 0ms
2023-08-25 19:57:21.322 [Eureka-EvictionTimer] INFO  c.n.e.r.AbstractInstanceRegistry - Running the evict task with compensationTime 0ms
2023-08-25 19:57:26.322 [Eureka-EvictionTimer] INFO  c.n.e.r.AbstractInstanceRegistry - Running the evict task with compensationTime 0ms
2023-08-25 19:57:31.322 [Eureka-EvictionTimer] INFO  c.n.e.r.AbstractInstanceRegistry - Running the evict task with compensationTime 0ms
2023-08-25 19:57:36.322 [Eureka-EvictionTimer] INFO  c.n.e.r.AbstractInstanceRegistry - Running the evict task with compensationTime 0ms
2023-08-25 19:57:41.322 [Eureka-EvictionTimer] INFO  c.n.e.r.AbstractInstanceRegistry - Running the evict task with compensationTime 0ms
2023-08-25 19:57:46.322 [Eureka-EvictionTimer] INFO  c.n.e.r.AbstractInstanceRegistry - Running the evict task with compensationTime 0ms
2023-08-25 19:57:51.322 [Eureka-EvictionTimer] INFO  c.n.e.r.AbstractInstanceRegistry - Running the evict task with compensationTime 0ms
2023-08-25 19:57:56.322 [Eureka-EvictionTimer] INFO  c.n.e.r.AbstractInstanceRegistry - Running the evict task with compensationTime 0ms
2023-08-25 19:58:01.322 [Eureka-EvictionTimer] INFO  c.n.e.r.AbstractInstanceRegistry - Running the evict task with compensationTime 0ms
2023-08-25 19:58:06.322 [Eureka-EvictionTimer] INFO  c.n.e.r.AbstractInstanceRegistry - Running the evict task with compensationTime 0ms
2023-08-25 19:58:11.322 [Eureka-EvictionTimer] INFO  c.n.e.r.AbstractInstanceRegistry - Running the evict task with compensationTime 0ms
2023-08-25 19:58:16.322 [Eureka-EvictionTimer] INFO  c.n.e.r.AbstractInstanceRegistry - Running the evict task with compensationTime 0ms
2023-08-25 19:58:21.322 [Eureka-EvictionTimer] INFO  c.n.e.r.AbstractInstanceRegistry - Running the evict task with compensationTime 0ms
2023-08-25 19:58:26.322 [Eureka-EvictionTimer] INFO  c.n.e.r.AbstractInstanceRegistry - Running the evict task with compensationTime 0ms
2023-08-25 19:58:31.322 [Eureka-EvictionTimer] INFO  c.n.e.r.AbstractInstanceRegistry - Running the evict task with compensationTime 0ms
2023-08-25 19:58:36.322 [Eureka-EvictionTimer] INFO  c.n.e.r.AbstractInstanceRegistry - Running the evict task with compensationTime 0ms
2023-08-25 19:58:41.322 [Eureka-EvictionTimer] INFO  c.n.e.r.AbstractInstanceRegistry - Running the evict task with compensationTime 0ms
2023-08-25 19:58:46.322 [Eureka-EvictionTimer] INFO  c.n.e.r.AbstractInstanceRegistry - Running the evict task with compensationTime 0ms
2023-08-25 19:58:51.322 [Eureka-EvictionTimer] INFO  c.n.e.r.AbstractInstanceRegistry - Running the evict task with compensationTime 0ms
2023-08-25 19:58:56.322 [Eureka-EvictionTimer] INFO  c.n.e.r.AbstractInstanceRegistry - Running the evict task with compensationTime 0ms
2023-08-25 19:59:01.322 [Eureka-EvictionTimer] INFO  c.n.e.r.AbstractInstanceRegistry - Running the evict task with compensationTime 0ms
2023-08-25 19:59:06.322 [Eureka-EvictionTimer] INFO  c.n.e.r.AbstractInstanceRegistry - Running the evict task with compensationTime 0ms
2023-08-25 19:59:11.322 [Eureka-EvictionTimer] INFO  c.n.e.r.AbstractInstanceRegistry - Running the evict task with compensationTime 0ms
2023-08-25 19:59:16.322 [Eureka-EvictionTimer] INFO  c.n.e.r.AbstractInstanceRegistry - Running the evict task with compensationTime 0ms
2023-08-25 19:59:21.322 [Eureka-EvictionTimer] INFO  c.n.e.r.AbstractInstanceRegistry - Running the evict task with compensationTime 0ms
2023-08-25 19:59:26.322 [Eureka-EvictionTimer] INFO  c.n.e.r.AbstractInstanceRegistry - Running the evict task with compensationTime 0ms
2023-08-25 19:59:31.322 [Eureka-EvictionTimer] INFO  c.n.e.r.AbstractInstanceRegistry - Running the evict task with compensationTime 0ms
2023-08-25 19:59:36.322 [Eureka-EvictionTimer] INFO  c.n.e.r.AbstractInstanceRegistry - Running the evict task with compensationTime 0ms
2023-08-25 19:59:41.322 [Eureka-EvictionTimer] INFO  c.n.e.r.AbstractInstanceRegistry - Running the evict task with compensationTime 0ms
2023-08-25 19:59:46.322 [Eureka-EvictionTimer] INFO  c.n.e.r.AbstractInstanceRegistry - Running the evict task with compensationTime 0ms
2023-08-25 19:59:51.322 [Eureka-EvictionTimer] INFO  c.n.e.r.AbstractInstanceRegistry - Running the evict task with compensationTime 0ms
2023-08-25 19:59:56.322 [Eureka-EvictionTimer] INFO  c.n.e.r.AbstractInstanceRegistry - Running the evict task with compensationTime 0ms
2023-08-25 20:00:01.322 [Eureka-EvictionTimer] INFO  c.n.e.r.AbstractInstanceRegistry - Running the evict task with compensationTime 0ms
2023-08-25 20:00:06.322 [Eureka-EvictionTimer] INFO  c.n.e.r.AbstractInstanceRegistry - Running the evict task with compensationTime 0ms
2023-08-25 20:00:11.322 [Eureka-EvictionTimer] INFO  c.n.e.r.AbstractInstanceRegistry - Running the evict task with compensationTime 0ms
2023-08-25 20:00:16.322 [Eureka-EvictionTimer] INFO  c.n.e.r.AbstractInstanceRegistry - Running the evict task with compensationTime 0ms
2023-08-25 20:00:21.322 [Eureka-EvictionTimer] INFO  c.n.e.r.AbstractInstanceRegistry - Running the evict task with compensationTime 0ms
2023-08-25 20:00:26.322 [Eureka-EvictionTimer] INFO  c.n.e.r.AbstractInstanceRegistry - Running the evict task with compensationTime 0ms
2023-08-25 20:00:31.322 [Eureka-EvictionTimer] INFO  c.n.e.r.AbstractInstanceRegistry - Running the evict task with compensationTime 0ms
2023-08-25 20:00:36.322 [Eureka-EvictionTimer] INFO  c.n.e.r.AbstractInstanceRegistry - Running the evict task with compensationTime 0ms
2023-08-25 20:00:41.322 [Eureka-EvictionTimer] INFO  c.n.e.r.AbstractInstanceRegistry - Running the evict task with compensationTime 0ms
2023-08-25 20:00:46.322 [Eureka-EvictionTimer] INFO  c.n.e.r.AbstractInstanceRegistry - Running the evict task with compensationTime 0ms
2023-08-25 20:00:51.322 [Eureka-EvictionTimer] INFO  c.n.e.r.AbstractInstanceRegistry - Running the evict task with compensationTime 0ms
2023-08-25 20:00:56.322 [Eureka-EvictionTimer] INFO  c.n.e.r.AbstractInstanceRegistry - Running the evict task with compensationTime 0ms
2023-08-25 20:01:01.322 [Eureka-EvictionTimer] INFO  c.n.e.r.AbstractInstanceRegistry - Running the evict task with compensationTime 0ms
2023-08-25 20:01:06.322 [Eureka-EvictionTimer] INFO  c.n.e.r.AbstractInstanceRegistry - Running the evict task with compensationTime 0ms
2023-08-25 20:01:11.322 [Eureka-EvictionTimer] INFO  c.n.e.r.AbstractInstanceRegistry - Running the evict task with compensationTime 0ms
2023-08-25 20:01:16.322 [Eureka-EvictionTimer] INFO  c.n.e.r.AbstractInstanceRegistry - Running the evict task with compensationTime 0ms
2023-08-25 20:01:21.322 [Eureka-EvictionTimer] INFO  c.n.e.r.AbstractInstanceRegistry - Running the evict task with compensationTime 0ms
2023-08-25 20:01:26.322 [Eureka-EvictionTimer] INFO  c.n.e.r.AbstractInstanceRegistry - Running the evict task with compensationTime 0ms
2023-08-25 20:01:31.322 [Eureka-EvictionTimer] INFO  c.n.e.r.AbstractInstanceRegistry - Running the evict task with compensationTime 0ms
2023-08-25 20:01:36.322 [Eureka-EvictionTimer] INFO  c.n.e.r.AbstractInstanceRegistry - Running the evict task with compensationTime 0ms
2023-08-25 20:01:41.322 [Eureka-EvictionTimer] INFO  c.n.e.r.AbstractInstanceRegistry - Running the evict task with compensationTime 0ms
2023-08-25 20:01:46.322 [Eureka-EvictionTimer] INFO  c.n.e.r.AbstractInstanceRegistry - Running the evict task with compensationTime 0ms
2023-08-25 20:01:51.322 [Eureka-EvictionTimer] INFO  c.n.e.r.AbstractInstanceRegistry - Running the evict task with compensationTime 0ms
2023-08-25 20:01:56.322 [Eureka-EvictionTimer] INFO  c.n.e.r.AbstractInstanceRegistry - Running the evict task with compensationTime 0ms
2023-08-25 20:02:01.322 [Eureka-EvictionTimer] INFO  c.n.e.r.AbstractInstanceRegistry - Running the evict task with compensationTime 0ms
2023-08-25 20:02:06.322 [Eureka-EvictionTimer] INFO  c.n.e.r.AbstractInstanceRegistry - Running the evict task with compensationTime 0ms
2023-08-25 20:02:11.322 [Eureka-EvictionTimer] INFO  c.n.e.r.AbstractInstanceRegistry - Running the evict task with compensationTime 0ms
2023-08-25 20:02:16.322 [Eureka-EvictionTimer] INFO  c.n.e.r.AbstractInstanceRegistry - Running the evict task with compensationTime 0ms
2023-08-25 20:02:21.322 [Eureka-EvictionTimer] INFO  c.n.e.r.AbstractInstanceRegistry - Running the evict task with compensationTime 0ms
2023-08-25 20:02:26.322 [Eureka-EvictionTimer] INFO  c.n.e.r.AbstractInstanceRegistry - Running the evict task with compensationTime 0ms
2023-08-25 20:02:31.322 [Eureka-EvictionTimer] INFO  c.n.e.r.AbstractInstanceRegistry - Running the evict task with compensationTime 0ms
2023-08-25 20:02:36.322 [Eureka-EvictionTimer] INFO  c.n.e.r.AbstractInstanceRegistry - Running the evict task with compensationTime 0ms
2023-08-25 20:02:41.322 [Eureka-EvictionTimer] INFO  c.n.e.r.AbstractInstanceRegistry - Running the evict task with compensationTime 0ms
2023-08-25 20:02:46.322 [Eureka-EvictionTimer] INFO  c.n.e.r.AbstractInstanceRegistry - Running the evict task with compensationTime 0ms
2023-08-25 20:02:51.322 [Eureka-EvictionTimer] INFO  c.n.e.r.AbstractInstanceRegistry - Running the evict task with compensationTime 0ms
2023-08-25 20:02:56.322 [Eureka-EvictionTimer] INFO  c.n.e.r.AbstractInstanceRegistry - Running the evict task with compensationTime 0ms
2023-08-25 20:03:01.322 [Eureka-EvictionTimer] INFO  c.n.e.r.AbstractInstanceRegistry - Running the evict task with compensationTime 0ms
2023-08-25 20:03:06.322 [Eureka-EvictionTimer] INFO  c.n.e.r.AbstractInstanceRegistry - Running the evict task with compensationTime 0ms
2023-08-25 20:03:11.322 [Eureka-EvictionTimer] INFO  c.n.e.r.AbstractInstanceRegistry - Running the evict task with compensationTime 0ms
2023-08-25 20:03:16.322 [Eureka-EvictionTimer] INFO  c.n.e.r.AbstractInstanceRegistry - Running the evict task with compensationTime 0ms
2023-08-25 20:03:21.322 [Eureka-EvictionTimer] INFO  c.n.e.r.AbstractInstanceRegistry - Running the evict task with compensationTime 0ms
2023-08-25 20:03:26.322 [Eureka-EvictionTimer] INFO  c.n.e.r.AbstractInstanceRegistry - Running the evict task with compensationTime 0ms
2023-08-25 20:03:31.322 [Eureka-EvictionTimer] INFO  c.n.e.r.AbstractInstanceRegistry - Running the evict task with compensationTime 0ms
2023-08-25 20:03:36.322 [Eureka-EvictionTimer] INFO  c.n.e.r.AbstractInstanceRegistry - Running the evict task with compensationTime 0ms
2023-08-25 20:03:41.322 [Eureka-EvictionTimer] INFO  c.n.e.r.AbstractInstanceRegistry - Running the evict task with compensationTime 0ms
2023-08-25 20:03:46.322 [Eureka-EvictionTimer] INFO  c.n.e.r.AbstractInstanceRegistry - Running the evict task with compensationTime 0ms
2023-08-25 20:03:51.322 [Eureka-EvictionTimer] INFO  c.n.e.r.AbstractInstanceRegistry - Running the evict task with compensationTime 0ms
2023-08-25 20:03:56.322 [Eureka-EvictionTimer] INFO  c.n.e.r.AbstractInstanceRegistry - Running the evict task with compensationTime 0ms
2023-08-25 20:04:01.322 [Eureka-EvictionTimer] INFO  c.n.e.r.AbstractInstanceRegistry - Running the evict task with compensationTime 0ms
2023-08-25 20:04:06.322 [Eureka-EvictionTimer] INFO  c.n.e.r.AbstractInstanceRegistry - Running the evict task with compensationTime 0ms
2023-08-25 20:04:11.322 [Eureka-EvictionTimer] INFO  c.n.e.r.AbstractInstanceRegistry - Running the evict task with compensationTime 0ms
2023-08-25 20:04:16.322 [Eureka-EvictionTimer] INFO  c.n.e.r.AbstractInstanceRegistry - Running the evict task with compensationTime 0ms
2023-08-25 20:04:21.322 [Eureka-EvictionTimer] INFO  c.n.e.r.AbstractInstanceRegistry - Running the evict task with compensationTime 0ms
2023-08-25 20:04:26.322 [Eureka-EvictionTimer] INFO  c.n.e.r.AbstractInstanceRegistry - Running the evict task with compensationTime 0ms
2023-08-25 20:04:31.322 [Eureka-EvictionTimer] INFO  c.n.e.r.AbstractInstanceRegistry - Running the evict task with compensationTime 0ms
2023-08-25 20:04:36.322 [Eureka-EvictionTimer] INFO  c.n.e.r.AbstractInstanceRegistry - Running the evict task with compensationTime 0ms
2023-08-25 20:04:41.322 [Eureka-EvictionTimer] INFO  c.n.e.r.AbstractInstanceRegistry - Running the evict task with compensationTime 0ms
2023-08-25 20:04:46.322 [Eureka-EvictionTimer] INFO  c.n.e.r.AbstractInstanceRegistry - Running the evict task with compensationTime 0ms
2023-08-25 20:04:51.322 [Eureka-EvictionTimer] INFO  c.n.e.r.AbstractInstanceRegistry - Running the evict task with compensationTime 0ms
2023-08-25 20:04:56.322 [Eureka-EvictionTimer] INFO  c.n.e.r.AbstractInstanceRegistry - Running the evict task with compensationTime 0ms
2023-08-25 20:05:00.853 [ReplicaAwareInstanceRegistry - RenewalThresholdUpdater] INFO  c.n.e.r.PeerAwareInstanceRegistryImpl - Current renewal threshold is : 0
2023-08-25 20:05:01.322 [Eureka-EvictionTimer] INFO  c.n.e.r.AbstractInstanceRegistry - Running the evict task with compensationTime 0ms
2023-08-25 20:05:06.322 [Eureka-EvictionTimer] INFO  c.n.e.r.AbstractInstanceRegistry - Running the evict task with compensationTime 0ms
2023-08-25 20:05:11.322 [Eureka-EvictionTimer] INFO  c.n.e.r.AbstractInstanceRegistry - Running the evict task with compensationTime 0ms
2023-08-25 20:05:16.322 [Eureka-EvictionTimer] INFO  c.n.e.r.AbstractInstanceRegistry - Running the evict task with compensationTime 0ms
2023-08-25 20:05:21.322 [Eureka-EvictionTimer] INFO  c.n.e.r.AbstractInstanceRegistry - Running the evict task with compensationTime 0ms
2023-08-25 20:05:26.322 [Eureka-EvictionTimer] INFO  c.n.e.r.AbstractInstanceRegistry - Running the evict task with compensationTime 0ms
2023-08-25 20:05:31.322 [Eureka-EvictionTimer] INFO  c.n.e.r.AbstractInstanceRegistry - Running the evict task with compensationTime 0ms
2023-08-25 20:05:36.322 [Eureka-EvictionTimer] INFO  c.n.e.r.AbstractInstanceRegistry - Running the evict task with compensationTime 0ms
2023-08-25 20:05:41.322 [Eureka-EvictionTimer] INFO  c.n.e.r.AbstractInstanceRegistry - Running the evict task with compensationTime 0ms
2023-08-25 20:05:46.322 [Eureka-EvictionTimer] INFO  c.n.e.r.AbstractInstanceRegistry - Running the evict task with compensationTime 0ms
2023-08-25 20:05:51.322 [Eureka-EvictionTimer] INFO  c.n.e.r.AbstractInstanceRegistry - Running the evict task with compensationTime 0ms
2023-08-25 20:05:56.322 [Eureka-EvictionTimer] INFO  c.n.e.r.AbstractInstanceRegistry - Running the evict task with compensationTime 0ms
2023-08-25 20:06:01.322 [Eureka-EvictionTimer] INFO  c.n.e.r.AbstractInstanceRegistry - Running the evict task with compensationTime 0ms
2023-08-25 20:06:06.322 [Eureka-EvictionTimer] INFO  c.n.e.r.AbstractInstanceRegistry - Running the evict task with compensationTime 0ms
2023-08-25 20:06:11.322 [Eureka-EvictionTimer] INFO  c.n.e.r.AbstractInstanceRegistry - Running the evict task with compensationTime 0ms
2023-08-25 20:06:16.322 [Eureka-EvictionTimer] INFO  c.n.e.r.AbstractInstanceRegistry - Running the evict task with compensationTime 0ms
2023-08-25 20:06:21.322 [Eureka-EvictionTimer] INFO  c.n.e.r.AbstractInstanceRegistry - Running the evict task with compensationTime 0ms
2023-08-25 20:06:26.322 [Eureka-EvictionTimer] INFO  c.n.e.r.AbstractInstanceRegistry - Running the evict task with compensationTime 0ms
2023-08-25 20:06:31.322 [Eureka-EvictionTimer] INFO  c.n.e.r.AbstractInstanceRegistry - Running the evict task with compensationTime 0ms
2023-08-25 20:06:36.322 [Eureka-EvictionTimer] INFO  c.n.e.r.AbstractInstanceRegistry - Running the evict task with compensationTime 0ms
2023-08-25 20:06:41.322 [Eureka-EvictionTimer] INFO  c.n.e.r.AbstractInstanceRegistry - Running the evict task with compensationTime 0ms
2023-08-25 20:06:46.322 [Eureka-EvictionTimer] INFO  c.n.e.r.AbstractInstanceRegistry - Running the evict task with compensationTime 0ms
2023-08-25 20:06:51.322 [Eureka-EvictionTimer] INFO  c.n.e.r.AbstractInstanceRegistry - Running the evict task with compensationTime 0ms
2023-08-25 20:06:56.322 [Eureka-EvictionTimer] INFO  c.n.e.r.AbstractInstanceRegistry - Running the evict task with compensationTime 0ms
2023-08-25 20:07:01.322 [Eureka-EvictionTimer] INFO  c.n.e.r.AbstractInstanceRegistry - Running the evict task with compensationTime 0ms
2023-08-25 20:07:06.322 [Eureka-EvictionTimer] INFO  c.n.e.r.AbstractInstanceRegistry - Running the evict task with compensationTime 0ms
2023-08-25 20:07:11.322 [Eureka-EvictionTimer] INFO  c.n.e.r.AbstractInstanceRegistry - Running the evict task with compensationTime 0ms
2023-08-25 20:07:16.322 [Eureka-EvictionTimer] INFO  c.n.e.r.AbstractInstanceRegistry - Running the evict task with compensationTime 0ms
2023-08-25 20:07:21.322 [Eureka-EvictionTimer] INFO  c.n.e.r.AbstractInstanceRegistry - Running the evict task with compensationTime 0ms
2023-08-25 20:07:26.322 [Eureka-EvictionTimer] INFO  c.n.e.r.AbstractInstanceRegistry - Running the evict task with compensationTime 0ms
2023-08-25 20:07:31.322 [Eureka-EvictionTimer] INFO  c.n.e.r.AbstractInstanceRegistry - Running the evict task with compensationTime 0ms
2023-08-25 20:07:36.322 [Eureka-EvictionTimer] INFO  c.n.e.r.AbstractInstanceRegistry - Running the evict task with compensationTime 0ms
2023-08-25 20:07:41.322 [Eureka-EvictionTimer] INFO  c.n.e.r.AbstractInstanceRegistry - Running the evict task with compensationTime 0ms
2023-08-25 20:07:46.322 [Eureka-EvictionTimer] INFO  c.n.e.r.AbstractInstanceRegistry - Running the evict task with compensationTime 0ms
2023-08-25 20:07:51.322 [Eureka-EvictionTimer] INFO  c.n.e.r.AbstractInstanceRegistry - Running the evict task with compensationTime 0ms
2023-08-25 20:07:56.322 [Eureka-EvictionTimer] INFO  c.n.e.r.AbstractInstanceRegistry - Running the evict task with compensationTime 0ms
2023-08-25 20:08:01.322 [Eureka-EvictionTimer] INFO  c.n.e.r.AbstractInstanceRegistry - Running the evict task with compensationTime 0ms
2023-08-25 20:08:06.322 [Eureka-EvictionTimer] INFO  c.n.e.r.AbstractInstanceRegistry - Running the evict task with compensationTime 0ms
2023-08-25 20:08:11.322 [Eureka-EvictionTimer] INFO  c.n.e.r.AbstractInstanceRegistry - Running the evict task with compensationTime 0ms
2023-08-25 20:08:16.322 [Eureka-EvictionTimer] INFO  c.n.e.r.AbstractInstanceRegistry - Running the evict task with compensationTime 0ms
2023-08-25 20:08:21.322 [Eureka-EvictionTimer] INFO  c.n.e.r.AbstractInstanceRegistry - Running the evict task with compensationTime 0ms
2023-08-25 20:08:26.322 [Eureka-EvictionTimer] INFO  c.n.e.r.AbstractInstanceRegistry - Running the evict task with compensationTime 0ms
2023-08-25 20:08:31.322 [Eureka-EvictionTimer] INFO  c.n.e.r.AbstractInstanceRegistry - Running the evict task with compensationTime 0ms
2023-08-25 20:08:36.322 [Eureka-EvictionTimer] INFO  c.n.e.r.AbstractInstanceRegistry - Running the evict task with compensationTime 0ms
2023-08-25 20:08:41.322 [Eureka-EvictionTimer] INFO  c.n.e.r.AbstractInstanceRegistry - Running the evict task with compensationTime 0ms
2023-08-25 20:08:46.322 [Eureka-EvictionTimer] INFO  c.n.e.r.AbstractInstanceRegistry - Running the evict task with compensationTime 0ms
2023-08-25 20:08:51.322 [Eureka-EvictionTimer] INFO  c.n.e.r.AbstractInstanceRegistry - Running the evict task with compensationTime 0ms
2023-08-25 20:08:56.322 [Eureka-EvictionTimer] INFO  c.n.e.r.AbstractInstanceRegistry - Running the evict task with compensationTime 0ms
2023-08-25 20:09:01.322 [Eureka-EvictionTimer] INFO  c.n.e.r.AbstractInstanceRegistry - Running the evict task with compensationTime 0ms
2023-08-25 20:09:06.322 [Eureka-EvictionTimer] INFO  c.n.e.r.AbstractInstanceRegistry - Running the evict task with compensationTime 0ms
2023-08-25 20:09:11.322 [Eureka-EvictionTimer] INFO  c.n.e.r.AbstractInstanceRegistry - Running the evict task with compensationTime 0ms
2023-08-25 20:09:16.322 [Eureka-EvictionTimer] INFO  c.n.e.r.AbstractInstanceRegistry - Running the evict task with compensationTime 0ms
2023-08-25 20:09:21.322 [Eureka-EvictionTimer] INFO  c.n.e.r.AbstractInstanceRegistry - Running the evict task with compensationTime 0ms
2023-08-25 20:09:26.322 [Eureka-EvictionTimer] INFO  c.n.e.r.AbstractInstanceRegistry - Running the evict task with compensationTime 0ms
2023-08-25 20:09:31.322 [Eureka-EvictionTimer] INFO  c.n.e.r.AbstractInstanceRegistry - Running the evict task with compensationTime 0ms
2023-08-25 20:09:36.322 [Eureka-EvictionTimer] INFO  c.n.e.r.AbstractInstanceRegistry - Running the evict task with compensationTime 0ms
2023-08-25 20:09:41.322 [Eureka-EvictionTimer] INFO  c.n.e.r.AbstractInstanceRegistry - Running the evict task with compensationTime 0ms
2023-08-25 20:09:46.322 [Eureka-EvictionTimer] INFO  c.n.e.r.AbstractInstanceRegistry - Running the evict task with compensationTime 0ms
2023-08-25 20:09:51.322 [Eureka-EvictionTimer] INFO  c.n.e.r.AbstractInstanceRegistry - Running the evict task with compensationTime 0ms
2023-08-25 20:09:56.322 [Eureka-EvictionTimer] INFO  c.n.e.r.AbstractInstanceRegistry - Running the evict task with compensationTime 0ms
2023-08-25 20:10:01.322 [Eureka-EvictionTimer] INFO  c.n.e.r.AbstractInstanceRegistry - Running the evict task with compensationTime 0ms
2023-08-25 20:10:06.322 [Eureka-EvictionTimer] INFO  c.n.e.r.AbstractInstanceRegistry - Running the evict task with compensationTime 0ms
2023-08-25 20:10:11.322 [Eureka-EvictionTimer] INFO  c.n.e.r.AbstractInstanceRegistry - Running the evict task with compensationTime 0ms
2023-08-25 20:10:16.322 [Eureka-EvictionTimer] INFO  c.n.e.r.AbstractInstanceRegistry - Running the evict task with compensationTime 0ms
2023-08-25 20:10:21.322 [Eureka-EvictionTimer] INFO  c.n.e.r.AbstractInstanceRegistry - Running the evict task with compensationTime 0ms
2023-08-25 20:10:26.322 [Eureka-EvictionTimer] INFO  c.n.e.r.AbstractInstanceRegistry - Running the evict task with compensationTime 0ms
2023-08-25 20:10:31.322 [Eureka-EvictionTimer] INFO  c.n.e.r.AbstractInstanceRegistry - Running the evict task with compensationTime 0ms
2023-08-25 20:10:36.322 [Eureka-EvictionTimer] INFO  c.n.e.r.AbstractInstanceRegistry - Running the evict task with compensationTime 0ms
2023-08-25 20:10:41.322 [Eureka-EvictionTimer] INFO  c.n.e.r.AbstractInstanceRegistry - Running the evict task with compensationTime 0ms
2023-08-25 20:10:46.322 [Eureka-EvictionTimer] INFO  c.n.e.r.AbstractInstanceRegistry - Running the evict task with compensationTime 0ms
2023-08-25 20:10:51.322 [Eureka-EvictionTimer] INFO  c.n.e.r.AbstractInstanceRegistry - Running the evict task with compensationTime 0ms
2023-08-25 20:10:56.322 [Eureka-EvictionTimer] INFO  c.n.e.r.AbstractInstanceRegistry - Running the evict task with compensationTime 0ms
2023-08-25 20:11:01.322 [Eureka-EvictionTimer] INFO  c.n.e.r.AbstractInstanceRegistry - Running the evict task with compensationTime 0ms
2023-08-25 20:11:06.322 [Eureka-EvictionTimer] INFO  c.n.e.r.AbstractInstanceRegistry - Running the evict task with compensationTime 0ms
2023-08-25 20:11:11.322 [Eureka-EvictionTimer] INFO  c.n.e.r.AbstractInstanceRegistry - Running the evict task with compensationTime 0ms
2023-08-25 20:11:16.322 [Eureka-EvictionTimer] INFO  c.n.e.r.AbstractInstanceRegistry - Running the evict task with compensationTime 0ms
2023-08-25 20:11:21.322 [Eureka-EvictionTimer] INFO  c.n.e.r.AbstractInstanceRegistry - Running the evict task with compensationTime 0ms
2023-08-25 20:11:26.322 [Eureka-EvictionTimer] INFO  c.n.e.r.AbstractInstanceRegistry - Running the evict task with compensationTime 0ms
2023-08-25 20:11:31.322 [Eureka-EvictionTimer] INFO  c.n.e.r.AbstractInstanceRegistry - Running the evict task with compensationTime 0ms
2023-08-25 20:11:36.322 [Eureka-EvictionTimer] INFO  c.n.e.r.AbstractInstanceRegistry - Running the evict task with compensationTime 0ms
2023-08-25 20:11:41.322 [Eureka-EvictionTimer] INFO  c.n.e.r.AbstractInstanceRegistry - Running the evict task with compensationTime 0ms
2023-08-25 20:11:46.322 [Eureka-EvictionTimer] INFO  c.n.e.r.AbstractInstanceRegistry - Running the evict task with compensationTime 0ms
2023-08-25 20:11:51.322 [Eureka-EvictionTimer] INFO  c.n.e.r.AbstractInstanceRegistry - Running the evict task with compensationTime 0ms
2023-08-25 20:11:56.322 [Eureka-EvictionTimer] INFO  c.n.e.r.AbstractInstanceRegistry - Running the evict task with compensationTime 0ms
2023-08-25 20:12:01.322 [Eureka-EvictionTimer] INFO  c.n.e.r.AbstractInstanceRegistry - Running the evict task with compensationTime 0ms
2023-08-25 20:12:06.322 [Eureka-EvictionTimer] INFO  c.n.e.r.AbstractInstanceRegistry - Running the evict task with compensationTime 0ms
2023-08-25 20:12:11.322 [Eureka-EvictionTimer] INFO  c.n.e.r.AbstractInstanceRegistry - Running the evict task with compensationTime 0ms
2023-08-25 20:12:16.322 [Eureka-EvictionTimer] INFO  c.n.e.r.AbstractInstanceRegistry - Running the evict task with compensationTime 0ms
2023-08-25 20:12:21.322 [Eureka-EvictionTimer] INFO  c.n.e.r.AbstractInstanceRegistry - Running the evict task with compensationTime 0ms
2023-08-25 20:12:26.322 [Eureka-EvictionTimer] INFO  c.n.e.r.AbstractInstanceRegistry - Running the evict task with compensationTime 0ms
2023-08-25 20:12:31.322 [Eureka-EvictionTimer] INFO  c.n.e.r.AbstractInstanceRegistry - Running the evict task with compensationTime 0ms
2023-08-25 20:12:36.322 [Eureka-EvictionTimer] INFO  c.n.e.r.AbstractInstanceRegistry - Running the evict task with compensationTime 0ms
2023-08-25 20:12:41.322 [Eureka-EvictionTimer] INFO  c.n.e.r.AbstractInstanceRegistry - Running the evict task with compensationTime 0ms
2023-08-25 20:12:46.322 [Eureka-EvictionTimer] INFO  c.n.e.r.AbstractInstanceRegistry - Running the evict task with compensationTime 0ms
2023-08-25 20:12:51.322 [Eureka-EvictionTimer] INFO  c.n.e.r.AbstractInstanceRegistry - Running the evict task with compensationTime 0ms
2023-08-25 20:12:56.322 [Eureka-EvictionTimer] INFO  c.n.e.r.AbstractInstanceRegistry - Running the evict task with compensationTime 0ms
2023-08-25 20:13:01.322 [Eureka-EvictionTimer] INFO  c.n.e.r.AbstractInstanceRegistry - Running the evict task with compensationTime 0ms
2023-08-25 20:13:06.322 [Eureka-EvictionTimer] INFO  c.n.e.r.AbstractInstanceRegistry - Running the evict task with compensationTime 0ms
2023-08-25 20:13:11.322 [Eureka-EvictionTimer] INFO  c.n.e.r.AbstractInstanceRegistry - Running the evict task with compensationTime 0ms
2023-08-25 20:13:16.322 [Eureka-EvictionTimer] INFO  c.n.e.r.AbstractInstanceRegistry - Running the evict task with compensationTime 0ms
2023-08-25 20:13:21.322 [Eureka-EvictionTimer] INFO  c.n.e.r.AbstractInstanceRegistry - Running the evict task with compensationTime 0ms
2023-08-25 20:13:26.322 [Eureka-EvictionTimer] INFO  c.n.e.r.AbstractInstanceRegistry - Running the evict task with compensationTime 0ms
2023-08-25 20:13:31.322 [Eureka-EvictionTimer] INFO  c.n.e.r.AbstractInstanceRegistry - Running the evict task with compensationTime 0ms
2023-08-25 20:13:36.322 [Eureka-EvictionTimer] INFO  c.n.e.r.AbstractInstanceRegistry - Running the evict task with compensationTime 0ms
2023-08-25 20:13:41.322 [Eureka-EvictionTimer] INFO  c.n.e.r.AbstractInstanceRegistry - Running the evict task with compensationTime 0ms
2023-08-25 20:13:46.322 [Eureka-EvictionTimer] INFO  c.n.e.r.AbstractInstanceRegistry - Running the evict task with compensationTime 0ms
2023-08-25 20:13:51.322 [Eureka-EvictionTimer] INFO  c.n.e.r.AbstractInstanceRegistry - Running the evict task with compensationTime 0ms
2023-08-25 20:13:56.322 [Eureka-EvictionTimer] INFO  c.n.e.r.AbstractInstanceRegistry - Running the evict task with compensationTime 0ms
2023-08-25 20:14:01.322 [Eureka-EvictionTimer] INFO  c.n.e.r.AbstractInstanceRegistry - Running the evict task with compensationTime 0ms
2023-08-25 20:14:06.322 [Eureka-EvictionTimer] INFO  c.n.e.r.AbstractInstanceRegistry - Running the evict task with compensationTime 0ms
2023-08-25 20:14:11.322 [Eureka-EvictionTimer] INFO  c.n.e.r.AbstractInstanceRegistry - Running the evict task with compensationTime 0ms
2023-08-25 20:14:16.322 [Eureka-EvictionTimer] INFO  c.n.e.r.AbstractInstanceRegistry - Running the evict task with compensationTime 0ms
2023-08-25 20:14:21.322 [Eureka-EvictionTimer] INFO  c.n.e.r.AbstractInstanceRegistry - Running the evict task with compensationTime 0ms
2023-08-25 20:14:26.322 [Eureka-EvictionTimer] INFO  c.n.e.r.AbstractInstanceRegistry - Running the evict task with compensationTime 0ms
2023-08-25 20:14:31.322 [Eureka-EvictionTimer] INFO  c.n.e.r.AbstractInstanceRegistry - Running the evict task with compensationTime 0ms
2023-08-25 20:14:36.322 [Eureka-EvictionTimer] INFO  c.n.e.r.AbstractInstanceRegistry - Running the evict task with compensationTime 0ms
2023-08-25 20:14:41.322 [Eureka-EvictionTimer] INFO  c.n.e.r.AbstractInstanceRegistry - Running the evict task with compensationTime 0ms
2023-08-25 20:14:46.322 [Eureka-EvictionTimer] INFO  c.n.e.r.AbstractInstanceRegistry - Running the evict task with compensationTime 0ms
2023-08-25 20:14:51.322 [Eureka-EvictionTimer] INFO  c.n.e.r.AbstractInstanceRegistry - Running the evict task with compensationTime 0ms
2023-08-25 20:14:56.322 [Eureka-EvictionTimer] INFO  c.n.e.r.AbstractInstanceRegistry - Running the evict task with compensationTime 0ms
2023-08-25 20:15:01.322 [Eureka-EvictionTimer] INFO  c.n.e.r.AbstractInstanceRegistry - Running the evict task with compensationTime 0ms
2023-08-25 20:15:06.322 [Eureka-EvictionTimer] INFO  c.n.e.r.AbstractInstanceRegistry - Running the evict task with compensationTime 0ms
2023-08-25 20:15:11.322 [Eureka-EvictionTimer] INFO  c.n.e.r.AbstractInstanceRegistry - Running the evict task with compensationTime 0ms
2023-08-25 20:15:16.322 [Eureka-EvictionTimer] INFO  c.n.e.r.AbstractInstanceRegistry - Running the evict task with compensationTime 0ms
2023-08-25 20:15:21.322 [Eureka-EvictionTimer] INFO  c.n.e.r.AbstractInstanceRegistry - Running the evict task with compensationTime 0ms
2023-08-25 20:15:26.322 [Eureka-EvictionTimer] INFO  c.n.e.r.AbstractInstanceRegistry - Running the evict task with compensationTime 0ms
2023-08-25 20:15:31.322 [Eureka-EvictionTimer] INFO  c.n.e.r.AbstractInstanceRegistry - Running the evict task with compensationTime 0ms
2023-08-25 20:15:36.322 [Eureka-EvictionTimer] INFO  c.n.e.r.AbstractInstanceRegistry - Running the evict task with compensationTime 0ms
2023-08-25 20:15:41.322 [Eureka-EvictionTimer] INFO  c.n.e.r.AbstractInstanceRegistry - Running the evict task with compensationTime 0ms
2023-08-25 20:15:46.322 [Eureka-EvictionTimer] INFO  c.n.e.r.AbstractInstanceRegistry - Running the evict task with compensationTime 0ms
2023-08-25 20:15:51.322 [Eureka-EvictionTimer] INFO  c.n.e.r.AbstractInstanceRegistry - Running the evict task with compensationTime 0ms
2023-08-25 20:15:56.322 [Eureka-EvictionTimer] INFO  c.n.e.r.AbstractInstanceRegistry - Running the evict task with compensationTime 0ms
2023-08-25 20:16:01.322 [Eureka-EvictionTimer] INFO  c.n.e.r.AbstractInstanceRegistry - Running the evict task with compensationTime 0ms
2023-08-25 20:16:06.322 [Eureka-EvictionTimer] INFO  c.n.e.r.AbstractInstanceRegistry - Running the evict task with compensationTime 0ms
2023-08-25 20:16:11.322 [Eureka-EvictionTimer] INFO  c.n.e.r.AbstractInstanceRegistry - Running the evict task with compensationTime 0ms
2023-08-25 20:16:16.322 [Eureka-EvictionTimer] INFO  c.n.e.r.AbstractInstanceRegistry - Running the evict task with compensationTime 0ms
2023-08-25 20:16:21.322 [Eureka-EvictionTimer] INFO  c.n.e.r.AbstractInstanceRegistry - Running the evict task with compensationTime 0ms
2023-08-25 20:16:26.322 [Eureka-EvictionTimer] INFO  c.n.e.r.AbstractInstanceRegistry - Running the evict task with compensationTime 0ms
2023-08-25 20:16:31.322 [Eureka-EvictionTimer] INFO  c.n.e.r.AbstractInstanceRegistry - Running the evict task with compensationTime 0ms
2023-08-25 20:16:36.322 [Eureka-EvictionTimer] INFO  c.n.e.r.AbstractInstanceRegistry - Running the evict task with compensationTime 0ms
2023-08-25 20:16:41.322 [Eureka-EvictionTimer] INFO  c.n.e.r.AbstractInstanceRegistry - Running the evict task with compensationTime 0ms
2023-08-25 20:16:46.322 [Eureka-EvictionTimer] INFO  c.n.e.r.AbstractInstanceRegistry - Running the evict task with compensationTime 0ms
2023-08-25 20:16:51.322 [Eureka-EvictionTimer] INFO  c.n.e.r.AbstractInstanceRegistry - Running the evict task with compensationTime 0ms
2023-08-25 20:16:56.322 [Eureka-EvictionTimer] INFO  c.n.e.r.AbstractInstanceRegistry - Running the evict task with compensationTime 0ms
2023-08-25 20:17:01.322 [Eureka-EvictionTimer] INFO  c.n.e.r.AbstractInstanceRegistry - Running the evict task with compensationTime 0ms
2023-08-25 20:17:06.322 [Eureka-EvictionTimer] INFO  c.n.e.r.AbstractInstanceRegistry - Running the evict task with compensationTime 0ms
2023-08-25 20:17:11.322 [Eureka-EvictionTimer] INFO  c.n.e.r.AbstractInstanceRegistry - Running the evict task with compensationTime 0ms
2023-08-25 20:17:16.322 [Eureka-EvictionTimer] INFO  c.n.e.r.AbstractInstanceRegistry - Running the evict task with compensationTime 0ms
2023-08-25 20:17:21.322 [Eureka-EvictionTimer] INFO  c.n.e.r.AbstractInstanceRegistry - Running the evict task with compensationTime 0ms
2023-08-25 20:17:26.322 [Eureka-EvictionTimer] INFO  c.n.e.r.AbstractInstanceRegistry - Running the evict task with compensationTime 0ms
2023-08-25 20:17:31.322 [Eureka-EvictionTimer] INFO  c.n.e.r.AbstractInstanceRegistry - Running the evict task with compensationTime 0ms
2023-08-25 20:17:36.322 [Eureka-EvictionTimer] INFO  c.n.e.r.AbstractInstanceRegistry - Running the evict task with compensationTime 0ms
2023-08-25 20:17:41.322 [Eureka-EvictionTimer] INFO  c.n.e.r.AbstractInstanceRegistry - Running the evict task with compensationTime 0ms
2023-08-25 20:17:46.322 [Eureka-EvictionTimer] INFO  c.n.e.r.AbstractInstanceRegistry - Running the evict task with compensationTime 0ms
2023-08-25 20:17:51.322 [Eureka-EvictionTimer] INFO  c.n.e.r.AbstractInstanceRegistry - Running the evict task with compensationTime 0ms
2023-08-25 20:17:56.322 [Eureka-EvictionTimer] INFO  c.n.e.r.AbstractInstanceRegistry - Running the evict task with compensationTime 0ms
2023-08-25 20:18:01.322 [Eureka-EvictionTimer] INFO  c.n.e.r.AbstractInstanceRegistry - Running the evict task with compensationTime 0ms
2023-08-25 20:18:06.322 [Eureka-EvictionTimer] INFO  c.n.e.r.AbstractInstanceRegistry - Running the evict task with compensationTime 0ms
2023-08-25 20:18:11.322 [Eureka-EvictionTimer] INFO  c.n.e.r.AbstractInstanceRegistry - Running the evict task with compensationTime 0ms
2023-08-25 20:18:16.322 [Eureka-EvictionTimer] INFO  c.n.e.r.AbstractInstanceRegistry - Running the evict task with compensationTime 0ms
2023-08-25 20:18:21.322 [Eureka-EvictionTimer] INFO  c.n.e.r.AbstractInstanceRegistry - Running the evict task with compensationTime 0ms
2023-08-25 20:18:26.322 [Eureka-EvictionTimer] INFO  c.n.e.r.AbstractInstanceRegistry - Running the evict task with compensationTime 0ms
2023-08-25 20:18:31.322 [Eureka-EvictionTimer] INFO  c.n.e.r.AbstractInstanceRegistry - Running the evict task with compensationTime 0ms
2023-08-25 20:18:36.322 [Eureka-EvictionTimer] INFO  c.n.e.r.AbstractInstanceRegistry - Running the evict task with compensationTime 0ms
2023-08-25 20:18:41.322 [Eureka-EvictionTimer] INFO  c.n.e.r.AbstractInstanceRegistry - Running the evict task with compensationTime 0ms
2023-08-25 20:18:46.322 [Eureka-EvictionTimer] INFO  c.n.e.r.AbstractInstanceRegistry - Running the evict task with compensationTime 0ms
2023-08-25 20:18:51.322 [Eureka-EvictionTimer] INFO  c.n.e.r.AbstractInstanceRegistry - Running the evict task with compensationTime 0ms
2023-08-25 20:18:56.322 [Eureka-EvictionTimer] INFO  c.n.e.r.AbstractInstanceRegistry - Running the evict task with compensationTime 0ms
2023-08-25 20:19:01.322 [Eureka-EvictionTimer] INFO  c.n.e.r.AbstractInstanceRegistry - Running the evict task with compensationTime 0ms
2023-08-25 20:19:06.322 [Eureka-EvictionTimer] INFO  c.n.e.r.AbstractInstanceRegistry - Running the evict task with compensationTime 0ms
2023-08-25 20:19:11.322 [Eureka-EvictionTimer] INFO  c.n.e.r.AbstractInstanceRegistry - Running the evict task with compensationTime 0ms
2023-08-25 20:19:16.322 [Eureka-EvictionTimer] INFO  c.n.e.r.AbstractInstanceRegistry - Running the evict task with compensationTime 0ms
2023-08-25 20:19:21.322 [Eureka-EvictionTimer] INFO  c.n.e.r.AbstractInstanceRegistry - Running the evict task with compensationTime 0ms
2023-08-25 20:19:26.322 [Eureka-EvictionTimer] INFO  c.n.e.r.AbstractInstanceRegistry - Running the evict task with compensationTime 0ms
2023-08-25 20:19:31.322 [Eureka-EvictionTimer] INFO  c.n.e.r.AbstractInstanceRegistry - Running the evict task with compensationTime 0ms
2023-08-25 20:19:36.322 [Eureka-EvictionTimer] INFO  c.n.e.r.AbstractInstanceRegistry - Running the evict task with compensationTime 0ms
2023-08-25 20:19:41.322 [Eureka-EvictionTimer] INFO  c.n.e.r.AbstractInstanceRegistry - Running the evict task with compensationTime 0ms
2023-08-25 20:19:46.322 [Eureka-EvictionTimer] INFO  c.n.e.r.AbstractInstanceRegistry - Running the evict task with compensationTime 0ms
2023-08-25 20:19:51.322 [Eureka-EvictionTimer] INFO  c.n.e.r.AbstractInstanceRegistry - Running the evict task with compensationTime 0ms
2023-08-25 20:19:56.322 [Eureka-EvictionTimer] INFO  c.n.e.r.AbstractInstanceRegistry - Running the evict task with compensationTime 0ms
2023-08-25 20:20:00.853 [ReplicaAwareInstanceRegistry - RenewalThresholdUpdater] INFO  c.n.e.r.PeerAwareInstanceRegistryImpl - Current renewal threshold is : 0
2023-08-25 20:20:01.322 [Eureka-EvictionTimer] INFO  c.n.e.r.AbstractInstanceRegistry - Running the evict task with compensationTime 0ms
2023-08-25 20:20:06.322 [Eureka-EvictionTimer] INFO  c.n.e.r.AbstractInstanceRegistry - Running the evict task with compensationTime 0ms
2023-08-25 20:20:11.322 [Eureka-EvictionTimer] INFO  c.n.e.r.AbstractInstanceRegistry - Running the evict task with compensationTime 0ms
2023-08-25 20:20:16.322 [Eureka-EvictionTimer] INFO  c.n.e.r.AbstractInstanceRegistry - Running the evict task with compensationTime 0ms
2023-08-25 20:20:21.322 [Eureka-EvictionTimer] INFO  c.n.e.r.AbstractInstanceRegistry - Running the evict task with compensationTime 0ms
2023-08-25 20:20:26.322 [Eureka-EvictionTimer] INFO  c.n.e.r.AbstractInstanceRegistry - Running the evict task with compensationTime 0ms
2023-08-25 20:20:31.322 [Eureka-EvictionTimer] INFO  c.n.e.r.AbstractInstanceRegistry - Running the evict task with compensationTime 0ms
2023-08-25 20:20:36.322 [Eureka-EvictionTimer] INFO  c.n.e.r.AbstractInstanceRegistry - Running the evict task with compensationTime 0ms
2023-08-25 20:20:41.322 [Eureka-EvictionTimer] INFO  c.n.e.r.AbstractInstanceRegistry - Running the evict task with compensationTime 0ms
2023-08-25 20:20:46.322 [Eureka-EvictionTimer] INFO  c.n.e.r.AbstractInstanceRegistry - Running the evict task with compensationTime 0ms
2023-08-25 20:20:51.322 [Eureka-EvictionTimer] INFO  c.n.e.r.AbstractInstanceRegistry - Running the evict task with compensationTime 0ms
2023-08-25 20:20:56.322 [Eureka-EvictionTimer] INFO  c.n.e.r.AbstractInstanceRegistry - Running the evict task with compensationTime 0ms
2023-08-25 20:21:01.322 [Eureka-EvictionTimer] INFO  c.n.e.r.AbstractInstanceRegistry - Running the evict task with compensationTime 0ms
2023-08-25 20:21:06.322 [Eureka-EvictionTimer] INFO  c.n.e.r.AbstractInstanceRegistry - Running the evict task with compensationTime 0ms
2023-08-25 20:21:11.322 [Eureka-EvictionTimer] INFO  c.n.e.r.AbstractInstanceRegistry - Running the evict task with compensationTime 0ms
2023-08-25 20:21:16.322 [Eureka-EvictionTimer] INFO  c.n.e.r.AbstractInstanceRegistry - Running the evict task with compensationTime 0ms
2023-08-25 20:21:21.322 [Eureka-EvictionTimer] INFO  c.n.e.r.AbstractInstanceRegistry - Running the evict task with compensationTime 0ms
2023-08-25 20:21:26.322 [Eureka-EvictionTimer] INFO  c.n.e.r.AbstractInstanceRegistry - Running the evict task with compensationTime 0ms
2023-08-25 20:21:31.322 [Eureka-EvictionTimer] INFO  c.n.e.r.AbstractInstanceRegistry - Running the evict task with compensationTime 0ms
2023-08-25 20:21:36.322 [Eureka-EvictionTimer] INFO  c.n.e.r.AbstractInstanceRegistry - Running the evict task with compensationTime 0ms
2023-08-25 20:21:41.322 [Eureka-EvictionTimer] INFO  c.n.e.r.AbstractInstanceRegistry - Running the evict task with compensationTime 0ms
2023-08-25 20:21:46.322 [Eureka-EvictionTimer] INFO  c.n.e.r.AbstractInstanceRegistry - Running the evict task with compensationTime 0ms
2023-08-25 20:21:51.322 [Eureka-EvictionTimer] INFO  c.n.e.r.AbstractInstanceRegistry - Running the evict task with compensationTime 0ms
2023-08-25 20:21:56.322 [Eureka-EvictionTimer] INFO  c.n.e.r.AbstractInstanceRegistry - Running the evict task with compensationTime 0ms
2023-08-25 20:22:01.322 [Eureka-EvictionTimer] INFO  c.n.e.r.AbstractInstanceRegistry - Running the evict task with compensationTime 0ms
2023-08-25 20:22:06.322 [Eureka-EvictionTimer] INFO  c.n.e.r.AbstractInstanceRegistry - Running the evict task with compensationTime 0ms
2023-08-25 20:22:11.322 [Eureka-EvictionTimer] INFO  c.n.e.r.AbstractInstanceRegistry - Running the evict task with compensationTime 0ms
2023-08-25 20:22:16.322 [Eureka-EvictionTimer] INFO  c.n.e.r.AbstractInstanceRegistry - Running the evict task with compensationTime 0ms
2023-08-25 20:22:21.322 [Eureka-EvictionTimer] INFO  c.n.e.r.AbstractInstanceRegistry - Running the evict task with compensationTime 0ms
2023-08-25 20:22:26.322 [Eureka-EvictionTimer] INFO  c.n.e.r.AbstractInstanceRegistry - Running the evict task with compensationTime 0ms
2023-08-25 20:22:31.322 [Eureka-EvictionTimer] INFO  c.n.e.r.AbstractInstanceRegistry - Running the evict task with compensationTime 0ms
2023-08-25 20:22:36.322 [Eureka-EvictionTimer] INFO  c.n.e.r.AbstractInstanceRegistry - Running the evict task with compensationTime 0ms
2023-08-25 20:22:41.322 [Eureka-EvictionTimer] INFO  c.n.e.r.AbstractInstanceRegistry - Running the evict task with compensationTime 0ms
2023-08-25 20:22:46.322 [Eureka-EvictionTimer] INFO  c.n.e.r.AbstractInstanceRegistry - Running the evict task with compensationTime 0ms
2023-08-25 20:22:51.322 [Eureka-EvictionTimer] INFO  c.n.e.r.AbstractInstanceRegistry - Running the evict task with compensationTime 0ms
2023-08-25 20:22:56.322 [Eureka-EvictionTimer] INFO  c.n.e.r.AbstractInstanceRegistry - Running the evict task with compensationTime 0ms
2023-08-25 20:23:01.322 [Eureka-EvictionTimer] INFO  c.n.e.r.AbstractInstanceRegistry - Running the evict task with compensationTime 0ms
2023-08-25 20:23:06.322 [Eureka-EvictionTimer] INFO  c.n.e.r.AbstractInstanceRegistry - Running the evict task with compensationTime 0ms
2023-08-25 20:23:11.322 [Eureka-EvictionTimer] INFO  c.n.e.r.AbstractInstanceRegistry - Running the evict task with compensationTime 0ms
2023-08-25 20:23:16.322 [Eureka-EvictionTimer] INFO  c.n.e.r.AbstractInstanceRegistry - Running the evict task with compensationTime 0ms
2023-08-25 20:23:21.322 [Eureka-EvictionTimer] INFO  c.n.e.r.AbstractInstanceRegistry - Running the evict task with compensationTime 0ms
2023-08-25 20:23:26.322 [Eureka-EvictionTimer] INFO  c.n.e.r.AbstractInstanceRegistry - Running the evict task with compensationTime 0ms
2023-08-25 20:23:31.322 [Eureka-EvictionTimer] INFO  c.n.e.r.AbstractInstanceRegistry - Running the evict task with compensationTime 0ms
2023-08-25 20:23:36.322 [Eureka-EvictionTimer] INFO  c.n.e.r.AbstractInstanceRegistry - Running the evict task with compensationTime 0ms
2023-08-25 20:23:41.322 [Eureka-EvictionTimer] INFO  c.n.e.r.AbstractInstanceRegistry - Running the evict task with compensationTime 0ms
2023-08-25 20:23:46.322 [Eureka-EvictionTimer] INFO  c.n.e.r.AbstractInstanceRegistry - Running the evict task with compensationTime 0ms
2023-08-25 20:23:51.322 [Eureka-EvictionTimer] INFO  c.n.e.r.AbstractInstanceRegistry - Running the evict task with compensationTime 0ms
2023-08-25 20:23:56.322 [Eureka-EvictionTimer] INFO  c.n.e.r.AbstractInstanceRegistry - Running the evict task with compensationTime 0ms
2023-08-25 20:24:01.322 [Eureka-EvictionTimer] INFO  c.n.e.r.AbstractInstanceRegistry - Running the evict task with compensationTime 0ms
2023-08-25 20:24:06.322 [Eureka-EvictionTimer] INFO  c.n.e.r.AbstractInstanceRegistry - Running the evict task with compensationTime 0ms
2023-08-25 20:24:11.322 [Eureka-EvictionTimer] INFO  c.n.e.r.AbstractInstanceRegistry - Running the evict task with compensationTime 0ms
2023-08-25 20:24:16.322 [Eureka-EvictionTimer] INFO  c.n.e.r.AbstractInstanceRegistry - Running the evict task with compensationTime 0ms
2023-08-25 20:24:21.322 [Eureka-EvictionTimer] INFO  c.n.e.r.AbstractInstanceRegistry - Running the evict task with compensationTime 0ms
2023-08-25 20:24:26.322 [Eureka-EvictionTimer] INFO  c.n.e.r.AbstractInstanceRegistry - Running the evict task with compensationTime 0ms
2023-08-25 20:24:31.322 [Eureka-EvictionTimer] INFO  c.n.e.r.AbstractInstanceRegistry - Running the evict task with compensationTime 0ms
2023-08-25 20:24:36.322 [Eureka-EvictionTimer] INFO  c.n.e.r.AbstractInstanceRegistry - Running the evict task with compensationTime 0ms
2023-08-25 20:24:41.322 [Eureka-EvictionTimer] INFO  c.n.e.r.AbstractInstanceRegistry - Running the evict task with compensationTime 0ms
2023-08-25 20:24:46.322 [Eureka-EvictionTimer] INFO  c.n.e.r.AbstractInstanceRegistry - Running the evict task with compensationTime 0ms
2023-08-25 20:24:51.322 [Eureka-EvictionTimer] INFO  c.n.e.r.AbstractInstanceRegistry - Running the evict task with compensationTime 0ms
2023-08-25 20:24:56.322 [Eureka-EvictionTimer] INFO  c.n.e.r.AbstractInstanceRegistry - Running the evict task with compensationTime 0ms
2023-08-25 20:25:01.322 [Eureka-EvictionTimer] INFO  c.n.e.r.AbstractInstanceRegistry - Running the evict task with compensationTime 0ms
2023-08-25 20:25:06.322 [Eureka-EvictionTimer] INFO  c.n.e.r.AbstractInstanceRegistry - Running the evict task with compensationTime 0ms
2023-08-25 20:25:11.322 [Eureka-EvictionTimer] INFO  c.n.e.r.AbstractInstanceRegistry - Running the evict task with compensationTime 0ms
2023-08-25 20:25:16.322 [Eureka-EvictionTimer] INFO  c.n.e.r.AbstractInstanceRegistry - Running the evict task with compensationTime 0ms
2023-08-25 20:25:21.322 [Eureka-EvictionTimer] INFO  c.n.e.r.AbstractInstanceRegistry - Running the evict task with compensationTime 0ms
2023-08-25 20:25:26.322 [Eureka-EvictionTimer] INFO  c.n.e.r.AbstractInstanceRegistry - Running the evict task with compensationTime 0ms
2023-08-25 20:25:31.322 [Eureka-EvictionTimer] INFO  c.n.e.r.AbstractInstanceRegistry - Running the evict task with compensationTime 0ms
2023-08-25 20:25:36.322 [Eureka-EvictionTimer] INFO  c.n.e.r.AbstractInstanceRegistry - Running the evict task with compensationTime 0ms
2023-08-25 20:25:41.322 [Eureka-EvictionTimer] INFO  c.n.e.r.AbstractInstanceRegistry - Running the evict task with compensationTime 0ms
2023-08-25 20:25:46.322 [Eureka-EvictionTimer] INFO  c.n.e.r.AbstractInstanceRegistry - Running the evict task with compensationTime 0ms
2023-08-25 20:25:51.322 [Eureka-EvictionTimer] INFO  c.n.e.r.AbstractInstanceRegistry - Running the evict task with compensationTime 0ms
2023-08-25 20:25:56.322 [Eureka-EvictionTimer] INFO  c.n.e.r.AbstractInstanceRegistry - Running the evict task with compensationTime 0ms
2023-08-25 20:26:01.322 [Eureka-EvictionTimer] INFO  c.n.e.r.AbstractInstanceRegistry - Running the evict task with compensationTime 0ms
2023-08-25 20:26:06.322 [Eureka-EvictionTimer] INFO  c.n.e.r.AbstractInstanceRegistry - Running the evict task with compensationTime 0ms
2023-08-25 20:26:11.322 [Eureka-EvictionTimer] INFO  c.n.e.r.AbstractInstanceRegistry - Running the evict task with compensationTime 0ms
2023-08-25 20:26:16.322 [Eureka-EvictionTimer] INFO  c.n.e.r.AbstractInstanceRegistry - Running the evict task with compensationTime 0ms
2023-08-25 20:26:21.322 [Eureka-EvictionTimer] INFO  c.n.e.r.AbstractInstanceRegistry - Running the evict task with compensationTime 0ms
2023-08-25 20:26:26.322 [Eureka-EvictionTimer] INFO  c.n.e.r.AbstractInstanceRegistry - Running the evict task with compensationTime 0ms
2023-08-25 20:26:31.322 [Eureka-EvictionTimer] INFO  c.n.e.r.AbstractInstanceRegistry - Running the evict task with compensationTime 0ms
2023-08-25 20:26:36.322 [Eureka-EvictionTimer] INFO  c.n.e.r.AbstractInstanceRegistry - Running the evict task with compensationTime 0ms
2023-08-25 20:26:41.322 [Eureka-EvictionTimer] INFO  c.n.e.r.AbstractInstanceRegistry - Running the evict task with compensationTime 0ms
2023-08-25 20:26:46.322 [Eureka-EvictionTimer] INFO  c.n.e.r.AbstractInstanceRegistry - Running the evict task with compensationTime 0ms
2023-08-25 20:26:51.322 [Eureka-EvictionTimer] INFO  c.n.e.r.AbstractInstanceRegistry - Running the evict task with compensationTime 0ms
2023-08-25 20:26:56.322 [Eureka-EvictionTimer] INFO  c.n.e.r.AbstractInstanceRegistry - Running the evict task with compensationTime 0ms
2023-08-25 20:27:01.322 [Eureka-EvictionTimer] INFO  c.n.e.r.AbstractInstanceRegistry - Running the evict task with compensationTime 0ms
2023-08-25 20:27:06.322 [Eureka-EvictionTimer] INFO  c.n.e.r.AbstractInstanceRegistry - Running the evict task with compensationTime 0ms
2023-08-25 20:27:11.322 [Eureka-EvictionTimer] INFO  c.n.e.r.AbstractInstanceRegistry - Running the evict task with compensationTime 0ms
2023-08-25 20:27:16.322 [Eureka-EvictionTimer] INFO  c.n.e.r.AbstractInstanceRegistry - Running the evict task with compensationTime 0ms
2023-08-25 20:27:21.322 [Eureka-EvictionTimer] INFO  c.n.e.r.AbstractInstanceRegistry - Running the evict task with compensationTime 0ms
2023-08-25 20:27:26.322 [Eureka-EvictionTimer] INFO  c.n.e.r.AbstractInstanceRegistry - Running the evict task with compensationTime 0ms
2023-08-25 20:27:31.322 [Eureka-EvictionTimer] INFO  c.n.e.r.AbstractInstanceRegistry - Running the evict task with compensationTime 0ms
2023-08-25 20:27:36.322 [Eureka-EvictionTimer] INFO  c.n.e.r.AbstractInstanceRegistry - Running the evict task with compensationTime 0ms
2023-08-25 20:27:41.322 [Eureka-EvictionTimer] INFO  c.n.e.r.AbstractInstanceRegistry - Running the evict task with compensationTime 0ms
2023-08-25 20:27:46.322 [Eureka-EvictionTimer] INFO  c.n.e.r.AbstractInstanceRegistry - Running the evict task with compensationTime 0ms
2023-08-25 20:27:51.322 [Eureka-EvictionTimer] INFO  c.n.e.r.AbstractInstanceRegistry - Running the evict task with compensationTime 0ms
2023-08-25 20:27:56.322 [Eureka-EvictionTimer] INFO  c.n.e.r.AbstractInstanceRegistry - Running the evict task with compensationTime 0ms
2023-08-25 20:28:01.322 [Eureka-EvictionTimer] INFO  c.n.e.r.AbstractInstanceRegistry - Running the evict task with compensationTime 0ms
2023-08-25 20:28:06.322 [Eureka-EvictionTimer] INFO  c.n.e.r.AbstractInstanceRegistry - Running the evict task with compensationTime 0ms
2023-08-25 20:28:11.322 [Eureka-EvictionTimer] INFO  c.n.e.r.AbstractInstanceRegistry - Running the evict task with compensationTime 0ms
2023-08-25 20:28:16.322 [Eureka-EvictionTimer] INFO  c.n.e.r.AbstractInstanceRegistry - Running the evict task with compensationTime 0ms
2023-08-25 20:28:21.322 [Eureka-EvictionTimer] INFO  c.n.e.r.AbstractInstanceRegistry - Running the evict task with compensationTime 0ms
2023-08-25 20:28:26.322 [Eureka-EvictionTimer] INFO  c.n.e.r.AbstractInstanceRegistry - Running the evict task with compensationTime 0ms
2023-08-25 20:28:31.322 [Eureka-EvictionTimer] INFO  c.n.e.r.AbstractInstanceRegistry - Running the evict task with compensationTime 0ms
2023-08-25 20:28:36.322 [Eureka-EvictionTimer] INFO  c.n.e.r.AbstractInstanceRegistry - Running the evict task with compensationTime 0ms
2023-08-25 20:28:41.322 [Eureka-EvictionTimer] INFO  c.n.e.r.AbstractInstanceRegistry - Running the evict task with compensationTime 0ms
2023-08-25 20:28:46.322 [Eureka-EvictionTimer] INFO  c.n.e.r.AbstractInstanceRegistry - Running the evict task with compensationTime 0ms
2023-08-25 20:28:51.322 [Eureka-EvictionTimer] INFO  c.n.e.r.AbstractInstanceRegistry - Running the evict task with compensationTime 0ms
2023-08-25 20:28:56.322 [Eureka-EvictionTimer] INFO  c.n.e.r.AbstractInstanceRegistry - Running the evict task with compensationTime 0ms
2023-08-25 20:29:01.322 [Eureka-EvictionTimer] INFO  c.n.e.r.AbstractInstanceRegistry - Running the evict task with compensationTime 0ms
2023-08-25 20:29:06.322 [Eureka-EvictionTimer] INFO  c.n.e.r.AbstractInstanceRegistry - Running the evict task with compensationTime 0ms
2023-08-25 20:29:11.322 [Eureka-EvictionTimer] INFO  c.n.e.r.AbstractInstanceRegistry - Running the evict task with compensationTime 0ms
2023-08-25 20:29:16.322 [Eureka-EvictionTimer] INFO  c.n.e.r.AbstractInstanceRegistry - Running the evict task with compensationTime 0ms
2023-08-25 20:29:21.322 [Eureka-EvictionTimer] INFO  c.n.e.r.AbstractInstanceRegistry - Running the evict task with compensationTime 0ms
2023-08-25 20:29:26.322 [Eureka-EvictionTimer] INFO  c.n.e.r.AbstractInstanceRegistry - Running the evict task with compensationTime 0ms
2023-08-25 20:29:31.322 [Eureka-EvictionTimer] INFO  c.n.e.r.AbstractInstanceRegistry - Running the evict task with compensationTime 0ms
2023-08-25 20:29:36.322 [Eureka-EvictionTimer] INFO  c.n.e.r.AbstractInstanceRegistry - Running the evict task with compensationTime 0ms
2023-08-25 20:29:41.322 [Eureka-EvictionTimer] INFO  c.n.e.r.AbstractInstanceRegistry - Running the evict task with compensationTime 0ms
2023-08-25 20:29:46.322 [Eureka-EvictionTimer] INFO  c.n.e.r.AbstractInstanceRegistry - Running the evict task with compensationTime 0ms
2023-08-25 20:29:51.322 [Eureka-EvictionTimer] INFO  c.n.e.r.AbstractInstanceRegistry - Running the evict task with compensationTime 0ms
2023-08-25 20:29:56.322 [Eureka-EvictionTimer] INFO  c.n.e.r.AbstractInstanceRegistry - Running the evict task with compensationTime 0ms
2023-08-25 20:30:01.322 [Eureka-EvictionTimer] INFO  c.n.e.r.AbstractInstanceRegistry - Running the evict task with compensationTime 0ms
2023-08-25 20:30:06.322 [Eureka-EvictionTimer] INFO  c.n.e.r.AbstractInstanceRegistry - Running the evict task with compensationTime 0ms
2023-08-25 20:30:11.322 [Eureka-EvictionTimer] INFO  c.n.e.r.AbstractInstanceRegistry - Running the evict task with compensationTime 0ms
2023-08-25 20:30:16.322 [Eureka-EvictionTimer] INFO  c.n.e.r.AbstractInstanceRegistry - Running the evict task with compensationTime 0ms
2023-08-25 20:30:21.322 [Eureka-EvictionTimer] INFO  c.n.e.r.AbstractInstanceRegistry - Running the evict task with compensationTime 0ms
2023-08-25 20:30:26.322 [Eureka-EvictionTimer] INFO  c.n.e.r.AbstractInstanceRegistry - Running the evict task with compensationTime 0ms
2023-08-25 20:30:31.322 [Eureka-EvictionTimer] INFO  c.n.e.r.AbstractInstanceRegistry - Running the evict task with compensationTime 0ms
2023-08-25 20:30:36.322 [Eureka-EvictionTimer] INFO  c.n.e.r.AbstractInstanceRegistry - Running the evict task with compensationTime 0ms
2023-08-25 20:30:41.322 [Eureka-EvictionTimer] INFO  c.n.e.r.AbstractInstanceRegistry - Running the evict task with compensationTime 0ms
2023-08-25 20:30:46.322 [Eureka-EvictionTimer] INFO  c.n.e.r.AbstractInstanceRegistry - Running the evict task with compensationTime 0ms
2023-08-25 20:30:51.322 [Eureka-EvictionTimer] INFO  c.n.e.r.AbstractInstanceRegistry - Running the evict task with compensationTime 0ms
2023-08-25 20:30:56.322 [Eureka-EvictionTimer] INFO  c.n.e.r.AbstractInstanceRegistry - Running the evict task with compensationTime 0ms
2023-08-25 20:31:01.322 [Eureka-EvictionTimer] INFO  c.n.e.r.AbstractInstanceRegistry - Running the evict task with compensationTime 0ms
2023-08-25 20:31:06.322 [Eureka-EvictionTimer] INFO  c.n.e.r.AbstractInstanceRegistry - Running the evict task with compensationTime 0ms
2023-08-25 20:31:11.322 [Eureka-EvictionTimer] INFO  c.n.e.r.AbstractInstanceRegistry - Running the evict task with compensationTime 0ms
2023-08-25 20:31:16.322 [Eureka-EvictionTimer] INFO  c.n.e.r.AbstractInstanceRegistry - Running the evict task with compensationTime 0ms
2023-08-25 20:31:21.322 [Eureka-EvictionTimer] INFO  c.n.e.r.AbstractInstanceRegistry - Running the evict task with compensationTime 0ms
2023-08-25 20:31:26.322 [Eureka-EvictionTimer] INFO  c.n.e.r.AbstractInstanceRegistry - Running the evict task with compensationTime 0ms
2023-08-25 20:31:31.322 [Eureka-EvictionTimer] INFO  c.n.e.r.AbstractInstanceRegistry - Running the evict task with compensationTime 0ms
2023-08-25 20:31:36.322 [Eureka-EvictionTimer] INFO  c.n.e.r.AbstractInstanceRegistry - Running the evict task with compensationTime 0ms
2023-08-25 20:31:41.322 [Eureka-EvictionTimer] INFO  c.n.e.r.AbstractInstanceRegistry - Running the evict task with compensationTime 0ms
2023-08-25 20:31:46.322 [Eureka-EvictionTimer] INFO  c.n.e.r.AbstractInstanceRegistry - Running the evict task with compensationTime 0ms
2023-08-25 20:31:51.322 [Eureka-EvictionTimer] INFO  c.n.e.r.AbstractInstanceRegistry - Running the evict task with compensationTime 0ms
2023-08-25 20:31:56.322 [Eureka-EvictionTimer] INFO  c.n.e.r.AbstractInstanceRegistry - Running the evict task with compensationTime 0ms
2023-08-25 20:32:01.322 [Eureka-EvictionTimer] INFO  c.n.e.r.AbstractInstanceRegistry - Running the evict task with compensationTime 0ms
2023-08-25 20:32:06.322 [Eureka-EvictionTimer] INFO  c.n.e.r.AbstractInstanceRegistry - Running the evict task with compensationTime 0ms
2023-08-25 20:32:11.322 [Eureka-EvictionTimer] INFO  c.n.e.r.AbstractInstanceRegistry - Running the evict task with compensationTime 0ms
2023-08-25 20:32:16.322 [Eureka-EvictionTimer] INFO  c.n.e.r.AbstractInstanceRegistry - Running the evict task with compensationTime 0ms
2023-08-25 20:32:21.322 [Eureka-EvictionTimer] INFO  c.n.e.r.AbstractInstanceRegistry - Running the evict task with compensationTime 0ms
2023-08-25 20:32:26.322 [Eureka-EvictionTimer] INFO  c.n.e.r.AbstractInstanceRegistry - Running the evict task with compensationTime 0ms
2023-08-25 20:32:31.322 [Eureka-EvictionTimer] INFO  c.n.e.r.AbstractInstanceRegistry - Running the evict task with compensationTime 0ms
2023-08-25 20:32:36.322 [Eureka-EvictionTimer] INFO  c.n.e.r.AbstractInstanceRegistry - Running the evict task with compensationTime 0ms
2023-08-25 20:32:41.322 [Eureka-EvictionTimer] INFO  c.n.e.r.AbstractInstanceRegistry - Running the evict task with compensationTime 0ms
2023-08-25 20:32:46.322 [Eureka-EvictionTimer] INFO  c.n.e.r.AbstractInstanceRegistry - Running the evict task with compensationTime 0ms
2023-08-25 20:32:51.322 [Eureka-EvictionTimer] INFO  c.n.e.r.AbstractInstanceRegistry - Running the evict task with compensationTime 0ms
2023-08-25 20:32:56.322 [Eureka-EvictionTimer] INFO  c.n.e.r.AbstractInstanceRegistry - Running the evict task with compensationTime 0ms
2023-08-25 20:33:01.322 [Eureka-EvictionTimer] INFO  c.n.e.r.AbstractInstanceRegistry - Running the evict task with compensationTime 0ms
2023-08-25 20:33:06.322 [Eureka-EvictionTimer] INFO  c.n.e.r.AbstractInstanceRegistry - Running the evict task with compensationTime 0ms
2023-08-25 20:33:11.322 [Eureka-EvictionTimer] INFO  c.n.e.r.AbstractInstanceRegistry - Running the evict task with compensationTime 0ms
2023-08-25 20:33:16.322 [Eureka-EvictionTimer] INFO  c.n.e.r.AbstractInstanceRegistry - Running the evict task with compensationTime 0ms
2023-08-25 20:33:21.322 [Eureka-EvictionTimer] INFO  c.n.e.r.AbstractInstanceRegistry - Running the evict task with compensationTime 0ms
2023-08-25 20:33:26.322 [Eureka-EvictionTimer] INFO  c.n.e.r.AbstractInstanceRegistry - Running the evict task with compensationTime 0ms
2023-08-25 20:33:31.322 [Eureka-EvictionTimer] INFO  c.n.e.r.AbstractInstanceRegistry - Running the evict task with compensationTime 0ms
2023-08-25 20:33:36.322 [Eureka-EvictionTimer] INFO  c.n.e.r.AbstractInstanceRegistry - Running the evict task with compensationTime 0ms
2023-08-25 20:33:41.322 [Eureka-EvictionTimer] INFO  c.n.e.r.AbstractInstanceRegistry - Running the evict task with compensationTime 0ms
2023-08-25 20:33:46.322 [Eureka-EvictionTimer] INFO  c.n.e.r.AbstractInstanceRegistry - Running the evict task with compensationTime 0ms
2023-08-25 20:33:51.322 [Eureka-EvictionTimer] INFO  c.n.e.r.AbstractInstanceRegistry - Running the evict task with compensationTime 0ms
2023-08-25 20:33:56.322 [Eureka-EvictionTimer] INFO  c.n.e.r.AbstractInstanceRegistry - Running the evict task with compensationTime 0ms
2023-08-25 20:34:01.322 [Eureka-EvictionTimer] INFO  c.n.e.r.AbstractInstanceRegistry - Running the evict task with compensationTime 0ms
2023-08-25 20:34:06.322 [Eureka-EvictionTimer] INFO  c.n.e.r.AbstractInstanceRegistry - Running the evict task with compensationTime 0ms
2023-08-25 20:34:11.322 [Eureka-EvictionTimer] INFO  c.n.e.r.AbstractInstanceRegistry - Running the evict task with compensationTime 0ms
2023-08-25 20:34:16.322 [Eureka-EvictionTimer] INFO  c.n.e.r.AbstractInstanceRegistry - Running the evict task with compensationTime 0ms
2023-08-25 20:34:21.322 [Eureka-EvictionTimer] INFO  c.n.e.r.AbstractInstanceRegistry - Running the evict task with compensationTime 0ms
2023-08-25 20:34:26.322 [Eureka-EvictionTimer] INFO  c.n.e.r.AbstractInstanceRegistry - Running the evict task with compensationTime 0ms
2023-08-25 20:34:31.322 [Eureka-EvictionTimer] INFO  c.n.e.r.AbstractInstanceRegistry - Running the evict task with compensationTime 0ms
2023-08-25 20:34:36.322 [Eureka-EvictionTimer] INFO  c.n.e.r.AbstractInstanceRegistry - Running the evict task with compensationTime 0ms
2023-08-25 20:34:41.322 [Eureka-EvictionTimer] INFO  c.n.e.r.AbstractInstanceRegistry - Running the evict task with compensationTime 0ms
2023-08-25 20:34:46.322 [Eureka-EvictionTimer] INFO  c.n.e.r.AbstractInstanceRegistry - Running the evict task with compensationTime 0ms
2023-08-25 20:34:51.322 [Eureka-EvictionTimer] INFO  c.n.e.r.AbstractInstanceRegistry - Running the evict task with compensationTime 0ms
2023-08-25 20:34:56.322 [Eureka-EvictionTimer] INFO  c.n.e.r.AbstractInstanceRegistry - Running the evict task with compensationTime 0ms
2023-08-25 20:35:00.853 [ReplicaAwareInstanceRegistry - RenewalThresholdUpdater] INFO  c.n.e.r.PeerAwareInstanceRegistryImpl - Current renewal threshold is : 0
2023-08-25 20:35:01.322 [Eureka-EvictionTimer] INFO  c.n.e.r.AbstractInstanceRegistry - Running the evict task with compensationTime 0ms
2023-08-25 20:35:06.322 [Eureka-EvictionTimer] INFO  c.n.e.r.AbstractInstanceRegistry - Running the evict task with compensationTime 0ms
2023-08-25 20:35:11.322 [Eureka-EvictionTimer] INFO  c.n.e.r.AbstractInstanceRegistry - Running the evict task with compensationTime 0ms
2023-08-25 20:35:16.322 [Eureka-EvictionTimer] INFO  c.n.e.r.AbstractInstanceRegistry - Running the evict task with compensationTime 0ms
2023-08-25 20:35:21.322 [Eureka-EvictionTimer] INFO  c.n.e.r.AbstractInstanceRegistry - Running the evict task with compensationTime 0ms
2023-08-25 20:35:26.322 [Eureka-EvictionTimer] INFO  c.n.e.r.AbstractInstanceRegistry - Running the evict task with compensationTime 0ms
2023-08-25 20:35:31.322 [Eureka-EvictionTimer] INFO  c.n.e.r.AbstractInstanceRegistry - Running the evict task with compensationTime 0ms
2023-08-25 20:35:36.322 [Eureka-EvictionTimer] INFO  c.n.e.r.AbstractInstanceRegistry - Running the evict task with compensationTime 0ms
2023-08-25 20:35:41.322 [Eureka-EvictionTimer] INFO  c.n.e.r.AbstractInstanceRegistry - Running the evict task with compensationTime 0ms
2023-08-25 20:35:46.322 [Eureka-EvictionTimer] INFO  c.n.e.r.AbstractInstanceRegistry - Running the evict task with compensationTime 0ms
2023-08-25 20:35:51.322 [Eureka-EvictionTimer] INFO  c.n.e.r.AbstractInstanceRegistry - Running the evict task with compensationTime 0ms
2023-08-25 20:35:56.322 [Eureka-EvictionTimer] INFO  c.n.e.r.AbstractInstanceRegistry - Running the evict task with compensationTime 0ms
2023-08-25 20:36:01.322 [Eureka-EvictionTimer] INFO  c.n.e.r.AbstractInstanceRegistry - Running the evict task with compensationTime 0ms
2023-08-25 20:36:06.322 [Eureka-EvictionTimer] INFO  c.n.e.r.AbstractInstanceRegistry - Running the evict task with compensationTime 0ms
2023-08-25 20:36:11.322 [Eureka-EvictionTimer] INFO  c.n.e.r.AbstractInstanceRegistry - Running the evict task with compensationTime 0ms
2023-08-25 20:36:16.322 [Eureka-EvictionTimer] INFO  c.n.e.r.AbstractInstanceRegistry - Running the evict task with compensationTime 0ms
2023-08-25 20:36:21.322 [Eureka-EvictionTimer] INFO  c.n.e.r.AbstractInstanceRegistry - Running the evict task with compensationTime 0ms
2023-08-25 20:36:26.322 [Eureka-EvictionTimer] INFO  c.n.e.r.AbstractInstanceRegistry - Running the evict task with compensationTime 0ms
2023-08-25 20:36:31.322 [Eureka-EvictionTimer] INFO  c.n.e.r.AbstractInstanceRegistry - Running the evict task with compensationTime 0ms
2023-08-25 20:36:36.322 [Eureka-EvictionTimer] INFO  c.n.e.r.AbstractInstanceRegistry - Running the evict task with compensationTime 0ms
2023-08-25 20:36:41.322 [Eureka-EvictionTimer] INFO  c.n.e.r.AbstractInstanceRegistry - Running the evict task with compensationTime 0ms
2023-08-25 20:36:46.322 [Eureka-EvictionTimer] INFO  c.n.e.r.AbstractInstanceRegistry - Running the evict task with compensationTime 0ms
2023-08-25 20:36:51.322 [Eureka-EvictionTimer] INFO  c.n.e.r.AbstractInstanceRegistry - Running the evict task with compensationTime 0ms
2023-08-25 20:36:56.322 [Eureka-EvictionTimer] INFO  c.n.e.r.AbstractInstanceRegistry - Running the evict task with compensationTime 0ms
2023-08-25 20:37:01.322 [Eureka-EvictionTimer] INFO  c.n.e.r.AbstractInstanceRegistry - Running the evict task with compensationTime 0ms
2023-08-25 20:37:06.322 [Eureka-EvictionTimer] INFO  c.n.e.r.AbstractInstanceRegistry - Running the evict task with compensationTime 0ms
2023-08-25 20:37:11.322 [Eureka-EvictionTimer] INFO  c.n.e.r.AbstractInstanceRegistry - Running the evict task with compensationTime 0ms
2023-08-25 20:37:16.322 [Eureka-EvictionTimer] INFO  c.n.e.r.AbstractInstanceRegistry - Running the evict task with compensationTime 0ms
2023-08-25 20:37:21.322 [Eureka-EvictionTimer] INFO  c.n.e.r.AbstractInstanceRegistry - Running the evict task with compensationTime 0ms
2023-08-25 20:37:26.322 [Eureka-EvictionTimer] INFO  c.n.e.r.AbstractInstanceRegistry - Running the evict task with compensationTime 0ms
2023-08-25 20:37:31.322 [Eureka-EvictionTimer] INFO  c.n.e.r.AbstractInstanceRegistry - Running the evict task with compensationTime 0ms
2023-08-25 20:37:36.323 [Eureka-EvictionTimer] INFO  c.n.e.r.AbstractInstanceRegistry - Running the evict task with compensationTime 1ms
2023-08-25 20:37:41.323 [Eureka-EvictionTimer] INFO  c.n.e.r.AbstractInstanceRegistry - Running the evict task with compensationTime 0ms
2023-08-25 20:37:46.323 [Eureka-EvictionTimer] INFO  c.n.e.r.AbstractInstanceRegistry - Running the evict task with compensationTime 0ms
2023-08-25 20:37:51.323 [Eureka-EvictionTimer] INFO  c.n.e.r.AbstractInstanceRegistry - Running the evict task with compensationTime 0ms
2023-08-25 20:37:56.323 [Eureka-EvictionTimer] INFO  c.n.e.r.AbstractInstanceRegistry - Running the evict task with compensationTime 0ms
2023-08-25 20:38:01.323 [Eureka-EvictionTimer] INFO  c.n.e.r.AbstractInstanceRegistry - Running the evict task with compensationTime 0ms
2023-08-25 20:38:06.323 [Eureka-EvictionTimer] INFO  c.n.e.r.AbstractInstanceRegistry - Running the evict task with compensationTime 0ms
2023-08-25 20:38:11.323 [Eureka-EvictionTimer] INFO  c.n.e.r.AbstractInstanceRegistry - Running the evict task with compensationTime 0ms
2023-08-25 20:38:16.323 [Eureka-EvictionTimer] INFO  c.n.e.r.AbstractInstanceRegistry - Running the evict task with compensationTime 0ms
2023-08-25 20:38:21.323 [Eureka-EvictionTimer] INFO  c.n.e.r.AbstractInstanceRegistry - Running the evict task with compensationTime 0ms
2023-08-25 20:38:26.323 [Eureka-EvictionTimer] INFO  c.n.e.r.AbstractInstanceRegistry - Running the evict task with compensationTime 0ms
2023-08-25 20:38:31.323 [Eureka-EvictionTimer] INFO  c.n.e.r.AbstractInstanceRegistry - Running the evict task with compensationTime 0ms
2023-08-25 20:38:36.323 [Eureka-EvictionTimer] INFO  c.n.e.r.AbstractInstanceRegistry - Running the evict task with compensationTime 0ms
2023-08-25 20:38:41.323 [Eureka-EvictionTimer] INFO  c.n.e.r.AbstractInstanceRegistry - Running the evict task with compensationTime 0ms
2023-08-25 20:38:46.323 [Eureka-EvictionTimer] INFO  c.n.e.r.AbstractInstanceRegistry - Running the evict task with compensationTime 0ms
2023-08-25 20:38:51.323 [Eureka-EvictionTimer] INFO  c.n.e.r.AbstractInstanceRegistry - Running the evict task with compensationTime 0ms
2023-08-25 20:38:56.323 [Eureka-EvictionTimer] INFO  c.n.e.r.AbstractInstanceRegistry - Running the evict task with compensationTime 0ms
2023-08-25 20:39:01.323 [Eureka-EvictionTimer] INFO  c.n.e.r.AbstractInstanceRegistry - Running the evict task with compensationTime 0ms
2023-08-25 20:39:06.323 [Eureka-EvictionTimer] INFO  c.n.e.r.AbstractInstanceRegistry - Running the evict task with compensationTime 0ms
2023-08-25 20:39:11.323 [Eureka-EvictionTimer] INFO  c.n.e.r.AbstractInstanceRegistry - Running the evict task with compensationTime 0ms
2023-08-25 20:39:16.323 [Eureka-EvictionTimer] INFO  c.n.e.r.AbstractInstanceRegistry - Running the evict task with compensationTime 0ms
2023-08-25 20:39:21.323 [Eureka-EvictionTimer] INFO  c.n.e.r.AbstractInstanceRegistry - Running the evict task with compensationTime 0ms
2023-08-25 20:39:26.323 [Eureka-EvictionTimer] INFO  c.n.e.r.AbstractInstanceRegistry - Running the evict task with compensationTime 0ms
2023-08-25 20:39:31.323 [Eureka-EvictionTimer] INFO  c.n.e.r.AbstractInstanceRegistry - Running the evict task with compensationTime 0ms
2023-08-25 20:39:36.323 [Eureka-EvictionTimer] INFO  c.n.e.r.AbstractInstanceRegistry - Running the evict task with compensationTime 0ms
2023-08-25 20:39:41.323 [Eureka-EvictionTimer] INFO  c.n.e.r.AbstractInstanceRegistry - Running the evict task with compensationTime 0ms
2023-08-25 20:39:46.323 [Eureka-EvictionTimer] INFO  c.n.e.r.AbstractInstanceRegistry - Running the evict task with compensationTime 0ms
2023-08-25 20:39:51.323 [Eureka-EvictionTimer] INFO  c.n.e.r.AbstractInstanceRegistry - Running the evict task with compensationTime 0ms
2023-08-25 20:39:56.323 [Eureka-EvictionTimer] INFO  c.n.e.r.AbstractInstanceRegistry - Running the evict task with compensationTime 0ms
2023-08-25 20:40:01.323 [Eureka-EvictionTimer] INFO  c.n.e.r.AbstractInstanceRegistry - Running the evict task with compensationTime 0ms
2023-08-25 20:40:06.323 [Eureka-EvictionTimer] INFO  c.n.e.r.AbstractInstanceRegistry - Running the evict task with compensationTime 0ms
2023-08-25 20:40:11.323 [Eureka-EvictionTimer] INFO  c.n.e.r.AbstractInstanceRegistry - Running the evict task with compensationTime 0ms
2023-08-25 20:40:16.323 [Eureka-EvictionTimer] INFO  c.n.e.r.AbstractInstanceRegistry - Running the evict task with compensationTime 0ms
2023-08-25 20:40:21.323 [Eureka-EvictionTimer] INFO  c.n.e.r.AbstractInstanceRegistry - Running the evict task with compensationTime 0ms
2023-08-25 20:40:26.323 [Eureka-EvictionTimer] INFO  c.n.e.r.AbstractInstanceRegistry - Running the evict task with compensationTime 0ms
2023-08-25 20:40:31.323 [Eureka-EvictionTimer] INFO  c.n.e.r.AbstractInstanceRegistry - Running the evict task with compensationTime 0ms
2023-08-25 20:40:36.323 [Eureka-EvictionTimer] INFO  c.n.e.r.AbstractInstanceRegistry - Running the evict task with compensationTime 0ms
2023-08-25 20:40:41.323 [Eureka-EvictionTimer] INFO  c.n.e.r.AbstractInstanceRegistry - Running the evict task with compensationTime 0ms
2023-08-25 20:40:46.323 [Eureka-EvictionTimer] INFO  c.n.e.r.AbstractInstanceRegistry - Running the evict task with compensationTime 0ms
2023-08-25 20:40:51.323 [Eureka-EvictionTimer] INFO  c.n.e.r.AbstractInstanceRegistry - Running the evict task with compensationTime 0ms
2023-08-25 20:40:56.323 [Eureka-EvictionTimer] INFO  c.n.e.r.AbstractInstanceRegistry - Running the evict task with compensationTime 0ms
2023-08-25 20:41:01.323 [Eureka-EvictionTimer] INFO  c.n.e.r.AbstractInstanceRegistry - Running the evict task with compensationTime 0ms
2023-08-25 20:41:06.323 [Eureka-EvictionTimer] INFO  c.n.e.r.AbstractInstanceRegistry - Running the evict task with compensationTime 0ms
2023-08-25 20:41:11.323 [Eureka-EvictionTimer] INFO  c.n.e.r.AbstractInstanceRegistry - Running the evict task with compensationTime 0ms
2023-08-25 20:41:16.323 [Eureka-EvictionTimer] INFO  c.n.e.r.AbstractInstanceRegistry - Running the evict task with compensationTime 0ms
2023-08-25 20:41:21.323 [Eureka-EvictionTimer] INFO  c.n.e.r.AbstractInstanceRegistry - Running the evict task with compensationTime 0ms
2023-08-25 20:41:26.323 [Eureka-EvictionTimer] INFO  c.n.e.r.AbstractInstanceRegistry - Running the evict task with compensationTime 0ms
2023-08-25 20:41:31.323 [Eureka-EvictionTimer] INFO  c.n.e.r.AbstractInstanceRegistry - Running the evict task with compensationTime 0ms
2023-08-25 20:41:36.323 [Eureka-EvictionTimer] INFO  c.n.e.r.AbstractInstanceRegistry - Running the evict task with compensationTime 0ms
2023-08-25 20:41:41.323 [Eureka-EvictionTimer] INFO  c.n.e.r.AbstractInstanceRegistry - Running the evict task with compensationTime 0ms
2023-08-25 20:41:46.323 [Eureka-EvictionTimer] INFO  c.n.e.r.AbstractInstanceRegistry - Running the evict task with compensationTime 0ms
2023-08-25 20:41:51.323 [Eureka-EvictionTimer] INFO  c.n.e.r.AbstractInstanceRegistry - Running the evict task with compensationTime 0ms
2023-08-25 20:41:56.323 [Eureka-EvictionTimer] INFO  c.n.e.r.AbstractInstanceRegistry - Running the evict task with compensationTime 0ms
2023-08-25 20:42:01.323 [Eureka-EvictionTimer] INFO  c.n.e.r.AbstractInstanceRegistry - Running the evict task with compensationTime 0ms
2023-08-25 20:42:06.323 [Eureka-EvictionTimer] INFO  c.n.e.r.AbstractInstanceRegistry - Running the evict task with compensationTime 0ms
2023-08-25 20:42:11.323 [Eureka-EvictionTimer] INFO  c.n.e.r.AbstractInstanceRegistry - Running the evict task with compensationTime 0ms
2023-08-25 20:42:16.323 [Eureka-EvictionTimer] INFO  c.n.e.r.AbstractInstanceRegistry - Running the evict task with compensationTime 0ms
2023-08-25 20:42:21.323 [Eureka-EvictionTimer] INFO  c.n.e.r.AbstractInstanceRegistry - Running the evict task with compensationTime 0ms
2023-08-25 20:42:26.323 [Eureka-EvictionTimer] INFO  c.n.e.r.AbstractInstanceRegistry - Running the evict task with compensationTime 0ms
2023-08-25 20:42:31.323 [Eureka-EvictionTimer] INFO  c.n.e.r.AbstractInstanceRegistry - Running the evict task with compensationTime 0ms
2023-08-25 20:42:36.323 [Eureka-EvictionTimer] INFO  c.n.e.r.AbstractInstanceRegistry - Running the evict task with compensationTime 0ms
2023-08-25 20:42:41.323 [Eureka-EvictionTimer] INFO  c.n.e.r.AbstractInstanceRegistry - Running the evict task with compensationTime 0ms
2023-08-25 20:42:46.323 [Eureka-EvictionTimer] INFO  c.n.e.r.AbstractInstanceRegistry - Running the evict task with compensationTime 0ms
2023-08-25 20:42:51.323 [Eureka-EvictionTimer] INFO  c.n.e.r.AbstractInstanceRegistry - Running the evict task with compensationTime 0ms
2023-08-25 20:42:56.323 [Eureka-EvictionTimer] INFO  c.n.e.r.AbstractInstanceRegistry - Running the evict task with compensationTime 0ms
2023-08-25 20:43:01.323 [Eureka-EvictionTimer] INFO  c.n.e.r.AbstractInstanceRegistry - Running the evict task with compensationTime 0ms
2023-08-25 20:43:06.323 [Eureka-EvictionTimer] INFO  c.n.e.r.AbstractInstanceRegistry - Running the evict task with compensationTime 0ms
2023-08-25 20:43:11.323 [Eureka-EvictionTimer] INFO  c.n.e.r.AbstractInstanceRegistry - Running the evict task with compensationTime 0ms
2023-08-25 20:43:16.323 [Eureka-EvictionTimer] INFO  c.n.e.r.AbstractInstanceRegistry - Running the evict task with compensationTime 0ms
2023-08-25 20:43:21.323 [Eureka-EvictionTimer] INFO  c.n.e.r.AbstractInstanceRegistry - Running the evict task with compensationTime 0ms
2023-08-25 20:43:26.323 [Eureka-EvictionTimer] INFO  c.n.e.r.AbstractInstanceRegistry - Running the evict task with compensationTime 0ms
2023-08-25 20:43:31.323 [Eureka-EvictionTimer] INFO  c.n.e.r.AbstractInstanceRegistry - Running the evict task with compensationTime 0ms
2023-08-25 20:43:36.323 [Eureka-EvictionTimer] INFO  c.n.e.r.AbstractInstanceRegistry - Running the evict task with compensationTime 0ms
2023-08-25 20:43:41.323 [Eureka-EvictionTimer] INFO  c.n.e.r.AbstractInstanceRegistry - Running the evict task with compensationTime 0ms
2023-08-25 20:43:46.323 [Eureka-EvictionTimer] INFO  c.n.e.r.AbstractInstanceRegistry - Running the evict task with compensationTime 0ms
2023-08-25 20:43:51.323 [Eureka-EvictionTimer] INFO  c.n.e.r.AbstractInstanceRegistry - Running the evict task with compensationTime 0ms
2023-08-25 20:43:56.323 [Eureka-EvictionTimer] INFO  c.n.e.r.AbstractInstanceRegistry - Running the evict task with compensationTime 0ms
2023-08-25 20:44:01.323 [Eureka-EvictionTimer] INFO  c.n.e.r.AbstractInstanceRegistry - Running the evict task with compensationTime 0ms
2023-08-25 20:44:06.323 [Eureka-EvictionTimer] INFO  c.n.e.r.AbstractInstanceRegistry - Running the evict task with compensationTime 0ms
2023-08-25 20:44:11.323 [Eureka-EvictionTimer] INFO  c.n.e.r.AbstractInstanceRegistry - Running the evict task with compensationTime 0ms
2023-08-25 20:44:16.323 [Eureka-EvictionTimer] INFO  c.n.e.r.AbstractInstanceRegistry - Running the evict task with compensationTime 0ms
2023-08-25 20:44:21.323 [Eureka-EvictionTimer] INFO  c.n.e.r.AbstractInstanceRegistry - Running the evict task with compensationTime 0ms
2023-08-25 20:44:26.323 [Eureka-EvictionTimer] INFO  c.n.e.r.AbstractInstanceRegistry - Running the evict task with compensationTime 0ms
2023-08-25 20:44:31.323 [Eureka-EvictionTimer] INFO  c.n.e.r.AbstractInstanceRegistry - Running the evict task with compensationTime 0ms
2023-08-25 20:44:36.323 [Eureka-EvictionTimer] INFO  c.n.e.r.AbstractInstanceRegistry - Running the evict task with compensationTime 0ms
2023-08-25 20:44:41.323 [Eureka-EvictionTimer] INFO  c.n.e.r.AbstractInstanceRegistry - Running the evict task with compensationTime 0ms
2023-08-25 20:44:46.323 [Eureka-EvictionTimer] INFO  c.n.e.r.AbstractInstanceRegistry - Running the evict task with compensationTime 0ms
2023-08-25 20:44:51.323 [Eureka-EvictionTimer] INFO  c.n.e.r.AbstractInstanceRegistry - Running the evict task with compensationTime 0ms
2023-08-25 20:44:56.323 [Eureka-EvictionTimer] INFO  c.n.e.r.AbstractInstanceRegistry - Running the evict task with compensationTime 0ms
2023-08-25 20:45:01.323 [Eureka-EvictionTimer] INFO  c.n.e.r.AbstractInstanceRegistry - Running the evict task with compensationTime 0ms
2023-08-25 20:45:06.323 [Eureka-EvictionTimer] INFO  c.n.e.r.AbstractInstanceRegistry - Running the evict task with compensationTime 0ms
2023-08-25 20:45:11.323 [Eureka-EvictionTimer] INFO  c.n.e.r.AbstractInstanceRegistry - Running the evict task with compensationTime 0ms
2023-08-25 20:45:16.323 [Eureka-EvictionTimer] INFO  c.n.e.r.AbstractInstanceRegistry - Running the evict task with compensationTime 0ms
2023-08-25 20:45:21.323 [Eureka-EvictionTimer] INFO  c.n.e.r.AbstractInstanceRegistry - Running the evict task with compensationTime 0ms
2023-08-25 20:45:26.323 [Eureka-EvictionTimer] INFO  c.n.e.r.AbstractInstanceRegistry - Running the evict task with compensationTime 0ms
2023-08-25 20:45:31.323 [Eureka-EvictionTimer] INFO  c.n.e.r.AbstractInstanceRegistry - Running the evict task with compensationTime 0ms
2023-08-25 20:45:36.323 [Eureka-EvictionTimer] INFO  c.n.e.r.AbstractInstanceRegistry - Running the evict task with compensationTime 0ms
2023-08-25 20:45:41.323 [Eureka-EvictionTimer] INFO  c.n.e.r.AbstractInstanceRegistry - Running the evict task with compensationTime 0ms
2023-08-25 20:45:46.323 [Eureka-EvictionTimer] INFO  c.n.e.r.AbstractInstanceRegistry - Running the evict task with compensationTime 0ms
2023-08-25 20:45:51.323 [Eureka-EvictionTimer] INFO  c.n.e.r.AbstractInstanceRegistry - Running the evict task with compensationTime 0ms
2023-08-25 20:45:56.323 [Eureka-EvictionTimer] INFO  c.n.e.r.AbstractInstanceRegistry - Running the evict task with compensationTime 0ms
2023-08-25 20:46:01.323 [Eureka-EvictionTimer] INFO  c.n.e.r.AbstractInstanceRegistry - Running the evict task with compensationTime 0ms
2023-08-25 20:46:06.323 [Eureka-EvictionTimer] INFO  c.n.e.r.AbstractInstanceRegistry - Running the evict task with compensationTime 0ms
2023-08-25 20:46:11.323 [Eureka-EvictionTimer] INFO  c.n.e.r.AbstractInstanceRegistry - Running the evict task with compensationTime 0ms
2023-08-25 20:46:16.323 [Eureka-EvictionTimer] INFO  c.n.e.r.AbstractInstanceRegistry - Running the evict task with compensationTime 0ms
2023-08-25 20:46:21.323 [Eureka-EvictionTimer] INFO  c.n.e.r.AbstractInstanceRegistry - Running the evict task with compensationTime 0ms
2023-08-25 20:46:26.323 [Eureka-EvictionTimer] INFO  c.n.e.r.AbstractInstanceRegistry - Running the evict task with compensationTime 0ms
2023-08-25 20:46:31.323 [Eureka-EvictionTimer] INFO  c.n.e.r.AbstractInstanceRegistry - Running the evict task with compensationTime 0ms
2023-08-25 20:46:36.323 [Eureka-EvictionTimer] INFO  c.n.e.r.AbstractInstanceRegistry - Running the evict task with compensationTime 0ms
2023-08-25 20:46:41.323 [Eureka-EvictionTimer] INFO  c.n.e.r.AbstractInstanceRegistry - Running the evict task with compensationTime 0ms
2023-08-25 20:46:46.323 [Eureka-EvictionTimer] INFO  c.n.e.r.AbstractInstanceRegistry - Running the evict task with compensationTime 0ms
2023-08-25 20:46:51.323 [Eureka-EvictionTimer] INFO  c.n.e.r.AbstractInstanceRegistry - Running the evict task with compensationTime 0ms
2023-08-25 20:46:56.323 [Eureka-EvictionTimer] INFO  c.n.e.r.AbstractInstanceRegistry - Running the evict task with compensationTime 0ms
2023-08-25 20:47:01.323 [Eureka-EvictionTimer] INFO  c.n.e.r.AbstractInstanceRegistry - Running the evict task with compensationTime 0ms
2023-08-25 20:47:06.323 [Eureka-EvictionTimer] INFO  c.n.e.r.AbstractInstanceRegistry - Running the evict task with compensationTime 0ms
2023-08-25 20:47:11.323 [Eureka-EvictionTimer] INFO  c.n.e.r.AbstractInstanceRegistry - Running the evict task with compensationTime 0ms
2023-08-25 20:47:16.323 [Eureka-EvictionTimer] INFO  c.n.e.r.AbstractInstanceRegistry - Running the evict task with compensationTime 0ms
2023-08-25 20:47:21.323 [Eureka-EvictionTimer] INFO  c.n.e.r.AbstractInstanceRegistry - Running the evict task with compensationTime 0ms
2023-08-25 20:47:26.323 [Eureka-EvictionTimer] INFO  c.n.e.r.AbstractInstanceRegistry - Running the evict task with compensationTime 0ms
2023-08-25 20:47:31.323 [Eureka-EvictionTimer] INFO  c.n.e.r.AbstractInstanceRegistry - Running the evict task with compensationTime 0ms
2023-08-25 20:47:36.323 [Eureka-EvictionTimer] INFO  c.n.e.r.AbstractInstanceRegistry - Running the evict task with compensationTime 0ms
2023-08-25 20:47:41.323 [Eureka-EvictionTimer] INFO  c.n.e.r.AbstractInstanceRegistry - Running the evict task with compensationTime 0ms
2023-08-25 20:47:46.323 [Eureka-EvictionTimer] INFO  c.n.e.r.AbstractInstanceRegistry - Running the evict task with compensationTime 0ms
2023-08-25 20:47:51.323 [Eureka-EvictionTimer] INFO  c.n.e.r.AbstractInstanceRegistry - Running the evict task with compensationTime 0ms
2023-08-25 20:47:56.323 [Eureka-EvictionTimer] INFO  c.n.e.r.AbstractInstanceRegistry - Running the evict task with compensationTime 0ms
2023-08-25 20:48:01.323 [Eureka-EvictionTimer] INFO  c.n.e.r.AbstractInstanceRegistry - Running the evict task with compensationTime 0ms
2023-08-25 20:48:06.323 [Eureka-EvictionTimer] INFO  c.n.e.r.AbstractInstanceRegistry - Running the evict task with compensationTime 0ms
2023-08-25 20:48:11.323 [Eureka-EvictionTimer] INFO  c.n.e.r.AbstractInstanceRegistry - Running the evict task with compensationTime 0ms
2023-08-25 20:48:16.323 [Eureka-EvictionTimer] INFO  c.n.e.r.AbstractInstanceRegistry - Running the evict task with compensationTime 0ms
2023-08-25 20:48:21.323 [Eureka-EvictionTimer] INFO  c.n.e.r.AbstractInstanceRegistry - Running the evict task with compensationTime 0ms
2023-08-25 20:48:26.323 [Eureka-EvictionTimer] INFO  c.n.e.r.AbstractInstanceRegistry - Running the evict task with compensationTime 0ms
2023-08-25 20:48:31.323 [Eureka-EvictionTimer] INFO  c.n.e.r.AbstractInstanceRegistry - Running the evict task with compensationTime 0ms
2023-08-25 20:48:36.323 [Eureka-EvictionTimer] INFO  c.n.e.r.AbstractInstanceRegistry - Running the evict task with compensationTime 0ms
2023-08-25 20:48:41.323 [Eureka-EvictionTimer] INFO  c.n.e.r.AbstractInstanceRegistry - Running the evict task with compensationTime 0ms
2023-08-25 20:48:46.323 [Eureka-EvictionTimer] INFO  c.n.e.r.AbstractInstanceRegistry - Running the evict task with compensationTime 0ms
2023-08-25 20:48:51.323 [Eureka-EvictionTimer] INFO  c.n.e.r.AbstractInstanceRegistry - Running the evict task with compensationTime 0ms
2023-08-25 20:48:56.323 [Eureka-EvictionTimer] INFO  c.n.e.r.AbstractInstanceRegistry - Running the evict task with compensationTime 0ms
2023-08-25 20:49:01.323 [Eureka-EvictionTimer] INFO  c.n.e.r.AbstractInstanceRegistry - Running the evict task with compensationTime 0ms
2023-08-25 20:49:06.323 [Eureka-EvictionTimer] INFO  c.n.e.r.AbstractInstanceRegistry - Running the evict task with compensationTime 0ms
2023-08-25 20:49:11.323 [Eureka-EvictionTimer] INFO  c.n.e.r.AbstractInstanceRegistry - Running the evict task with compensationTime 0ms
2023-08-25 20:49:16.323 [Eureka-EvictionTimer] INFO  c.n.e.r.AbstractInstanceRegistry - Running the evict task with compensationTime 0ms
2023-08-25 20:49:21.323 [Eureka-EvictionTimer] INFO  c.n.e.r.AbstractInstanceRegistry - Running the evict task with compensationTime 0ms
2023-08-25 20:49:26.323 [Eureka-EvictionTimer] INFO  c.n.e.r.AbstractInstanceRegistry - Running the evict task with compensationTime 0ms
2023-08-25 20:49:31.323 [Eureka-EvictionTimer] INFO  c.n.e.r.AbstractInstanceRegistry - Running the evict task with compensationTime 0ms
2023-08-25 20:49:36.323 [Eureka-EvictionTimer] INFO  c.n.e.r.AbstractInstanceRegistry - Running the evict task with compensationTime 0ms
2023-08-25 20:49:41.323 [Eureka-EvictionTimer] INFO  c.n.e.r.AbstractInstanceRegistry - Running the evict task with compensationTime 0ms
2023-08-25 20:49:46.323 [Eureka-EvictionTimer] INFO  c.n.e.r.AbstractInstanceRegistry - Running the evict task with compensationTime 0ms
2023-08-25 20:49:51.323 [Eureka-EvictionTimer] INFO  c.n.e.r.AbstractInstanceRegistry - Running the evict task with compensationTime 0ms
2023-08-25 20:49:56.323 [Eureka-EvictionTimer] INFO  c.n.e.r.AbstractInstanceRegistry - Running the evict task with compensationTime 0ms
2023-08-25 20:50:00.853 [ReplicaAwareInstanceRegistry - RenewalThresholdUpdater] INFO  c.n.e.r.PeerAwareInstanceRegistryImpl - Current renewal threshold is : 0
2023-08-25 20:50:01.323 [Eureka-EvictionTimer] INFO  c.n.e.r.AbstractInstanceRegistry - Running the evict task with compensationTime 0ms
2023-08-25 20:50:06.323 [Eureka-EvictionTimer] INFO  c.n.e.r.AbstractInstanceRegistry - Running the evict task with compensationTime 0ms
2023-08-25 20:50:11.323 [Eureka-EvictionTimer] INFO  c.n.e.r.AbstractInstanceRegistry - Running the evict task with compensationTime 0ms
2023-08-25 20:50:16.323 [Eureka-EvictionTimer] INFO  c.n.e.r.AbstractInstanceRegistry - Running the evict task with compensationTime 0ms
2023-08-25 20:50:21.323 [Eureka-EvictionTimer] INFO  c.n.e.r.AbstractInstanceRegistry - Running the evict task with compensationTime 0ms
2023-08-25 20:50:26.323 [Eureka-EvictionTimer] INFO  c.n.e.r.AbstractInstanceRegistry - Running the evict task with compensationTime 0ms
2023-08-25 20:50:31.323 [Eureka-EvictionTimer] INFO  c.n.e.r.AbstractInstanceRegistry - Running the evict task with compensationTime 0ms
2023-08-25 20:50:36.323 [Eureka-EvictionTimer] INFO  c.n.e.r.AbstractInstanceRegistry - Running the evict task with compensationTime 0ms
2023-08-25 20:50:41.323 [Eureka-EvictionTimer] INFO  c.n.e.r.AbstractInstanceRegistry - Running the evict task with compensationTime 0ms
2023-08-25 20:50:46.323 [Eureka-EvictionTimer] INFO  c.n.e.r.AbstractInstanceRegistry - Running the evict task with compensationTime 0ms
2023-08-25 20:50:51.323 [Eureka-EvictionTimer] INFO  c.n.e.r.AbstractInstanceRegistry - Running the evict task with compensationTime 0ms
2023-08-25 20:50:56.323 [Eureka-EvictionTimer] INFO  c.n.e.r.AbstractInstanceRegistry - Running the evict task with compensationTime 0ms
2023-08-25 20:51:01.323 [Eureka-EvictionTimer] INFO  c.n.e.r.AbstractInstanceRegistry - Running the evict task with compensationTime 0ms
2023-08-25 20:51:06.323 [Eureka-EvictionTimer] INFO  c.n.e.r.AbstractInstanceRegistry - Running the evict task with compensationTime 0ms
2023-08-25 20:51:11.323 [Eureka-EvictionTimer] INFO  c.n.e.r.AbstractInstanceRegistry - Running the evict task with compensationTime 0ms
2023-08-25 20:51:16.323 [Eureka-EvictionTimer] INFO  c.n.e.r.AbstractInstanceRegistry - Running the evict task with compensationTime 0ms
2023-08-25 20:51:21.323 [Eureka-EvictionTimer] INFO  c.n.e.r.AbstractInstanceRegistry - Running the evict task with compensationTime 0ms
2023-08-25 20:51:26.323 [Eureka-EvictionTimer] INFO  c.n.e.r.AbstractInstanceRegistry - Running the evict task with compensationTime 0ms
2023-08-25 20:51:31.323 [Eureka-EvictionTimer] INFO  c.n.e.r.AbstractInstanceRegistry - Running the evict task with compensationTime 0ms
2023-08-25 20:51:36.323 [Eureka-EvictionTimer] INFO  c.n.e.r.AbstractInstanceRegistry - Running the evict task with compensationTime 0ms
2023-08-25 20:51:41.323 [Eureka-EvictionTimer] INFO  c.n.e.r.AbstractInstanceRegistry - Running the evict task with compensationTime 0ms
2023-08-25 20:51:46.323 [Eureka-EvictionTimer] INFO  c.n.e.r.AbstractInstanceRegistry - Running the evict task with compensationTime 0ms
2023-08-25 20:51:51.323 [Eureka-EvictionTimer] INFO  c.n.e.r.AbstractInstanceRegistry - Running the evict task with compensationTime 0ms
2023-08-25 20:51:56.323 [Eureka-EvictionTimer] INFO  c.n.e.r.AbstractInstanceRegistry - Running the evict task with compensationTime 0ms
2023-08-25 20:52:01.323 [Eureka-EvictionTimer] INFO  c.n.e.r.AbstractInstanceRegistry - Running the evict task with compensationTime 0ms
2023-08-25 20:52:06.323 [Eureka-EvictionTimer] INFO  c.n.e.r.AbstractInstanceRegistry - Running the evict task with compensationTime 0ms
2023-08-25 20:52:11.323 [Eureka-EvictionTimer] INFO  c.n.e.r.AbstractInstanceRegistry - Running the evict task with compensationTime 0ms
2023-08-25 20:52:16.323 [Eureka-EvictionTimer] INFO  c.n.e.r.AbstractInstanceRegistry - Running the evict task with compensationTime 0ms
2023-08-25 20:52:21.323 [Eureka-EvictionTimer] INFO  c.n.e.r.AbstractInstanceRegistry - Running the evict task with compensationTime 0ms
2023-08-25 20:52:26.323 [Eureka-EvictionTimer] INFO  c.n.e.r.AbstractInstanceRegistry - Running the evict task with compensationTime 0ms
2023-08-25 20:52:31.323 [Eureka-EvictionTimer] INFO  c.n.e.r.AbstractInstanceRegistry - Running the evict task with compensationTime 0ms
2023-08-25 20:52:36.323 [Eureka-EvictionTimer] INFO  c.n.e.r.AbstractInstanceRegistry - Running the evict task with compensationTime 0ms
2023-08-25 20:52:41.323 [Eureka-EvictionTimer] INFO  c.n.e.r.AbstractInstanceRegistry - Running the evict task with compensationTime 0ms
2023-08-25 20:52:46.323 [Eureka-EvictionTimer] INFO  c.n.e.r.AbstractInstanceRegistry - Running the evict task with compensationTime 0ms
2023-08-25 20:52:51.323 [Eureka-EvictionTimer] INFO  c.n.e.r.AbstractInstanceRegistry - Running the evict task with compensationTime 0ms
2023-08-25 20:52:56.323 [Eureka-EvictionTimer] INFO  c.n.e.r.AbstractInstanceRegistry - Running the evict task with compensationTime 0ms
2023-08-25 20:53:01.323 [Eureka-EvictionTimer] INFO  c.n.e.r.AbstractInstanceRegistry - Running the evict task with compensationTime 0ms
2023-08-25 20:53:06.323 [Eureka-EvictionTimer] INFO  c.n.e.r.AbstractInstanceRegistry - Running the evict task with compensationTime 0ms
2023-08-25 20:53:11.323 [Eureka-EvictionTimer] INFO  c.n.e.r.AbstractInstanceRegistry - Running the evict task with compensationTime 0ms
2023-08-25 20:53:16.323 [Eureka-EvictionTimer] INFO  c.n.e.r.AbstractInstanceRegistry - Running the evict task with compensationTime 0ms
2023-08-25 20:53:21.323 [Eureka-EvictionTimer] INFO  c.n.e.r.AbstractInstanceRegistry - Running the evict task with compensationTime 0ms
2023-08-25 20:53:26.323 [Eureka-EvictionTimer] INFO  c.n.e.r.AbstractInstanceRegistry - Running the evict task with compensationTime 0ms
2023-08-25 20:53:31.323 [Eureka-EvictionTimer] INFO  c.n.e.r.AbstractInstanceRegistry - Running the evict task with compensationTime 0ms
2023-08-25 20:53:36.323 [Eureka-EvictionTimer] INFO  c.n.e.r.AbstractInstanceRegistry - Running the evict task with compensationTime 0ms
2023-08-25 20:53:41.323 [Eureka-EvictionTimer] INFO  c.n.e.r.AbstractInstanceRegistry - Running the evict task with compensationTime 0ms
2023-08-25 20:53:46.323 [Eureka-EvictionTimer] INFO  c.n.e.r.AbstractInstanceRegistry - Running the evict task with compensationTime 0ms
2023-08-25 20:53:51.323 [Eureka-EvictionTimer] INFO  c.n.e.r.AbstractInstanceRegistry - Running the evict task with compensationTime 0ms
2023-08-25 20:53:56.323 [Eureka-EvictionTimer] INFO  c.n.e.r.AbstractInstanceRegistry - Running the evict task with compensationTime 0ms
2023-08-25 20:54:01.323 [Eureka-EvictionTimer] INFO  c.n.e.r.AbstractInstanceRegistry - Running the evict task with compensationTime 0ms
2023-08-25 20:54:06.323 [Eureka-EvictionTimer] INFO  c.n.e.r.AbstractInstanceRegistry - Running the evict task with compensationTime 0ms
2023-08-25 20:54:11.323 [Eureka-EvictionTimer] INFO  c.n.e.r.AbstractInstanceRegistry - Running the evict task with compensationTime 0ms
2023-08-25 20:54:16.323 [Eureka-EvictionTimer] INFO  c.n.e.r.AbstractInstanceRegistry - Running the evict task with compensationTime 0ms
2023-08-25 20:54:21.323 [Eureka-EvictionTimer] INFO  c.n.e.r.AbstractInstanceRegistry - Running the evict task with compensationTime 0ms
2023-08-25 20:54:26.323 [Eureka-EvictionTimer] INFO  c.n.e.r.AbstractInstanceRegistry - Running the evict task with compensationTime 0ms
2023-08-25 20:54:31.323 [Eureka-EvictionTimer] INFO  c.n.e.r.AbstractInstanceRegistry - Running the evict task with compensationTime 0ms
2023-08-25 20:54:36.323 [Eureka-EvictionTimer] INFO  c.n.e.r.AbstractInstanceRegistry - Running the evict task with compensationTime 0ms
2023-08-25 20:54:41.323 [Eureka-EvictionTimer] INFO  c.n.e.r.AbstractInstanceRegistry - Running the evict task with compensationTime 0ms
2023-08-25 20:54:46.323 [Eureka-EvictionTimer] INFO  c.n.e.r.AbstractInstanceRegistry - Running the evict task with compensationTime 0ms
2023-08-25 20:54:51.323 [Eureka-EvictionTimer] INFO  c.n.e.r.AbstractInstanceRegistry - Running the evict task with compensationTime 0ms
2023-08-25 20:54:56.323 [Eureka-EvictionTimer] INFO  c.n.e.r.AbstractInstanceRegistry - Running the evict task with compensationTime 0ms
2023-08-25 20:55:01.323 [Eureka-EvictionTimer] INFO  c.n.e.r.AbstractInstanceRegistry - Running the evict task with compensationTime 0ms
2023-08-25 20:55:06.323 [Eureka-EvictionTimer] INFO  c.n.e.r.AbstractInstanceRegistry - Running the evict task with compensationTime 0ms
2023-08-25 20:55:11.323 [Eureka-EvictionTimer] INFO  c.n.e.r.AbstractInstanceRegistry - Running the evict task with compensationTime 0ms
2023-08-25 20:55:16.323 [Eureka-EvictionTimer] INFO  c.n.e.r.AbstractInstanceRegistry - Running the evict task with compensationTime 0ms
2023-08-25 20:55:21.323 [Eureka-EvictionTimer] INFO  c.n.e.r.AbstractInstanceRegistry - Running the evict task with compensationTime 0ms
2023-08-25 20:55:26.323 [Eureka-EvictionTimer] INFO  c.n.e.r.AbstractInstanceRegistry - Running the evict task with compensationTime 0ms
2023-08-25 20:55:31.323 [Eureka-EvictionTimer] INFO  c.n.e.r.AbstractInstanceRegistry - Running the evict task with compensationTime 0ms
2023-08-25 20:55:36.323 [Eureka-EvictionTimer] INFO  c.n.e.r.AbstractInstanceRegistry - Running the evict task with compensationTime 0ms
2023-08-25 20:55:41.323 [Eureka-EvictionTimer] INFO  c.n.e.r.AbstractInstanceRegistry - Running the evict task with compensationTime 0ms
2023-08-25 20:55:46.323 [Eureka-EvictionTimer] INFO  c.n.e.r.AbstractInstanceRegistry - Running the evict task with compensationTime 0ms
2023-08-25 20:55:51.323 [Eureka-EvictionTimer] INFO  c.n.e.r.AbstractInstanceRegistry - Running the evict task with compensationTime 0ms
2023-08-25 20:55:56.323 [Eureka-EvictionTimer] INFO  c.n.e.r.AbstractInstanceRegistry - Running the evict task with compensationTime 0ms
2023-08-25 20:56:01.323 [Eureka-EvictionTimer] INFO  c.n.e.r.AbstractInstanceRegistry - Running the evict task with compensationTime 0ms
2023-08-25 20:56:06.323 [Eureka-EvictionTimer] INFO  c.n.e.r.AbstractInstanceRegistry - Running the evict task with compensationTime 0ms
2023-08-25 20:56:11.323 [Eureka-EvictionTimer] INFO  c.n.e.r.AbstractInstanceRegistry - Running the evict task with compensationTime 0ms
2023-08-25 20:56:16.323 [Eureka-EvictionTimer] INFO  c.n.e.r.AbstractInstanceRegistry - Running the evict task with compensationTime 0ms
2023-08-25 20:56:21.323 [Eureka-EvictionTimer] INFO  c.n.e.r.AbstractInstanceRegistry - Running the evict task with compensationTime 0ms
2023-08-25 20:56:26.323 [Eureka-EvictionTimer] INFO  c.n.e.r.AbstractInstanceRegistry - Running the evict task with compensationTime 0ms
2023-08-25 20:56:31.323 [Eureka-EvictionTimer] INFO  c.n.e.r.AbstractInstanceRegistry - Running the evict task with compensationTime 0ms
2023-08-25 20:56:36.323 [Eureka-EvictionTimer] INFO  c.n.e.r.AbstractInstanceRegistry - Running the evict task with compensationTime 0ms
2023-08-25 20:56:41.323 [Eureka-EvictionTimer] INFO  c.n.e.r.AbstractInstanceRegistry - Running the evict task with compensationTime 0ms
2023-08-25 20:56:46.323 [Eureka-EvictionTimer] INFO  c.n.e.r.AbstractInstanceRegistry - Running the evict task with compensationTime 0ms
2023-08-25 20:56:51.323 [Eureka-EvictionTimer] INFO  c.n.e.r.AbstractInstanceRegistry - Running the evict task with compensationTime 0ms
2023-08-25 20:56:56.323 [Eureka-EvictionTimer] INFO  c.n.e.r.AbstractInstanceRegistry - Running the evict task with compensationTime 0ms
2023-08-25 20:57:01.323 [Eureka-EvictionTimer] INFO  c.n.e.r.AbstractInstanceRegistry - Running the evict task with compensationTime 0ms
2023-08-25 20:57:06.323 [Eureka-EvictionTimer] INFO  c.n.e.r.AbstractInstanceRegistry - Running the evict task with compensationTime 0ms
2023-08-25 20:57:11.323 [Eureka-EvictionTimer] INFO  c.n.e.r.AbstractInstanceRegistry - Running the evict task with compensationTime 0ms
2023-08-25 20:57:16.323 [Eureka-EvictionTimer] INFO  c.n.e.r.AbstractInstanceRegistry - Running the evict task with compensationTime 0ms
2023-08-25 20:57:21.323 [Eureka-EvictionTimer] INFO  c.n.e.r.AbstractInstanceRegistry - Running the evict task with compensationTime 0ms
2023-08-25 20:57:26.323 [Eureka-EvictionTimer] INFO  c.n.e.r.AbstractInstanceRegistry - Running the evict task with compensationTime 0ms
2023-08-25 20:57:31.323 [Eureka-EvictionTimer] INFO  c.n.e.r.AbstractInstanceRegistry - Running the evict task with compensationTime 0ms
2023-08-25 20:57:36.323 [Eureka-EvictionTimer] INFO  c.n.e.r.AbstractInstanceRegistry - Running the evict task with compensationTime 0ms
2023-08-25 20:57:41.323 [Eureka-EvictionTimer] INFO  c.n.e.r.AbstractInstanceRegistry - Running the evict task with compensationTime 0ms
2023-08-25 20:57:46.323 [Eureka-EvictionTimer] INFO  c.n.e.r.AbstractInstanceRegistry - Running the evict task with compensationTime 0ms
2023-08-25 20:57:51.323 [Eureka-EvictionTimer] INFO  c.n.e.r.AbstractInstanceRegistry - Running the evict task with compensationTime 0ms
2023-08-25 20:57:56.323 [Eureka-EvictionTimer] INFO  c.n.e.r.AbstractInstanceRegistry - Running the evict task with compensationTime 0ms
2023-08-25 20:58:01.323 [Eureka-EvictionTimer] INFO  c.n.e.r.AbstractInstanceRegistry - Running the evict task with compensationTime 0ms
2023-08-25 20:58:06.323 [Eureka-EvictionTimer] INFO  c.n.e.r.AbstractInstanceRegistry - Running the evict task with compensationTime 0ms
2023-08-25 20:58:11.323 [Eureka-EvictionTimer] INFO  c.n.e.r.AbstractInstanceRegistry - Running the evict task with compensationTime 0ms
2023-08-25 20:58:16.323 [Eureka-EvictionTimer] INFO  c.n.e.r.AbstractInstanceRegistry - Running the evict task with compensationTime 0ms
2023-08-25 20:58:21.323 [Eureka-EvictionTimer] INFO  c.n.e.r.AbstractInstanceRegistry - Running the evict task with compensationTime 0ms
2023-08-25 20:58:26.323 [Eureka-EvictionTimer] INFO  c.n.e.r.AbstractInstanceRegistry - Running the evict task with compensationTime 0ms
2023-08-25 20:58:31.323 [Eureka-EvictionTimer] INFO  c.n.e.r.AbstractInstanceRegistry - Running the evict task with compensationTime 0ms
2023-08-25 20:58:36.323 [Eureka-EvictionTimer] INFO  c.n.e.r.AbstractInstanceRegistry - Running the evict task with compensationTime 0ms
2023-08-25 20:58:41.323 [Eureka-EvictionTimer] INFO  c.n.e.r.AbstractInstanceRegistry - Running the evict task with compensationTime 0ms
2023-08-25 20:58:46.323 [Eureka-EvictionTimer] INFO  c.n.e.r.AbstractInstanceRegistry - Running the evict task with compensationTime 0ms
2023-08-25 20:58:51.323 [Eureka-EvictionTimer] INFO  c.n.e.r.AbstractInstanceRegistry - Running the evict task with compensationTime 0ms
2023-08-25 20:58:56.323 [Eureka-EvictionTimer] INFO  c.n.e.r.AbstractInstanceRegistry - Running the evict task with compensationTime 0ms
2023-08-25 20:59:01.323 [Eureka-EvictionTimer] INFO  c.n.e.r.AbstractInstanceRegistry - Running the evict task with compensationTime 0ms
2023-08-25 20:59:06.323 [Eureka-EvictionTimer] INFO  c.n.e.r.AbstractInstanceRegistry - Running the evict task with compensationTime 0ms
2023-08-25 20:59:11.323 [Eureka-EvictionTimer] INFO  c.n.e.r.AbstractInstanceRegistry - Running the evict task with compensationTime 0ms
2023-08-25 20:59:16.323 [Eureka-EvictionTimer] INFO  c.n.e.r.AbstractInstanceRegistry - Running the evict task with compensationTime 0ms
2023-08-25 20:59:21.323 [Eureka-EvictionTimer] INFO  c.n.e.r.AbstractInstanceRegistry - Running the evict task with compensationTime 0ms
2023-08-25 20:59:26.323 [Eureka-EvictionTimer] INFO  c.n.e.r.AbstractInstanceRegistry - Running the evict task with compensationTime 0ms
2023-08-25 20:59:31.323 [Eureka-EvictionTimer] INFO  c.n.e.r.AbstractInstanceRegistry - Running the evict task with compensationTime 0ms
2023-08-25 20:59:36.323 [Eureka-EvictionTimer] INFO  c.n.e.r.AbstractInstanceRegistry - Running the evict task with compensationTime 0ms
2023-08-25 20:59:41.323 [Eureka-EvictionTimer] INFO  c.n.e.r.AbstractInstanceRegistry - Running the evict task with compensationTime 0ms
2023-08-25 20:59:46.323 [Eureka-EvictionTimer] INFO  c.n.e.r.AbstractInstanceRegistry - Running the evict task with compensationTime 0ms
2023-08-25 20:59:51.323 [Eureka-EvictionTimer] INFO  c.n.e.r.AbstractInstanceRegistry - Running the evict task with compensationTime 0ms
2023-08-25 20:59:56.323 [Eureka-EvictionTimer] INFO  c.n.e.r.AbstractInstanceRegistry - Running the evict task with compensationTime 0ms
2023-08-25 21:00:01.323 [Eureka-EvictionTimer] INFO  c.n.e.r.AbstractInstanceRegistry - Running the evict task with compensationTime 0ms
2023-08-25 21:00:06.323 [Eureka-EvictionTimer] INFO  c.n.e.r.AbstractInstanceRegistry - Running the evict task with compensationTime 0ms
2023-08-25 21:00:11.323 [Eureka-EvictionTimer] INFO  c.n.e.r.AbstractInstanceRegistry - Running the evict task with compensationTime 0ms
2023-08-25 21:00:16.323 [Eureka-EvictionTimer] INFO  c.n.e.r.AbstractInstanceRegistry - Running the evict task with compensationTime 0ms
2023-08-25 21:00:21.323 [Eureka-EvictionTimer] INFO  c.n.e.r.AbstractInstanceRegistry - Running the evict task with compensationTime 0ms
2023-08-25 21:00:26.323 [Eureka-EvictionTimer] INFO  c.n.e.r.AbstractInstanceRegistry - Running the evict task with compensationTime 0ms
2023-08-25 21:00:31.323 [Eureka-EvictionTimer] INFO  c.n.e.r.AbstractInstanceRegistry - Running the evict task with compensationTime 0ms
2023-08-25 21:00:36.323 [Eureka-EvictionTimer] INFO  c.n.e.r.AbstractInstanceRegistry - Running the evict task with compensationTime 0ms
2023-08-25 21:00:41.323 [Eureka-EvictionTimer] INFO  c.n.e.r.AbstractInstanceRegistry - Running the evict task with compensationTime 0ms
2023-08-25 21:00:46.323 [Eureka-EvictionTimer] INFO  c.n.e.r.AbstractInstanceRegistry - Running the evict task with compensationTime 0ms
2023-08-25 21:00:51.323 [Eureka-EvictionTimer] INFO  c.n.e.r.AbstractInstanceRegistry - Running the evict task with compensationTime 0ms
2023-08-25 21:00:56.323 [Eureka-EvictionTimer] INFO  c.n.e.r.AbstractInstanceRegistry - Running the evict task with compensationTime 0ms
2023-08-25 21:01:01.323 [Eureka-EvictionTimer] INFO  c.n.e.r.AbstractInstanceRegistry - Running the evict task with compensationTime 0ms
2023-08-25 21:01:06.323 [Eureka-EvictionTimer] INFO  c.n.e.r.AbstractInstanceRegistry - Running the evict task with compensationTime 0ms
2023-08-25 21:01:11.323 [Eureka-EvictionTimer] INFO  c.n.e.r.AbstractInstanceRegistry - Running the evict task with compensationTime 0ms
2023-08-25 21:01:16.323 [Eureka-EvictionTimer] INFO  c.n.e.r.AbstractInstanceRegistry - Running the evict task with compensationTime 0ms
2023-08-25 21:01:21.323 [Eureka-EvictionTimer] INFO  c.n.e.r.AbstractInstanceRegistry - Running the evict task with compensationTime 0ms
2023-08-25 21:01:26.323 [Eureka-EvictionTimer] INFO  c.n.e.r.AbstractInstanceRegistry - Running the evict task with compensationTime 0ms
2023-08-25 21:01:31.323 [Eureka-EvictionTimer] INFO  c.n.e.r.AbstractInstanceRegistry - Running the evict task with compensationTime 0ms
2023-08-25 21:01:36.323 [Eureka-EvictionTimer] INFO  c.n.e.r.AbstractInstanceRegistry - Running the evict task with compensationTime 0ms
2023-08-25 21:01:41.323 [Eureka-EvictionTimer] INFO  c.n.e.r.AbstractInstanceRegistry - Running the evict task with compensationTime 0ms
2023-08-25 21:01:46.323 [Eureka-EvictionTimer] INFO  c.n.e.r.AbstractInstanceRegistry - Running the evict task with compensationTime 0ms
2023-08-25 21:01:51.323 [Eureka-EvictionTimer] INFO  c.n.e.r.AbstractInstanceRegistry - Running the evict task with compensationTime 0ms
2023-08-25 21:01:56.323 [Eureka-EvictionTimer] INFO  c.n.e.r.AbstractInstanceRegistry - Running the evict task with compensationTime 0ms
2023-08-25 21:02:01.323 [Eureka-EvictionTimer] INFO  c.n.e.r.AbstractInstanceRegistry - Running the evict task with compensationTime 0ms
2023-08-25 21:02:06.323 [Eureka-EvictionTimer] INFO  c.n.e.r.AbstractInstanceRegistry - Running the evict task with compensationTime 0ms
2023-08-25 21:02:11.323 [Eureka-EvictionTimer] INFO  c.n.e.r.AbstractInstanceRegistry - Running the evict task with compensationTime 0ms
2023-08-25 21:02:16.323 [Eureka-EvictionTimer] INFO  c.n.e.r.AbstractInstanceRegistry - Running the evict task with compensationTime 0ms
2023-08-25 21:02:21.323 [Eureka-EvictionTimer] INFO  c.n.e.r.AbstractInstanceRegistry - Running the evict task with compensationTime 0ms
2023-08-25 21:02:26.323 [Eureka-EvictionTimer] INFO  c.n.e.r.AbstractInstanceRegistry - Running the evict task with compensationTime 0ms
2023-08-25 21:02:31.323 [Eureka-EvictionTimer] INFO  c.n.e.r.AbstractInstanceRegistry - Running the evict task with compensationTime 0ms
2023-08-25 21:02:36.323 [Eureka-EvictionTimer] INFO  c.n.e.r.AbstractInstanceRegistry - Running the evict task with compensationTime 0ms
2023-08-25 21:02:41.323 [Eureka-EvictionTimer] INFO  c.n.e.r.AbstractInstanceRegistry - Running the evict task with compensationTime 0ms
2023-08-25 21:02:46.323 [Eureka-EvictionTimer] INFO  c.n.e.r.AbstractInstanceRegistry - Running the evict task with compensationTime 0ms
2023-08-25 21:02:51.323 [Eureka-EvictionTimer] INFO  c.n.e.r.AbstractInstanceRegistry - Running the evict task with compensationTime 0ms
2023-08-25 21:02:56.323 [Eureka-EvictionTimer] INFO  c.n.e.r.AbstractInstanceRegistry - Running the evict task with compensationTime 0ms
2023-08-25 21:03:01.323 [Eureka-EvictionTimer] INFO  c.n.e.r.AbstractInstanceRegistry - Running the evict task with compensationTime 0ms
2023-08-25 21:03:06.323 [Eureka-EvictionTimer] INFO  c.n.e.r.AbstractInstanceRegistry - Running the evict task with compensationTime 0ms
2023-08-25 21:03:11.323 [Eureka-EvictionTimer] INFO  c.n.e.r.AbstractInstanceRegistry - Running the evict task with compensationTime 0ms
2023-08-25 21:03:16.323 [Eureka-EvictionTimer] INFO  c.n.e.r.AbstractInstanceRegistry - Running the evict task with compensationTime 0ms
2023-08-25 21:03:21.323 [Eureka-EvictionTimer] INFO  c.n.e.r.AbstractInstanceRegistry - Running the evict task with compensationTime 0ms
2023-08-25 21:03:26.323 [Eureka-EvictionTimer] INFO  c.n.e.r.AbstractInstanceRegistry - Running the evict task with compensationTime 0ms
2023-08-25 21:03:31.323 [Eureka-EvictionTimer] INFO  c.n.e.r.AbstractInstanceRegistry - Running the evict task with compensationTime 0ms
2023-08-25 21:03:36.323 [Eureka-EvictionTimer] INFO  c.n.e.r.AbstractInstanceRegistry - Running the evict task with compensationTime 0ms
2023-08-25 21:03:41.323 [Eureka-EvictionTimer] INFO  c.n.e.r.AbstractInstanceRegistry - Running the evict task with compensationTime 0ms
2023-08-25 21:03:46.323 [Eureka-EvictionTimer] INFO  c.n.e.r.AbstractInstanceRegistry - Running the evict task with compensationTime 0ms
2023-08-25 21:03:51.323 [Eureka-EvictionTimer] INFO  c.n.e.r.AbstractInstanceRegistry - Running the evict task with compensationTime 0ms
2023-08-25 21:03:56.323 [Eureka-EvictionTimer] INFO  c.n.e.r.AbstractInstanceRegistry - Running the evict task with compensationTime 0ms
2023-08-25 21:04:01.323 [Eureka-EvictionTimer] INFO  c.n.e.r.AbstractInstanceRegistry - Running the evict task with compensationTime 0ms
2023-08-25 21:04:06.323 [Eureka-EvictionTimer] INFO  c.n.e.r.AbstractInstanceRegistry - Running the evict task with compensationTime 0ms
2023-08-25 21:04:11.323 [Eureka-EvictionTimer] INFO  c.n.e.r.AbstractInstanceRegistry - Running the evict task with compensationTime 0ms
2023-08-25 21:04:16.323 [Eureka-EvictionTimer] INFO  c.n.e.r.AbstractInstanceRegistry - Running the evict task with compensationTime 0ms
2023-08-25 21:04:21.323 [Eureka-EvictionTimer] INFO  c.n.e.r.AbstractInstanceRegistry - Running the evict task with compensationTime 0ms
2023-08-25 21:04:26.323 [Eureka-EvictionTimer] INFO  c.n.e.r.AbstractInstanceRegistry - Running the evict task with compensationTime 0ms
2023-08-25 21:04:31.323 [Eureka-EvictionTimer] INFO  c.n.e.r.AbstractInstanceRegistry - Running the evict task with compensationTime 0ms
2023-08-25 21:04:36.323 [Eureka-EvictionTimer] INFO  c.n.e.r.AbstractInstanceRegistry - Running the evict task with compensationTime 0ms
2023-08-25 21:04:41.323 [Eureka-EvictionTimer] INFO  c.n.e.r.AbstractInstanceRegistry - Running the evict task with compensationTime 0ms
2023-08-25 21:04:46.323 [Eureka-EvictionTimer] INFO  c.n.e.r.AbstractInstanceRegistry - Running the evict task with compensationTime 0ms
2023-08-25 21:04:51.323 [Eureka-EvictionTimer] INFO  c.n.e.r.AbstractInstanceRegistry - Running the evict task with compensationTime 0ms
2023-08-25 21:04:56.323 [Eureka-EvictionTimer] INFO  c.n.e.r.AbstractInstanceRegistry - Running the evict task with compensationTime 0ms
2023-08-25 21:05:00.853 [ReplicaAwareInstanceRegistry - RenewalThresholdUpdater] INFO  c.n.e.r.PeerAwareInstanceRegistryImpl - Current renewal threshold is : 0
2023-08-25 21:05:01.323 [Eureka-EvictionTimer] INFO  c.n.e.r.AbstractInstanceRegistry - Running the evict task with compensationTime 0ms
2023-08-25 21:05:06.323 [Eureka-EvictionTimer] INFO  c.n.e.r.AbstractInstanceRegistry - Running the evict task with compensationTime 0ms
2023-08-25 21:05:11.323 [Eureka-EvictionTimer] INFO  c.n.e.r.AbstractInstanceRegistry - Running the evict task with compensationTime 0ms
2023-08-25 21:05:16.323 [Eureka-EvictionTimer] INFO  c.n.e.r.AbstractInstanceRegistry - Running the evict task with compensationTime 0ms
2023-08-25 21:05:21.323 [Eureka-EvictionTimer] INFO  c.n.e.r.AbstractInstanceRegistry - Running the evict task with compensationTime 0ms
2023-08-25 21:05:26.323 [Eureka-EvictionTimer] INFO  c.n.e.r.AbstractInstanceRegistry - Running the evict task with compensationTime 0ms
2023-08-25 21:05:31.323 [Eureka-EvictionTimer] INFO  c.n.e.r.AbstractInstanceRegistry - Running the evict task with compensationTime 0ms
2023-08-25 21:05:36.323 [Eureka-EvictionTimer] INFO  c.n.e.r.AbstractInstanceRegistry - Running the evict task with compensationTime 0ms
2023-08-25 21:05:41.323 [Eureka-EvictionTimer] INFO  c.n.e.r.AbstractInstanceRegistry - Running the evict task with compensationTime 0ms
2023-08-25 21:05:46.323 [Eureka-EvictionTimer] INFO  c.n.e.r.AbstractInstanceRegistry - Running the evict task with compensationTime 0ms
2023-08-25 21:05:51.323 [Eureka-EvictionTimer] INFO  c.n.e.r.AbstractInstanceRegistry - Running the evict task with compensationTime 0ms
2023-08-25 21:05:56.323 [Eureka-EvictionTimer] INFO  c.n.e.r.AbstractInstanceRegistry - Running the evict task with compensationTime 0ms
2023-08-25 21:06:01.323 [Eureka-EvictionTimer] INFO  c.n.e.r.AbstractInstanceRegistry - Running the evict task with compensationTime 0ms
2023-08-25 21:06:06.323 [Eureka-EvictionTimer] INFO  c.n.e.r.AbstractInstanceRegistry - Running the evict task with compensationTime 0ms
2023-08-25 21:06:11.323 [Eureka-EvictionTimer] INFO  c.n.e.r.AbstractInstanceRegistry - Running the evict task with compensationTime 0ms
2023-08-25 21:06:16.323 [Eureka-EvictionTimer] INFO  c.n.e.r.AbstractInstanceRegistry - Running the evict task with compensationTime 0ms
2023-08-25 21:06:21.323 [Eureka-EvictionTimer] INFO  c.n.e.r.AbstractInstanceRegistry - Running the evict task with compensationTime 0ms
2023-08-25 21:06:26.323 [Eureka-EvictionTimer] INFO  c.n.e.r.AbstractInstanceRegistry - Running the evict task with compensationTime 0ms
2023-08-25 21:06:31.323 [Eureka-EvictionTimer] INFO  c.n.e.r.AbstractInstanceRegistry - Running the evict task with compensationTime 0ms
2023-08-25 21:06:36.323 [Eureka-EvictionTimer] INFO  c.n.e.r.AbstractInstanceRegistry - Running the evict task with compensationTime 0ms
2023-08-25 21:06:41.323 [Eureka-EvictionTimer] INFO  c.n.e.r.AbstractInstanceRegistry - Running the evict task with compensationTime 0ms
2023-08-25 21:06:46.323 [Eureka-EvictionTimer] INFO  c.n.e.r.AbstractInstanceRegistry - Running the evict task with compensationTime 0ms
2023-08-25 21:06:51.323 [Eureka-EvictionTimer] INFO  c.n.e.r.AbstractInstanceRegistry - Running the evict task with compensationTime 0ms
2023-08-25 21:06:56.323 [Eureka-EvictionTimer] INFO  c.n.e.r.AbstractInstanceRegistry - Running the evict task with compensationTime 0ms
2023-08-25 21:07:01.323 [Eureka-EvictionTimer] INFO  c.n.e.r.AbstractInstanceRegistry - Running the evict task with compensationTime 0ms
2023-08-25 21:07:06.323 [Eureka-EvictionTimer] INFO  c.n.e.r.AbstractInstanceRegistry - Running the evict task with compensationTime 0ms
2023-08-25 21:07:11.323 [Eureka-EvictionTimer] INFO  c.n.e.r.AbstractInstanceRegistry - Running the evict task with compensationTime 0ms
2023-08-25 21:07:16.323 [Eureka-EvictionTimer] INFO  c.n.e.r.AbstractInstanceRegistry - Running the evict task with compensationTime 0ms
2023-08-25 21:07:21.323 [Eureka-EvictionTimer] INFO  c.n.e.r.AbstractInstanceRegistry - Running the evict task with compensationTime 0ms
2023-08-25 21:07:26.323 [Eureka-EvictionTimer] INFO  c.n.e.r.AbstractInstanceRegistry - Running the evict task with compensationTime 0ms
2023-08-25 21:07:31.323 [Eureka-EvictionTimer] INFO  c.n.e.r.AbstractInstanceRegistry - Running the evict task with compensationTime 0ms
2023-08-25 21:07:36.323 [Eureka-EvictionTimer] INFO  c.n.e.r.AbstractInstanceRegistry - Running the evict task with compensationTime 0ms
2023-08-25 21:07:41.323 [Eureka-EvictionTimer] INFO  c.n.e.r.AbstractInstanceRegistry - Running the evict task with compensationTime 0ms
2023-08-25 21:07:46.323 [Eureka-EvictionTimer] INFO  c.n.e.r.AbstractInstanceRegistry - Running the evict task with compensationTime 0ms
2023-08-25 21:07:51.323 [Eureka-EvictionTimer] INFO  c.n.e.r.AbstractInstanceRegistry - Running the evict task with compensationTime 0ms
2023-08-25 21:07:56.323 [Eureka-EvictionTimer] INFO  c.n.e.r.AbstractInstanceRegistry - Running the evict task with compensationTime 0ms
2023-08-25 21:08:01.323 [Eureka-EvictionTimer] INFO  c.n.e.r.AbstractInstanceRegistry - Running the evict task with compensationTime 0ms
2023-08-25 21:08:06.323 [Eureka-EvictionTimer] INFO  c.n.e.r.AbstractInstanceRegistry - Running the evict task with compensationTime 0ms
2023-08-25 21:08:11.323 [Eureka-EvictionTimer] INFO  c.n.e.r.AbstractInstanceRegistry - Running the evict task with compensationTime 0ms
2023-08-25 21:08:16.323 [Eureka-EvictionTimer] INFO  c.n.e.r.AbstractInstanceRegistry - Running the evict task with compensationTime 0ms
2023-08-25 21:08:21.323 [Eureka-EvictionTimer] INFO  c.n.e.r.AbstractInstanceRegistry - Running the evict task with compensationTime 0ms
2023-08-25 21:08:26.323 [Eureka-EvictionTimer] INFO  c.n.e.r.AbstractInstanceRegistry - Running the evict task with compensationTime 0ms
2023-08-25 21:08:31.323 [Eureka-EvictionTimer] INFO  c.n.e.r.AbstractInstanceRegistry - Running the evict task with compensationTime 0ms
2023-08-25 21:08:36.323 [Eureka-EvictionTimer] INFO  c.n.e.r.AbstractInstanceRegistry - Running the evict task with compensationTime 0ms
2023-08-25 21:08:41.323 [Eureka-EvictionTimer] INFO  c.n.e.r.AbstractInstanceRegistry - Running the evict task with compensationTime 0ms
2023-08-25 21:08:46.323 [Eureka-EvictionTimer] INFO  c.n.e.r.AbstractInstanceRegistry - Running the evict task with compensationTime 0ms
2023-08-25 21:08:51.323 [Eureka-EvictionTimer] INFO  c.n.e.r.AbstractInstanceRegistry - Running the evict task with compensationTime 0ms
2023-08-25 21:08:56.323 [Eureka-EvictionTimer] INFO  c.n.e.r.AbstractInstanceRegistry - Running the evict task with compensationTime 0ms
2023-08-25 21:09:01.323 [Eureka-EvictionTimer] INFO  c.n.e.r.AbstractInstanceRegistry - Running the evict task with compensationTime 0ms
2023-08-25 21:09:06.323 [Eureka-EvictionTimer] INFO  c.n.e.r.AbstractInstanceRegistry - Running the evict task with compensationTime 0ms
2023-08-25 21:09:11.323 [Eureka-EvictionTimer] INFO  c.n.e.r.AbstractInstanceRegistry - Running the evict task with compensationTime 0ms
2023-08-25 21:09:16.323 [Eureka-EvictionTimer] INFO  c.n.e.r.AbstractInstanceRegistry - Running the evict task with compensationTime 0ms
2023-08-25 21:09:21.323 [Eureka-EvictionTimer] INFO  c.n.e.r.AbstractInstanceRegistry - Running the evict task with compensationTime 0ms
2023-08-25 21:09:26.323 [Eureka-EvictionTimer] INFO  c.n.e.r.AbstractInstanceRegistry - Running the evict task with compensationTime 0ms
2023-08-25 21:09:31.323 [Eureka-EvictionTimer] INFO  c.n.e.r.AbstractInstanceRegistry - Running the evict task with compensationTime 0ms
2023-08-25 21:09:36.323 [Eureka-EvictionTimer] INFO  c.n.e.r.AbstractInstanceRegistry - Running the evict task with compensationTime 0ms
2023-08-25 21:09:41.323 [Eureka-EvictionTimer] INFO  c.n.e.r.AbstractInstanceRegistry - Running the evict task with compensationTime 0ms
2023-08-25 21:09:46.323 [Eureka-EvictionTimer] INFO  c.n.e.r.AbstractInstanceRegistry - Running the evict task with compensationTime 0ms
2023-08-25 21:09:51.323 [Eureka-EvictionTimer] INFO  c.n.e.r.AbstractInstanceRegistry - Running the evict task with compensationTime 0ms
2023-08-25 21:09:56.323 [Eureka-EvictionTimer] INFO  c.n.e.r.AbstractInstanceRegistry - Running the evict task with compensationTime 0ms
2023-08-25 21:10:01.323 [Eureka-EvictionTimer] INFO  c.n.e.r.AbstractInstanceRegistry - Running the evict task with compensationTime 0ms
2023-08-25 21:10:06.323 [Eureka-EvictionTimer] INFO  c.n.e.r.AbstractInstanceRegistry - Running the evict task with compensationTime 0ms
2023-08-25 21:10:11.323 [Eureka-EvictionTimer] INFO  c.n.e.r.AbstractInstanceRegistry - Running the evict task with compensationTime 0ms
2023-08-25 21:10:16.323 [Eureka-EvictionTimer] INFO  c.n.e.r.AbstractInstanceRegistry - Running the evict task with compensationTime 0ms
2023-08-25 21:10:21.323 [Eureka-EvictionTimer] INFO  c.n.e.r.AbstractInstanceRegistry - Running the evict task with compensationTime 0ms
2023-08-25 21:10:26.323 [Eureka-EvictionTimer] INFO  c.n.e.r.AbstractInstanceRegistry - Running the evict task with compensationTime 0ms
2023-08-25 21:10:31.323 [Eureka-EvictionTimer] INFO  c.n.e.r.AbstractInstanceRegistry - Running the evict task with compensationTime 0ms
2023-08-25 21:10:36.323 [Eureka-EvictionTimer] INFO  c.n.e.r.AbstractInstanceRegistry - Running the evict task with compensationTime 0ms
2023-08-25 21:10:41.323 [Eureka-EvictionTimer] INFO  c.n.e.r.AbstractInstanceRegistry - Running the evict task with compensationTime 0ms
2023-08-25 21:10:46.323 [Eureka-EvictionTimer] INFO  c.n.e.r.AbstractInstanceRegistry - Running the evict task with compensationTime 0ms
2023-08-25 21:10:51.323 [Eureka-EvictionTimer] INFO  c.n.e.r.AbstractInstanceRegistry - Running the evict task with compensationTime 0ms
2023-08-25 21:10:56.323 [Eureka-EvictionTimer] INFO  c.n.e.r.AbstractInstanceRegistry - Running the evict task with compensationTime 0ms
2023-08-25 21:11:01.323 [Eureka-EvictionTimer] INFO  c.n.e.r.AbstractInstanceRegistry - Running the evict task with compensationTime 0ms
2023-08-25 21:11:06.323 [Eureka-EvictionTimer] INFO  c.n.e.r.AbstractInstanceRegistry - Running the evict task with compensationTime 0ms
2023-08-25 21:11:11.323 [Eureka-EvictionTimer] INFO  c.n.e.r.AbstractInstanceRegistry - Running the evict task with compensationTime 0ms
2023-08-25 21:11:16.323 [Eureka-EvictionTimer] INFO  c.n.e.r.AbstractInstanceRegistry - Running the evict task with compensationTime 0ms
2023-08-25 21:11:21.323 [Eureka-EvictionTimer] INFO  c.n.e.r.AbstractInstanceRegistry - Running the evict task with compensationTime 0ms
2023-08-25 21:11:26.323 [Eureka-EvictionTimer] INFO  c.n.e.r.AbstractInstanceRegistry - Running the evict task with compensationTime 0ms
2023-08-25 21:11:31.323 [Eureka-EvictionTimer] INFO  c.n.e.r.AbstractInstanceRegistry - Running the evict task with compensationTime 0ms
2023-08-25 21:11:36.323 [Eureka-EvictionTimer] INFO  c.n.e.r.AbstractInstanceRegistry - Running the evict task with compensationTime 0ms
2023-08-25 21:11:41.323 [Eureka-EvictionTimer] INFO  c.n.e.r.AbstractInstanceRegistry - Running the evict task with compensationTime 0ms
2023-08-25 21:11:46.323 [Eureka-EvictionTimer] INFO  c.n.e.r.AbstractInstanceRegistry - Running the evict task with compensationTime 0ms
2023-08-25 21:11:51.323 [Eureka-EvictionTimer] INFO  c.n.e.r.AbstractInstanceRegistry - Running the evict task with compensationTime 0ms
2023-08-25 21:11:56.323 [Eureka-EvictionTimer] INFO  c.n.e.r.AbstractInstanceRegistry - Running the evict task with compensationTime 0ms
2023-08-25 21:12:01.323 [Eureka-EvictionTimer] INFO  c.n.e.r.AbstractInstanceRegistry - Running the evict task with compensationTime 0ms
2023-08-25 21:12:06.323 [Eureka-EvictionTimer] INFO  c.n.e.r.AbstractInstanceRegistry - Running the evict task with compensationTime 0ms
2023-08-25 21:12:11.323 [Eureka-EvictionTimer] INFO  c.n.e.r.AbstractInstanceRegistry - Running the evict task with compensationTime 0ms
2023-08-25 21:12:16.323 [Eureka-EvictionTimer] INFO  c.n.e.r.AbstractInstanceRegistry - Running the evict task with compensationTime 0ms
2023-08-25 21:12:21.323 [Eureka-EvictionTimer] INFO  c.n.e.r.AbstractInstanceRegistry - Running the evict task with compensationTime 0ms
2023-08-25 21:12:26.323 [Eureka-EvictionTimer] INFO  c.n.e.r.AbstractInstanceRegistry - Running the evict task with compensationTime 0ms
2023-08-25 21:12:31.323 [Eureka-EvictionTimer] INFO  c.n.e.r.AbstractInstanceRegistry - Running the evict task with compensationTime 0ms
2023-08-25 21:12:36.323 [Eureka-EvictionTimer] INFO  c.n.e.r.AbstractInstanceRegistry - Running the evict task with compensationTime 0ms
2023-08-25 21:12:41.323 [Eureka-EvictionTimer] INFO  c.n.e.r.AbstractInstanceRegistry - Running the evict task with compensationTime 0ms
2023-08-25 21:12:46.323 [Eureka-EvictionTimer] INFO  c.n.e.r.AbstractInstanceRegistry - Running the evict task with compensationTime 0ms
2023-08-25 21:12:51.323 [Eureka-EvictionTimer] INFO  c.n.e.r.AbstractInstanceRegistry - Running the evict task with compensationTime 0ms
2023-08-25 21:12:56.323 [Eureka-EvictionTimer] INFO  c.n.e.r.AbstractInstanceRegistry - Running the evict task with compensationTime 0ms
2023-08-25 21:13:01.323 [Eureka-EvictionTimer] INFO  c.n.e.r.AbstractInstanceRegistry - Running the evict task with compensationTime 0ms
2023-08-25 21:13:06.323 [Eureka-EvictionTimer] INFO  c.n.e.r.AbstractInstanceRegistry - Running the evict task with compensationTime 0ms
2023-08-25 21:13:11.323 [Eureka-EvictionTimer] INFO  c.n.e.r.AbstractInstanceRegistry - Running the evict task with compensationTime 0ms
2023-08-25 21:13:16.323 [Eureka-EvictionTimer] INFO  c.n.e.r.AbstractInstanceRegistry - Running the evict task with compensationTime 0ms
2023-08-25 21:13:21.323 [Eureka-EvictionTimer] INFO  c.n.e.r.AbstractInstanceRegistry - Running the evict task with compensationTime 0ms
2023-08-25 21:13:26.323 [Eureka-EvictionTimer] INFO  c.n.e.r.AbstractInstanceRegistry - Running the evict task with compensationTime 0ms
2023-08-25 21:13:31.323 [Eureka-EvictionTimer] INFO  c.n.e.r.AbstractInstanceRegistry - Running the evict task with compensationTime 0ms
2023-08-25 21:13:36.323 [Eureka-EvictionTimer] INFO  c.n.e.r.AbstractInstanceRegistry - Running the evict task with compensationTime 0ms
2023-08-25 21:13:41.323 [Eureka-EvictionTimer] INFO  c.n.e.r.AbstractInstanceRegistry - Running the evict task with compensationTime 0ms
2023-08-25 21:13:46.323 [Eureka-EvictionTimer] INFO  c.n.e.r.AbstractInstanceRegistry - Running the evict task with compensationTime 0ms
2023-08-25 21:13:51.323 [Eureka-EvictionTimer] INFO  c.n.e.r.AbstractInstanceRegistry - Running the evict task with compensationTime 0ms
2023-08-25 21:13:56.323 [Eureka-EvictionTimer] INFO  c.n.e.r.AbstractInstanceRegistry - Running the evict task with compensationTime 0ms
2023-08-25 21:14:01.323 [Eureka-EvictionTimer] INFO  c.n.e.r.AbstractInstanceRegistry - Running the evict task with compensationTime 0ms
2023-08-25 21:14:06.323 [Eureka-EvictionTimer] INFO  c.n.e.r.AbstractInstanceRegistry - Running the evict task with compensationTime 0ms
2023-08-25 21:14:11.323 [Eureka-EvictionTimer] INFO  c.n.e.r.AbstractInstanceRegistry - Running the evict task with compensationTime 0ms
2023-08-25 21:14:16.323 [Eureka-EvictionTimer] INFO  c.n.e.r.AbstractInstanceRegistry - Running the evict task with compensationTime 0ms
2023-08-25 21:14:21.323 [Eureka-EvictionTimer] INFO  c.n.e.r.AbstractInstanceRegistry - Running the evict task with compensationTime 0ms
2023-08-25 21:14:26.323 [Eureka-EvictionTimer] INFO  c.n.e.r.AbstractInstanceRegistry - Running the evict task with compensationTime 0ms
2023-08-25 21:14:31.323 [Eureka-EvictionTimer] INFO  c.n.e.r.AbstractInstanceRegistry - Running the evict task with compensationTime 0ms
2023-08-25 21:14:36.323 [Eureka-EvictionTimer] INFO  c.n.e.r.AbstractInstanceRegistry - Running the evict task with compensationTime 0ms
2023-08-25 21:14:41.323 [Eureka-EvictionTimer] INFO  c.n.e.r.AbstractInstanceRegistry - Running the evict task with compensationTime 0ms
2023-08-25 21:14:46.323 [Eureka-EvictionTimer] INFO  c.n.e.r.AbstractInstanceRegistry - Running the evict task with compensationTime 0ms
2023-08-25 21:14:51.323 [Eureka-EvictionTimer] INFO  c.n.e.r.AbstractInstanceRegistry - Running the evict task with compensationTime 0ms
2023-08-25 21:14:56.323 [Eureka-EvictionTimer] INFO  c.n.e.r.AbstractInstanceRegistry - Running the evict task with compensationTime 0ms
2023-08-25 21:15:01.323 [Eureka-EvictionTimer] INFO  c.n.e.r.AbstractInstanceRegistry - Running the evict task with compensationTime 0ms
2023-08-25 21:15:06.323 [Eureka-EvictionTimer] INFO  c.n.e.r.AbstractInstanceRegistry - Running the evict task with compensationTime 0ms
2023-08-25 21:15:11.323 [Eureka-EvictionTimer] INFO  c.n.e.r.AbstractInstanceRegistry - Running the evict task with compensationTime 0ms
2023-08-25 21:15:16.323 [Eureka-EvictionTimer] INFO  c.n.e.r.AbstractInstanceRegistry - Running the evict task with compensationTime 0ms
2023-08-25 21:15:21.323 [Eureka-EvictionTimer] INFO  c.n.e.r.AbstractInstanceRegistry - Running the evict task with compensationTime 0ms
2023-08-25 21:15:26.323 [Eureka-EvictionTimer] INFO  c.n.e.r.AbstractInstanceRegistry - Running the evict task with compensationTime 0ms
2023-08-25 21:15:31.323 [Eureka-EvictionTimer] INFO  c.n.e.r.AbstractInstanceRegistry - Running the evict task with compensationTime 0ms
2023-08-25 21:15:36.323 [Eureka-EvictionTimer] INFO  c.n.e.r.AbstractInstanceRegistry - Running the evict task with compensationTime 0ms
2023-08-25 21:15:41.323 [Eureka-EvictionTimer] INFO  c.n.e.r.AbstractInstanceRegistry - Running the evict task with compensationTime 0ms
2023-08-25 21:15:46.323 [Eureka-EvictionTimer] INFO  c.n.e.r.AbstractInstanceRegistry - Running the evict task with compensationTime 0ms
2023-08-25 21:15:51.323 [Eureka-EvictionTimer] INFO  c.n.e.r.AbstractInstanceRegistry - Running the evict task with compensationTime 0ms
2023-08-25 21:15:56.323 [Eureka-EvictionTimer] INFO  c.n.e.r.AbstractInstanceRegistry - Running the evict task with compensationTime 0ms
2023-08-25 21:16:01.323 [Eureka-EvictionTimer] INFO  c.n.e.r.AbstractInstanceRegistry - Running the evict task with compensationTime 0ms
2023-08-25 21:16:06.323 [Eureka-EvictionTimer] INFO  c.n.e.r.AbstractInstanceRegistry - Running the evict task with compensationTime 0ms
2023-08-25 21:16:11.323 [Eureka-EvictionTimer] INFO  c.n.e.r.AbstractInstanceRegistry - Running the evict task with compensationTime 0ms
2023-08-25 21:16:16.323 [Eureka-EvictionTimer] INFO  c.n.e.r.AbstractInstanceRegistry - Running the evict task with compensationTime 0ms
2023-08-25 21:16:21.323 [Eureka-EvictionTimer] INFO  c.n.e.r.AbstractInstanceRegistry - Running the evict task with compensationTime 0ms
2023-08-25 21:16:26.323 [Eureka-EvictionTimer] INFO  c.n.e.r.AbstractInstanceRegistry - Running the evict task with compensationTime 0ms
2023-08-25 21:16:31.323 [Eureka-EvictionTimer] INFO  c.n.e.r.AbstractInstanceRegistry - Running the evict task with compensationTime 0ms
2023-08-25 21:16:36.323 [Eureka-EvictionTimer] INFO  c.n.e.r.AbstractInstanceRegistry - Running the evict task with compensationTime 0ms
2023-08-25 21:16:41.323 [Eureka-EvictionTimer] INFO  c.n.e.r.AbstractInstanceRegistry - Running the evict task with compensationTime 0ms
2023-08-25 21:16:46.323 [Eureka-EvictionTimer] INFO  c.n.e.r.AbstractInstanceRegistry - Running the evict task with compensationTime 0ms
2023-08-25 21:16:51.323 [Eureka-EvictionTimer] INFO  c.n.e.r.AbstractInstanceRegistry - Running the evict task with compensationTime 0ms
2023-08-25 21:16:56.323 [Eureka-EvictionTimer] INFO  c.n.e.r.AbstractInstanceRegistry - Running the evict task with compensationTime 0ms
2023-08-25 21:17:01.323 [Eureka-EvictionTimer] INFO  c.n.e.r.AbstractInstanceRegistry - Running the evict task with compensationTime 0ms
2023-08-25 21:17:06.323 [Eureka-EvictionTimer] INFO  c.n.e.r.AbstractInstanceRegistry - Running the evict task with compensationTime 0ms
2023-08-25 21:17:11.323 [Eureka-EvictionTimer] INFO  c.n.e.r.AbstractInstanceRegistry - Running the evict task with compensationTime 0ms
2023-08-25 21:17:16.323 [Eureka-EvictionTimer] INFO  c.n.e.r.AbstractInstanceRegistry - Running the evict task with compensationTime 0ms
2023-08-25 21:17:21.323 [Eureka-EvictionTimer] INFO  c.n.e.r.AbstractInstanceRegistry - Running the evict task with compensationTime 0ms
2023-08-25 21:17:26.323 [Eureka-EvictionTimer] INFO  c.n.e.r.AbstractInstanceRegistry - Running the evict task with compensationTime 0ms
2023-08-25 21:17:31.323 [Eureka-EvictionTimer] INFO  c.n.e.r.AbstractInstanceRegistry - Running the evict task with compensationTime 0ms
2023-08-25 21:17:36.323 [Eureka-EvictionTimer] INFO  c.n.e.r.AbstractInstanceRegistry - Running the evict task with compensationTime 0ms
2023-08-25 21:17:41.323 [Eureka-EvictionTimer] INFO  c.n.e.r.AbstractInstanceRegistry - Running the evict task with compensationTime 0ms
2023-08-25 21:17:46.323 [Eureka-EvictionTimer] INFO  c.n.e.r.AbstractInstanceRegistry - Running the evict task with compensationTime 0ms
2023-08-25 21:17:51.323 [Eureka-EvictionTimer] INFO  c.n.e.r.AbstractInstanceRegistry - Running the evict task with compensationTime 0ms
2023-08-25 21:17:56.323 [Eureka-EvictionTimer] INFO  c.n.e.r.AbstractInstanceRegistry - Running the evict task with compensationTime 0ms
2023-08-25 21:18:01.323 [Eureka-EvictionTimer] INFO  c.n.e.r.AbstractInstanceRegistry - Running the evict task with compensationTime 0ms
2023-08-25 21:18:06.323 [Eureka-EvictionTimer] INFO  c.n.e.r.AbstractInstanceRegistry - Running the evict task with compensationTime 0ms
2023-08-25 21:18:11.323 [Eureka-EvictionTimer] INFO  c.n.e.r.AbstractInstanceRegistry - Running the evict task with compensationTime 0ms
2023-08-25 21:18:16.323 [Eureka-EvictionTimer] INFO  c.n.e.r.AbstractInstanceRegistry - Running the evict task with compensationTime 0ms
2023-08-25 21:18:21.323 [Eureka-EvictionTimer] INFO  c.n.e.r.AbstractInstanceRegistry - Running the evict task with compensationTime 0ms
2023-08-25 21:18:26.323 [Eureka-EvictionTimer] INFO  c.n.e.r.AbstractInstanceRegistry - Running the evict task with compensationTime 0ms
2023-08-25 21:18:31.323 [Eureka-EvictionTimer] INFO  c.n.e.r.AbstractInstanceRegistry - Running the evict task with compensationTime 0ms
2023-08-25 21:18:36.323 [Eureka-EvictionTimer] INFO  c.n.e.r.AbstractInstanceRegistry - Running the evict task with compensationTime 0ms
2023-08-25 21:18:41.323 [Eureka-EvictionTimer] INFO  c.n.e.r.AbstractInstanceRegistry - Running the evict task with compensationTime 0ms
2023-08-25 21:18:46.323 [Eureka-EvictionTimer] INFO  c.n.e.r.AbstractInstanceRegistry - Running the evict task with compensationTime 0ms
2023-08-25 21:18:51.323 [Eureka-EvictionTimer] INFO  c.n.e.r.AbstractInstanceRegistry - Running the evict task with compensationTime 0ms
2023-08-25 21:18:56.323 [Eureka-EvictionTimer] INFO  c.n.e.r.AbstractInstanceRegistry - Running the evict task with compensationTime 0ms
2023-08-25 21:19:01.323 [Eureka-EvictionTimer] INFO  c.n.e.r.AbstractInstanceRegistry - Running the evict task with compensationTime 0ms
2023-08-25 21:19:06.323 [Eureka-EvictionTimer] INFO  c.n.e.r.AbstractInstanceRegistry - Running the evict task with compensationTime 0ms
2023-08-25 21:19:11.323 [Eureka-EvictionTimer] INFO  c.n.e.r.AbstractInstanceRegistry - Running the evict task with compensationTime 0ms
2023-08-25 21:19:16.323 [Eureka-EvictionTimer] INFO  c.n.e.r.AbstractInstanceRegistry - Running the evict task with compensationTime 0ms
2023-08-25 21:19:21.323 [Eureka-EvictionTimer] INFO  c.n.e.r.AbstractInstanceRegistry - Running the evict task with compensationTime 0ms
2023-08-25 21:19:26.323 [Eureka-EvictionTimer] INFO  c.n.e.r.AbstractInstanceRegistry - Running the evict task with compensationTime 0ms
2023-08-25 21:19:31.323 [Eureka-EvictionTimer] INFO  c.n.e.r.AbstractInstanceRegistry - Running the evict task with compensationTime 0ms
2023-08-25 21:19:36.323 [Eureka-EvictionTimer] INFO  c.n.e.r.AbstractInstanceRegistry - Running the evict task with compensationTime 0ms
2023-08-25 21:19:41.323 [Eureka-EvictionTimer] INFO  c.n.e.r.AbstractInstanceRegistry - Running the evict task with compensationTime 0ms
2023-08-25 21:19:46.323 [Eureka-EvictionTimer] INFO  c.n.e.r.AbstractInstanceRegistry - Running the evict task with compensationTime 0ms
2023-08-25 21:19:51.323 [Eureka-EvictionTimer] INFO  c.n.e.r.AbstractInstanceRegistry - Running the evict task with compensationTime 0ms
2023-08-25 21:19:56.323 [Eureka-EvictionTimer] INFO  c.n.e.r.AbstractInstanceRegistry - Running the evict task with compensationTime 0ms
2023-08-25 21:20:00.853 [ReplicaAwareInstanceRegistry - RenewalThresholdUpdater] INFO  c.n.e.r.PeerAwareInstanceRegistryImpl - Current renewal threshold is : 0
2023-08-25 21:20:01.323 [Eureka-EvictionTimer] INFO  c.n.e.r.AbstractInstanceRegistry - Running the evict task with compensationTime 0ms
2023-08-25 21:20:06.323 [Eureka-EvictionTimer] INFO  c.n.e.r.AbstractInstanceRegistry - Running the evict task with compensationTime 0ms
2023-08-25 21:20:11.323 [Eureka-EvictionTimer] INFO  c.n.e.r.AbstractInstanceRegistry - Running the evict task with compensationTime 0ms
2023-08-25 21:20:16.323 [Eureka-EvictionTimer] INFO  c.n.e.r.AbstractInstanceRegistry - Running the evict task with compensationTime 0ms
2023-08-25 21:20:21.323 [Eureka-EvictionTimer] INFO  c.n.e.r.AbstractInstanceRegistry - Running the evict task with compensationTime 0ms
2023-08-25 21:20:26.323 [Eureka-EvictionTimer] INFO  c.n.e.r.AbstractInstanceRegistry - Running the evict task with compensationTime 0ms
2023-08-25 21:20:31.323 [Eureka-EvictionTimer] INFO  c.n.e.r.AbstractInstanceRegistry - Running the evict task with compensationTime 0ms
2023-08-25 21:20:36.323 [Eureka-EvictionTimer] INFO  c.n.e.r.AbstractInstanceRegistry - Running the evict task with compensationTime 0ms
2023-08-25 21:20:41.323 [Eureka-EvictionTimer] INFO  c.n.e.r.AbstractInstanceRegistry - Running the evict task with compensationTime 0ms
2023-08-25 21:20:46.323 [Eureka-EvictionTimer] INFO  c.n.e.r.AbstractInstanceRegistry - Running the evict task with compensationTime 0ms
2023-08-25 21:20:51.323 [Eureka-EvictionTimer] INFO  c.n.e.r.AbstractInstanceRegistry - Running the evict task with compensationTime 0ms
2023-08-25 21:20:56.323 [Eureka-EvictionTimer] INFO  c.n.e.r.AbstractInstanceRegistry - Running the evict task with compensationTime 0ms
2023-08-25 21:21:01.323 [Eureka-EvictionTimer] INFO  c.n.e.r.AbstractInstanceRegistry - Running the evict task with compensationTime 0ms
2023-08-25 21:21:06.323 [Eureka-EvictionTimer] INFO  c.n.e.r.AbstractInstanceRegistry - Running the evict task with compensationTime 0ms
2023-08-25 21:21:11.323 [Eureka-EvictionTimer] INFO  c.n.e.r.AbstractInstanceRegistry - Running the evict task with compensationTime 0ms
2023-08-25 21:21:16.323 [Eureka-EvictionTimer] INFO  c.n.e.r.AbstractInstanceRegistry - Running the evict task with compensationTime 0ms
2023-08-25 21:21:21.323 [Eureka-EvictionTimer] INFO  c.n.e.r.AbstractInstanceRegistry - Running the evict task with compensationTime 0ms
2023-08-25 21:21:26.323 [Eureka-EvictionTimer] INFO  c.n.e.r.AbstractInstanceRegistry - Running the evict task with compensationTime 0ms
2023-08-25 21:21:31.323 [Eureka-EvictionTimer] INFO  c.n.e.r.AbstractInstanceRegistry - Running the evict task with compensationTime 0ms
2023-08-25 21:21:36.323 [Eureka-EvictionTimer] INFO  c.n.e.r.AbstractInstanceRegistry - Running the evict task with compensationTime 0ms
2023-08-25 21:21:41.323 [Eureka-EvictionTimer] INFO  c.n.e.r.AbstractInstanceRegistry - Running the evict task with compensationTime 0ms
2023-08-25 21:21:46.323 [Eureka-EvictionTimer] INFO  c.n.e.r.AbstractInstanceRegistry - Running the evict task with compensationTime 0ms
2023-08-25 21:21:51.323 [Eureka-EvictionTimer] INFO  c.n.e.r.AbstractInstanceRegistry - Running the evict task with compensationTime 0ms
2023-08-25 21:21:56.323 [Eureka-EvictionTimer] INFO  c.n.e.r.AbstractInstanceRegistry - Running the evict task with compensationTime 0ms
2023-08-25 21:22:01.323 [Eureka-EvictionTimer] INFO  c.n.e.r.AbstractInstanceRegistry - Running the evict task with compensationTime 0ms
2023-08-25 21:22:06.323 [Eureka-EvictionTimer] INFO  c.n.e.r.AbstractInstanceRegistry - Running the evict task with compensationTime 0ms
2023-08-25 21:22:11.323 [Eureka-EvictionTimer] INFO  c.n.e.r.AbstractInstanceRegistry - Running the evict task with compensationTime 0ms
2023-08-25 21:22:16.323 [Eureka-EvictionTimer] INFO  c.n.e.r.AbstractInstanceRegistry - Running the evict task with compensationTime 0ms
2023-08-25 21:22:21.323 [Eureka-EvictionTimer] INFO  c.n.e.r.AbstractInstanceRegistry - Running the evict task with compensationTime 0ms
2023-08-25 21:22:26.323 [Eureka-EvictionTimer] INFO  c.n.e.r.AbstractInstanceRegistry - Running the evict task with compensationTime 0ms
2023-08-25 21:22:31.323 [Eureka-EvictionTimer] INFO  c.n.e.r.AbstractInstanceRegistry - Running the evict task with compensationTime 0ms
2023-08-25 21:22:36.323 [Eureka-EvictionTimer] INFO  c.n.e.r.AbstractInstanceRegistry - Running the evict task with compensationTime 0ms
2023-08-25 21:22:41.323 [Eureka-EvictionTimer] INFO  c.n.e.r.AbstractInstanceRegistry - Running the evict task with compensationTime 0ms
2023-08-25 21:22:46.323 [Eureka-EvictionTimer] INFO  c.n.e.r.AbstractInstanceRegistry - Running the evict task with compensationTime 0ms
2023-08-25 21:22:51.323 [Eureka-EvictionTimer] INFO  c.n.e.r.AbstractInstanceRegistry - Running the evict task with compensationTime 0ms
2023-08-25 21:22:56.323 [Eureka-EvictionTimer] INFO  c.n.e.r.AbstractInstanceRegistry - Running the evict task with compensationTime 0ms
2023-08-25 21:23:01.323 [Eureka-EvictionTimer] INFO  c.n.e.r.AbstractInstanceRegistry - Running the evict task with compensationTime 0ms
2023-08-25 21:23:06.323 [Eureka-EvictionTimer] INFO  c.n.e.r.AbstractInstanceRegistry - Running the evict task with compensationTime 0ms
2023-08-25 21:23:11.323 [Eureka-EvictionTimer] INFO  c.n.e.r.AbstractInstanceRegistry - Running the evict task with compensationTime 0ms
2023-08-25 21:23:16.323 [Eureka-EvictionTimer] INFO  c.n.e.r.AbstractInstanceRegistry - Running the evict task with compensationTime 0ms
2023-08-25 21:23:21.323 [Eureka-EvictionTimer] INFO  c.n.e.r.AbstractInstanceRegistry - Running the evict task with compensationTime 0ms
2023-08-25 21:23:26.323 [Eureka-EvictionTimer] INFO  c.n.e.r.AbstractInstanceRegistry - Running the evict task with compensationTime 0ms
2023-08-25 21:23:31.323 [Eureka-EvictionTimer] INFO  c.n.e.r.AbstractInstanceRegistry - Running the evict task with compensationTime 0ms
2023-08-25 21:23:36.323 [Eureka-EvictionTimer] INFO  c.n.e.r.AbstractInstanceRegistry - Running the evict task with compensationTime 0ms
2023-08-25 21:23:41.323 [Eureka-EvictionTimer] INFO  c.n.e.r.AbstractInstanceRegistry - Running the evict task with compensationTime 0ms
2023-08-25 21:23:46.323 [Eureka-EvictionTimer] INFO  c.n.e.r.AbstractInstanceRegistry - Running the evict task with compensationTime 0ms
2023-08-25 21:23:51.323 [Eureka-EvictionTimer] INFO  c.n.e.r.AbstractInstanceRegistry - Running the evict task with compensationTime 0ms
2023-08-25 21:23:56.323 [Eureka-EvictionTimer] INFO  c.n.e.r.AbstractInstanceRegistry - Running the evict task with compensationTime 0ms
2023-08-25 21:24:01.323 [Eureka-EvictionTimer] INFO  c.n.e.r.AbstractInstanceRegistry - Running the evict task with compensationTime 0ms
2023-08-25 21:24:06.323 [Eureka-EvictionTimer] INFO  c.n.e.r.AbstractInstanceRegistry - Running the evict task with compensationTime 0ms
2023-08-25 21:24:11.323 [Eureka-EvictionTimer] INFO  c.n.e.r.AbstractInstanceRegistry - Running the evict task with compensationTime 0ms
2023-08-25 21:24:16.323 [Eureka-EvictionTimer] INFO  c.n.e.r.AbstractInstanceRegistry - Running the evict task with compensationTime 0ms
2023-08-25 21:24:21.323 [Eureka-EvictionTimer] INFO  c.n.e.r.AbstractInstanceRegistry - Running the evict task with compensationTime 0ms
2023-08-25 21:24:26.323 [Eureka-EvictionTimer] INFO  c.n.e.r.AbstractInstanceRegistry - Running the evict task with compensationTime 0ms
2023-08-25 21:24:31.323 [Eureka-EvictionTimer] INFO  c.n.e.r.AbstractInstanceRegistry - Running the evict task with compensationTime 0ms
2023-08-25 21:24:36.323 [Eureka-EvictionTimer] INFO  c.n.e.r.AbstractInstanceRegistry - Running the evict task with compensationTime 0ms
2023-08-25 21:24:41.323 [Eureka-EvictionTimer] INFO  c.n.e.r.AbstractInstanceRegistry - Running the evict task with compensationTime 0ms
2023-08-25 21:24:46.323 [Eureka-EvictionTimer] INFO  c.n.e.r.AbstractInstanceRegistry - Running the evict task with compensationTime 0ms
2023-08-25 21:24:51.323 [Eureka-EvictionTimer] INFO  c.n.e.r.AbstractInstanceRegistry - Running the evict task with compensationTime 0ms
2023-08-25 21:24:56.323 [Eureka-EvictionTimer] INFO  c.n.e.r.AbstractInstanceRegistry - Running the evict task with compensationTime 0ms
2023-08-25 21:25:01.323 [Eureka-EvictionTimer] INFO  c.n.e.r.AbstractInstanceRegistry - Running the evict task with compensationTime 0ms
2023-08-25 21:25:06.323 [Eureka-EvictionTimer] INFO  c.n.e.r.AbstractInstanceRegistry - Running the evict task with compensationTime 0ms
2023-08-25 21:25:11.323 [Eureka-EvictionTimer] INFO  c.n.e.r.AbstractInstanceRegistry - Running the evict task with compensationTime 0ms
2023-08-25 21:25:16.323 [Eureka-EvictionTimer] INFO  c.n.e.r.AbstractInstanceRegistry - Running the evict task with compensationTime 0ms
2023-08-25 21:25:21.323 [Eureka-EvictionTimer] INFO  c.n.e.r.AbstractInstanceRegistry - Running the evict task with compensationTime 0ms
2023-08-25 21:25:26.323 [Eureka-EvictionTimer] INFO  c.n.e.r.AbstractInstanceRegistry - Running the evict task with compensationTime 0ms
2023-08-25 21:25:31.323 [Eureka-EvictionTimer] INFO  c.n.e.r.AbstractInstanceRegistry - Running the evict task with compensationTime 0ms
2023-08-25 21:25:36.323 [Eureka-EvictionTimer] INFO  c.n.e.r.AbstractInstanceRegistry - Running the evict task with compensationTime 0ms
2023-08-25 21:25:41.323 [Eureka-EvictionTimer] INFO  c.n.e.r.AbstractInstanceRegistry - Running the evict task with compensationTime 0ms
2023-08-25 21:25:46.323 [Eureka-EvictionTimer] INFO  c.n.e.r.AbstractInstanceRegistry - Running the evict task with compensationTime 0ms
2023-08-25 21:25:51.323 [Eureka-EvictionTimer] INFO  c.n.e.r.AbstractInstanceRegistry - Running the evict task with compensationTime 0ms
2023-08-25 21:25:56.323 [Eureka-EvictionTimer] INFO  c.n.e.r.AbstractInstanceRegistry - Running the evict task with compensationTime 0ms
2023-08-25 21:26:01.323 [Eureka-EvictionTimer] INFO  c.n.e.r.AbstractInstanceRegistry - Running the evict task with compensationTime 0ms
2023-08-25 21:26:06.323 [Eureka-EvictionTimer] INFO  c.n.e.r.AbstractInstanceRegistry - Running the evict task with compensationTime 0ms
2023-08-25 21:26:11.323 [Eureka-EvictionTimer] INFO  c.n.e.r.AbstractInstanceRegistry - Running the evict task with compensationTime 0ms
2023-08-25 21:26:16.323 [Eureka-EvictionTimer] INFO  c.n.e.r.AbstractInstanceRegistry - Running the evict task with compensationTime 0ms
2023-08-25 21:26:21.323 [Eureka-EvictionTimer] INFO  c.n.e.r.AbstractInstanceRegistry - Running the evict task with compensationTime 0ms
2023-08-25 21:26:26.323 [Eureka-EvictionTimer] INFO  c.n.e.r.AbstractInstanceRegistry - Running the evict task with compensationTime 0ms
2023-08-25 21:26:31.323 [Eureka-EvictionTimer] INFO  c.n.e.r.AbstractInstanceRegistry - Running the evict task with compensationTime 0ms
2023-08-25 21:26:36.323 [Eureka-EvictionTimer] INFO  c.n.e.r.AbstractInstanceRegistry - Running the evict task with compensationTime 0ms
2023-08-25 21:26:41.323 [Eureka-EvictionTimer] INFO  c.n.e.r.AbstractInstanceRegistry - Running the evict task with compensationTime 0ms
2023-08-25 21:26:46.323 [Eureka-EvictionTimer] INFO  c.n.e.r.AbstractInstanceRegistry - Running the evict task with compensationTime 0ms
2023-08-25 21:26:51.323 [Eureka-EvictionTimer] INFO  c.n.e.r.AbstractInstanceRegistry - Running the evict task with compensationTime 0ms
2023-08-25 21:26:56.323 [Eureka-EvictionTimer] INFO  c.n.e.r.AbstractInstanceRegistry - Running the evict task with compensationTime 0ms
2023-08-25 21:27:01.323 [Eureka-EvictionTimer] INFO  c.n.e.r.AbstractInstanceRegistry - Running the evict task with compensationTime 0ms
2023-08-25 21:27:06.323 [Eureka-EvictionTimer] INFO  c.n.e.r.AbstractInstanceRegistry - Running the evict task with compensationTime 0ms
2023-08-25 21:27:11.323 [Eureka-EvictionTimer] INFO  c.n.e.r.AbstractInstanceRegistry - Running the evict task with compensationTime 0ms
2023-08-25 21:27:16.323 [Eureka-EvictionTimer] INFO  c.n.e.r.AbstractInstanceRegistry - Running the evict task with compensationTime 0ms
2023-08-25 21:27:21.323 [Eureka-EvictionTimer] INFO  c.n.e.r.AbstractInstanceRegistry - Running the evict task with compensationTime 0ms
2023-08-25 21:27:26.323 [Eureka-EvictionTimer] INFO  c.n.e.r.AbstractInstanceRegistry - Running the evict task with compensationTime 0ms
2023-08-25 21:27:31.323 [Eureka-EvictionTimer] INFO  c.n.e.r.AbstractInstanceRegistry - Running the evict task with compensationTime 0ms
2023-08-25 21:27:36.323 [Eureka-EvictionTimer] INFO  c.n.e.r.AbstractInstanceRegistry - Running the evict task with compensationTime 0ms
2023-08-25 21:27:41.323 [Eureka-EvictionTimer] INFO  c.n.e.r.AbstractInstanceRegistry - Running the evict task with compensationTime 0ms
2023-08-25 21:27:46.323 [Eureka-EvictionTimer] INFO  c.n.e.r.AbstractInstanceRegistry - Running the evict task with compensationTime 0ms
2023-08-25 21:27:51.323 [Eureka-EvictionTimer] INFO  c.n.e.r.AbstractInstanceRegistry - Running the evict task with compensationTime 0ms
2023-08-25 21:27:56.323 [Eureka-EvictionTimer] INFO  c.n.e.r.AbstractInstanceRegistry - Running the evict task with compensationTime 0ms
2023-08-25 21:28:01.323 [Eureka-EvictionTimer] INFO  c.n.e.r.AbstractInstanceRegistry - Running the evict task with compensationTime 0ms
2023-08-25 21:28:06.323 [Eureka-EvictionTimer] INFO  c.n.e.r.AbstractInstanceRegistry - Running the evict task with compensationTime 0ms
2023-08-25 21:28:11.323 [Eureka-EvictionTimer] INFO  c.n.e.r.AbstractInstanceRegistry - Running the evict task with compensationTime 0ms
2023-08-25 21:28:16.323 [Eureka-EvictionTimer] INFO  c.n.e.r.AbstractInstanceRegistry - Running the evict task with compensationTime 0ms
2023-08-25 21:28:21.323 [Eureka-EvictionTimer] INFO  c.n.e.r.AbstractInstanceRegistry - Running the evict task with compensationTime 0ms
2023-08-25 21:28:26.323 [Eureka-EvictionTimer] INFO  c.n.e.r.AbstractInstanceRegistry - Running the evict task with compensationTime 0ms
2023-08-25 21:28:31.323 [Eureka-EvictionTimer] INFO  c.n.e.r.AbstractInstanceRegistry - Running the evict task with compensationTime 0ms
2023-08-25 21:28:36.323 [Eureka-EvictionTimer] INFO  c.n.e.r.AbstractInstanceRegistry - Running the evict task with compensationTime 0ms
2023-08-25 21:28:41.323 [Eureka-EvictionTimer] INFO  c.n.e.r.AbstractInstanceRegistry - Running the evict task with compensationTime 0ms
2023-08-25 21:28:46.323 [Eureka-EvictionTimer] INFO  c.n.e.r.AbstractInstanceRegistry - Running the evict task with compensationTime 0ms
2023-08-25 21:28:51.323 [Eureka-EvictionTimer] INFO  c.n.e.r.AbstractInstanceRegistry - Running the evict task with compensationTime 0ms
2023-08-25 21:28:56.323 [Eureka-EvictionTimer] INFO  c.n.e.r.AbstractInstanceRegistry - Running the evict task with compensationTime 0ms
2023-08-25 21:29:01.323 [Eureka-EvictionTimer] INFO  c.n.e.r.AbstractInstanceRegistry - Running the evict task with compensationTime 0ms
2023-08-25 21:29:06.323 [Eureka-EvictionTimer] INFO  c.n.e.r.AbstractInstanceRegistry - Running the evict task with compensationTime 0ms
2023-08-25 21:29:11.323 [Eureka-EvictionTimer] INFO  c.n.e.r.AbstractInstanceRegistry - Running the evict task with compensationTime 0ms
2023-08-25 21:29:16.323 [Eureka-EvictionTimer] INFO  c.n.e.r.AbstractInstanceRegistry - Running the evict task with compensationTime 0ms
2023-08-25 21:29:21.323 [Eureka-EvictionTimer] INFO  c.n.e.r.AbstractInstanceRegistry - Running the evict task with compensationTime 0ms
2023-08-25 21:29:26.323 [Eureka-EvictionTimer] INFO  c.n.e.r.AbstractInstanceRegistry - Running the evict task with compensationTime 0ms
2023-08-25 21:29:31.323 [Eureka-EvictionTimer] INFO  c.n.e.r.AbstractInstanceRegistry - Running the evict task with compensationTime 0ms
2023-08-25 21:29:36.323 [Eureka-EvictionTimer] INFO  c.n.e.r.AbstractInstanceRegistry - Running the evict task with compensationTime 0ms
2023-08-25 21:29:41.323 [Eureka-EvictionTimer] INFO  c.n.e.r.AbstractInstanceRegistry - Running the evict task with compensationTime 0ms
2023-08-25 21:29:46.323 [Eureka-EvictionTimer] INFO  c.n.e.r.AbstractInstanceRegistry - Running the evict task with compensationTime 0ms
2023-08-25 21:29:51.323 [Eureka-EvictionTimer] INFO  c.n.e.r.AbstractInstanceRegistry - Running the evict task with compensationTime 0ms
2023-08-25 21:29:56.323 [Eureka-EvictionTimer] INFO  c.n.e.r.AbstractInstanceRegistry - Running the evict task with compensationTime 0ms
2023-08-25 21:30:01.323 [Eureka-EvictionTimer] INFO  c.n.e.r.AbstractInstanceRegistry - Running the evict task with compensationTime 0ms
2023-08-25 21:30:06.323 [Eureka-EvictionTimer] INFO  c.n.e.r.AbstractInstanceRegistry - Running the evict task with compensationTime 0ms
2023-08-25 21:30:11.323 [Eureka-EvictionTimer] INFO  c.n.e.r.AbstractInstanceRegistry - Running the evict task with compensationTime 0ms
2023-08-25 21:30:16.323 [Eureka-EvictionTimer] INFO  c.n.e.r.AbstractInstanceRegistry - Running the evict task with compensationTime 0ms
2023-08-25 21:30:21.323 [Eureka-EvictionTimer] INFO  c.n.e.r.AbstractInstanceRegistry - Running the evict task with compensationTime 0ms
2023-08-25 21:30:26.323 [Eureka-EvictionTimer] INFO  c.n.e.r.AbstractInstanceRegistry - Running the evict task with compensationTime 0ms
2023-08-25 21:30:31.323 [Eureka-EvictionTimer] INFO  c.n.e.r.AbstractInstanceRegistry - Running the evict task with compensationTime 0ms
2023-08-25 21:30:36.323 [Eureka-EvictionTimer] INFO  c.n.e.r.AbstractInstanceRegistry - Running the evict task with compensationTime 0ms
2023-08-25 21:30:41.323 [Eureka-EvictionTimer] INFO  c.n.e.r.AbstractInstanceRegistry - Running the evict task with compensationTime 0ms
2023-08-25 21:30:46.323 [Eureka-EvictionTimer] INFO  c.n.e.r.AbstractInstanceRegistry - Running the evict task with compensationTime 0ms
2023-08-25 21:30:51.323 [Eureka-EvictionTimer] INFO  c.n.e.r.AbstractInstanceRegistry - Running the evict task with compensationTime 0ms
2023-08-25 21:30:56.323 [Eureka-EvictionTimer] INFO  c.n.e.r.AbstractInstanceRegistry - Running the evict task with compensationTime 0ms
2023-08-25 21:31:01.323 [Eureka-EvictionTimer] INFO  c.n.e.r.AbstractInstanceRegistry - Running the evict task with compensationTime 0ms
2023-08-25 21:31:06.323 [Eureka-EvictionTimer] INFO  c.n.e.r.AbstractInstanceRegistry - Running the evict task with compensationTime 0ms
2023-08-25 21:31:11.323 [Eureka-EvictionTimer] INFO  c.n.e.r.AbstractInstanceRegistry - Running the evict task with compensationTime 0ms
2023-08-25 21:31:16.323 [Eureka-EvictionTimer] INFO  c.n.e.r.AbstractInstanceRegistry - Running the evict task with compensationTime 0ms
2023-08-25 21:31:21.323 [Eureka-EvictionTimer] INFO  c.n.e.r.AbstractInstanceRegistry - Running the evict task with compensationTime 0ms
2023-08-25 21:31:26.323 [Eureka-EvictionTimer] INFO  c.n.e.r.AbstractInstanceRegistry - Running the evict task with compensationTime 0ms
2023-08-25 21:31:31.323 [Eureka-EvictionTimer] INFO  c.n.e.r.AbstractInstanceRegistry - Running the evict task with compensationTime 0ms
2023-08-25 21:31:36.323 [Eureka-EvictionTimer] INFO  c.n.e.r.AbstractInstanceRegistry - Running the evict task with compensationTime 0ms
2023-08-25 21:31:41.323 [Eureka-EvictionTimer] INFO  c.n.e.r.AbstractInstanceRegistry - Running the evict task with compensationTime 0ms
2023-08-25 21:31:46.323 [Eureka-EvictionTimer] INFO  c.n.e.r.AbstractInstanceRegistry - Running the evict task with compensationTime 0ms
2023-08-25 21:31:51.323 [Eureka-EvictionTimer] INFO  c.n.e.r.AbstractInstanceRegistry - Running the evict task with compensationTime 0ms
2023-08-25 21:31:56.323 [Eureka-EvictionTimer] INFO  c.n.e.r.AbstractInstanceRegistry - Running the evict task with compensationTime 0ms
2023-08-25 21:32:01.323 [Eureka-EvictionTimer] INFO  c.n.e.r.AbstractInstanceRegistry - Running the evict task with compensationTime 0ms
2023-08-25 21:32:06.323 [Eureka-EvictionTimer] INFO  c.n.e.r.AbstractInstanceRegistry - Running the evict task with compensationTime 0ms
2023-08-25 21:32:11.323 [Eureka-EvictionTimer] INFO  c.n.e.r.AbstractInstanceRegistry - Running the evict task with compensationTime 0ms
2023-08-25 21:32:16.323 [Eureka-EvictionTimer] INFO  c.n.e.r.AbstractInstanceRegistry - Running the evict task with compensationTime 0ms
2023-08-25 21:32:21.323 [Eureka-EvictionTimer] INFO  c.n.e.r.AbstractInstanceRegistry - Running the evict task with compensationTime 0ms
2023-08-25 21:32:26.323 [Eureka-EvictionTimer] INFO  c.n.e.r.AbstractInstanceRegistry - Running the evict task with compensationTime 0ms
2023-08-25 21:32:31.323 [Eureka-EvictionTimer] INFO  c.n.e.r.AbstractInstanceRegistry - Running the evict task with compensationTime 0ms
2023-08-25 21:32:36.323 [Eureka-EvictionTimer] INFO  c.n.e.r.AbstractInstanceRegistry - Running the evict task with compensationTime 0ms
2023-08-25 21:32:41.323 [Eureka-EvictionTimer] INFO  c.n.e.r.AbstractInstanceRegistry - Running the evict task with compensationTime 0ms
2023-08-25 21:32:46.323 [Eureka-EvictionTimer] INFO  c.n.e.r.AbstractInstanceRegistry - Running the evict task with compensationTime 0ms
2023-08-25 21:32:51.323 [Eureka-EvictionTimer] INFO  c.n.e.r.AbstractInstanceRegistry - Running the evict task with compensationTime 0ms
2023-08-25 21:32:56.323 [Eureka-EvictionTimer] INFO  c.n.e.r.AbstractInstanceRegistry - Running the evict task with compensationTime 0ms
2023-08-25 21:33:01.323 [Eureka-EvictionTimer] INFO  c.n.e.r.AbstractInstanceRegistry - Running the evict task with compensationTime 0ms
2023-08-25 21:33:06.323 [Eureka-EvictionTimer] INFO  c.n.e.r.AbstractInstanceRegistry - Running the evict task with compensationTime 0ms
2023-08-25 21:33:11.323 [Eureka-EvictionTimer] INFO  c.n.e.r.AbstractInstanceRegistry - Running the evict task with compensationTime 0ms
2023-08-25 21:33:16.323 [Eureka-EvictionTimer] INFO  c.n.e.r.AbstractInstanceRegistry - Running the evict task with compensationTime 0ms
2023-08-25 21:33:21.323 [Eureka-EvictionTimer] INFO  c.n.e.r.AbstractInstanceRegistry - Running the evict task with compensationTime 0ms
2023-08-25 21:33:26.323 [Eureka-EvictionTimer] INFO  c.n.e.r.AbstractInstanceRegistry - Running the evict task with compensationTime 0ms
2023-08-25 21:33:31.323 [Eureka-EvictionTimer] INFO  c.n.e.r.AbstractInstanceRegistry - Running the evict task with compensationTime 0ms
2023-08-25 21:33:36.323 [Eureka-EvictionTimer] INFO  c.n.e.r.AbstractInstanceRegistry - Running the evict task with compensationTime 0ms
2023-08-25 21:33:41.323 [Eureka-EvictionTimer] INFO  c.n.e.r.AbstractInstanceRegistry - Running the evict task with compensationTime 0ms
2023-08-25 21:33:46.323 [Eureka-EvictionTimer] INFO  c.n.e.r.AbstractInstanceRegistry - Running the evict task with compensationTime 0ms
2023-08-25 21:33:51.323 [Eureka-EvictionTimer] INFO  c.n.e.r.AbstractInstanceRegistry - Running the evict task with compensationTime 0ms
2023-08-25 21:33:56.323 [Eureka-EvictionTimer] INFO  c.n.e.r.AbstractInstanceRegistry - Running the evict task with compensationTime 0ms
2023-08-25 21:34:01.323 [Eureka-EvictionTimer] INFO  c.n.e.r.AbstractInstanceRegistry - Running the evict task with compensationTime 0ms
2023-08-25 21:34:06.323 [Eureka-EvictionTimer] INFO  c.n.e.r.AbstractInstanceRegistry - Running the evict task with compensationTime 0ms
2023-08-25 21:34:11.323 [Eureka-EvictionTimer] INFO  c.n.e.r.AbstractInstanceRegistry - Running the evict task with compensationTime 0ms
2023-08-25 21:34:16.323 [Eureka-EvictionTimer] INFO  c.n.e.r.AbstractInstanceRegistry - Running the evict task with compensationTime 0ms
2023-08-25 21:34:21.323 [Eureka-EvictionTimer] INFO  c.n.e.r.AbstractInstanceRegistry - Running the evict task with compensationTime 0ms
2023-08-25 21:34:26.323 [Eureka-EvictionTimer] INFO  c.n.e.r.AbstractInstanceRegistry - Running the evict task with compensationTime 0ms
2023-08-25 21:34:31.323 [Eureka-EvictionTimer] INFO  c.n.e.r.AbstractInstanceRegistry - Running the evict task with compensationTime 0ms
2023-08-25 21:34:36.323 [Eureka-EvictionTimer] INFO  c.n.e.r.AbstractInstanceRegistry - Running the evict task with compensationTime 0ms
2023-08-25 21:34:41.323 [Eureka-EvictionTimer] INFO  c.n.e.r.AbstractInstanceRegistry - Running the evict task with compensationTime 0ms
2023-08-25 21:34:46.323 [Eureka-EvictionTimer] INFO  c.n.e.r.AbstractInstanceRegistry - Running the evict task with compensationTime 0ms
2023-08-25 21:34:51.323 [Eureka-EvictionTimer] INFO  c.n.e.r.AbstractInstanceRegistry - Running the evict task with compensationTime 0ms
2023-08-25 21:34:56.323 [Eureka-EvictionTimer] INFO  c.n.e.r.AbstractInstanceRegistry - Running the evict task with compensationTime 0ms
2023-08-25 21:35:00.853 [ReplicaAwareInstanceRegistry - RenewalThresholdUpdater] INFO  c.n.e.r.PeerAwareInstanceRegistryImpl - Current renewal threshold is : 0
2023-08-25 21:35:01.323 [Eureka-EvictionTimer] INFO  c.n.e.r.AbstractInstanceRegistry - Running the evict task with compensationTime 0ms
2023-08-25 21:35:06.323 [Eureka-EvictionTimer] INFO  c.n.e.r.AbstractInstanceRegistry - Running the evict task with compensationTime 0ms
2023-08-25 21:35:11.323 [Eureka-EvictionTimer] INFO  c.n.e.r.AbstractInstanceRegistry - Running the evict task with compensationTime 0ms
2023-08-25 21:35:16.323 [Eureka-EvictionTimer] INFO  c.n.e.r.AbstractInstanceRegistry - Running the evict task with compensationTime 0ms
2023-08-25 21:35:21.323 [Eureka-EvictionTimer] INFO  c.n.e.r.AbstractInstanceRegistry - Running the evict task with compensationTime 0ms
2023-08-25 21:35:26.323 [Eureka-EvictionTimer] INFO  c.n.e.r.AbstractInstanceRegistry - Running the evict task with compensationTime 0ms
2023-08-25 21:35:31.323 [Eureka-EvictionTimer] INFO  c.n.e.r.AbstractInstanceRegistry - Running the evict task with compensationTime 0ms
2023-08-25 21:35:36.323 [Eureka-EvictionTimer] INFO  c.n.e.r.AbstractInstanceRegistry - Running the evict task with compensationTime 0ms
2023-08-25 21:35:41.323 [Eureka-EvictionTimer] INFO  c.n.e.r.AbstractInstanceRegistry - Running the evict task with compensationTime 0ms
2023-08-25 21:35:46.323 [Eureka-EvictionTimer] INFO  c.n.e.r.AbstractInstanceRegistry - Running the evict task with compensationTime 0ms
2023-08-25 21:35:51.323 [Eureka-EvictionTimer] INFO  c.n.e.r.AbstractInstanceRegistry - Running the evict task with compensationTime 0ms
2023-08-25 21:35:56.323 [Eureka-EvictionTimer] INFO  c.n.e.r.AbstractInstanceRegistry - Running the evict task with compensationTime 0ms
2023-08-25 21:36:01.323 [Eureka-EvictionTimer] INFO  c.n.e.r.AbstractInstanceRegistry - Running the evict task with compensationTime 0ms
2023-08-25 21:36:06.323 [Eureka-EvictionTimer] INFO  c.n.e.r.AbstractInstanceRegistry - Running the evict task with compensationTime 0ms
2023-08-25 21:36:11.323 [Eureka-EvictionTimer] INFO  c.n.e.r.AbstractInstanceRegistry - Running the evict task with compensationTime 0ms
2023-08-25 21:36:16.323 [Eureka-EvictionTimer] INFO  c.n.e.r.AbstractInstanceRegistry - Running the evict task with compensationTime 0ms
2023-08-25 21:36:21.323 [Eureka-EvictionTimer] INFO  c.n.e.r.AbstractInstanceRegistry - Running the evict task with compensationTime 0ms
2023-08-25 21:36:26.323 [Eureka-EvictionTimer] INFO  c.n.e.r.AbstractInstanceRegistry - Running the evict task with compensationTime 0ms
2023-08-25 21:36:31.323 [Eureka-EvictionTimer] INFO  c.n.e.r.AbstractInstanceRegistry - Running the evict task with compensationTime 0ms
2023-08-25 21:36:36.323 [Eureka-EvictionTimer] INFO  c.n.e.r.AbstractInstanceRegistry - Running the evict task with compensationTime 0ms
2023-08-25 21:36:41.323 [Eureka-EvictionTimer] INFO  c.n.e.r.AbstractInstanceRegistry - Running the evict task with compensationTime 0ms
2023-08-25 21:36:46.323 [Eureka-EvictionTimer] INFO  c.n.e.r.AbstractInstanceRegistry - Running the evict task with compensationTime 0ms
2023-08-25 21:36:51.323 [Eureka-EvictionTimer] INFO  c.n.e.r.AbstractInstanceRegistry - Running the evict task with compensationTime 0ms
2023-08-25 21:36:56.323 [Eureka-EvictionTimer] INFO  c.n.e.r.AbstractInstanceRegistry - Running the evict task with compensationTime 0ms
2023-08-25 21:37:01.323 [Eureka-EvictionTimer] INFO  c.n.e.r.AbstractInstanceRegistry - Running the evict task with compensationTime 0ms
2023-08-25 21:37:06.323 [Eureka-EvictionTimer] INFO  c.n.e.r.AbstractInstanceRegistry - Running the evict task with compensationTime 0ms
2023-08-25 21:37:11.323 [Eureka-EvictionTimer] INFO  c.n.e.r.AbstractInstanceRegistry - Running the evict task with compensationTime 0ms
2023-08-25 21:37:16.323 [Eureka-EvictionTimer] INFO  c.n.e.r.AbstractInstanceRegistry - Running the evict task with compensationTime 0ms
2023-08-25 21:37:21.323 [Eureka-EvictionTimer] INFO  c.n.e.r.AbstractInstanceRegistry - Running the evict task with compensationTime 0ms
2023-08-25 21:37:26.323 [Eureka-EvictionTimer] INFO  c.n.e.r.AbstractInstanceRegistry - Running the evict task with compensationTime 0ms
2023-08-25 21:37:31.323 [Eureka-EvictionTimer] INFO  c.n.e.r.AbstractInstanceRegistry - Running the evict task with compensationTime 0ms
2023-08-25 21:37:36.323 [Eureka-EvictionTimer] INFO  c.n.e.r.AbstractInstanceRegistry - Running the evict task with compensationTime 0ms
2023-08-25 21:37:41.323 [Eureka-EvictionTimer] INFO  c.n.e.r.AbstractInstanceRegistry - Running the evict task with compensationTime 0ms
2023-08-25 21:37:46.323 [Eureka-EvictionTimer] INFO  c.n.e.r.AbstractInstanceRegistry - Running the evict task with compensationTime 0ms
2023-08-25 21:37:51.323 [Eureka-EvictionTimer] INFO  c.n.e.r.AbstractInstanceRegistry - Running the evict task with compensationTime 0ms
2023-08-25 21:37:56.323 [Eureka-EvictionTimer] INFO  c.n.e.r.AbstractInstanceRegistry - Running the evict task with compensationTime 0ms
2023-08-25 21:38:01.323 [Eureka-EvictionTimer] INFO  c.n.e.r.AbstractInstanceRegistry - Running the evict task with compensationTime 0ms
2023-08-25 21:38:06.323 [Eureka-EvictionTimer] INFO  c.n.e.r.AbstractInstanceRegistry - Running the evict task with compensationTime 0ms
2023-08-25 21:38:11.323 [Eureka-EvictionTimer] INFO  c.n.e.r.AbstractInstanceRegistry - Running the evict task with compensationTime 0ms
2023-08-25 21:38:16.323 [Eureka-EvictionTimer] INFO  c.n.e.r.AbstractInstanceRegistry - Running the evict task with compensationTime 0ms
2023-08-25 21:38:21.323 [Eureka-EvictionTimer] INFO  c.n.e.r.AbstractInstanceRegistry - Running the evict task with compensationTime 0ms
2023-08-25 21:38:26.323 [Eureka-EvictionTimer] INFO  c.n.e.r.AbstractInstanceRegistry - Running the evict task with compensationTime 0ms
2023-08-25 21:38:31.323 [Eureka-EvictionTimer] INFO  c.n.e.r.AbstractInstanceRegistry - Running the evict task with compensationTime 0ms
2023-08-25 21:38:36.323 [Eureka-EvictionTimer] INFO  c.n.e.r.AbstractInstanceRegistry - Running the evict task with compensationTime 0ms
2023-08-25 21:38:41.323 [Eureka-EvictionTimer] INFO  c.n.e.r.AbstractInstanceRegistry - Running the evict task with compensationTime 0ms
2023-08-25 21:38:46.323 [Eureka-EvictionTimer] INFO  c.n.e.r.AbstractInstanceRegistry - Running the evict task with compensationTime 0ms
2023-08-25 21:38:51.323 [Eureka-EvictionTimer] INFO  c.n.e.r.AbstractInstanceRegistry - Running the evict task with compensationTime 0ms
2023-08-25 21:38:56.323 [Eureka-EvictionTimer] INFO  c.n.e.r.AbstractInstanceRegistry - Running the evict task with compensationTime 0ms
2023-08-25 21:39:01.323 [Eureka-EvictionTimer] INFO  c.n.e.r.AbstractInstanceRegistry - Running the evict task with compensationTime 0ms
2023-08-25 21:39:06.323 [Eureka-EvictionTimer] INFO  c.n.e.r.AbstractInstanceRegistry - Running the evict task with compensationTime 0ms
2023-08-25 21:39:11.323 [Eureka-EvictionTimer] INFO  c.n.e.r.AbstractInstanceRegistry - Running the evict task with compensationTime 0ms
2023-08-25 21:39:16.323 [Eureka-EvictionTimer] INFO  c.n.e.r.AbstractInstanceRegistry - Running the evict task with compensationTime 0ms
2023-08-25 21:39:21.323 [Eureka-EvictionTimer] INFO  c.n.e.r.AbstractInstanceRegistry - Running the evict task with compensationTime 0ms
2023-08-25 21:39:26.323 [Eureka-EvictionTimer] INFO  c.n.e.r.AbstractInstanceRegistry - Running the evict task with compensationTime 0ms
2023-08-25 21:39:31.323 [Eureka-EvictionTimer] INFO  c.n.e.r.AbstractInstanceRegistry - Running the evict task with compensationTime 0ms
2023-08-25 21:39:36.323 [Eureka-EvictionTimer] INFO  c.n.e.r.AbstractInstanceRegistry - Running the evict task with compensationTime 0ms
2023-08-25 21:39:41.323 [Eureka-EvictionTimer] INFO  c.n.e.r.AbstractInstanceRegistry - Running the evict task with compensationTime 0ms
2023-08-25 21:39:46.323 [Eureka-EvictionTimer] INFO  c.n.e.r.AbstractInstanceRegistry - Running the evict task with compensationTime 0ms
2023-08-25 21:39:51.323 [Eureka-EvictionTimer] INFO  c.n.e.r.AbstractInstanceRegistry - Running the evict task with compensationTime 0ms
2023-08-25 21:39:56.323 [Eureka-EvictionTimer] INFO  c.n.e.r.AbstractInstanceRegistry - Running the evict task with compensationTime 0ms
2023-08-25 21:40:01.323 [Eureka-EvictionTimer] INFO  c.n.e.r.AbstractInstanceRegistry - Running the evict task with compensationTime 0ms
2023-08-25 21:40:06.323 [Eureka-EvictionTimer] INFO  c.n.e.r.AbstractInstanceRegistry - Running the evict task with compensationTime 0ms
2023-08-25 21:40:11.323 [Eureka-EvictionTimer] INFO  c.n.e.r.AbstractInstanceRegistry - Running the evict task with compensationTime 0ms
2023-08-25 21:40:16.323 [Eureka-EvictionTimer] INFO  c.n.e.r.AbstractInstanceRegistry - Running the evict task with compensationTime 0ms
2023-08-25 21:40:21.323 [Eureka-EvictionTimer] INFO  c.n.e.r.AbstractInstanceRegistry - Running the evict task with compensationTime 0ms
2023-08-25 21:40:26.323 [Eureka-EvictionTimer] INFO  c.n.e.r.AbstractInstanceRegistry - Running the evict task with compensationTime 0ms
2023-08-25 21:40:31.323 [Eureka-EvictionTimer] INFO  c.n.e.r.AbstractInstanceRegistry - Running the evict task with compensationTime 0ms
2023-08-25 21:40:36.323 [Eureka-EvictionTimer] INFO  c.n.e.r.AbstractInstanceRegistry - Running the evict task with compensationTime 0ms
2023-08-25 21:40:41.323 [Eureka-EvictionTimer] INFO  c.n.e.r.AbstractInstanceRegistry - Running the evict task with compensationTime 0ms
2023-08-25 21:40:46.323 [Eureka-EvictionTimer] INFO  c.n.e.r.AbstractInstanceRegistry - Running the evict task with compensationTime 0ms
2023-08-25 21:40:51.323 [Eureka-EvictionTimer] INFO  c.n.e.r.AbstractInstanceRegistry - Running the evict task with compensationTime 0ms
2023-08-25 21:40:56.323 [Eureka-EvictionTimer] INFO  c.n.e.r.AbstractInstanceRegistry - Running the evict task with compensationTime 0ms
2023-08-25 21:41:01.323 [Eureka-EvictionTimer] INFO  c.n.e.r.AbstractInstanceRegistry - Running the evict task with compensationTime 0ms
2023-08-25 21:41:06.323 [Eureka-EvictionTimer] INFO  c.n.e.r.AbstractInstanceRegistry - Running the evict task with compensationTime 0ms
2023-08-25 21:41:11.323 [Eureka-EvictionTimer] INFO  c.n.e.r.AbstractInstanceRegistry - Running the evict task with compensationTime 0ms
2023-08-25 21:41:16.323 [Eureka-EvictionTimer] INFO  c.n.e.r.AbstractInstanceRegistry - Running the evict task with compensationTime 0ms
2023-08-25 21:41:21.323 [Eureka-EvictionTimer] INFO  c.n.e.r.AbstractInstanceRegistry - Running the evict task with compensationTime 0ms
2023-08-25 21:41:26.323 [Eureka-EvictionTimer] INFO  c.n.e.r.AbstractInstanceRegistry - Running the evict task with compensationTime 0ms
2023-08-25 21:41:31.323 [Eureka-EvictionTimer] INFO  c.n.e.r.AbstractInstanceRegistry - Running the evict task with compensationTime 0ms
2023-08-25 21:41:36.323 [Eureka-EvictionTimer] INFO  c.n.e.r.AbstractInstanceRegistry - Running the evict task with compensationTime 0ms
2023-08-25 21:41:41.323 [Eureka-EvictionTimer] INFO  c.n.e.r.AbstractInstanceRegistry - Running the evict task with compensationTime 0ms
2023-08-25 21:41:46.323 [Eureka-EvictionTimer] INFO  c.n.e.r.AbstractInstanceRegistry - Running the evict task with compensationTime 0ms
2023-08-25 21:41:51.323 [Eureka-EvictionTimer] INFO  c.n.e.r.AbstractInstanceRegistry - Running the evict task with compensationTime 0ms
2023-08-25 21:41:56.323 [Eureka-EvictionTimer] INFO  c.n.e.r.AbstractInstanceRegistry - Running the evict task with compensationTime 0ms
2023-08-25 21:42:01.323 [Eureka-EvictionTimer] INFO  c.n.e.r.AbstractInstanceRegistry - Running the evict task with compensationTime 0ms
2023-08-25 21:42:06.323 [Eureka-EvictionTimer] INFO  c.n.e.r.AbstractInstanceRegistry - Running the evict task with compensationTime 0ms
2023-08-25 21:42:11.323 [Eureka-EvictionTimer] INFO  c.n.e.r.AbstractInstanceRegistry - Running the evict task with compensationTime 0ms
2023-08-25 21:42:16.323 [Eureka-EvictionTimer] INFO  c.n.e.r.AbstractInstanceRegistry - Running the evict task with compensationTime 0ms
2023-08-25 21:42:21.323 [Eureka-EvictionTimer] INFO  c.n.e.r.AbstractInstanceRegistry - Running the evict task with compensationTime 0ms
2023-08-25 21:42:26.323 [Eureka-EvictionTimer] INFO  c.n.e.r.AbstractInstanceRegistry - Running the evict task with compensationTime 0ms
2023-08-25 21:42:31.323 [Eureka-EvictionTimer] INFO  c.n.e.r.AbstractInstanceRegistry - Running the evict task with compensationTime 0ms
2023-08-25 21:42:36.323 [Eureka-EvictionTimer] INFO  c.n.e.r.AbstractInstanceRegistry - Running the evict task with compensationTime 0ms
2023-08-25 21:42:41.323 [Eureka-EvictionTimer] INFO  c.n.e.r.AbstractInstanceRegistry - Running the evict task with compensationTime 0ms
2023-08-25 21:42:46.323 [Eureka-EvictionTimer] INFO  c.n.e.r.AbstractInstanceRegistry - Running the evict task with compensationTime 0ms
2023-08-25 21:42:51.323 [Eureka-EvictionTimer] INFO  c.n.e.r.AbstractInstanceRegistry - Running the evict task with compensationTime 0ms
2023-08-25 21:42:56.323 [Eureka-EvictionTimer] INFO  c.n.e.r.AbstractInstanceRegistry - Running the evict task with compensationTime 0ms
2023-08-25 21:43:01.323 [Eureka-EvictionTimer] INFO  c.n.e.r.AbstractInstanceRegistry - Running the evict task with compensationTime 0ms
2023-08-25 21:43:06.323 [Eureka-EvictionTimer] INFO  c.n.e.r.AbstractInstanceRegistry - Running the evict task with compensationTime 0ms
2023-08-25 21:43:11.323 [Eureka-EvictionTimer] INFO  c.n.e.r.AbstractInstanceRegistry - Running the evict task with compensationTime 0ms
2023-08-25 21:43:16.323 [Eureka-EvictionTimer] INFO  c.n.e.r.AbstractInstanceRegistry - Running the evict task with compensationTime 0ms
2023-08-25 21:43:21.323 [Eureka-EvictionTimer] INFO  c.n.e.r.AbstractInstanceRegistry - Running the evict task with compensationTime 0ms
2023-08-25 21:43:26.323 [Eureka-EvictionTimer] INFO  c.n.e.r.AbstractInstanceRegistry - Running the evict task with compensationTime 0ms
2023-08-25 21:43:31.323 [Eureka-EvictionTimer] INFO  c.n.e.r.AbstractInstanceRegistry - Running the evict task with compensationTime 0ms
2023-08-25 21:43:36.323 [Eureka-EvictionTimer] INFO  c.n.e.r.AbstractInstanceRegistry - Running the evict task with compensationTime 0ms
2023-08-25 21:43:41.323 [Eureka-EvictionTimer] INFO  c.n.e.r.AbstractInstanceRegistry - Running the evict task with compensationTime 0ms
2023-08-25 21:43:46.323 [Eureka-EvictionTimer] INFO  c.n.e.r.AbstractInstanceRegistry - Running the evict task with compensationTime 0ms
2023-08-25 21:43:51.323 [Eureka-EvictionTimer] INFO  c.n.e.r.AbstractInstanceRegistry - Running the evict task with compensationTime 0ms
2023-08-25 21:43:56.323 [Eureka-EvictionTimer] INFO  c.n.e.r.AbstractInstanceRegistry - Running the evict task with compensationTime 0ms
2023-08-25 21:44:01.323 [Eureka-EvictionTimer] INFO  c.n.e.r.AbstractInstanceRegistry - Running the evict task with compensationTime 0ms
2023-08-25 21:44:06.323 [Eureka-EvictionTimer] INFO  c.n.e.r.AbstractInstanceRegistry - Running the evict task with compensationTime 0ms
2023-08-25 21:44:11.323 [Eureka-EvictionTimer] INFO  c.n.e.r.AbstractInstanceRegistry - Running the evict task with compensationTime 0ms
2023-08-25 21:44:16.323 [Eureka-EvictionTimer] INFO  c.n.e.r.AbstractInstanceRegistry - Running the evict task with compensationTime 0ms
2023-08-25 21:44:21.323 [Eureka-EvictionTimer] INFO  c.n.e.r.AbstractInstanceRegistry - Running the evict task with compensationTime 0ms
2023-08-25 21:44:26.323 [Eureka-EvictionTimer] INFO  c.n.e.r.AbstractInstanceRegistry - Running the evict task with compensationTime 0ms
2023-08-25 21:44:31.323 [Eureka-EvictionTimer] INFO  c.n.e.r.AbstractInstanceRegistry - Running the evict task with compensationTime 0ms
2023-08-25 21:44:36.323 [Eureka-EvictionTimer] INFO  c.n.e.r.AbstractInstanceRegistry - Running the evict task with compensationTime 0ms
2023-08-25 21:44:41.323 [Eureka-EvictionTimer] INFO  c.n.e.r.AbstractInstanceRegistry - Running the evict task with compensationTime 0ms
2023-08-25 21:44:46.323 [Eureka-EvictionTimer] INFO  c.n.e.r.AbstractInstanceRegistry - Running the evict task with compensationTime 0ms
2023-08-25 21:44:51.323 [Eureka-EvictionTimer] INFO  c.n.e.r.AbstractInstanceRegistry - Running the evict task with compensationTime 0ms
2023-08-25 21:44:56.323 [Eureka-EvictionTimer] INFO  c.n.e.r.AbstractInstanceRegistry - Running the evict task with compensationTime 0ms
2023-08-25 21:45:01.323 [Eureka-EvictionTimer] INFO  c.n.e.r.AbstractInstanceRegistry - Running the evict task with compensationTime 0ms
2023-08-25 21:45:06.323 [Eureka-EvictionTimer] INFO  c.n.e.r.AbstractInstanceRegistry - Running the evict task with compensationTime 0ms
2023-08-25 21:45:11.323 [Eureka-EvictionTimer] INFO  c.n.e.r.AbstractInstanceRegistry - Running the evict task with compensationTime 0ms
2023-08-25 21:45:16.323 [Eureka-EvictionTimer] INFO  c.n.e.r.AbstractInstanceRegistry - Running the evict task with compensationTime 0ms
2023-08-25 21:45:21.323 [Eureka-EvictionTimer] INFO  c.n.e.r.AbstractInstanceRegistry - Running the evict task with compensationTime 0ms
2023-08-25 21:45:26.323 [Eureka-EvictionTimer] INFO  c.n.e.r.AbstractInstanceRegistry - Running the evict task with compensationTime 0ms
2023-08-25 21:45:31.323 [Eureka-EvictionTimer] INFO  c.n.e.r.AbstractInstanceRegistry - Running the evict task with compensationTime 0ms
2023-08-25 21:45:36.323 [Eureka-EvictionTimer] INFO  c.n.e.r.AbstractInstanceRegistry - Running the evict task with compensationTime 0ms
2023-08-25 21:45:41.323 [Eureka-EvictionTimer] INFO  c.n.e.r.AbstractInstanceRegistry - Running the evict task with compensationTime 0ms
2023-08-25 21:45:46.323 [Eureka-EvictionTimer] INFO  c.n.e.r.AbstractInstanceRegistry - Running the evict task with compensationTime 0ms
2023-08-25 21:45:51.323 [Eureka-EvictionTimer] INFO  c.n.e.r.AbstractInstanceRegistry - Running the evict task with compensationTime 0ms
2023-08-25 21:45:56.323 [Eureka-EvictionTimer] INFO  c.n.e.r.AbstractInstanceRegistry - Running the evict task with compensationTime 0ms
2023-08-25 21:46:01.323 [Eureka-EvictionTimer] INFO  c.n.e.r.AbstractInstanceRegistry - Running the evict task with compensationTime 0ms
2023-08-25 21:46:06.323 [Eureka-EvictionTimer] INFO  c.n.e.r.AbstractInstanceRegistry - Running the evict task with compensationTime 0ms
2023-08-25 21:46:11.323 [Eureka-EvictionTimer] INFO  c.n.e.r.AbstractInstanceRegistry - Running the evict task with compensationTime 0ms
2023-08-25 21:46:16.323 [Eureka-EvictionTimer] INFO  c.n.e.r.AbstractInstanceRegistry - Running the evict task with compensationTime 0ms
2023-08-25 21:46:21.323 [Eureka-EvictionTimer] INFO  c.n.e.r.AbstractInstanceRegistry - Running the evict task with compensationTime 0ms
2023-08-25 21:46:26.323 [Eureka-EvictionTimer] INFO  c.n.e.r.AbstractInstanceRegistry - Running the evict task with compensationTime 0ms
2023-08-25 21:46:31.323 [Eureka-EvictionTimer] INFO  c.n.e.r.AbstractInstanceRegistry - Running the evict task with compensationTime 0ms
2023-08-25 21:46:36.323 [Eureka-EvictionTimer] INFO  c.n.e.r.AbstractInstanceRegistry - Running the evict task with compensationTime 0ms
2023-08-25 21:46:41.323 [Eureka-EvictionTimer] INFO  c.n.e.r.AbstractInstanceRegistry - Running the evict task with compensationTime 0ms
2023-08-25 21:46:46.323 [Eureka-EvictionTimer] INFO  c.n.e.r.AbstractInstanceRegistry - Running the evict task with compensationTime 0ms
2023-08-25 21:46:51.323 [Eureka-EvictionTimer] INFO  c.n.e.r.AbstractInstanceRegistry - Running the evict task with compensationTime 0ms
2023-08-25 21:46:56.323 [Eureka-EvictionTimer] INFO  c.n.e.r.AbstractInstanceRegistry - Running the evict task with compensationTime 0ms
2023-08-25 21:47:01.323 [Eureka-EvictionTimer] INFO  c.n.e.r.AbstractInstanceRegistry - Running the evict task with compensationTime 0ms
2023-08-25 21:47:06.323 [Eureka-EvictionTimer] INFO  c.n.e.r.AbstractInstanceRegistry - Running the evict task with compensationTime 0ms
2023-08-25 21:47:11.323 [Eureka-EvictionTimer] INFO  c.n.e.r.AbstractInstanceRegistry - Running the evict task with compensationTime 0ms
2023-08-25 21:47:16.323 [Eureka-EvictionTimer] INFO  c.n.e.r.AbstractInstanceRegistry - Running the evict task with compensationTime 0ms
2023-08-25 21:47:21.323 [Eureka-EvictionTimer] INFO  c.n.e.r.AbstractInstanceRegistry - Running the evict task with compensationTime 0ms
2023-08-25 21:47:26.323 [Eureka-EvictionTimer] INFO  c.n.e.r.AbstractInstanceRegistry - Running the evict task with compensationTime 0ms
2023-08-25 21:47:31.323 [Eureka-EvictionTimer] INFO  c.n.e.r.AbstractInstanceRegistry - Running the evict task with compensationTime 0ms
2023-08-25 21:47:36.323 [Eureka-EvictionTimer] INFO  c.n.e.r.AbstractInstanceRegistry - Running the evict task with compensationTime 0ms
2023-08-25 21:47:41.323 [Eureka-EvictionTimer] INFO  c.n.e.r.AbstractInstanceRegistry - Running the evict task with compensationTime 0ms
2023-08-25 21:47:46.323 [Eureka-EvictionTimer] INFO  c.n.e.r.AbstractInstanceRegistry - Running the evict task with compensationTime 0ms
2023-08-25 21:47:51.323 [Eureka-EvictionTimer] INFO  c.n.e.r.AbstractInstanceRegistry - Running the evict task with compensationTime 0ms
2023-08-25 21:47:56.323 [Eureka-EvictionTimer] INFO  c.n.e.r.AbstractInstanceRegistry - Running the evict task with compensationTime 0ms
2023-08-25 21:48:01.323 [Eureka-EvictionTimer] INFO  c.n.e.r.AbstractInstanceRegistry - Running the evict task with compensationTime 0ms
2023-08-25 21:48:06.323 [Eureka-EvictionTimer] INFO  c.n.e.r.AbstractInstanceRegistry - Running the evict task with compensationTime 0ms
2023-08-25 21:48:11.323 [Eureka-EvictionTimer] INFO  c.n.e.r.AbstractInstanceRegistry - Running the evict task with compensationTime 0ms
2023-08-25 21:48:16.323 [Eureka-EvictionTimer] INFO  c.n.e.r.AbstractInstanceRegistry - Running the evict task with compensationTime 0ms
2023-08-25 21:48:21.323 [Eureka-EvictionTimer] INFO  c.n.e.r.AbstractInstanceRegistry - Running the evict task with compensationTime 0ms
2023-08-25 21:48:26.323 [Eureka-EvictionTimer] INFO  c.n.e.r.AbstractInstanceRegistry - Running the evict task with compensationTime 0ms
2023-08-25 21:48:31.323 [Eureka-EvictionTimer] INFO  c.n.e.r.AbstractInstanceRegistry - Running the evict task with compensationTime 0ms
2023-08-25 21:48:36.323 [Eureka-EvictionTimer] INFO  c.n.e.r.AbstractInstanceRegistry - Running the evict task with compensationTime 0ms
2023-08-25 21:48:41.323 [Eureka-EvictionTimer] INFO  c.n.e.r.AbstractInstanceRegistry - Running the evict task with compensationTime 0ms
2023-08-25 21:48:46.323 [Eureka-EvictionTimer] INFO  c.n.e.r.AbstractInstanceRegistry - Running the evict task with compensationTime 0ms
2023-08-25 21:48:51.323 [Eureka-EvictionTimer] INFO  c.n.e.r.AbstractInstanceRegistry - Running the evict task with compensationTime 0ms
2023-08-25 21:48:56.323 [Eureka-EvictionTimer] INFO  c.n.e.r.AbstractInstanceRegistry - Running the evict task with compensationTime 0ms
2023-08-25 21:49:01.323 [Eureka-EvictionTimer] INFO  c.n.e.r.AbstractInstanceRegistry - Running the evict task with compensationTime 0ms
2023-08-25 21:49:06.323 [Eureka-EvictionTimer] INFO  c.n.e.r.AbstractInstanceRegistry - Running the evict task with compensationTime 0ms
2023-08-25 21:49:11.323 [Eureka-EvictionTimer] INFO  c.n.e.r.AbstractInstanceRegistry - Running the evict task with compensationTime 0ms
2023-08-25 21:49:16.323 [Eureka-EvictionTimer] INFO  c.n.e.r.AbstractInstanceRegistry - Running the evict task with compensationTime 0ms
2023-08-25 21:49:21.323 [Eureka-EvictionTimer] INFO  c.n.e.r.AbstractInstanceRegistry - Running the evict task with compensationTime 0ms
2023-08-25 21:49:26.323 [Eureka-EvictionTimer] INFO  c.n.e.r.AbstractInstanceRegistry - Running the evict task with compensationTime 0ms
2023-08-25 21:49:31.323 [Eureka-EvictionTimer] INFO  c.n.e.r.AbstractInstanceRegistry - Running the evict task with compensationTime 0ms
2023-08-25 21:49:36.323 [Eureka-EvictionTimer] INFO  c.n.e.r.AbstractInstanceRegistry - Running the evict task with compensationTime 0ms
2023-08-25 21:49:41.323 [Eureka-EvictionTimer] INFO  c.n.e.r.AbstractInstanceRegistry - Running the evict task with compensationTime 0ms
2023-08-25 21:49:46.323 [Eureka-EvictionTimer] INFO  c.n.e.r.AbstractInstanceRegistry - Running the evict task with compensationTime 0ms
2023-08-25 21:49:51.323 [Eureka-EvictionTimer] INFO  c.n.e.r.AbstractInstanceRegistry - Running the evict task with compensationTime 0ms
2023-08-25 21:49:56.323 [Eureka-EvictionTimer] INFO  c.n.e.r.AbstractInstanceRegistry - Running the evict task with compensationTime 0ms
2023-08-25 21:50:00.853 [ReplicaAwareInstanceRegistry - RenewalThresholdUpdater] INFO  c.n.e.r.PeerAwareInstanceRegistryImpl - Current renewal threshold is : 0
2023-08-25 21:50:01.323 [Eureka-EvictionTimer] INFO  c.n.e.r.AbstractInstanceRegistry - Running the evict task with compensationTime 0ms
2023-08-25 21:50:06.323 [Eureka-EvictionTimer] INFO  c.n.e.r.AbstractInstanceRegistry - Running the evict task with compensationTime 0ms
2023-08-25 21:50:11.323 [Eureka-EvictionTimer] INFO  c.n.e.r.AbstractInstanceRegistry - Running the evict task with compensationTime 0ms
2023-08-25 21:50:16.323 [Eureka-EvictionTimer] INFO  c.n.e.r.AbstractInstanceRegistry - Running the evict task with compensationTime 0ms
2023-08-25 21:50:21.323 [Eureka-EvictionTimer] INFO  c.n.e.r.AbstractInstanceRegistry - Running the evict task with compensationTime 0ms
2023-08-25 21:50:26.323 [Eureka-EvictionTimer] INFO  c.n.e.r.AbstractInstanceRegistry - Running the evict task with compensationTime 0ms
2023-08-25 21:50:31.323 [Eureka-EvictionTimer] INFO  c.n.e.r.AbstractInstanceRegistry - Running the evict task with compensationTime 0ms
2023-08-25 21:50:36.323 [Eureka-EvictionTimer] INFO  c.n.e.r.AbstractInstanceRegistry - Running the evict task with compensationTime 0ms
2023-08-25 21:50:41.323 [Eureka-EvictionTimer] INFO  c.n.e.r.AbstractInstanceRegistry - Running the evict task with compensationTime 0ms
2023-08-25 21:50:46.323 [Eureka-EvictionTimer] INFO  c.n.e.r.AbstractInstanceRegistry - Running the evict task with compensationTime 0ms
2023-08-25 21:50:51.323 [Eureka-EvictionTimer] INFO  c.n.e.r.AbstractInstanceRegistry - Running the evict task with compensationTime 0ms
2023-08-25 21:50:56.323 [Eureka-EvictionTimer] INFO  c.n.e.r.AbstractInstanceRegistry - Running the evict task with compensationTime 0ms
2023-08-25 21:51:01.323 [Eureka-EvictionTimer] INFO  c.n.e.r.AbstractInstanceRegistry - Running the evict task with compensationTime 0ms
2023-08-25 21:51:06.323 [Eureka-EvictionTimer] INFO  c.n.e.r.AbstractInstanceRegistry - Running the evict task with compensationTime 0ms
2023-08-25 21:51:11.323 [Eureka-EvictionTimer] INFO  c.n.e.r.AbstractInstanceRegistry - Running the evict task with compensationTime 0ms
2023-08-25 21:51:16.323 [Eureka-EvictionTimer] INFO  c.n.e.r.AbstractInstanceRegistry - Running the evict task with compensationTime 0ms
2023-08-25 21:51:21.323 [Eureka-EvictionTimer] INFO  c.n.e.r.AbstractInstanceRegistry - Running the evict task with compensationTime 0ms
2023-08-25 21:51:26.323 [Eureka-EvictionTimer] INFO  c.n.e.r.AbstractInstanceRegistry - Running the evict task with compensationTime 0ms
2023-08-25 21:51:31.323 [Eureka-EvictionTimer] INFO  c.n.e.r.AbstractInstanceRegistry - Running the evict task with compensationTime 0ms
2023-08-25 21:51:36.323 [Eureka-EvictionTimer] INFO  c.n.e.r.AbstractInstanceRegistry - Running the evict task with compensationTime 0ms
2023-08-25 21:51:41.323 [Eureka-EvictionTimer] INFO  c.n.e.r.AbstractInstanceRegistry - Running the evict task with compensationTime 0ms
2023-08-25 21:51:46.323 [Eureka-EvictionTimer] INFO  c.n.e.r.AbstractInstanceRegistry - Running the evict task with compensationTime 0ms
2023-08-25 21:51:51.323 [Eureka-EvictionTimer] INFO  c.n.e.r.AbstractInstanceRegistry - Running the evict task with compensationTime 0ms
2023-08-25 21:51:56.323 [Eureka-EvictionTimer] INFO  c.n.e.r.AbstractInstanceRegistry - Running the evict task with compensationTime 0ms
2023-08-25 21:52:01.323 [Eureka-EvictionTimer] INFO  c.n.e.r.AbstractInstanceRegistry - Running the evict task with compensationTime 0ms
2023-08-25 21:52:06.323 [Eureka-EvictionTimer] INFO  c.n.e.r.AbstractInstanceRegistry - Running the evict task with compensationTime 0ms
2023-08-25 21:52:11.323 [Eureka-EvictionTimer] INFO  c.n.e.r.AbstractInstanceRegistry - Running the evict task with compensationTime 0ms
2023-08-25 21:52:16.323 [Eureka-EvictionTimer] INFO  c.n.e.r.AbstractInstanceRegistry - Running the evict task with compensationTime 0ms
2023-08-25 21:52:21.323 [Eureka-EvictionTimer] INFO  c.n.e.r.AbstractInstanceRegistry - Running the evict task with compensationTime 0ms
2023-08-25 21:52:26.323 [Eureka-EvictionTimer] INFO  c.n.e.r.AbstractInstanceRegistry - Running the evict task with compensationTime 0ms
2023-08-25 21:52:31.323 [Eureka-EvictionTimer] INFO  c.n.e.r.AbstractInstanceRegistry - Running the evict task with compensationTime 0ms
2023-08-25 21:52:36.323 [Eureka-EvictionTimer] INFO  c.n.e.r.AbstractInstanceRegistry - Running the evict task with compensationTime 0ms
2023-08-25 21:52:41.323 [Eureka-EvictionTimer] INFO  c.n.e.r.AbstractInstanceRegistry - Running the evict task with compensationTime 0ms
2023-08-25 21:52:46.323 [Eureka-EvictionTimer] INFO  c.n.e.r.AbstractInstanceRegistry - Running the evict task with compensationTime 0ms
2023-08-25 21:52:51.323 [Eureka-EvictionTimer] INFO  c.n.e.r.AbstractInstanceRegistry - Running the evict task with compensationTime 0ms
2023-08-25 21:52:56.323 [Eureka-EvictionTimer] INFO  c.n.e.r.AbstractInstanceRegistry - Running the evict task with compensationTime 0ms
2023-08-25 21:53:01.323 [Eureka-EvictionTimer] INFO  c.n.e.r.AbstractInstanceRegistry - Running the evict task with compensationTime 0ms
2023-08-25 21:53:06.323 [Eureka-EvictionTimer] INFO  c.n.e.r.AbstractInstanceRegistry - Running the evict task with compensationTime 0ms
2023-08-25 21:53:11.323 [Eureka-EvictionTimer] INFO  c.n.e.r.AbstractInstanceRegistry - Running the evict task with compensationTime 0ms
2023-08-25 21:53:16.323 [Eureka-EvictionTimer] INFO  c.n.e.r.AbstractInstanceRegistry - Running the evict task with compensationTime 0ms
2023-08-25 21:53:21.323 [Eureka-EvictionTimer] INFO  c.n.e.r.AbstractInstanceRegistry - Running the evict task with compensationTime 0ms
2023-08-25 21:53:26.323 [Eureka-EvictionTimer] INFO  c.n.e.r.AbstractInstanceRegistry - Running the evict task with compensationTime 0ms
2023-08-25 21:53:31.323 [Eureka-EvictionTimer] INFO  c.n.e.r.AbstractInstanceRegistry - Running the evict task with compensationTime 0ms
2023-08-25 21:53:36.323 [Eureka-EvictionTimer] INFO  c.n.e.r.AbstractInstanceRegistry - Running the evict task with compensationTime 0ms
2023-08-25 21:53:41.323 [Eureka-EvictionTimer] INFO  c.n.e.r.AbstractInstanceRegistry - Running the evict task with compensationTime 0ms
2023-08-25 21:53:46.323 [Eureka-EvictionTimer] INFO  c.n.e.r.AbstractInstanceRegistry - Running the evict task with compensationTime 0ms
2023-08-25 21:53:51.323 [Eureka-EvictionTimer] INFO  c.n.e.r.AbstractInstanceRegistry - Running the evict task with compensationTime 0ms
2023-08-25 21:53:56.323 [Eureka-EvictionTimer] INFO  c.n.e.r.AbstractInstanceRegistry - Running the evict task with compensationTime 0ms
2023-08-25 21:54:01.323 [Eureka-EvictionTimer] INFO  c.n.e.r.AbstractInstanceRegistry - Running the evict task with compensationTime 0ms
2023-08-25 21:54:06.323 [Eureka-EvictionTimer] INFO  c.n.e.r.AbstractInstanceRegistry - Running the evict task with compensationTime 0ms
2023-08-25 21:54:11.323 [Eureka-EvictionTimer] INFO  c.n.e.r.AbstractInstanceRegistry - Running the evict task with compensationTime 0ms
2023-08-25 21:54:16.323 [Eureka-EvictionTimer] INFO  c.n.e.r.AbstractInstanceRegistry - Running the evict task with compensationTime 0ms
2023-08-25 21:54:21.323 [Eureka-EvictionTimer] INFO  c.n.e.r.AbstractInstanceRegistry - Running the evict task with compensationTime 0ms
2023-08-25 21:54:26.323 [Eureka-EvictionTimer] INFO  c.n.e.r.AbstractInstanceRegistry - Running the evict task with compensationTime 0ms
2023-08-25 21:54:31.323 [Eureka-EvictionTimer] INFO  c.n.e.r.AbstractInstanceRegistry - Running the evict task with compensationTime 0ms
2023-08-25 21:54:36.323 [Eureka-EvictionTimer] INFO  c.n.e.r.AbstractInstanceRegistry - Running the evict task with compensationTime 0ms
2023-08-25 21:54:41.323 [Eureka-EvictionTimer] INFO  c.n.e.r.AbstractInstanceRegistry - Running the evict task with compensationTime 0ms
2023-08-25 21:54:46.323 [Eureka-EvictionTimer] INFO  c.n.e.r.AbstractInstanceRegistry - Running the evict task with compensationTime 0ms
2023-08-25 21:54:51.323 [Eureka-EvictionTimer] INFO  c.n.e.r.AbstractInstanceRegistry - Running the evict task with compensationTime 0ms
2023-08-25 21:54:56.323 [Eureka-EvictionTimer] INFO  c.n.e.r.AbstractInstanceRegistry - Running the evict task with compensationTime 0ms
2023-08-25 21:55:01.323 [Eureka-EvictionTimer] INFO  c.n.e.r.AbstractInstanceRegistry - Running the evict task with compensationTime 0ms
2023-08-25 21:55:06.323 [Eureka-EvictionTimer] INFO  c.n.e.r.AbstractInstanceRegistry - Running the evict task with compensationTime 0ms
2023-08-25 21:55:11.323 [Eureka-EvictionTimer] INFO  c.n.e.r.AbstractInstanceRegistry - Running the evict task with compensationTime 0ms
2023-08-25 21:55:16.323 [Eureka-EvictionTimer] INFO  c.n.e.r.AbstractInstanceRegistry - Running the evict task with compensationTime 0ms
2023-08-25 21:55:21.323 [Eureka-EvictionTimer] INFO  c.n.e.r.AbstractInstanceRegistry - Running the evict task with compensationTime 0ms
2023-08-25 21:55:26.323 [Eureka-EvictionTimer] INFO  c.n.e.r.AbstractInstanceRegistry - Running the evict task with compensationTime 0ms
2023-08-25 21:55:31.323 [Eureka-EvictionTimer] INFO  c.n.e.r.AbstractInstanceRegistry - Running the evict task with compensationTime 0ms
2023-08-25 21:55:36.323 [Eureka-EvictionTimer] INFO  c.n.e.r.AbstractInstanceRegistry - Running the evict task with compensationTime 0ms
2023-08-25 21:55:41.323 [Eureka-EvictionTimer] INFO  c.n.e.r.AbstractInstanceRegistry - Running the evict task with compensationTime 0ms
2023-08-25 21:55:46.323 [Eureka-EvictionTimer] INFO  c.n.e.r.AbstractInstanceRegistry - Running the evict task with compensationTime 0ms
2023-08-25 21:55:51.323 [Eureka-EvictionTimer] INFO  c.n.e.r.AbstractInstanceRegistry - Running the evict task with compensationTime 0ms
2023-08-25 21:55:56.323 [Eureka-EvictionTimer] INFO  c.n.e.r.AbstractInstanceRegistry - Running the evict task with compensationTime 0ms
2023-08-25 21:56:01.323 [Eureka-EvictionTimer] INFO  c.n.e.r.AbstractInstanceRegistry - Running the evict task with compensationTime 0ms
2023-08-25 21:56:06.323 [Eureka-EvictionTimer] INFO  c.n.e.r.AbstractInstanceRegistry - Running the evict task with compensationTime 0ms
2023-08-25 21:56:11.323 [Eureka-EvictionTimer] INFO  c.n.e.r.AbstractInstanceRegistry - Running the evict task with compensationTime 0ms
2023-08-25 21:56:16.323 [Eureka-EvictionTimer] INFO  c.n.e.r.AbstractInstanceRegistry - Running the evict task with compensationTime 0ms
2023-08-25 21:56:21.323 [Eureka-EvictionTimer] INFO  c.n.e.r.AbstractInstanceRegistry - Running the evict task with compensationTime 0ms
2023-08-25 21:56:26.323 [Eureka-EvictionTimer] INFO  c.n.e.r.AbstractInstanceRegistry - Running the evict task with compensationTime 0ms
2023-08-25 21:56:31.323 [Eureka-EvictionTimer] INFO  c.n.e.r.AbstractInstanceRegistry - Running the evict task with compensationTime 0ms
2023-08-25 21:56:36.323 [Eureka-EvictionTimer] INFO  c.n.e.r.AbstractInstanceRegistry - Running the evict task with compensationTime 0ms
2023-08-25 21:56:41.323 [Eureka-EvictionTimer] INFO  c.n.e.r.AbstractInstanceRegistry - Running the evict task with compensationTime 0ms
2023-08-25 21:56:46.323 [Eureka-EvictionTimer] INFO  c.n.e.r.AbstractInstanceRegistry - Running the evict task with compensationTime 0ms
2023-08-25 21:56:51.323 [Eureka-EvictionTimer] INFO  c.n.e.r.AbstractInstanceRegistry - Running the evict task with compensationTime 0ms
2023-08-25 21:56:56.323 [Eureka-EvictionTimer] INFO  c.n.e.r.AbstractInstanceRegistry - Running the evict task with compensationTime 0ms
2023-08-25 21:57:01.323 [Eureka-EvictionTimer] INFO  c.n.e.r.AbstractInstanceRegistry - Running the evict task with compensationTime 0ms
2023-08-25 21:57:06.323 [Eureka-EvictionTimer] INFO  c.n.e.r.AbstractInstanceRegistry - Running the evict task with compensationTime 0ms
2023-08-25 21:57:11.323 [Eureka-EvictionTimer] INFO  c.n.e.r.AbstractInstanceRegistry - Running the evict task with compensationTime 0ms
2023-08-25 21:57:16.323 [Eureka-EvictionTimer] INFO  c.n.e.r.AbstractInstanceRegistry - Running the evict task with compensationTime 0ms
2023-08-25 21:57:21.323 [Eureka-EvictionTimer] INFO  c.n.e.r.AbstractInstanceRegistry - Running the evict task with compensationTime 0ms
2023-08-25 21:57:26.323 [Eureka-EvictionTimer] INFO  c.n.e.r.AbstractInstanceRegistry - Running the evict task with compensationTime 0ms
2023-08-25 21:57:31.323 [Eureka-EvictionTimer] INFO  c.n.e.r.AbstractInstanceRegistry - Running the evict task with compensationTime 0ms
2023-08-25 21:57:36.323 [Eureka-EvictionTimer] INFO  c.n.e.r.AbstractInstanceRegistry - Running the evict task with compensationTime 0ms
2023-08-25 21:57:41.323 [Eureka-EvictionTimer] INFO  c.n.e.r.AbstractInstanceRegistry - Running the evict task with compensationTime 0ms
2023-08-25 21:57:46.323 [Eureka-EvictionTimer] INFO  c.n.e.r.AbstractInstanceRegistry - Running the evict task with compensationTime 0ms
2023-08-25 21:57:51.323 [Eureka-EvictionTimer] INFO  c.n.e.r.AbstractInstanceRegistry - Running the evict task with compensationTime 0ms
2023-08-25 21:57:56.323 [Eureka-EvictionTimer] INFO  c.n.e.r.AbstractInstanceRegistry - Running the evict task with compensationTime 0ms
2023-08-25 21:58:01.323 [Eureka-EvictionTimer] INFO  c.n.e.r.AbstractInstanceRegistry - Running the evict task with compensationTime 0ms
2023-08-25 21:58:06.323 [Eureka-EvictionTimer] INFO  c.n.e.r.AbstractInstanceRegistry - Running the evict task with compensationTime 0ms
2023-08-25 21:58:11.323 [Eureka-EvictionTimer] INFO  c.n.e.r.AbstractInstanceRegistry - Running the evict task with compensationTime 0ms
2023-08-25 21:58:16.323 [Eureka-EvictionTimer] INFO  c.n.e.r.AbstractInstanceRegistry - Running the evict task with compensationTime 0ms
2023-08-25 21:58:21.323 [Eureka-EvictionTimer] INFO  c.n.e.r.AbstractInstanceRegistry - Running the evict task with compensationTime 0ms
2023-08-25 21:58:26.323 [Eureka-EvictionTimer] INFO  c.n.e.r.AbstractInstanceRegistry - Running the evict task with compensationTime 0ms
2023-08-25 21:58:31.323 [Eureka-EvictionTimer] INFO  c.n.e.r.AbstractInstanceRegistry - Running the evict task with compensationTime 0ms
2023-08-25 21:58:36.323 [Eureka-EvictionTimer] INFO  c.n.e.r.AbstractInstanceRegistry - Running the evict task with compensationTime 0ms
2023-08-25 21:58:41.323 [Eureka-EvictionTimer] INFO  c.n.e.r.AbstractInstanceRegistry - Running the evict task with compensationTime 0ms
2023-08-25 21:58:46.323 [Eureka-EvictionTimer] INFO  c.n.e.r.AbstractInstanceRegistry - Running the evict task with compensationTime 0ms
2023-08-25 21:58:51.323 [Eureka-EvictionTimer] INFO  c.n.e.r.AbstractInstanceRegistry - Running the evict task with compensationTime 0ms
2023-08-25 21:58:56.323 [Eureka-EvictionTimer] INFO  c.n.e.r.AbstractInstanceRegistry - Running the evict task with compensationTime 0ms
2023-08-25 21:59:01.323 [Eureka-EvictionTimer] INFO  c.n.e.r.AbstractInstanceRegistry - Running the evict task with compensationTime 0ms
2023-08-25 21:59:06.323 [Eureka-EvictionTimer] INFO  c.n.e.r.AbstractInstanceRegistry - Running the evict task with compensationTime 0ms
2023-08-25 21:59:11.323 [Eureka-EvictionTimer] INFO  c.n.e.r.AbstractInstanceRegistry - Running the evict task with compensationTime 0ms
2023-08-25 21:59:16.323 [Eureka-EvictionTimer] INFO  c.n.e.r.AbstractInstanceRegistry - Running the evict task with compensationTime 0ms
2023-08-25 21:59:21.323 [Eureka-EvictionTimer] INFO  c.n.e.r.AbstractInstanceRegistry - Running the evict task with compensationTime 0ms
2023-08-25 21:59:26.323 [Eureka-EvictionTimer] INFO  c.n.e.r.AbstractInstanceRegistry - Running the evict task with compensationTime 0ms
2023-08-25 21:59:31.323 [Eureka-EvictionTimer] INFO  c.n.e.r.AbstractInstanceRegistry - Running the evict task with compensationTime 0ms
2023-08-25 21:59:36.323 [Eureka-EvictionTimer] INFO  c.n.e.r.AbstractInstanceRegistry - Running the evict task with compensationTime 0ms
2023-08-25 21:59:41.323 [Eureka-EvictionTimer] INFO  c.n.e.r.AbstractInstanceRegistry - Running the evict task with compensationTime 0ms
2023-08-25 21:59:46.323 [Eureka-EvictionTimer] INFO  c.n.e.r.AbstractInstanceRegistry - Running the evict task with compensationTime 0ms
2023-08-25 21:59:51.323 [Eureka-EvictionTimer] INFO  c.n.e.r.AbstractInstanceRegistry - Running the evict task with compensationTime 0ms
2023-08-25 21:59:56.323 [Eureka-EvictionTimer] INFO  c.n.e.r.AbstractInstanceRegistry - Running the evict task with compensationTime 0ms
2023-08-25 22:00:01.323 [Eureka-EvictionTimer] INFO  c.n.e.r.AbstractInstanceRegistry - Running the evict task with compensationTime 0ms
2023-08-25 22:00:06.323 [Eureka-EvictionTimer] INFO  c.n.e.r.AbstractInstanceRegistry - Running the evict task with compensationTime 0ms
2023-08-25 22:00:11.323 [Eureka-EvictionTimer] INFO  c.n.e.r.AbstractInstanceRegistry - Running the evict task with compensationTime 0ms
2023-08-25 22:00:16.323 [Eureka-EvictionTimer] INFO  c.n.e.r.AbstractInstanceRegistry - Running the evict task with compensationTime 0ms
2023-08-25 22:00:21.323 [Eureka-EvictionTimer] INFO  c.n.e.r.AbstractInstanceRegistry - Running the evict task with compensationTime 0ms
2023-08-25 22:00:26.323 [Eureka-EvictionTimer] INFO  c.n.e.r.AbstractInstanceRegistry - Running the evict task with compensationTime 0ms
2023-08-25 22:00:31.323 [Eureka-EvictionTimer] INFO  c.n.e.r.AbstractInstanceRegistry - Running the evict task with compensationTime 0ms
2023-08-25 22:00:36.323 [Eureka-EvictionTimer] INFO  c.n.e.r.AbstractInstanceRegistry - Running the evict task with compensationTime 0ms
2023-08-25 22:00:41.323 [Eureka-EvictionTimer] INFO  c.n.e.r.AbstractInstanceRegistry - Running the evict task with compensationTime 0ms
2023-08-25 22:00:46.323 [Eureka-EvictionTimer] INFO  c.n.e.r.AbstractInstanceRegistry - Running the evict task with compensationTime 0ms
2023-08-25 22:00:51.323 [Eureka-EvictionTimer] INFO  c.n.e.r.AbstractInstanceRegistry - Running the evict task with compensationTime 0ms
2023-08-25 22:00:56.323 [Eureka-EvictionTimer] INFO  c.n.e.r.AbstractInstanceRegistry - Running the evict task with compensationTime 0ms
2023-08-25 22:01:01.323 [Eureka-EvictionTimer] INFO  c.n.e.r.AbstractInstanceRegistry - Running the evict task with compensationTime 0ms
2023-08-25 22:01:06.323 [Eureka-EvictionTimer] INFO  c.n.e.r.AbstractInstanceRegistry - Running the evict task with compensationTime 0ms
2023-08-25 22:01:11.323 [Eureka-EvictionTimer] INFO  c.n.e.r.AbstractInstanceRegistry - Running the evict task with compensationTime 0ms
2023-08-25 22:01:16.323 [Eureka-EvictionTimer] INFO  c.n.e.r.AbstractInstanceRegistry - Running the evict task with compensationTime 0ms
2023-08-25 22:01:21.323 [Eureka-EvictionTimer] INFO  c.n.e.r.AbstractInstanceRegistry - Running the evict task with compensationTime 0ms
2023-08-25 22:01:26.323 [Eureka-EvictionTimer] INFO  c.n.e.r.AbstractInstanceRegistry - Running the evict task with compensationTime 0ms
2023-08-25 22:01:31.323 [Eureka-EvictionTimer] INFO  c.n.e.r.AbstractInstanceRegistry - Running the evict task with compensationTime 0ms
2023-08-25 22:01:36.323 [Eureka-EvictionTimer] INFO  c.n.e.r.AbstractInstanceRegistry - Running the evict task with compensationTime 0ms
2023-08-25 22:01:41.323 [Eureka-EvictionTimer] INFO  c.n.e.r.AbstractInstanceRegistry - Running the evict task with compensationTime 0ms
2023-08-25 22:01:46.323 [Eureka-EvictionTimer] INFO  c.n.e.r.AbstractInstanceRegistry - Running the evict task with compensationTime 0ms
2023-08-25 22:01:51.323 [Eureka-EvictionTimer] INFO  c.n.e.r.AbstractInstanceRegistry - Running the evict task with compensationTime 0ms
2023-08-25 22:01:56.323 [Eureka-EvictionTimer] INFO  c.n.e.r.AbstractInstanceRegistry - Running the evict task with compensationTime 0ms
2023-08-25 22:02:01.323 [Eureka-EvictionTimer] INFO  c.n.e.r.AbstractInstanceRegistry - Running the evict task with compensationTime 0ms
2023-08-25 22:02:06.323 [Eureka-EvictionTimer] INFO  c.n.e.r.AbstractInstanceRegistry - Running the evict task with compensationTime 0ms
2023-08-25 22:02:11.323 [Eureka-EvictionTimer] INFO  c.n.e.r.AbstractInstanceRegistry - Running the evict task with compensationTime 0ms
2023-08-25 22:02:16.323 [Eureka-EvictionTimer] INFO  c.n.e.r.AbstractInstanceRegistry - Running the evict task with compensationTime 0ms
2023-08-25 22:02:21.323 [Eureka-EvictionTimer] INFO  c.n.e.r.AbstractInstanceRegistry - Running the evict task with compensationTime 0ms
2023-08-25 22:02:26.323 [Eureka-EvictionTimer] INFO  c.n.e.r.AbstractInstanceRegistry - Running the evict task with compensationTime 0ms
2023-08-25 22:02:31.323 [Eureka-EvictionTimer] INFO  c.n.e.r.AbstractInstanceRegistry - Running the evict task with compensationTime 0ms
2023-08-25 22:02:36.323 [Eureka-EvictionTimer] INFO  c.n.e.r.AbstractInstanceRegistry - Running the evict task with compensationTime 0ms
2023-08-25 22:02:41.323 [Eureka-EvictionTimer] INFO  c.n.e.r.AbstractInstanceRegistry - Running the evict task with compensationTime 0ms
2023-08-25 22:02:46.323 [Eureka-EvictionTimer] INFO  c.n.e.r.AbstractInstanceRegistry - Running the evict task with compensationTime 0ms
2023-08-25 22:02:51.323 [Eureka-EvictionTimer] INFO  c.n.e.r.AbstractInstanceRegistry - Running the evict task with compensationTime 0ms
2023-08-25 22:02:56.323 [Eureka-EvictionTimer] INFO  c.n.e.r.AbstractInstanceRegistry - Running the evict task with compensationTime 0ms
2023-08-25 22:03:01.323 [Eureka-EvictionTimer] INFO  c.n.e.r.AbstractInstanceRegistry - Running the evict task with compensationTime 0ms
2023-08-25 22:03:06.323 [Eureka-EvictionTimer] INFO  c.n.e.r.AbstractInstanceRegistry - Running the evict task with compensationTime 0ms
2023-08-25 22:03:11.323 [Eureka-EvictionTimer] INFO  c.n.e.r.AbstractInstanceRegistry - Running the evict task with compensationTime 0ms
2023-08-25 22:03:16.323 [Eureka-EvictionTimer] INFO  c.n.e.r.AbstractInstanceRegistry - Running the evict task with compensationTime 0ms
2023-08-25 22:03:21.323 [Eureka-EvictionTimer] INFO  c.n.e.r.AbstractInstanceRegistry - Running the evict task with compensationTime 0ms
2023-08-25 22:03:26.323 [Eureka-EvictionTimer] INFO  c.n.e.r.AbstractInstanceRegistry - Running the evict task with compensationTime 0ms
2023-08-25 22:03:31.323 [Eureka-EvictionTimer] INFO  c.n.e.r.AbstractInstanceRegistry - Running the evict task with compensationTime 0ms
2023-08-25 22:03:36.323 [Eureka-EvictionTimer] INFO  c.n.e.r.AbstractInstanceRegistry - Running the evict task with compensationTime 0ms
2023-08-25 22:03:41.323 [Eureka-EvictionTimer] INFO  c.n.e.r.AbstractInstanceRegistry - Running the evict task with compensationTime 0ms
2023-08-25 22:03:46.323 [Eureka-EvictionTimer] INFO  c.n.e.r.AbstractInstanceRegistry - Running the evict task with compensationTime 0ms
2023-08-25 22:03:51.323 [Eureka-EvictionTimer] INFO  c.n.e.r.AbstractInstanceRegistry - Running the evict task with compensationTime 0ms
2023-08-25 22:03:56.323 [Eureka-EvictionTimer] INFO  c.n.e.r.AbstractInstanceRegistry - Running the evict task with compensationTime 0ms
2023-08-25 22:04:01.323 [Eureka-EvictionTimer] INFO  c.n.e.r.AbstractInstanceRegistry - Running the evict task with compensationTime 0ms
2023-08-25 22:04:06.323 [Eureka-EvictionTimer] INFO  c.n.e.r.AbstractInstanceRegistry - Running the evict task with compensationTime 0ms
2023-08-25 22:04:11.323 [Eureka-EvictionTimer] INFO  c.n.e.r.AbstractInstanceRegistry - Running the evict task with compensationTime 0ms
2023-08-25 22:04:16.323 [Eureka-EvictionTimer] INFO  c.n.e.r.AbstractInstanceRegistry - Running the evict task with compensationTime 0ms
2023-08-25 22:04:21.323 [Eureka-EvictionTimer] INFO  c.n.e.r.AbstractInstanceRegistry - Running the evict task with compensationTime 0ms
2023-08-25 22:04:26.323 [Eureka-EvictionTimer] INFO  c.n.e.r.AbstractInstanceRegistry - Running the evict task with compensationTime 0ms
2023-08-25 22:04:31.323 [Eureka-EvictionTimer] INFO  c.n.e.r.AbstractInstanceRegistry - Running the evict task with compensationTime 0ms
2023-08-25 22:04:36.323 [Eureka-EvictionTimer] INFO  c.n.e.r.AbstractInstanceRegistry - Running the evict task with compensationTime 0ms
2023-08-25 22:04:41.323 [Eureka-EvictionTimer] INFO  c.n.e.r.AbstractInstanceRegistry - Running the evict task with compensationTime 0ms
2023-08-25 22:04:46.323 [Eureka-EvictionTimer] INFO  c.n.e.r.AbstractInstanceRegistry - Running the evict task with compensationTime 0ms
2023-08-25 22:04:51.323 [Eureka-EvictionTimer] INFO  c.n.e.r.AbstractInstanceRegistry - Running the evict task with compensationTime 0ms
2023-08-25 22:04:56.323 [Eureka-EvictionTimer] INFO  c.n.e.r.AbstractInstanceRegistry - Running the evict task with compensationTime 0ms
2023-08-25 22:05:00.853 [ReplicaAwareInstanceRegistry - RenewalThresholdUpdater] INFO  c.n.e.r.PeerAwareInstanceRegistryImpl - Current renewal threshold is : 0
2023-08-25 22:05:01.323 [Eureka-EvictionTimer] INFO  c.n.e.r.AbstractInstanceRegistry - Running the evict task with compensationTime 0ms
2023-08-25 22:05:06.323 [Eureka-EvictionTimer] INFO  c.n.e.r.AbstractInstanceRegistry - Running the evict task with compensationTime 0ms
2023-08-25 22:05:11.323 [Eureka-EvictionTimer] INFO  c.n.e.r.AbstractInstanceRegistry - Running the evict task with compensationTime 0ms
2023-08-25 22:05:16.323 [Eureka-EvictionTimer] INFO  c.n.e.r.AbstractInstanceRegistry - Running the evict task with compensationTime 0ms
2023-08-25 22:05:21.323 [Eureka-EvictionTimer] INFO  c.n.e.r.AbstractInstanceRegistry - Running the evict task with compensationTime 0ms
2023-08-25 22:05:26.323 [Eureka-EvictionTimer] INFO  c.n.e.r.AbstractInstanceRegistry - Running the evict task with compensationTime 0ms
2023-08-25 22:05:31.323 [Eureka-EvictionTimer] INFO  c.n.e.r.AbstractInstanceRegistry - Running the evict task with compensationTime 0ms
2023-08-25 22:05:36.323 [Eureka-EvictionTimer] INFO  c.n.e.r.AbstractInstanceRegistry - Running the evict task with compensationTime 0ms
2023-08-25 22:05:41.323 [Eureka-EvictionTimer] INFO  c.n.e.r.AbstractInstanceRegistry - Running the evict task with compensationTime 0ms
2023-08-25 22:05:46.323 [Eureka-EvictionTimer] INFO  c.n.e.r.AbstractInstanceRegistry - Running the evict task with compensationTime 0ms
2023-08-25 22:05:51.323 [Eureka-EvictionTimer] INFO  c.n.e.r.AbstractInstanceRegistry - Running the evict task with compensationTime 0ms
2023-08-25 22:05:56.323 [Eureka-EvictionTimer] INFO  c.n.e.r.AbstractInstanceRegistry - Running the evict task with compensationTime 0ms
2023-08-25 22:06:01.323 [Eureka-EvictionTimer] INFO  c.n.e.r.AbstractInstanceRegistry - Running the evict task with compensationTime 0ms
2023-08-25 22:06:06.323 [Eureka-EvictionTimer] INFO  c.n.e.r.AbstractInstanceRegistry - Running the evict task with compensationTime 0ms
2023-08-25 22:06:11.323 [Eureka-EvictionTimer] INFO  c.n.e.r.AbstractInstanceRegistry - Running the evict task with compensationTime 0ms
2023-08-25 22:06:16.323 [Eureka-EvictionTimer] INFO  c.n.e.r.AbstractInstanceRegistry - Running the evict task with compensationTime 0ms
2023-08-25 22:06:21.323 [Eureka-EvictionTimer] INFO  c.n.e.r.AbstractInstanceRegistry - Running the evict task with compensationTime 0ms
2023-08-25 22:06:26.323 [Eureka-EvictionTimer] INFO  c.n.e.r.AbstractInstanceRegistry - Running the evict task with compensationTime 0ms
2023-08-25 22:06:31.323 [Eureka-EvictionTimer] INFO  c.n.e.r.AbstractInstanceRegistry - Running the evict task with compensationTime 0ms
2023-08-25 22:06:36.323 [Eureka-EvictionTimer] INFO  c.n.e.r.AbstractInstanceRegistry - Running the evict task with compensationTime 0ms
2023-08-25 22:06:41.323 [Eureka-EvictionTimer] INFO  c.n.e.r.AbstractInstanceRegistry - Running the evict task with compensationTime 0ms
2023-08-25 22:06:46.323 [Eureka-EvictionTimer] INFO  c.n.e.r.AbstractInstanceRegistry - Running the evict task with compensationTime 0ms
2023-08-25 22:06:51.323 [Eureka-EvictionTimer] INFO  c.n.e.r.AbstractInstanceRegistry - Running the evict task with compensationTime 0ms
2023-08-25 22:06:56.323 [Eureka-EvictionTimer] INFO  c.n.e.r.AbstractInstanceRegistry - Running the evict task with compensationTime 0ms
2023-08-25 22:07:01.323 [Eureka-EvictionTimer] INFO  c.n.e.r.AbstractInstanceRegistry - Running the evict task with compensationTime 0ms
2023-08-25 22:07:06.323 [Eureka-EvictionTimer] INFO  c.n.e.r.AbstractInstanceRegistry - Running the evict task with compensationTime 0ms
2023-08-25 22:07:11.323 [Eureka-EvictionTimer] INFO  c.n.e.r.AbstractInstanceRegistry - Running the evict task with compensationTime 0ms
2023-08-25 22:07:16.323 [Eureka-EvictionTimer] INFO  c.n.e.r.AbstractInstanceRegistry - Running the evict task with compensationTime 0ms
2023-08-25 22:07:21.323 [Eureka-EvictionTimer] INFO  c.n.e.r.AbstractInstanceRegistry - Running the evict task with compensationTime 0ms
2023-08-25 22:07:26.323 [Eureka-EvictionTimer] INFO  c.n.e.r.AbstractInstanceRegistry - Running the evict task with compensationTime 0ms
2023-08-25 22:07:31.323 [Eureka-EvictionTimer] INFO  c.n.e.r.AbstractInstanceRegistry - Running the evict task with compensationTime 0ms
2023-08-25 22:07:36.323 [Eureka-EvictionTimer] INFO  c.n.e.r.AbstractInstanceRegistry - Running the evict task with compensationTime 0ms
2023-08-25 22:07:41.323 [Eureka-EvictionTimer] INFO  c.n.e.r.AbstractInstanceRegistry - Running the evict task with compensationTime 0ms
2023-08-25 22:07:46.323 [Eureka-EvictionTimer] INFO  c.n.e.r.AbstractInstanceRegistry - Running the evict task with compensationTime 0ms
2023-08-25 22:07:51.323 [Eureka-EvictionTimer] INFO  c.n.e.r.AbstractInstanceRegistry - Running the evict task with compensationTime 0ms
2023-08-25 22:07:56.323 [Eureka-EvictionTimer] INFO  c.n.e.r.AbstractInstanceRegistry - Running the evict task with compensationTime 0ms
2023-08-25 22:08:01.323 [Eureka-EvictionTimer] INFO  c.n.e.r.AbstractInstanceRegistry - Running the evict task with compensationTime 0ms
2023-08-25 22:08:06.323 [Eureka-EvictionTimer] INFO  c.n.e.r.AbstractInstanceRegistry - Running the evict task with compensationTime 0ms
2023-08-25 22:08:11.323 [Eureka-EvictionTimer] INFO  c.n.e.r.AbstractInstanceRegistry - Running the evict task with compensationTime 0ms
2023-08-25 22:08:16.323 [Eureka-EvictionTimer] INFO  c.n.e.r.AbstractInstanceRegistry - Running the evict task with compensationTime 0ms
2023-08-25 22:08:21.323 [Eureka-EvictionTimer] INFO  c.n.e.r.AbstractInstanceRegistry - Running the evict task with compensationTime 0ms
2023-08-25 22:08:26.323 [Eureka-EvictionTimer] INFO  c.n.e.r.AbstractInstanceRegistry - Running the evict task with compensationTime 0ms
2023-08-25 22:08:31.323 [Eureka-EvictionTimer] INFO  c.n.e.r.AbstractInstanceRegistry - Running the evict task with compensationTime 0ms
2023-08-25 22:08:36.323 [Eureka-EvictionTimer] INFO  c.n.e.r.AbstractInstanceRegistry - Running the evict task with compensationTime 0ms
2023-08-25 22:08:41.323 [Eureka-EvictionTimer] INFO  c.n.e.r.AbstractInstanceRegistry - Running the evict task with compensationTime 0ms
2023-08-25 22:08:46.323 [Eureka-EvictionTimer] INFO  c.n.e.r.AbstractInstanceRegistry - Running the evict task with compensationTime 0ms
2023-08-25 22:08:51.323 [Eureka-EvictionTimer] INFO  c.n.e.r.AbstractInstanceRegistry - Running the evict task with compensationTime 0ms
2023-08-25 22:08:56.323 [Eureka-EvictionTimer] INFO  c.n.e.r.AbstractInstanceRegistry - Running the evict task with compensationTime 0ms
2023-08-25 22:09:01.323 [Eureka-EvictionTimer] INFO  c.n.e.r.AbstractInstanceRegistry - Running the evict task with compensationTime 0ms
2023-08-25 22:09:06.323 [Eureka-EvictionTimer] INFO  c.n.e.r.AbstractInstanceRegistry - Running the evict task with compensationTime 0ms
2023-08-25 22:09:11.323 [Eureka-EvictionTimer] INFO  c.n.e.r.AbstractInstanceRegistry - Running the evict task with compensationTime 0ms
2023-08-25 22:09:16.323 [Eureka-EvictionTimer] INFO  c.n.e.r.AbstractInstanceRegistry - Running the evict task with compensationTime 0ms
2023-08-25 22:09:21.323 [Eureka-EvictionTimer] INFO  c.n.e.r.AbstractInstanceRegistry - Running the evict task with compensationTime 0ms
2023-08-25 22:09:26.323 [Eureka-EvictionTimer] INFO  c.n.e.r.AbstractInstanceRegistry - Running the evict task with compensationTime 0ms
2023-08-25 22:09:31.323 [Eureka-EvictionTimer] INFO  c.n.e.r.AbstractInstanceRegistry - Running the evict task with compensationTime 0ms
2023-08-25 22:09:36.323 [Eureka-EvictionTimer] INFO  c.n.e.r.AbstractInstanceRegistry - Running the evict task with compensationTime 0ms
2023-08-25 22:09:41.323 [Eureka-EvictionTimer] INFO  c.n.e.r.AbstractInstanceRegistry - Running the evict task with compensationTime 0ms
2023-08-25 22:09:46.323 [Eureka-EvictionTimer] INFO  c.n.e.r.AbstractInstanceRegistry - Running the evict task with compensationTime 0ms
2023-08-25 22:09:51.323 [Eureka-EvictionTimer] INFO  c.n.e.r.AbstractInstanceRegistry - Running the evict task with compensationTime 0ms
2023-08-25 22:09:56.323 [Eureka-EvictionTimer] INFO  c.n.e.r.AbstractInstanceRegistry - Running the evict task with compensationTime 0ms
2023-08-25 22:10:01.323 [Eureka-EvictionTimer] INFO  c.n.e.r.AbstractInstanceRegistry - Running the evict task with compensationTime 0ms
2023-08-25 22:10:06.323 [Eureka-EvictionTimer] INFO  c.n.e.r.AbstractInstanceRegistry - Running the evict task with compensationTime 0ms
2023-08-25 22:10:11.323 [Eureka-EvictionTimer] INFO  c.n.e.r.AbstractInstanceRegistry - Running the evict task with compensationTime 0ms
2023-08-25 22:10:16.323 [Eureka-EvictionTimer] INFO  c.n.e.r.AbstractInstanceRegistry - Running the evict task with compensationTime 0ms
2023-08-25 22:10:21.323 [Eureka-EvictionTimer] INFO  c.n.e.r.AbstractInstanceRegistry - Running the evict task with compensationTime 0ms
2023-08-25 22:10:26.323 [Eureka-EvictionTimer] INFO  c.n.e.r.AbstractInstanceRegistry - Running the evict task with compensationTime 0ms
2023-08-25 22:10:31.323 [Eureka-EvictionTimer] INFO  c.n.e.r.AbstractInstanceRegistry - Running the evict task with compensationTime 0ms
2023-08-25 22:10:36.323 [Eureka-EvictionTimer] INFO  c.n.e.r.AbstractInstanceRegistry - Running the evict task with compensationTime 0ms
2023-08-25 22:10:41.323 [Eureka-EvictionTimer] INFO  c.n.e.r.AbstractInstanceRegistry - Running the evict task with compensationTime 0ms
2023-08-25 22:10:46.323 [Eureka-EvictionTimer] INFO  c.n.e.r.AbstractInstanceRegistry - Running the evict task with compensationTime 0ms
2023-08-25 22:10:51.323 [Eureka-EvictionTimer] INFO  c.n.e.r.AbstractInstanceRegistry - Running the evict task with compensationTime 0ms
2023-08-25 22:10:56.323 [Eureka-EvictionTimer] INFO  c.n.e.r.AbstractInstanceRegistry - Running the evict task with compensationTime 0ms
2023-08-25 22:11:01.323 [Eureka-EvictionTimer] INFO  c.n.e.r.AbstractInstanceRegistry - Running the evict task with compensationTime 0ms
2023-08-25 22:11:06.323 [Eureka-EvictionTimer] INFO  c.n.e.r.AbstractInstanceRegistry - Running the evict task with compensationTime 0ms
2023-08-25 22:11:11.323 [Eureka-EvictionTimer] INFO  c.n.e.r.AbstractInstanceRegistry - Running the evict task with compensationTime 0ms
2023-08-25 22:11:16.323 [Eureka-EvictionTimer] INFO  c.n.e.r.AbstractInstanceRegistry - Running the evict task with compensationTime 0ms
2023-08-25 22:11:21.323 [Eureka-EvictionTimer] INFO  c.n.e.r.AbstractInstanceRegistry - Running the evict task with compensationTime 0ms
2023-08-25 22:11:26.323 [Eureka-EvictionTimer] INFO  c.n.e.r.AbstractInstanceRegistry - Running the evict task with compensationTime 0ms
2023-08-25 22:11:31.323 [Eureka-EvictionTimer] INFO  c.n.e.r.AbstractInstanceRegistry - Running the evict task with compensationTime 0ms
2023-08-25 22:11:36.323 [Eureka-EvictionTimer] INFO  c.n.e.r.AbstractInstanceRegistry - Running the evict task with compensationTime 0ms
2023-08-25 22:11:41.323 [Eureka-EvictionTimer] INFO  c.n.e.r.AbstractInstanceRegistry - Running the evict task with compensationTime 0ms
2023-08-25 22:11:46.323 [Eureka-EvictionTimer] INFO  c.n.e.r.AbstractInstanceRegistry - Running the evict task with compensationTime 0ms
2023-08-25 22:11:51.323 [Eureka-EvictionTimer] INFO  c.n.e.r.AbstractInstanceRegistry - Running the evict task with compensationTime 0ms
2023-08-25 22:11:56.323 [Eureka-EvictionTimer] INFO  c.n.e.r.AbstractInstanceRegistry - Running the evict task with compensationTime 0ms
2023-08-25 22:12:01.323 [Eureka-EvictionTimer] INFO  c.n.e.r.AbstractInstanceRegistry - Running the evict task with compensationTime 0ms
2023-08-25 22:12:06.323 [Eureka-EvictionTimer] INFO  c.n.e.r.AbstractInstanceRegistry - Running the evict task with compensationTime 0ms
2023-08-25 22:12:11.323 [Eureka-EvictionTimer] INFO  c.n.e.r.AbstractInstanceRegistry - Running the evict task with compensationTime 0ms
2023-08-25 22:12:16.323 [Eureka-EvictionTimer] INFO  c.n.e.r.AbstractInstanceRegistry - Running the evict task with compensationTime 0ms
2023-08-25 22:12:21.323 [Eureka-EvictionTimer] INFO  c.n.e.r.AbstractInstanceRegistry - Running the evict task with compensationTime 0ms
2023-08-25 22:12:26.323 [Eureka-EvictionTimer] INFO  c.n.e.r.AbstractInstanceRegistry - Running the evict task with compensationTime 0ms
2023-08-25 22:12:31.323 [Eureka-EvictionTimer] INFO  c.n.e.r.AbstractInstanceRegistry - Running the evict task with compensationTime 0ms
2023-08-25 22:12:36.323 [Eureka-EvictionTimer] INFO  c.n.e.r.AbstractInstanceRegistry - Running the evict task with compensationTime 0ms
2023-08-25 22:12:41.323 [Eureka-EvictionTimer] INFO  c.n.e.r.AbstractInstanceRegistry - Running the evict task with compensationTime 0ms
2023-08-25 22:12:46.323 [Eureka-EvictionTimer] INFO  c.n.e.r.AbstractInstanceRegistry - Running the evict task with compensationTime 0ms
2023-08-25 22:12:51.323 [Eureka-EvictionTimer] INFO  c.n.e.r.AbstractInstanceRegistry - Running the evict task with compensationTime 0ms
2023-08-25 22:12:56.323 [Eureka-EvictionTimer] INFO  c.n.e.r.AbstractInstanceRegistry - Running the evict task with compensationTime 0ms
2023-08-25 22:13:01.323 [Eureka-EvictionTimer] INFO  c.n.e.r.AbstractInstanceRegistry - Running the evict task with compensationTime 0ms
2023-08-25 22:13:06.323 [Eureka-EvictionTimer] INFO  c.n.e.r.AbstractInstanceRegistry - Running the evict task with compensationTime 0ms
2023-08-25 22:13:11.323 [Eureka-EvictionTimer] INFO  c.n.e.r.AbstractInstanceRegistry - Running the evict task with compensationTime 0ms
2023-08-25 22:13:16.323 [Eureka-EvictionTimer] INFO  c.n.e.r.AbstractInstanceRegistry - Running the evict task with compensationTime 0ms
2023-08-25 22:13:21.323 [Eureka-EvictionTimer] INFO  c.n.e.r.AbstractInstanceRegistry - Running the evict task with compensationTime 0ms
2023-08-25 22:13:26.323 [Eureka-EvictionTimer] INFO  c.n.e.r.AbstractInstanceRegistry - Running the evict task with compensationTime 0ms
2023-08-25 22:13:31.323 [Eureka-EvictionTimer] INFO  c.n.e.r.AbstractInstanceRegistry - Running the evict task with compensationTime 0ms
2023-08-25 22:13:36.323 [Eureka-EvictionTimer] INFO  c.n.e.r.AbstractInstanceRegistry - Running the evict task with compensationTime 0ms
2023-08-25 22:13:41.323 [Eureka-EvictionTimer] INFO  c.n.e.r.AbstractInstanceRegistry - Running the evict task with compensationTime 0ms
2023-08-25 22:13:46.323 [Eureka-EvictionTimer] INFO  c.n.e.r.AbstractInstanceRegistry - Running the evict task with compensationTime 0ms
2023-08-25 22:13:51.323 [Eureka-EvictionTimer] INFO  c.n.e.r.AbstractInstanceRegistry - Running the evict task with compensationTime 0ms
2023-08-25 22:13:56.323 [Eureka-EvictionTimer] INFO  c.n.e.r.AbstractInstanceRegistry - Running the evict task with compensationTime 0ms
2023-08-25 22:14:01.323 [Eureka-EvictionTimer] INFO  c.n.e.r.AbstractInstanceRegistry - Running the evict task with compensationTime 0ms
2023-08-25 22:14:06.323 [Eureka-EvictionTimer] INFO  c.n.e.r.AbstractInstanceRegistry - Running the evict task with compensationTime 0ms
2023-08-25 22:14:11.323 [Eureka-EvictionTimer] INFO  c.n.e.r.AbstractInstanceRegistry - Running the evict task with compensationTime 0ms
2023-08-25 22:14:16.323 [Eureka-EvictionTimer] INFO  c.n.e.r.AbstractInstanceRegistry - Running the evict task with compensationTime 0ms
2023-08-25 22:14:21.323 [Eureka-EvictionTimer] INFO  c.n.e.r.AbstractInstanceRegistry - Running the evict task with compensationTime 0ms
2023-08-25 22:14:26.323 [Eureka-EvictionTimer] INFO  c.n.e.r.AbstractInstanceRegistry - Running the evict task with compensationTime 0ms
2023-08-25 22:14:31.323 [Eureka-EvictionTimer] INFO  c.n.e.r.AbstractInstanceRegistry - Running the evict task with compensationTime 0ms
2023-08-25 22:14:36.323 [Eureka-EvictionTimer] INFO  c.n.e.r.AbstractInstanceRegistry - Running the evict task with compensationTime 0ms
2023-08-25 22:14:41.323 [Eureka-EvictionTimer] INFO  c.n.e.r.AbstractInstanceRegistry - Running the evict task with compensationTime 0ms
2023-08-25 22:14:46.323 [Eureka-EvictionTimer] INFO  c.n.e.r.AbstractInstanceRegistry - Running the evict task with compensationTime 0ms
2023-08-25 22:14:51.323 [Eureka-EvictionTimer] INFO  c.n.e.r.AbstractInstanceRegistry - Running the evict task with compensationTime 0ms
2023-08-25 22:14:56.323 [Eureka-EvictionTimer] INFO  c.n.e.r.AbstractInstanceRegistry - Running the evict task with compensationTime 0ms
2023-08-25 22:15:01.323 [Eureka-EvictionTimer] INFO  c.n.e.r.AbstractInstanceRegistry - Running the evict task with compensationTime 0ms
2023-08-25 22:15:06.323 [Eureka-EvictionTimer] INFO  c.n.e.r.AbstractInstanceRegistry - Running the evict task with compensationTime 0ms
2023-08-25 22:15:11.323 [Eureka-EvictionTimer] INFO  c.n.e.r.AbstractInstanceRegistry - Running the evict task with compensationTime 0ms
2023-08-25 22:15:16.323 [Eureka-EvictionTimer] INFO  c.n.e.r.AbstractInstanceRegistry - Running the evict task with compensationTime 0ms
2023-08-25 22:15:21.323 [Eureka-EvictionTimer] INFO  c.n.e.r.AbstractInstanceRegistry - Running the evict task with compensationTime 0ms
2023-08-25 22:15:26.323 [Eureka-EvictionTimer] INFO  c.n.e.r.AbstractInstanceRegistry - Running the evict task with compensationTime 0ms
2023-08-25 22:15:31.323 [Eureka-EvictionTimer] INFO  c.n.e.r.AbstractInstanceRegistry - Running the evict task with compensationTime 0ms
2023-08-25 22:15:36.323 [Eureka-EvictionTimer] INFO  c.n.e.r.AbstractInstanceRegistry - Running the evict task with compensationTime 0ms
2023-08-25 22:15:41.323 [Eureka-EvictionTimer] INFO  c.n.e.r.AbstractInstanceRegistry - Running the evict task with compensationTime 0ms
2023-08-25 22:15:46.323 [Eureka-EvictionTimer] INFO  c.n.e.r.AbstractInstanceRegistry - Running the evict task with compensationTime 0ms
2023-08-25 22:15:51.323 [Eureka-EvictionTimer] INFO  c.n.e.r.AbstractInstanceRegistry - Running the evict task with compensationTime 0ms
2023-08-25 22:15:56.323 [Eureka-EvictionTimer] INFO  c.n.e.r.AbstractInstanceRegistry - Running the evict task with compensationTime 0ms
2023-08-25 22:16:01.323 [Eureka-EvictionTimer] INFO  c.n.e.r.AbstractInstanceRegistry - Running the evict task with compensationTime 0ms
2023-08-25 22:16:06.323 [Eureka-EvictionTimer] INFO  c.n.e.r.AbstractInstanceRegistry - Running the evict task with compensationTime 0ms
2023-08-25 22:16:11.323 [Eureka-EvictionTimer] INFO  c.n.e.r.AbstractInstanceRegistry - Running the evict task with compensationTime 0ms
2023-08-25 22:16:16.323 [Eureka-EvictionTimer] INFO  c.n.e.r.AbstractInstanceRegistry - Running the evict task with compensationTime 0ms
2023-08-25 22:16:21.323 [Eureka-EvictionTimer] INFO  c.n.e.r.AbstractInstanceRegistry - Running the evict task with compensationTime 0ms
2023-08-25 22:16:26.323 [Eureka-EvictionTimer] INFO  c.n.e.r.AbstractInstanceRegistry - Running the evict task with compensationTime 0ms
2023-08-25 22:16:31.323 [Eureka-EvictionTimer] INFO  c.n.e.r.AbstractInstanceRegistry - Running the evict task with compensationTime 0ms
2023-08-25 22:16:36.323 [Eureka-EvictionTimer] INFO  c.n.e.r.AbstractInstanceRegistry - Running the evict task with compensationTime 0ms
2023-08-25 22:16:41.323 [Eureka-EvictionTimer] INFO  c.n.e.r.AbstractInstanceRegistry - Running the evict task with compensationTime 0ms
2023-08-25 22:16:46.323 [Eureka-EvictionTimer] INFO  c.n.e.r.AbstractInstanceRegistry - Running the evict task with compensationTime 0ms
2023-08-25 22:16:51.323 [Eureka-EvictionTimer] INFO  c.n.e.r.AbstractInstanceRegistry - Running the evict task with compensationTime 0ms
2023-08-25 22:16:56.323 [Eureka-EvictionTimer] INFO  c.n.e.r.AbstractInstanceRegistry - Running the evict task with compensationTime 0ms
2023-08-25 22:17:01.323 [Eureka-EvictionTimer] INFO  c.n.e.r.AbstractInstanceRegistry - Running the evict task with compensationTime 0ms
2023-08-25 22:17:06.323 [Eureka-EvictionTimer] INFO  c.n.e.r.AbstractInstanceRegistry - Running the evict task with compensationTime 0ms
2023-08-25 22:17:11.323 [Eureka-EvictionTimer] INFO  c.n.e.r.AbstractInstanceRegistry - Running the evict task with compensationTime 0ms
2023-08-25 22:17:16.323 [Eureka-EvictionTimer] INFO  c.n.e.r.AbstractInstanceRegistry - Running the evict task with compensationTime 0ms
2023-08-25 22:17:21.323 [Eureka-EvictionTimer] INFO  c.n.e.r.AbstractInstanceRegistry - Running the evict task with compensationTime 0ms
2023-08-25 22:17:26.323 [Eureka-EvictionTimer] INFO  c.n.e.r.AbstractInstanceRegistry - Running the evict task with compensationTime 0ms
2023-08-25 22:17:31.323 [Eureka-EvictionTimer] INFO  c.n.e.r.AbstractInstanceRegistry - Running the evict task with compensationTime 0ms
2023-08-25 22:17:36.323 [Eureka-EvictionTimer] INFO  c.n.e.r.AbstractInstanceRegistry - Running the evict task with compensationTime 0ms
2023-08-25 22:17:41.323 [Eureka-EvictionTimer] INFO  c.n.e.r.AbstractInstanceRegistry - Running the evict task with compensationTime 0ms
2023-08-25 22:17:46.323 [Eureka-EvictionTimer] INFO  c.n.e.r.AbstractInstanceRegistry - Running the evict task with compensationTime 0ms
2023-08-25 22:17:51.323 [Eureka-EvictionTimer] INFO  c.n.e.r.AbstractInstanceRegistry - Running the evict task with compensationTime 0ms
2023-08-25 22:17:56.323 [Eureka-EvictionTimer] INFO  c.n.e.r.AbstractInstanceRegistry - Running the evict task with compensationTime 0ms
2023-08-25 22:18:01.323 [Eureka-EvictionTimer] INFO  c.n.e.r.AbstractInstanceRegistry - Running the evict task with compensationTime 0ms
2023-08-25 22:18:06.323 [Eureka-EvictionTimer] INFO  c.n.e.r.AbstractInstanceRegistry - Running the evict task with compensationTime 0ms
2023-08-25 22:18:11.323 [Eureka-EvictionTimer] INFO  c.n.e.r.AbstractInstanceRegistry - Running the evict task with compensationTime 0ms
2023-08-25 22:18:16.323 [Eureka-EvictionTimer] INFO  c.n.e.r.AbstractInstanceRegistry - Running the evict task with compensationTime 0ms
2023-08-25 22:18:21.323 [Eureka-EvictionTimer] INFO  c.n.e.r.AbstractInstanceRegistry - Running the evict task with compensationTime 0ms
2023-08-25 22:18:26.323 [Eureka-EvictionTimer] INFO  c.n.e.r.AbstractInstanceRegistry - Running the evict task with compensationTime 0ms
2023-08-25 22:18:31.323 [Eureka-EvictionTimer] INFO  c.n.e.r.AbstractInstanceRegistry - Running the evict task with compensationTime 0ms
2023-08-25 22:18:36.323 [Eureka-EvictionTimer] INFO  c.n.e.r.AbstractInstanceRegistry - Running the evict task with compensationTime 0ms
2023-08-25 22:18:41.323 [Eureka-EvictionTimer] INFO  c.n.e.r.AbstractInstanceRegistry - Running the evict task with compensationTime 0ms
2023-08-25 22:18:46.323 [Eureka-EvictionTimer] INFO  c.n.e.r.AbstractInstanceRegistry - Running the evict task with compensationTime 0ms
2023-08-25 22:18:51.323 [Eureka-EvictionTimer] INFO  c.n.e.r.AbstractInstanceRegistry - Running the evict task with compensationTime 0ms
2023-08-25 22:18:56.323 [Eureka-EvictionTimer] INFO  c.n.e.r.AbstractInstanceRegistry - Running the evict task with compensationTime 0ms
2023-08-25 22:19:01.323 [Eureka-EvictionTimer] INFO  c.n.e.r.AbstractInstanceRegistry - Running the evict task with compensationTime 0ms
2023-08-25 22:19:06.323 [Eureka-EvictionTimer] INFO  c.n.e.r.AbstractInstanceRegistry - Running the evict task with compensationTime 0ms
2023-08-25 22:19:11.323 [Eureka-EvictionTimer] INFO  c.n.e.r.AbstractInstanceRegistry - Running the evict task with compensationTime 0ms
2023-08-25 22:19:16.323 [Eureka-EvictionTimer] INFO  c.n.e.r.AbstractInstanceRegistry - Running the evict task with compensationTime 0ms
2023-08-25 22:19:21.323 [Eureka-EvictionTimer] INFO  c.n.e.r.AbstractInstanceRegistry - Running the evict task with compensationTime 0ms
2023-08-25 22:19:26.323 [Eureka-EvictionTimer] INFO  c.n.e.r.AbstractInstanceRegistry - Running the evict task with compensationTime 0ms
2023-08-25 22:19:31.323 [Eureka-EvictionTimer] INFO  c.n.e.r.AbstractInstanceRegistry - Running the evict task with compensationTime 0ms
2023-08-25 22:19:36.323 [Eureka-EvictionTimer] INFO  c.n.e.r.AbstractInstanceRegistry - Running the evict task with compensationTime 0ms
2023-08-25 22:19:41.323 [Eureka-EvictionTimer] INFO  c.n.e.r.AbstractInstanceRegistry - Running the evict task with compensationTime 0ms
2023-08-25 22:19:46.323 [Eureka-EvictionTimer] INFO  c.n.e.r.AbstractInstanceRegistry - Running the evict task with compensationTime 0ms
2023-08-25 22:19:51.323 [Eureka-EvictionTimer] INFO  c.n.e.r.AbstractInstanceRegistry - Running the evict task with compensationTime 0ms
2023-08-25 22:19:56.323 [Eureka-EvictionTimer] INFO  c.n.e.r.AbstractInstanceRegistry - Running the evict task with compensationTime 0ms
2023-08-25 22:20:00.853 [ReplicaAwareInstanceRegistry - RenewalThresholdUpdater] INFO  c.n.e.r.PeerAwareInstanceRegistryImpl - Current renewal threshold is : 0
2023-08-25 22:20:01.323 [Eureka-EvictionTimer] INFO  c.n.e.r.AbstractInstanceRegistry - Running the evict task with compensationTime 0ms
2023-08-25 22:20:06.323 [Eureka-EvictionTimer] INFO  c.n.e.r.AbstractInstanceRegistry - Running the evict task with compensationTime 0ms
2023-08-25 22:20:11.323 [Eureka-EvictionTimer] INFO  c.n.e.r.AbstractInstanceRegistry - Running the evict task with compensationTime 0ms
2023-08-25 22:20:16.323 [Eureka-EvictionTimer] INFO  c.n.e.r.AbstractInstanceRegistry - Running the evict task with compensationTime 0ms
2023-08-25 22:20:21.323 [Eureka-EvictionTimer] INFO  c.n.e.r.AbstractInstanceRegistry - Running the evict task with compensationTime 0ms
2023-08-25 22:20:26.323 [Eureka-EvictionTimer] INFO  c.n.e.r.AbstractInstanceRegistry - Running the evict task with compensationTime 0ms
2023-08-25 22:20:31.323 [Eureka-EvictionTimer] INFO  c.n.e.r.AbstractInstanceRegistry - Running the evict task with compensationTime 0ms
2023-08-25 22:20:36.323 [Eureka-EvictionTimer] INFO  c.n.e.r.AbstractInstanceRegistry - Running the evict task with compensationTime 0ms
2023-08-25 22:20:41.323 [Eureka-EvictionTimer] INFO  c.n.e.r.AbstractInstanceRegistry - Running the evict task with compensationTime 0ms
2023-08-25 22:20:46.323 [Eureka-EvictionTimer] INFO  c.n.e.r.AbstractInstanceRegistry - Running the evict task with compensationTime 0ms
2023-08-25 22:20:51.323 [Eureka-EvictionTimer] INFO  c.n.e.r.AbstractInstanceRegistry - Running the evict task with compensationTime 0ms
2023-08-25 22:20:56.323 [Eureka-EvictionTimer] INFO  c.n.e.r.AbstractInstanceRegistry - Running the evict task with compensationTime 0ms
2023-08-25 22:21:01.323 [Eureka-EvictionTimer] INFO  c.n.e.r.AbstractInstanceRegistry - Running the evict task with compensationTime 0ms
2023-08-25 22:21:06.323 [Eureka-EvictionTimer] INFO  c.n.e.r.AbstractInstanceRegistry - Running the evict task with compensationTime 0ms
2023-08-25 22:21:11.323 [Eureka-EvictionTimer] INFO  c.n.e.r.AbstractInstanceRegistry - Running the evict task with compensationTime 0ms
2023-08-25 22:21:16.323 [Eureka-EvictionTimer] INFO  c.n.e.r.AbstractInstanceRegistry - Running the evict task with compensationTime 0ms
2023-08-25 22:21:21.323 [Eureka-EvictionTimer] INFO  c.n.e.r.AbstractInstanceRegistry - Running the evict task with compensationTime 0ms
2023-08-25 22:21:26.323 [Eureka-EvictionTimer] INFO  c.n.e.r.AbstractInstanceRegistry - Running the evict task with compensationTime 0ms
2023-08-25 22:21:31.323 [Eureka-EvictionTimer] INFO  c.n.e.r.AbstractInstanceRegistry - Running the evict task with compensationTime 0ms
2023-08-25 22:21:36.323 [Eureka-EvictionTimer] INFO  c.n.e.r.AbstractInstanceRegistry - Running the evict task with compensationTime 0ms
2023-08-25 22:21:41.323 [Eureka-EvictionTimer] INFO  c.n.e.r.AbstractInstanceRegistry - Running the evict task with compensationTime 0ms
2023-08-25 22:21:46.323 [Eureka-EvictionTimer] INFO  c.n.e.r.AbstractInstanceRegistry - Running the evict task with compensationTime 0ms
2023-08-25 22:21:51.323 [Eureka-EvictionTimer] INFO  c.n.e.r.AbstractInstanceRegistry - Running the evict task with compensationTime 0ms
2023-08-25 22:21:56.323 [Eureka-EvictionTimer] INFO  c.n.e.r.AbstractInstanceRegistry - Running the evict task with compensationTime 0ms
2023-08-25 22:22:01.323 [Eureka-EvictionTimer] INFO  c.n.e.r.AbstractInstanceRegistry - Running the evict task with compensationTime 0ms
2023-08-25 22:22:06.323 [Eureka-EvictionTimer] INFO  c.n.e.r.AbstractInstanceRegistry - Running the evict task with compensationTime 0ms
2023-08-25 22:22:11.323 [Eureka-EvictionTimer] INFO  c.n.e.r.AbstractInstanceRegistry - Running the evict task with compensationTime 0ms
2023-08-25 22:22:16.323 [Eureka-EvictionTimer] INFO  c.n.e.r.AbstractInstanceRegistry - Running the evict task with compensationTime 0ms
2023-08-25 22:22:21.323 [Eureka-EvictionTimer] INFO  c.n.e.r.AbstractInstanceRegistry - Running the evict task with compensationTime 0ms
2023-08-25 22:22:26.323 [Eureka-EvictionTimer] INFO  c.n.e.r.AbstractInstanceRegistry - Running the evict task with compensationTime 0ms
2023-08-25 22:22:31.323 [Eureka-EvictionTimer] INFO  c.n.e.r.AbstractInstanceRegistry - Running the evict task with compensationTime 0ms
2023-08-25 22:22:36.323 [Eureka-EvictionTimer] INFO  c.n.e.r.AbstractInstanceRegistry - Running the evict task with compensationTime 0ms
2023-08-25 22:22:41.323 [Eureka-EvictionTimer] INFO  c.n.e.r.AbstractInstanceRegistry - Running the evict task with compensationTime 0ms
2023-08-25 22:22:46.323 [Eureka-EvictionTimer] INFO  c.n.e.r.AbstractInstanceRegistry - Running the evict task with compensationTime 0ms
2023-08-25 22:22:51.323 [Eureka-EvictionTimer] INFO  c.n.e.r.AbstractInstanceRegistry - Running the evict task with compensationTime 0ms
2023-08-25 22:22:56.323 [Eureka-EvictionTimer] INFO  c.n.e.r.AbstractInstanceRegistry - Running the evict task with compensationTime 0ms
2023-08-25 22:23:01.323 [Eureka-EvictionTimer] INFO  c.n.e.r.AbstractInstanceRegistry - Running the evict task with compensationTime 0ms
2023-08-25 22:23:06.323 [Eureka-EvictionTimer] INFO  c.n.e.r.AbstractInstanceRegistry - Running the evict task with compensationTime 0ms
2023-08-25 22:23:11.323 [Eureka-EvictionTimer] INFO  c.n.e.r.AbstractInstanceRegistry - Running the evict task with compensationTime 0ms
2023-08-25 22:23:16.323 [Eureka-EvictionTimer] INFO  c.n.e.r.AbstractInstanceRegistry - Running the evict task with compensationTime 0ms
2023-08-25 22:23:21.323 [Eureka-EvictionTimer] INFO  c.n.e.r.AbstractInstanceRegistry - Running the evict task with compensationTime 0ms
2023-08-25 22:23:26.323 [Eureka-EvictionTimer] INFO  c.n.e.r.AbstractInstanceRegistry - Running the evict task with compensationTime 0ms
2023-08-25 22:23:31.323 [Eureka-EvictionTimer] INFO  c.n.e.r.AbstractInstanceRegistry - Running the evict task with compensationTime 0ms
2023-08-25 22:23:36.323 [Eureka-EvictionTimer] INFO  c.n.e.r.AbstractInstanceRegistry - Running the evict task with compensationTime 0ms
2023-08-25 22:23:41.323 [Eureka-EvictionTimer] INFO  c.n.e.r.AbstractInstanceRegistry - Running the evict task with compensationTime 0ms
2023-08-25 22:23:46.323 [Eureka-EvictionTimer] INFO  c.n.e.r.AbstractInstanceRegistry - Running the evict task with compensationTime 0ms
2023-08-25 22:23:51.323 [Eureka-EvictionTimer] INFO  c.n.e.r.AbstractInstanceRegistry - Running the evict task with compensationTime 0ms
2023-08-25 22:23:56.323 [Eureka-EvictionTimer] INFO  c.n.e.r.AbstractInstanceRegistry - Running the evict task with compensationTime 0ms
2023-08-25 22:24:01.323 [Eureka-EvictionTimer] INFO  c.n.e.r.AbstractInstanceRegistry - Running the evict task with compensationTime 0ms
2023-08-25 22:24:06.323 [Eureka-EvictionTimer] INFO  c.n.e.r.AbstractInstanceRegistry - Running the evict task with compensationTime 0ms
2023-08-25 22:24:11.323 [Eureka-EvictionTimer] INFO  c.n.e.r.AbstractInstanceRegistry - Running the evict task with compensationTime 0ms
2023-08-25 22:24:16.323 [Eureka-EvictionTimer] INFO  c.n.e.r.AbstractInstanceRegistry - Running the evict task with compensationTime 0ms
2023-08-25 22:24:21.323 [Eureka-EvictionTimer] INFO  c.n.e.r.AbstractInstanceRegistry - Running the evict task with compensationTime 0ms
2023-08-25 22:24:26.323 [Eureka-EvictionTimer] INFO  c.n.e.r.AbstractInstanceRegistry - Running the evict task with compensationTime 0ms
2023-08-25 22:24:31.323 [Eureka-EvictionTimer] INFO  c.n.e.r.AbstractInstanceRegistry - Running the evict task with compensationTime 0ms
2023-08-25 22:24:36.323 [Eureka-EvictionTimer] INFO  c.n.e.r.AbstractInstanceRegistry - Running the evict task with compensationTime 0ms
2023-08-25 22:24:41.323 [Eureka-EvictionTimer] INFO  c.n.e.r.AbstractInstanceRegistry - Running the evict task with compensationTime 0ms
2023-08-25 22:24:46.323 [Eureka-EvictionTimer] INFO  c.n.e.r.AbstractInstanceRegistry - Running the evict task with compensationTime 0ms
2023-08-25 22:24:51.323 [Eureka-EvictionTimer] INFO  c.n.e.r.AbstractInstanceRegistry - Running the evict task with compensationTime 0ms
2023-08-25 22:24:56.323 [Eureka-EvictionTimer] INFO  c.n.e.r.AbstractInstanceRegistry - Running the evict task with compensationTime 0ms
2023-08-25 22:25:01.323 [Eureka-EvictionTimer] INFO  c.n.e.r.AbstractInstanceRegistry - Running the evict task with compensationTime 0ms
2023-08-25 22:25:06.323 [Eureka-EvictionTimer] INFO  c.n.e.r.AbstractInstanceRegistry - Running the evict task with compensationTime 0ms
2023-08-25 22:25:11.323 [Eureka-EvictionTimer] INFO  c.n.e.r.AbstractInstanceRegistry - Running the evict task with compensationTime 0ms
2023-08-25 22:25:16.323 [Eureka-EvictionTimer] INFO  c.n.e.r.AbstractInstanceRegistry - Running the evict task with compensationTime 0ms
2023-08-25 22:25:21.323 [Eureka-EvictionTimer] INFO  c.n.e.r.AbstractInstanceRegistry - Running the evict task with compensationTime 0ms
2023-08-25 22:25:26.323 [Eureka-EvictionTimer] INFO  c.n.e.r.AbstractInstanceRegistry - Running the evict task with compensationTime 0ms
2023-08-25 22:25:31.323 [Eureka-EvictionTimer] INFO  c.n.e.r.AbstractInstanceRegistry - Running the evict task with compensationTime 0ms
2023-08-25 22:25:36.323 [Eureka-EvictionTimer] INFO  c.n.e.r.AbstractInstanceRegistry - Running the evict task with compensationTime 0ms
2023-08-25 22:25:41.323 [Eureka-EvictionTimer] INFO  c.n.e.r.AbstractInstanceRegistry - Running the evict task with compensationTime 0ms
2023-08-25 22:25:46.323 [Eureka-EvictionTimer] INFO  c.n.e.r.AbstractInstanceRegistry - Running the evict task with compensationTime 0ms
2023-08-25 22:25:51.323 [Eureka-EvictionTimer] INFO  c.n.e.r.AbstractInstanceRegistry - Running the evict task with compensationTime 0ms
2023-08-25 22:25:56.323 [Eureka-EvictionTimer] INFO  c.n.e.r.AbstractInstanceRegistry - Running the evict task with compensationTime 0ms
2023-08-25 22:26:01.323 [Eureka-EvictionTimer] INFO  c.n.e.r.AbstractInstanceRegistry - Running the evict task with compensationTime 0ms
2023-08-25 22:26:06.323 [Eureka-EvictionTimer] INFO  c.n.e.r.AbstractInstanceRegistry - Running the evict task with compensationTime 0ms
2023-08-25 22:26:11.323 [Eureka-EvictionTimer] INFO  c.n.e.r.AbstractInstanceRegistry - Running the evict task with compensationTime 0ms
2023-08-25 22:26:16.323 [Eureka-EvictionTimer] INFO  c.n.e.r.AbstractInstanceRegistry - Running the evict task with compensationTime 0ms
2023-08-25 22:26:21.323 [Eureka-EvictionTimer] INFO  c.n.e.r.AbstractInstanceRegistry - Running the evict task with compensationTime 0ms
2023-08-25 22:26:26.323 [Eureka-EvictionTimer] INFO  c.n.e.r.AbstractInstanceRegistry - Running the evict task with compensationTime 0ms
2023-08-25 22:26:31.323 [Eureka-EvictionTimer] INFO  c.n.e.r.AbstractInstanceRegistry - Running the evict task with compensationTime 0ms
2023-08-25 22:26:36.323 [Eureka-EvictionTimer] INFO  c.n.e.r.AbstractInstanceRegistry - Running the evict task with compensationTime 0ms
2023-08-25 22:26:41.323 [Eureka-EvictionTimer] INFO  c.n.e.r.AbstractInstanceRegistry - Running the evict task with compensationTime 0ms
2023-08-25 22:26:46.323 [Eureka-EvictionTimer] INFO  c.n.e.r.AbstractInstanceRegistry - Running the evict task with compensationTime 0ms
2023-08-25 22:26:51.323 [Eureka-EvictionTimer] INFO  c.n.e.r.AbstractInstanceRegistry - Running the evict task with compensationTime 0ms
2023-08-25 22:26:56.323 [Eureka-EvictionTimer] INFO  c.n.e.r.AbstractInstanceRegistry - Running the evict task with compensationTime 0ms
2023-08-25 22:27:01.323 [Eureka-EvictionTimer] INFO  c.n.e.r.AbstractInstanceRegistry - Running the evict task with compensationTime 0ms
2023-08-25 22:27:06.323 [Eureka-EvictionTimer] INFO  c.n.e.r.AbstractInstanceRegistry - Running the evict task with compensationTime 0ms
2023-08-25 22:27:11.323 [Eureka-EvictionTimer] INFO  c.n.e.r.AbstractInstanceRegistry - Running the evict task with compensationTime 0ms
2023-08-25 22:27:16.323 [Eureka-EvictionTimer] INFO  c.n.e.r.AbstractInstanceRegistry - Running the evict task with compensationTime 0ms
2023-08-25 22:27:21.323 [Eureka-EvictionTimer] INFO  c.n.e.r.AbstractInstanceRegistry - Running the evict task with compensationTime 0ms
2023-08-25 22:27:26.323 [Eureka-EvictionTimer] INFO  c.n.e.r.AbstractInstanceRegistry - Running the evict task with compensationTime 0ms
2023-08-25 22:27:31.323 [Eureka-EvictionTimer] INFO  c.n.e.r.AbstractInstanceRegistry - Running the evict task with compensationTime 0ms
2023-08-25 22:27:36.323 [Eureka-EvictionTimer] INFO  c.n.e.r.AbstractInstanceRegistry - Running the evict task with compensationTime 0ms
2023-08-25 22:27:41.323 [Eureka-EvictionTimer] INFO  c.n.e.r.AbstractInstanceRegistry - Running the evict task with compensationTime 0ms
2023-08-25 22:27:46.323 [Eureka-EvictionTimer] INFO  c.n.e.r.AbstractInstanceRegistry - Running the evict task with compensationTime 0ms
2023-08-25 22:27:51.323 [Eureka-EvictionTimer] INFO  c.n.e.r.AbstractInstanceRegistry - Running the evict task with compensationTime 0ms
2023-08-25 22:27:56.323 [Eureka-EvictionTimer] INFO  c.n.e.r.AbstractInstanceRegistry - Running the evict task with compensationTime 0ms
2023-08-25 22:28:01.323 [Eureka-EvictionTimer] INFO  c.n.e.r.AbstractInstanceRegistry - Running the evict task with compensationTime 0ms
2023-08-25 22:28:06.323 [Eureka-EvictionTimer] INFO  c.n.e.r.AbstractInstanceRegistry - Running the evict task with compensationTime 0ms
2023-08-25 22:28:11.323 [Eureka-EvictionTimer] INFO  c.n.e.r.AbstractInstanceRegistry - Running the evict task with compensationTime 0ms
2023-08-25 22:28:16.323 [Eureka-EvictionTimer] INFO  c.n.e.r.AbstractInstanceRegistry - Running the evict task with compensationTime 0ms
2023-08-25 22:28:21.323 [Eureka-EvictionTimer] INFO  c.n.e.r.AbstractInstanceRegistry - Running the evict task with compensationTime 0ms
2023-08-25 22:28:26.323 [Eureka-EvictionTimer] INFO  c.n.e.r.AbstractInstanceRegistry - Running the evict task with compensationTime 0ms
2023-08-25 22:28:31.323 [Eureka-EvictionTimer] INFO  c.n.e.r.AbstractInstanceRegistry - Running the evict task with compensationTime 0ms
2023-08-25 22:28:36.323 [Eureka-EvictionTimer] INFO  c.n.e.r.AbstractInstanceRegistry - Running the evict task with compensationTime 0ms
2023-08-25 22:28:41.323 [Eureka-EvictionTimer] INFO  c.n.e.r.AbstractInstanceRegistry - Running the evict task with compensationTime 0ms
2023-08-25 22:28:46.323 [Eureka-EvictionTimer] INFO  c.n.e.r.AbstractInstanceRegistry - Running the evict task with compensationTime 0ms
2023-08-25 22:28:51.323 [Eureka-EvictionTimer] INFO  c.n.e.r.AbstractInstanceRegistry - Running the evict task with compensationTime 0ms
2023-08-25 22:28:56.323 [Eureka-EvictionTimer] INFO  c.n.e.r.AbstractInstanceRegistry - Running the evict task with compensationTime 0ms
2023-08-25 22:29:01.323 [Eureka-EvictionTimer] INFO  c.n.e.r.AbstractInstanceRegistry - Running the evict task with compensationTime 0ms
2023-08-25 22:29:06.323 [Eureka-EvictionTimer] INFO  c.n.e.r.AbstractInstanceRegistry - Running the evict task with compensationTime 0ms
2023-08-25 22:29:11.323 [Eureka-EvictionTimer] INFO  c.n.e.r.AbstractInstanceRegistry - Running the evict task with compensationTime 0ms
2023-08-25 22:29:16.323 [Eureka-EvictionTimer] INFO  c.n.e.r.AbstractInstanceRegistry - Running the evict task with compensationTime 0ms
2023-08-25 22:29:21.323 [Eureka-EvictionTimer] INFO  c.n.e.r.AbstractInstanceRegistry - Running the evict task with compensationTime 0ms
2023-08-25 22:29:26.323 [Eureka-EvictionTimer] INFO  c.n.e.r.AbstractInstanceRegistry - Running the evict task with compensationTime 0ms
2023-08-25 22:29:31.323 [Eureka-EvictionTimer] INFO  c.n.e.r.AbstractInstanceRegistry - Running the evict task with compensationTime 0ms
2023-08-25 22:29:36.323 [Eureka-EvictionTimer] INFO  c.n.e.r.AbstractInstanceRegistry - Running the evict task with compensationTime 0ms
2023-08-25 22:29:41.323 [Eureka-EvictionTimer] INFO  c.n.e.r.AbstractInstanceRegistry - Running the evict task with compensationTime 0ms
2023-08-25 22:29:46.323 [Eureka-EvictionTimer] INFO  c.n.e.r.AbstractInstanceRegistry - Running the evict task with compensationTime 0ms
2023-08-25 22:29:51.323 [Eureka-EvictionTimer] INFO  c.n.e.r.AbstractInstanceRegistry - Running the evict task with compensationTime 0ms
2023-08-25 22:29:56.323 [Eureka-EvictionTimer] INFO  c.n.e.r.AbstractInstanceRegistry - Running the evict task with compensationTime 0ms
2023-08-25 22:30:01.323 [Eureka-EvictionTimer] INFO  c.n.e.r.AbstractInstanceRegistry - Running the evict task with compensationTime 0ms
2023-08-25 22:30:06.323 [Eureka-EvictionTimer] INFO  c.n.e.r.AbstractInstanceRegistry - Running the evict task with compensationTime 0ms
2023-08-25 22:30:11.323 [Eureka-EvictionTimer] INFO  c.n.e.r.AbstractInstanceRegistry - Running the evict task with compensationTime 0ms
2023-08-25 22:30:16.323 [Eureka-EvictionTimer] INFO  c.n.e.r.AbstractInstanceRegistry - Running the evict task with compensationTime 0ms
2023-08-25 22:30:21.323 [Eureka-EvictionTimer] INFO  c.n.e.r.AbstractInstanceRegistry - Running the evict task with compensationTime 0ms
2023-08-25 22:30:26.323 [Eureka-EvictionTimer] INFO  c.n.e.r.AbstractInstanceRegistry - Running the evict task with compensationTime 0ms
2023-08-25 22:30:31.323 [Eureka-EvictionTimer] INFO  c.n.e.r.AbstractInstanceRegistry - Running the evict task with compensationTime 0ms
2023-08-25 22:30:36.323 [Eureka-EvictionTimer] INFO  c.n.e.r.AbstractInstanceRegistry - Running the evict task with compensationTime 0ms
2023-08-25 22:30:41.323 [Eureka-EvictionTimer] INFO  c.n.e.r.AbstractInstanceRegistry - Running the evict task with compensationTime 0ms
2023-08-25 22:30:46.323 [Eureka-EvictionTimer] INFO  c.n.e.r.AbstractInstanceRegistry - Running the evict task with compensationTime 0ms
2023-08-25 22:30:51.323 [Eureka-EvictionTimer] INFO  c.n.e.r.AbstractInstanceRegistry - Running the evict task with compensationTime 0ms
2023-08-25 22:30:56.323 [Eureka-EvictionTimer] INFO  c.n.e.r.AbstractInstanceRegistry - Running the evict task with compensationTime 0ms
2023-08-25 22:31:01.323 [Eureka-EvictionTimer] INFO  c.n.e.r.AbstractInstanceRegistry - Running the evict task with compensationTime 0ms
2023-08-25 22:31:06.323 [Eureka-EvictionTimer] INFO  c.n.e.r.AbstractInstanceRegistry - Running the evict task with compensationTime 0ms
2023-08-25 22:31:11.323 [Eureka-EvictionTimer] INFO  c.n.e.r.AbstractInstanceRegistry - Running the evict task with compensationTime 0ms
2023-08-25 22:31:16.323 [Eureka-EvictionTimer] INFO  c.n.e.r.AbstractInstanceRegistry - Running the evict task with compensationTime 0ms
2023-08-25 22:31:21.323 [Eureka-EvictionTimer] INFO  c.n.e.r.AbstractInstanceRegistry - Running the evict task with compensationTime 0ms
2023-08-25 22:31:26.323 [Eureka-EvictionTimer] INFO  c.n.e.r.AbstractInstanceRegistry - Running the evict task with compensationTime 0ms
2023-08-25 22:31:31.323 [Eureka-EvictionTimer] INFO  c.n.e.r.AbstractInstanceRegistry - Running the evict task with compensationTime 0ms
2023-08-25 22:31:36.323 [Eureka-EvictionTimer] INFO  c.n.e.r.AbstractInstanceRegistry - Running the evict task with compensationTime 0ms
2023-08-25 22:31:41.323 [Eureka-EvictionTimer] INFO  c.n.e.r.AbstractInstanceRegistry - Running the evict task with compensationTime 0ms
2023-08-25 22:31:46.323 [Eureka-EvictionTimer] INFO  c.n.e.r.AbstractInstanceRegistry - Running the evict task with compensationTime 0ms
2023-08-25 22:31:51.323 [Eureka-EvictionTimer] INFO  c.n.e.r.AbstractInstanceRegistry - Running the evict task with compensationTime 0ms
2023-08-25 22:31:56.323 [Eureka-EvictionTimer] INFO  c.n.e.r.AbstractInstanceRegistry - Running the evict task with compensationTime 0ms
2023-08-25 22:32:01.323 [Eureka-EvictionTimer] INFO  c.n.e.r.AbstractInstanceRegistry - Running the evict task with compensationTime 0ms
2023-08-25 22:32:06.323 [Eureka-EvictionTimer] INFO  c.n.e.r.AbstractInstanceRegistry - Running the evict task with compensationTime 0ms
2023-08-25 22:32:11.323 [Eureka-EvictionTimer] INFO  c.n.e.r.AbstractInstanceRegistry - Running the evict task with compensationTime 0ms
2023-08-25 22:32:16.323 [Eureka-EvictionTimer] INFO  c.n.e.r.AbstractInstanceRegistry - Running the evict task with compensationTime 0ms
2023-08-25 22:32:21.323 [Eureka-EvictionTimer] INFO  c.n.e.r.AbstractInstanceRegistry - Running the evict task with compensationTime 0ms
2023-08-25 22:32:26.323 [Eureka-EvictionTimer] INFO  c.n.e.r.AbstractInstanceRegistry - Running the evict task with compensationTime 0ms
2023-08-25 22:32:31.323 [Eureka-EvictionTimer] INFO  c.n.e.r.AbstractInstanceRegistry - Running the evict task with compensationTime 0ms
2023-08-25 22:32:36.323 [Eureka-EvictionTimer] INFO  c.n.e.r.AbstractInstanceRegistry - Running the evict task with compensationTime 0ms
2023-08-25 22:32:41.323 [Eureka-EvictionTimer] INFO  c.n.e.r.AbstractInstanceRegistry - Running the evict task with compensationTime 0ms
2023-08-25 22:32:46.323 [Eureka-EvictionTimer] INFO  c.n.e.r.AbstractInstanceRegistry - Running the evict task with compensationTime 0ms
2023-08-25 22:32:51.323 [Eureka-EvictionTimer] INFO  c.n.e.r.AbstractInstanceRegistry - Running the evict task with compensationTime 0ms
2023-08-25 22:32:56.323 [Eureka-EvictionTimer] INFO  c.n.e.r.AbstractInstanceRegistry - Running the evict task with compensationTime 0ms
2023-08-25 22:33:01.323 [Eureka-EvictionTimer] INFO  c.n.e.r.AbstractInstanceRegistry - Running the evict task with compensationTime 0ms
2023-08-25 22:33:06.323 [Eureka-EvictionTimer] INFO  c.n.e.r.AbstractInstanceRegistry - Running the evict task with compensationTime 0ms
2023-08-25 22:33:11.323 [Eureka-EvictionTimer] INFO  c.n.e.r.AbstractInstanceRegistry - Running the evict task with compensationTime 0ms
2023-08-25 22:33:16.323 [Eureka-EvictionTimer] INFO  c.n.e.r.AbstractInstanceRegistry - Running the evict task with compensationTime 0ms
2023-08-25 22:33:21.323 [Eureka-EvictionTimer] INFO  c.n.e.r.AbstractInstanceRegistry - Running the evict task with compensationTime 0ms
2023-08-25 22:33:26.323 [Eureka-EvictionTimer] INFO  c.n.e.r.AbstractInstanceRegistry - Running the evict task with compensationTime 0ms
2023-08-25 22:33:31.323 [Eureka-EvictionTimer] INFO  c.n.e.r.AbstractInstanceRegistry - Running the evict task with compensationTime 0ms
2023-08-25 22:33:36.323 [Eureka-EvictionTimer] INFO  c.n.e.r.AbstractInstanceRegistry - Running the evict task with compensationTime 0ms
2023-08-25 22:33:41.323 [Eureka-EvictionTimer] INFO  c.n.e.r.AbstractInstanceRegistry - Running the evict task with compensationTime 0ms
2023-08-25 22:33:46.323 [Eureka-EvictionTimer] INFO  c.n.e.r.AbstractInstanceRegistry - Running the evict task with compensationTime 0ms
2023-08-25 22:33:51.323 [Eureka-EvictionTimer] INFO  c.n.e.r.AbstractInstanceRegistry - Running the evict task with compensationTime 0ms
2023-08-25 22:33:56.323 [Eureka-EvictionTimer] INFO  c.n.e.r.AbstractInstanceRegistry - Running the evict task with compensationTime 0ms
2023-08-25 22:34:01.323 [Eureka-EvictionTimer] INFO  c.n.e.r.AbstractInstanceRegistry - Running the evict task with compensationTime 0ms
2023-08-25 22:34:06.323 [Eureka-EvictionTimer] INFO  c.n.e.r.AbstractInstanceRegistry - Running the evict task with compensationTime 0ms
2023-08-25 22:34:11.323 [Eureka-EvictionTimer] INFO  c.n.e.r.AbstractInstanceRegistry - Running the evict task with compensationTime 0ms
2023-08-25 22:34:16.323 [Eureka-EvictionTimer] INFO  c.n.e.r.AbstractInstanceRegistry - Running the evict task with compensationTime 0ms
2023-08-25 22:34:21.323 [Eureka-EvictionTimer] INFO  c.n.e.r.AbstractInstanceRegistry - Running the evict task with compensationTime 0ms
2023-08-25 22:34:26.323 [Eureka-EvictionTimer] INFO  c.n.e.r.AbstractInstanceRegistry - Running the evict task with compensationTime 0ms
2023-08-25 22:34:31.323 [Eureka-EvictionTimer] INFO  c.n.e.r.AbstractInstanceRegistry - Running the evict task with compensationTime 0ms
2023-08-25 22:34:36.323 [Eureka-EvictionTimer] INFO  c.n.e.r.AbstractInstanceRegistry - Running the evict task with compensationTime 0ms
2023-08-25 22:34:41.323 [Eureka-EvictionTimer] INFO  c.n.e.r.AbstractInstanceRegistry - Running the evict task with compensationTime 0ms
2023-08-25 22:34:46.323 [Eureka-EvictionTimer] INFO  c.n.e.r.AbstractInstanceRegistry - Running the evict task with compensationTime 0ms
2023-08-25 22:34:51.323 [Eureka-EvictionTimer] INFO  c.n.e.r.AbstractInstanceRegistry - Running the evict task with compensationTime 0ms
2023-08-25 22:34:56.323 [Eureka-EvictionTimer] INFO  c.n.e.r.AbstractInstanceRegistry - Running the evict task with compensationTime 0ms
2023-08-25 22:35:00.853 [ReplicaAwareInstanceRegistry - RenewalThresholdUpdater] INFO  c.n.e.r.PeerAwareInstanceRegistryImpl - Current renewal threshold is : 0
2023-08-25 22:35:01.323 [Eureka-EvictionTimer] INFO  c.n.e.r.AbstractInstanceRegistry - Running the evict task with compensationTime 0ms
2023-08-25 22:35:06.323 [Eureka-EvictionTimer] INFO  c.n.e.r.AbstractInstanceRegistry - Running the evict task with compensationTime 0ms
2023-08-25 22:35:11.323 [Eureka-EvictionTimer] INFO  c.n.e.r.AbstractInstanceRegistry - Running the evict task with compensationTime 0ms
2023-08-25 22:35:16.323 [Eureka-EvictionTimer] INFO  c.n.e.r.AbstractInstanceRegistry - Running the evict task with compensationTime 0ms
2023-08-25 22:35:21.323 [Eureka-EvictionTimer] INFO  c.n.e.r.AbstractInstanceRegistry - Running the evict task with compensationTime 0ms
2023-08-25 22:35:26.323 [Eureka-EvictionTimer] INFO  c.n.e.r.AbstractInstanceRegistry - Running the evict task with compensationTime 0ms
2023-08-25 22:35:31.323 [Eureka-EvictionTimer] INFO  c.n.e.r.AbstractInstanceRegistry - Running the evict task with compensationTime 0ms
2023-08-25 22:35:36.323 [Eureka-EvictionTimer] INFO  c.n.e.r.AbstractInstanceRegistry - Running the evict task with compensationTime 0ms
2023-08-25 22:35:41.323 [Eureka-EvictionTimer] INFO  c.n.e.r.AbstractInstanceRegistry - Running the evict task with compensationTime 0ms
2023-08-25 22:35:46.323 [Eureka-EvictionTimer] INFO  c.n.e.r.AbstractInstanceRegistry - Running the evict task with compensationTime 0ms
2023-08-25 22:35:51.323 [Eureka-EvictionTimer] INFO  c.n.e.r.AbstractInstanceRegistry - Running the evict task with compensationTime 0ms
2023-08-25 22:35:56.323 [Eureka-EvictionTimer] INFO  c.n.e.r.AbstractInstanceRegistry - Running the evict task with compensationTime 0ms
2023-08-25 22:36:01.323 [Eureka-EvictionTimer] INFO  c.n.e.r.AbstractInstanceRegistry - Running the evict task with compensationTime 0ms
2023-08-25 22:36:06.323 [Eureka-EvictionTimer] INFO  c.n.e.r.AbstractInstanceRegistry - Running the evict task with compensationTime 0ms
2023-08-25 22:36:11.323 [Eureka-EvictionTimer] INFO  c.n.e.r.AbstractInstanceRegistry - Running the evict task with compensationTime 0ms
2023-08-25 22:36:16.323 [Eureka-EvictionTimer] INFO  c.n.e.r.AbstractInstanceRegistry - Running the evict task with compensationTime 0ms
2023-08-25 22:36:21.323 [Eureka-EvictionTimer] INFO  c.n.e.r.AbstractInstanceRegistry - Running the evict task with compensationTime 0ms
2023-08-25 22:36:26.323 [Eureka-EvictionTimer] INFO  c.n.e.r.AbstractInstanceRegistry - Running the evict task with compensationTime 0ms
2023-08-25 22:36:31.323 [Eureka-EvictionTimer] INFO  c.n.e.r.AbstractInstanceRegistry - Running the evict task with compensationTime 0ms
2023-08-25 22:36:36.323 [Eureka-EvictionTimer] INFO  c.n.e.r.AbstractInstanceRegistry - Running the evict task with compensationTime 0ms
2023-08-25 22:36:41.323 [Eureka-EvictionTimer] INFO  c.n.e.r.AbstractInstanceRegistry - Running the evict task with compensationTime 0ms
2023-08-25 22:36:46.323 [Eureka-EvictionTimer] INFO  c.n.e.r.AbstractInstanceRegistry - Running the evict task with compensationTime 0ms
2023-08-25 22:36:51.323 [Eureka-EvictionTimer] INFO  c.n.e.r.AbstractInstanceRegistry - Running the evict task with compensationTime 0ms
2023-08-25 22:36:56.323 [Eureka-EvictionTimer] INFO  c.n.e.r.AbstractInstanceRegistry - Running the evict task with compensationTime 0ms
2023-08-25 22:37:01.323 [Eureka-EvictionTimer] INFO  c.n.e.r.AbstractInstanceRegistry - Running the evict task with compensationTime 0ms
2023-08-25 22:37:06.323 [Eureka-EvictionTimer] INFO  c.n.e.r.AbstractInstanceRegistry - Running the evict task with compensationTime 0ms
2023-08-25 22:37:11.323 [Eureka-EvictionTimer] INFO  c.n.e.r.AbstractInstanceRegistry - Running the evict task with compensationTime 0ms
2023-08-25 22:37:16.323 [Eureka-EvictionTimer] INFO  c.n.e.r.AbstractInstanceRegistry - Running the evict task with compensationTime 0ms
2023-08-25 22:37:21.323 [Eureka-EvictionTimer] INFO  c.n.e.r.AbstractInstanceRegistry - Running the evict task with compensationTime 0ms
2023-08-25 22:37:26.323 [Eureka-EvictionTimer] INFO  c.n.e.r.AbstractInstanceRegistry - Running the evict task with compensationTime 0ms
2023-08-25 22:37:31.323 [Eureka-EvictionTimer] INFO  c.n.e.r.AbstractInstanceRegistry - Running the evict task with compensationTime 0ms
2023-08-25 22:37:36.323 [Eureka-EvictionTimer] INFO  c.n.e.r.AbstractInstanceRegistry - Running the evict task with compensationTime 0ms
2023-08-25 22:37:41.323 [Eureka-EvictionTimer] INFO  c.n.e.r.AbstractInstanceRegistry - Running the evict task with compensationTime 0ms
2023-08-25 22:37:46.323 [Eureka-EvictionTimer] INFO  c.n.e.r.AbstractInstanceRegistry - Running the evict task with compensationTime 0ms
2023-08-25 22:37:51.323 [Eureka-EvictionTimer] INFO  c.n.e.r.AbstractInstanceRegistry - Running the evict task with compensationTime 0ms
2023-08-25 22:37:56.323 [Eureka-EvictionTimer] INFO  c.n.e.r.AbstractInstanceRegistry - Running the evict task with compensationTime 0ms
2023-08-25 22:38:01.323 [Eureka-EvictionTimer] INFO  c.n.e.r.AbstractInstanceRegistry - Running the evict task with compensationTime 0ms
2023-08-25 22:38:06.323 [Eureka-EvictionTimer] INFO  c.n.e.r.AbstractInstanceRegistry - Running the evict task with compensationTime 0ms
2023-08-25 22:38:11.323 [Eureka-EvictionTimer] INFO  c.n.e.r.AbstractInstanceRegistry - Running the evict task with compensationTime 0ms
2023-08-25 22:38:16.323 [Eureka-EvictionTimer] INFO  c.n.e.r.AbstractInstanceRegistry - Running the evict task with compensationTime 0ms
2023-08-25 22:38:21.323 [Eureka-EvictionTimer] INFO  c.n.e.r.AbstractInstanceRegistry - Running the evict task with compensationTime 0ms
2023-08-25 22:38:26.323 [Eureka-EvictionTimer] INFO  c.n.e.r.AbstractInstanceRegistry - Running the evict task with compensationTime 0ms
2023-08-25 22:38:31.323 [Eureka-EvictionTimer] INFO  c.n.e.r.AbstractInstanceRegistry - Running the evict task with compensationTime 0ms
2023-08-25 22:38:36.323 [Eureka-EvictionTimer] INFO  c.n.e.r.AbstractInstanceRegistry - Running the evict task with compensationTime 0ms
2023-08-25 22:38:41.323 [Eureka-EvictionTimer] INFO  c.n.e.r.AbstractInstanceRegistry - Running the evict task with compensationTime 0ms
2023-08-25 22:38:46.323 [Eureka-EvictionTimer] INFO  c.n.e.r.AbstractInstanceRegistry - Running the evict task with compensationTime 0ms
2023-08-25 22:38:51.323 [Eureka-EvictionTimer] INFO  c.n.e.r.AbstractInstanceRegistry - Running the evict task with compensationTime 0ms
2023-08-25 22:38:56.323 [Eureka-EvictionTimer] INFO  c.n.e.r.AbstractInstanceRegistry - Running the evict task with compensationTime 0ms
2023-08-25 22:39:01.323 [Eureka-EvictionTimer] INFO  c.n.e.r.AbstractInstanceRegistry - Running the evict task with compensationTime 0ms
2023-08-25 22:39:06.323 [Eureka-EvictionTimer] INFO  c.n.e.r.AbstractInstanceRegistry - Running the evict task with compensationTime 0ms
2023-08-25 22:39:11.323 [Eureka-EvictionTimer] INFO  c.n.e.r.AbstractInstanceRegistry - Running the evict task with compensationTime 0ms
2023-08-25 22:39:16.323 [Eureka-EvictionTimer] INFO  c.n.e.r.AbstractInstanceRegistry - Running the evict task with compensationTime 0ms
2023-08-25 22:39:21.323 [Eureka-EvictionTimer] INFO  c.n.e.r.AbstractInstanceRegistry - Running the evict task with compensationTime 0ms
2023-08-25 22:39:26.323 [Eureka-EvictionTimer] INFO  c.n.e.r.AbstractInstanceRegistry - Running the evict task with compensationTime 0ms
2023-08-25 22:39:31.323 [Eureka-EvictionTimer] INFO  c.n.e.r.AbstractInstanceRegistry - Running the evict task with compensationTime 0ms
2023-08-25 22:39:36.323 [Eureka-EvictionTimer] INFO  c.n.e.r.AbstractInstanceRegistry - Running the evict task with compensationTime 0ms
2023-08-25 22:39:41.323 [Eureka-EvictionTimer] INFO  c.n.e.r.AbstractInstanceRegistry - Running the evict task with compensationTime 0ms
2023-08-25 22:39:46.323 [Eureka-EvictionTimer] INFO  c.n.e.r.AbstractInstanceRegistry - Running the evict task with compensationTime 0ms
2023-08-25 22:39:51.323 [Eureka-EvictionTimer] INFO  c.n.e.r.AbstractInstanceRegistry - Running the evict task with compensationTime 0ms
2023-08-25 22:39:56.323 [Eureka-EvictionTimer] INFO  c.n.e.r.AbstractInstanceRegistry - Running the evict task with compensationTime 0ms
2023-08-25 22:40:01.323 [Eureka-EvictionTimer] INFO  c.n.e.r.AbstractInstanceRegistry - Running the evict task with compensationTime 0ms
2023-08-25 22:40:06.323 [Eureka-EvictionTimer] INFO  c.n.e.r.AbstractInstanceRegistry - Running the evict task with compensationTime 0ms
2023-08-25 22:40:11.323 [Eureka-EvictionTimer] INFO  c.n.e.r.AbstractInstanceRegistry - Running the evict task with compensationTime 0ms
2023-08-25 22:40:16.323 [Eureka-EvictionTimer] INFO  c.n.e.r.AbstractInstanceRegistry - Running the evict task with compensationTime 0ms
2023-08-25 22:40:21.323 [Eureka-EvictionTimer] INFO  c.n.e.r.AbstractInstanceRegistry - Running the evict task with compensationTime 0ms
2023-08-25 22:40:26.323 [Eureka-EvictionTimer] INFO  c.n.e.r.AbstractInstanceRegistry - Running the evict task with compensationTime 0ms
2023-08-25 22:40:31.323 [Eureka-EvictionTimer] INFO  c.n.e.r.AbstractInstanceRegistry - Running the evict task with compensationTime 0ms
2023-08-25 22:40:36.323 [Eureka-EvictionTimer] INFO  c.n.e.r.AbstractInstanceRegistry - Running the evict task with compensationTime 0ms
2023-08-25 22:40:41.323 [Eureka-EvictionTimer] INFO  c.n.e.r.AbstractInstanceRegistry - Running the evict task with compensationTime 0ms
2023-08-25 22:40:46.323 [Eureka-EvictionTimer] INFO  c.n.e.r.AbstractInstanceRegistry - Running the evict task with compensationTime 0ms
2023-08-25 22:40:51.323 [Eureka-EvictionTimer] INFO  c.n.e.r.AbstractInstanceRegistry - Running the evict task with compensationTime 0ms
2023-08-25 22:40:56.323 [Eureka-EvictionTimer] INFO  c.n.e.r.AbstractInstanceRegistry - Running the evict task with compensationTime 0ms
2023-08-25 22:41:01.323 [Eureka-EvictionTimer] INFO  c.n.e.r.AbstractInstanceRegistry - Running the evict task with compensationTime 0ms
2023-08-25 22:41:06.323 [Eureka-EvictionTimer] INFO  c.n.e.r.AbstractInstanceRegistry - Running the evict task with compensationTime 0ms
2023-08-25 22:41:11.323 [Eureka-EvictionTimer] INFO  c.n.e.r.AbstractInstanceRegistry - Running the evict task with compensationTime 0ms
2023-08-25 22:41:16.323 [Eureka-EvictionTimer] INFO  c.n.e.r.AbstractInstanceRegistry - Running the evict task with compensationTime 0ms
2023-08-25 22:41:21.323 [Eureka-EvictionTimer] INFO  c.n.e.r.AbstractInstanceRegistry - Running the evict task with compensationTime 0ms
2023-08-25 22:41:26.323 [Eureka-EvictionTimer] INFO  c.n.e.r.AbstractInstanceRegistry - Running the evict task with compensationTime 0ms
2023-08-25 22:41:31.323 [Eureka-EvictionTimer] INFO  c.n.e.r.AbstractInstanceRegistry - Running the evict task with compensationTime 0ms
2023-08-25 22:41:36.323 [Eureka-EvictionTimer] INFO  c.n.e.r.AbstractInstanceRegistry - Running the evict task with compensationTime 0ms
2023-08-25 22:41:41.323 [Eureka-EvictionTimer] INFO  c.n.e.r.AbstractInstanceRegistry - Running the evict task with compensationTime 0ms
2023-08-25 22:41:46.323 [Eureka-EvictionTimer] INFO  c.n.e.r.AbstractInstanceRegistry - Running the evict task with compensationTime 0ms
2023-08-25 22:41:51.323 [Eureka-EvictionTimer] INFO  c.n.e.r.AbstractInstanceRegistry - Running the evict task with compensationTime 0ms
2023-08-25 22:41:56.323 [Eureka-EvictionTimer] INFO  c.n.e.r.AbstractInstanceRegistry - Running the evict task with compensationTime 0ms
2023-08-25 22:42:01.323 [Eureka-EvictionTimer] INFO  c.n.e.r.AbstractInstanceRegistry - Running the evict task with compensationTime 0ms
2023-08-25 22:42:06.323 [Eureka-EvictionTimer] INFO  c.n.e.r.AbstractInstanceRegistry - Running the evict task with compensationTime 0ms
2023-08-25 22:42:11.323 [Eureka-EvictionTimer] INFO  c.n.e.r.AbstractInstanceRegistry - Running the evict task with compensationTime 0ms
2023-08-25 22:42:16.323 [Eureka-EvictionTimer] INFO  c.n.e.r.AbstractInstanceRegistry - Running the evict task with compensationTime 0ms
2023-08-25 22:42:21.323 [Eureka-EvictionTimer] INFO  c.n.e.r.AbstractInstanceRegistry - Running the evict task with compensationTime 0ms
2023-08-25 22:42:26.323 [Eureka-EvictionTimer] INFO  c.n.e.r.AbstractInstanceRegistry - Running the evict task with compensationTime 0ms
2023-08-25 22:42:31.323 [Eureka-EvictionTimer] INFO  c.n.e.r.AbstractInstanceRegistry - Running the evict task with compensationTime 0ms
2023-08-25 22:42:36.323 [Eureka-EvictionTimer] INFO  c.n.e.r.AbstractInstanceRegistry - Running the evict task with compensationTime 0ms
2023-08-25 22:42:41.323 [Eureka-EvictionTimer] INFO  c.n.e.r.AbstractInstanceRegistry - Running the evict task with compensationTime 0ms
2023-08-25 22:42:46.323 [Eureka-EvictionTimer] INFO  c.n.e.r.AbstractInstanceRegistry - Running the evict task with compensationTime 0ms
2023-08-25 22:42:51.323 [Eureka-EvictionTimer] INFO  c.n.e.r.AbstractInstanceRegistry - Running the evict task with compensationTime 0ms
2023-08-25 22:42:56.323 [Eureka-EvictionTimer] INFO  c.n.e.r.AbstractInstanceRegistry - Running the evict task with compensationTime 0ms
2023-08-25 22:43:01.323 [Eureka-EvictionTimer] INFO  c.n.e.r.AbstractInstanceRegistry - Running the evict task with compensationTime 0ms
2023-08-25 22:43:06.323 [Eureka-EvictionTimer] INFO  c.n.e.r.AbstractInstanceRegistry - Running the evict task with compensationTime 0ms
2023-08-25 22:43:11.323 [Eureka-EvictionTimer] INFO  c.n.e.r.AbstractInstanceRegistry - Running the evict task with compensationTime 0ms
2023-08-25 22:43:16.323 [Eureka-EvictionTimer] INFO  c.n.e.r.AbstractInstanceRegistry - Running the evict task with compensationTime 0ms
2023-08-25 22:43:21.323 [Eureka-EvictionTimer] INFO  c.n.e.r.AbstractInstanceRegistry - Running the evict task with compensationTime 0ms
2023-08-25 22:43:26.323 [Eureka-EvictionTimer] INFO  c.n.e.r.AbstractInstanceRegistry - Running the evict task with compensationTime 0ms
2023-08-25 22:43:31.323 [Eureka-EvictionTimer] INFO  c.n.e.r.AbstractInstanceRegistry - Running the evict task with compensationTime 0ms
2023-08-25 22:43:36.323 [Eureka-EvictionTimer] INFO  c.n.e.r.AbstractInstanceRegistry - Running the evict task with compensationTime 0ms
2023-08-25 22:43:41.323 [Eureka-EvictionTimer] INFO  c.n.e.r.AbstractInstanceRegistry - Running the evict task with compensationTime 0ms
2023-08-25 22:43:46.323 [Eureka-EvictionTimer] INFO  c.n.e.r.AbstractInstanceRegistry - Running the evict task with compensationTime 0ms
2023-08-25 22:43:51.323 [Eureka-EvictionTimer] INFO  c.n.e.r.AbstractInstanceRegistry - Running the evict task with compensationTime 0ms
2023-08-25 22:43:56.323 [Eureka-EvictionTimer] INFO  c.n.e.r.AbstractInstanceRegistry - Running the evict task with compensationTime 0ms
2023-08-25 22:44:01.323 [Eureka-EvictionTimer] INFO  c.n.e.r.AbstractInstanceRegistry - Running the evict task with compensationTime 0ms
2023-08-25 22:44:06.323 [Eureka-EvictionTimer] INFO  c.n.e.r.AbstractInstanceRegistry - Running the evict task with compensationTime 0ms
2023-08-25 22:44:11.323 [Eureka-EvictionTimer] INFO  c.n.e.r.AbstractInstanceRegistry - Running the evict task with compensationTime 0ms
2023-08-25 22:44:16.323 [Eureka-EvictionTimer] INFO  c.n.e.r.AbstractInstanceRegistry - Running the evict task with compensationTime 0ms
2023-08-25 22:44:21.323 [Eureka-EvictionTimer] INFO  c.n.e.r.AbstractInstanceRegistry - Running the evict task with compensationTime 0ms
2023-08-25 22:44:26.323 [Eureka-EvictionTimer] INFO  c.n.e.r.AbstractInstanceRegistry - Running the evict task with compensationTime 0ms
2023-08-25 22:44:31.323 [Eureka-EvictionTimer] INFO  c.n.e.r.AbstractInstanceRegistry - Running the evict task with compensationTime 0ms
2023-08-25 22:44:36.323 [Eureka-EvictionTimer] INFO  c.n.e.r.AbstractInstanceRegistry - Running the evict task with compensationTime 0ms
2023-08-25 22:44:41.323 [Eureka-EvictionTimer] INFO  c.n.e.r.AbstractInstanceRegistry - Running the evict task with compensationTime 0ms
2023-08-25 22:44:46.323 [Eureka-EvictionTimer] INFO  c.n.e.r.AbstractInstanceRegistry - Running the evict task with compensationTime 0ms
2023-08-25 22:44:51.323 [Eureka-EvictionTimer] INFO  c.n.e.r.AbstractInstanceRegistry - Running the evict task with compensationTime 0ms
2023-08-25 22:44:56.323 [Eureka-EvictionTimer] INFO  c.n.e.r.AbstractInstanceRegistry - Running the evict task with compensationTime 0ms
2023-08-25 22:45:01.323 [Eureka-EvictionTimer] INFO  c.n.e.r.AbstractInstanceRegistry - Running the evict task with compensationTime 0ms
2023-08-25 22:45:06.323 [Eureka-EvictionTimer] INFO  c.n.e.r.AbstractInstanceRegistry - Running the evict task with compensationTime 0ms
2023-08-25 22:45:11.323 [Eureka-EvictionTimer] INFO  c.n.e.r.AbstractInstanceRegistry - Running the evict task with compensationTime 0ms
2023-08-25 22:45:16.323 [Eureka-EvictionTimer] INFO  c.n.e.r.AbstractInstanceRegistry - Running the evict task with compensationTime 0ms
2023-08-25 22:45:21.323 [Eureka-EvictionTimer] INFO  c.n.e.r.AbstractInstanceRegistry - Running the evict task with compensationTime 0ms
2023-08-25 22:45:26.323 [Eureka-EvictionTimer] INFO  c.n.e.r.AbstractInstanceRegistry - Running the evict task with compensationTime 0ms
2023-08-25 22:45:31.323 [Eureka-EvictionTimer] INFO  c.n.e.r.AbstractInstanceRegistry - Running the evict task with compensationTime 0ms
2023-08-25 22:45:36.323 [Eureka-EvictionTimer] INFO  c.n.e.r.AbstractInstanceRegistry - Running the evict task with compensationTime 0ms
2023-08-25 22:45:41.323 [Eureka-EvictionTimer] INFO  c.n.e.r.AbstractInstanceRegistry - Running the evict task with compensationTime 0ms
2023-08-25 22:45:46.323 [Eureka-EvictionTimer] INFO  c.n.e.r.AbstractInstanceRegistry - Running the evict task with compensationTime 0ms
2023-08-25 22:45:51.323 [Eureka-EvictionTimer] INFO  c.n.e.r.AbstractInstanceRegistry - Running the evict task with compensationTime 0ms
2023-08-25 22:45:56.323 [Eureka-EvictionTimer] INFO  c.n.e.r.AbstractInstanceRegistry - Running the evict task with compensationTime 0ms
2023-08-25 22:46:01.323 [Eureka-EvictionTimer] INFO  c.n.e.r.AbstractInstanceRegistry - Running the evict task with compensationTime 0ms
2023-08-25 22:46:06.323 [Eureka-EvictionTimer] INFO  c.n.e.r.AbstractInstanceRegistry - Running the evict task with compensationTime 0ms
2023-08-25 22:46:11.323 [Eureka-EvictionTimer] INFO  c.n.e.r.AbstractInstanceRegistry - Running the evict task with compensationTime 0ms
2023-08-25 22:46:16.323 [Eureka-EvictionTimer] INFO  c.n.e.r.AbstractInstanceRegistry - Running the evict task with compensationTime 0ms
2023-08-25 22:46:21.323 [Eureka-EvictionTimer] INFO  c.n.e.r.AbstractInstanceRegistry - Running the evict task with compensationTime 0ms
2023-08-25 22:46:26.323 [Eureka-EvictionTimer] INFO  c.n.e.r.AbstractInstanceRegistry - Running the evict task with compensationTime 0ms
2023-08-25 22:46:31.323 [Eureka-EvictionTimer] INFO  c.n.e.r.AbstractInstanceRegistry - Running the evict task with compensationTime 0ms
2023-08-25 22:46:36.323 [Eureka-EvictionTimer] INFO  c.n.e.r.AbstractInstanceRegistry - Running the evict task with compensationTime 0ms
2023-08-25 22:46:41.323 [Eureka-EvictionTimer] INFO  c.n.e.r.AbstractInstanceRegistry - Running the evict task with compensationTime 0ms
2023-08-25 22:46:46.323 [Eureka-EvictionTimer] INFO  c.n.e.r.AbstractInstanceRegistry - Running the evict task with compensationTime 0ms
2023-08-25 22:46:51.323 [Eureka-EvictionTimer] INFO  c.n.e.r.AbstractInstanceRegistry - Running the evict task with compensationTime 0ms
2023-08-25 22:46:56.323 [Eureka-EvictionTimer] INFO  c.n.e.r.AbstractInstanceRegistry - Running the evict task with compensationTime 0ms
2023-08-25 22:47:01.323 [Eureka-EvictionTimer] INFO  c.n.e.r.AbstractInstanceRegistry - Running the evict task with compensationTime 0ms
2023-08-25 22:47:06.323 [Eureka-EvictionTimer] INFO  c.n.e.r.AbstractInstanceRegistry - Running the evict task with compensationTime 0ms
2023-08-25 22:47:11.323 [Eureka-EvictionTimer] INFO  c.n.e.r.AbstractInstanceRegistry - Running the evict task with compensationTime 0ms
2023-08-25 22:47:16.323 [Eureka-EvictionTimer] INFO  c.n.e.r.AbstractInstanceRegistry - Running the evict task with compensationTime 0ms
2023-08-25 22:47:21.323 [Eureka-EvictionTimer] INFO  c.n.e.r.AbstractInstanceRegistry - Running the evict task with compensationTime 0ms
2023-08-25 22:47:26.323 [Eureka-EvictionTimer] INFO  c.n.e.r.AbstractInstanceRegistry - Running the evict task with compensationTime 0ms
2023-08-25 22:47:31.323 [Eureka-EvictionTimer] INFO  c.n.e.r.AbstractInstanceRegistry - Running the evict task with compensationTime 0ms
2023-08-25 22:47:36.323 [Eureka-EvictionTimer] INFO  c.n.e.r.AbstractInstanceRegistry - Running the evict task with compensationTime 0ms
2023-08-25 22:47:41.323 [Eureka-EvictionTimer] INFO  c.n.e.r.AbstractInstanceRegistry - Running the evict task with compensationTime 0ms
2023-08-25 22:47:46.323 [Eureka-EvictionTimer] INFO  c.n.e.r.AbstractInstanceRegistry - Running the evict task with compensationTime 0ms
2023-08-25 22:47:51.323 [Eureka-EvictionTimer] INFO  c.n.e.r.AbstractInstanceRegistry - Running the evict task with compensationTime 0ms
2023-08-25 22:47:56.323 [Eureka-EvictionTimer] INFO  c.n.e.r.AbstractInstanceRegistry - Running the evict task with compensationTime 0ms
2023-08-25 22:48:01.323 [Eureka-EvictionTimer] INFO  c.n.e.r.AbstractInstanceRegistry - Running the evict task with compensationTime 0ms
2023-08-25 22:48:06.323 [Eureka-EvictionTimer] INFO  c.n.e.r.AbstractInstanceRegistry - Running the evict task with compensationTime 0ms
2023-08-25 22:48:11.323 [Eureka-EvictionTimer] INFO  c.n.e.r.AbstractInstanceRegistry - Running the evict task with compensationTime 0ms
2023-08-25 22:48:16.323 [Eureka-EvictionTimer] INFO  c.n.e.r.AbstractInstanceRegistry - Running the evict task with compensationTime 0ms
2023-08-25 22:48:21.323 [Eureka-EvictionTimer] INFO  c.n.e.r.AbstractInstanceRegistry - Running the evict task with compensationTime 0ms
2023-08-25 22:48:26.323 [Eureka-EvictionTimer] INFO  c.n.e.r.AbstractInstanceRegistry - Running the evict task with compensationTime 0ms
2023-08-25 22:48:31.323 [Eureka-EvictionTimer] INFO  c.n.e.r.AbstractInstanceRegistry - Running the evict task with compensationTime 0ms
2023-08-25 22:48:36.323 [Eureka-EvictionTimer] INFO  c.n.e.r.AbstractInstanceRegistry - Running the evict task with compensationTime 0ms
2023-08-25 22:48:41.323 [Eureka-EvictionTimer] INFO  c.n.e.r.AbstractInstanceRegistry - Running the evict task with compensationTime 0ms
2023-08-25 22:48:46.323 [Eureka-EvictionTimer] INFO  c.n.e.r.AbstractInstanceRegistry - Running the evict task with compensationTime 0ms
2023-08-25 22:48:51.323 [Eureka-EvictionTimer] INFO  c.n.e.r.AbstractInstanceRegistry - Running the evict task with compensationTime 0ms
2023-08-25 22:48:56.323 [Eureka-EvictionTimer] INFO  c.n.e.r.AbstractInstanceRegistry - Running the evict task with compensationTime 0ms
2023-08-25 22:49:01.323 [Eureka-EvictionTimer] INFO  c.n.e.r.AbstractInstanceRegistry - Running the evict task with compensationTime 0ms
2023-08-25 22:49:06.323 [Eureka-EvictionTimer] INFO  c.n.e.r.AbstractInstanceRegistry - Running the evict task with compensationTime 0ms
2023-08-25 22:49:11.323 [Eureka-EvictionTimer] INFO  c.n.e.r.AbstractInstanceRegistry - Running the evict task with compensationTime 0ms
2023-08-25 22:49:16.323 [Eureka-EvictionTimer] INFO  c.n.e.r.AbstractInstanceRegistry - Running the evict task with compensationTime 0ms
2023-08-25 22:49:21.323 [Eureka-EvictionTimer] INFO  c.n.e.r.AbstractInstanceRegistry - Running the evict task with compensationTime 0ms
2023-08-25 22:49:26.323 [Eureka-EvictionTimer] INFO  c.n.e.r.AbstractInstanceRegistry - Running the evict task with compensationTime 0ms
2023-08-25 22:49:31.323 [Eureka-EvictionTimer] INFO  c.n.e.r.AbstractInstanceRegistry - Running the evict task with compensationTime 0ms
2023-08-25 22:49:36.323 [Eureka-EvictionTimer] INFO  c.n.e.r.AbstractInstanceRegistry - Running the evict task with compensationTime 0ms
2023-08-25 22:49:41.323 [Eureka-EvictionTimer] INFO  c.n.e.r.AbstractInstanceRegistry - Running the evict task with compensationTime 0ms
2023-08-25 22:49:46.323 [Eureka-EvictionTimer] INFO  c.n.e.r.AbstractInstanceRegistry - Running the evict task with compensationTime 0ms
2023-08-25 22:49:51.323 [Eureka-EvictionTimer] INFO  c.n.e.r.AbstractInstanceRegistry - Running the evict task with compensationTime 0ms
2023-08-25 22:49:56.323 [Eureka-EvictionTimer] INFO  c.n.e.r.AbstractInstanceRegistry - Running the evict task with compensationTime 0ms
2023-08-25 22:50:00.853 [ReplicaAwareInstanceRegistry - RenewalThresholdUpdater] INFO  c.n.e.r.PeerAwareInstanceRegistryImpl - Current renewal threshold is : 0
2023-08-25 22:50:01.323 [Eureka-EvictionTimer] INFO  c.n.e.r.AbstractInstanceRegistry - Running the evict task with compensationTime 0ms
2023-08-25 22:50:06.323 [Eureka-EvictionTimer] INFO  c.n.e.r.AbstractInstanceRegistry - Running the evict task with compensationTime 0ms
2023-08-25 22:50:11.323 [Eureka-EvictionTimer] INFO  c.n.e.r.AbstractInstanceRegistry - Running the evict task with compensationTime 0ms
2023-08-25 22:50:16.323 [Eureka-EvictionTimer] INFO  c.n.e.r.AbstractInstanceRegistry - Running the evict task with compensationTime 0ms
2023-08-25 22:50:21.323 [Eureka-EvictionTimer] INFO  c.n.e.r.AbstractInstanceRegistry - Running the evict task with compensationTime 0ms
2023-08-25 22:50:26.323 [Eureka-EvictionTimer] INFO  c.n.e.r.AbstractInstanceRegistry - Running the evict task with compensationTime 0ms
2023-08-25 22:50:31.323 [Eureka-EvictionTimer] INFO  c.n.e.r.AbstractInstanceRegistry - Running the evict task with compensationTime 0ms
2023-08-25 22:50:36.323 [Eureka-EvictionTimer] INFO  c.n.e.r.AbstractInstanceRegistry - Running the evict task with compensationTime 0ms
2023-08-25 22:50:41.323 [Eureka-EvictionTimer] INFO  c.n.e.r.AbstractInstanceRegistry - Running the evict task with compensationTime 0ms
2023-08-25 22:50:46.323 [Eureka-EvictionTimer] INFO  c.n.e.r.AbstractInstanceRegistry - Running the evict task with compensationTime 0ms
2023-08-25 22:50:51.323 [Eureka-EvictionTimer] INFO  c.n.e.r.AbstractInstanceRegistry - Running the evict task with compensationTime 0ms
2023-08-25 22:50:56.323 [Eureka-EvictionTimer] INFO  c.n.e.r.AbstractInstanceRegistry - Running the evict task with compensationTime 0ms
2023-08-25 22:51:01.323 [Eureka-EvictionTimer] INFO  c.n.e.r.AbstractInstanceRegistry - Running the evict task with compensationTime 0ms
2023-08-25 22:51:06.323 [Eureka-EvictionTimer] INFO  c.n.e.r.AbstractInstanceRegistry - Running the evict task with compensationTime 0ms
2023-08-25 22:51:11.323 [Eureka-EvictionTimer] INFO  c.n.e.r.AbstractInstanceRegistry - Running the evict task with compensationTime 0ms
2023-08-25 22:51:16.323 [Eureka-EvictionTimer] INFO  c.n.e.r.AbstractInstanceRegistry - Running the evict task with compensationTime 0ms
2023-08-25 22:51:21.323 [Eureka-EvictionTimer] INFO  c.n.e.r.AbstractInstanceRegistry - Running the evict task with compensationTime 0ms
2023-08-25 22:51:26.323 [Eureka-EvictionTimer] INFO  c.n.e.r.AbstractInstanceRegistry - Running the evict task with compensationTime 0ms
2023-08-25 22:51:31.323 [Eureka-EvictionTimer] INFO  c.n.e.r.AbstractInstanceRegistry - Running the evict task with compensationTime 0ms
2023-08-25 22:51:36.323 [Eureka-EvictionTimer] INFO  c.n.e.r.AbstractInstanceRegistry - Running the evict task with compensationTime 0ms
2023-08-25 22:51:41.323 [Eureka-EvictionTimer] INFO  c.n.e.r.AbstractInstanceRegistry - Running the evict task with compensationTime 0ms
2023-08-25 22:51:46.323 [Eureka-EvictionTimer] INFO  c.n.e.r.AbstractInstanceRegistry - Running the evict task with compensationTime 0ms
2023-08-25 22:51:51.323 [Eureka-EvictionTimer] INFO  c.n.e.r.AbstractInstanceRegistry - Running the evict task with compensationTime 0ms
2023-08-25 22:51:56.323 [Eureka-EvictionTimer] INFO  c.n.e.r.AbstractInstanceRegistry - Running the evict task with compensationTime 0ms
2023-08-25 22:52:01.323 [Eureka-EvictionTimer] INFO  c.n.e.r.AbstractInstanceRegistry - Running the evict task with compensationTime 0ms
2023-08-25 22:52:06.323 [Eureka-EvictionTimer] INFO  c.n.e.r.AbstractInstanceRegistry - Running the evict task with compensationTime 0ms
2023-08-25 22:52:11.323 [Eureka-EvictionTimer] INFO  c.n.e.r.AbstractInstanceRegistry - Running the evict task with compensationTime 0ms
2023-08-25 22:52:16.323 [Eureka-EvictionTimer] INFO  c.n.e.r.AbstractInstanceRegistry - Running the evict task with compensationTime 0ms
2023-08-25 22:52:21.323 [Eureka-EvictionTimer] INFO  c.n.e.r.AbstractInstanceRegistry - Running the evict task with compensationTime 0ms
2023-08-25 22:52:26.323 [Eureka-EvictionTimer] INFO  c.n.e.r.AbstractInstanceRegistry - Running the evict task with compensationTime 0ms
2023-08-25 22:52:31.323 [Eureka-EvictionTimer] INFO  c.n.e.r.AbstractInstanceRegistry - Running the evict task with compensationTime 0ms
2023-08-25 22:52:36.323 [Eureka-EvictionTimer] INFO  c.n.e.r.AbstractInstanceRegistry - Running the evict task with compensationTime 0ms
2023-08-25 22:52:41.323 [Eureka-EvictionTimer] INFO  c.n.e.r.AbstractInstanceRegistry - Running the evict task with compensationTime 0ms
2023-08-25 22:52:46.323 [Eureka-EvictionTimer] INFO  c.n.e.r.AbstractInstanceRegistry - Running the evict task with compensationTime 0ms
2023-08-25 22:52:51.323 [Eureka-EvictionTimer] INFO  c.n.e.r.AbstractInstanceRegistry - Running the evict task with compensationTime 0ms
2023-08-25 22:52:56.323 [Eureka-EvictionTimer] INFO  c.n.e.r.AbstractInstanceRegistry - Running the evict task with compensationTime 0ms
2023-08-25 22:53:01.323 [Eureka-EvictionTimer] INFO  c.n.e.r.AbstractInstanceRegistry - Running the evict task with compensationTime 0ms
2023-08-25 22:53:06.323 [Eureka-EvictionTimer] INFO  c.n.e.r.AbstractInstanceRegistry - Running the evict task with compensationTime 0ms
2023-08-25 22:53:11.323 [Eureka-EvictionTimer] INFO  c.n.e.r.AbstractInstanceRegistry - Running the evict task with compensationTime 0ms
2023-08-25 22:53:16.323 [Eureka-EvictionTimer] INFO  c.n.e.r.AbstractInstanceRegistry - Running the evict task with compensationTime 0ms
2023-08-25 22:53:21.323 [Eureka-EvictionTimer] INFO  c.n.e.r.AbstractInstanceRegistry - Running the evict task with compensationTime 0ms
2023-08-25 22:53:26.323 [Eureka-EvictionTimer] INFO  c.n.e.r.AbstractInstanceRegistry - Running the evict task with compensationTime 0ms
2023-08-25 22:53:31.323 [Eureka-EvictionTimer] INFO  c.n.e.r.AbstractInstanceRegistry - Running the evict task with compensationTime 0ms
2023-08-25 22:53:36.323 [Eureka-EvictionTimer] INFO  c.n.e.r.AbstractInstanceRegistry - Running the evict task with compensationTime 0ms
2023-08-25 22:53:41.323 [Eureka-EvictionTimer] INFO  c.n.e.r.AbstractInstanceRegistry - Running the evict task with compensationTime 0ms
2023-08-25 22:53:46.323 [Eureka-EvictionTimer] INFO  c.n.e.r.AbstractInstanceRegistry - Running the evict task with compensationTime 0ms
2023-08-25 22:53:51.323 [Eureka-EvictionTimer] INFO  c.n.e.r.AbstractInstanceRegistry - Running the evict task with compensationTime 0ms
2023-08-25 22:53:56.323 [Eureka-EvictionTimer] INFO  c.n.e.r.AbstractInstanceRegistry - Running the evict task with compensationTime 0ms
2023-08-25 22:54:01.323 [Eureka-EvictionTimer] INFO  c.n.e.r.AbstractInstanceRegistry - Running the evict task with compensationTime 0ms
2023-08-25 22:54:06.323 [Eureka-EvictionTimer] INFO  c.n.e.r.AbstractInstanceRegistry - Running the evict task with compensationTime 0ms
2023-08-25 22:54:11.323 [Eureka-EvictionTimer] INFO  c.n.e.r.AbstractInstanceRegistry - Running the evict task with compensationTime 0ms
2023-08-25 22:54:16.323 [Eureka-EvictionTimer] INFO  c.n.e.r.AbstractInstanceRegistry - Running the evict task with compensationTime 0ms
2023-08-25 22:54:21.323 [Eureka-EvictionTimer] INFO  c.n.e.r.AbstractInstanceRegistry - Running the evict task with compensationTime 0ms
2023-08-25 22:54:26.323 [Eureka-EvictionTimer] INFO  c.n.e.r.AbstractInstanceRegistry - Running the evict task with compensationTime 0ms
2023-08-25 22:54:31.323 [Eureka-EvictionTimer] INFO  c.n.e.r.AbstractInstanceRegistry - Running the evict task with compensationTime 0ms
2023-08-25 22:54:36.323 [Eureka-EvictionTimer] INFO  c.n.e.r.AbstractInstanceRegistry - Running the evict task with compensationTime 0ms
2023-08-25 22:54:41.323 [Eureka-EvictionTimer] INFO  c.n.e.r.AbstractInstanceRegistry - Running the evict task with compensationTime 0ms
2023-08-25 22:54:46.323 [Eureka-EvictionTimer] INFO  c.n.e.r.AbstractInstanceRegistry - Running the evict task with compensationTime 0ms
2023-08-25 22:54:51.323 [Eureka-EvictionTimer] INFO  c.n.e.r.AbstractInstanceRegistry - Running the evict task with compensationTime 0ms
2023-08-25 22:54:56.323 [Eureka-EvictionTimer] INFO  c.n.e.r.AbstractInstanceRegistry - Running the evict task with compensationTime 0ms
2023-08-25 22:55:01.323 [Eureka-EvictionTimer] INFO  c.n.e.r.AbstractInstanceRegistry - Running the evict task with compensationTime 0ms
2023-08-25 22:55:06.323 [Eureka-EvictionTimer] INFO  c.n.e.r.AbstractInstanceRegistry - Running the evict task with compensationTime 0ms
2023-08-25 22:55:11.323 [Eureka-EvictionTimer] INFO  c.n.e.r.AbstractInstanceRegistry - Running the evict task with compensationTime 0ms
2023-08-25 22:55:16.323 [Eureka-EvictionTimer] INFO  c.n.e.r.AbstractInstanceRegistry - Running the evict task with compensationTime 0ms
2023-08-25 22:55:21.323 [Eureka-EvictionTimer] INFO  c.n.e.r.AbstractInstanceRegistry - Running the evict task with compensationTime 0ms
2023-08-25 22:55:26.323 [Eureka-EvictionTimer] INFO  c.n.e.r.AbstractInstanceRegistry - Running the evict task with compensationTime 0ms
2023-08-25 22:55:31.323 [Eureka-EvictionTimer] INFO  c.n.e.r.AbstractInstanceRegistry - Running the evict task with compensationTime 0ms
2023-08-25 22:55:36.323 [Eureka-EvictionTimer] INFO  c.n.e.r.AbstractInstanceRegistry - Running the evict task with compensationTime 0ms
2023-08-25 22:55:41.323 [Eureka-EvictionTimer] INFO  c.n.e.r.AbstractInstanceRegistry - Running the evict task with compensationTime 0ms
2023-08-25 22:55:46.323 [Eureka-EvictionTimer] INFO  c.n.e.r.AbstractInstanceRegistry - Running the evict task with compensationTime 0ms
2023-08-25 22:55:51.323 [Eureka-EvictionTimer] INFO  c.n.e.r.AbstractInstanceRegistry - Running the evict task with compensationTime 0ms
2023-08-25 22:55:56.323 [Eureka-EvictionTimer] INFO  c.n.e.r.AbstractInstanceRegistry - Running the evict task with compensationTime 0ms
2023-08-25 22:56:01.323 [Eureka-EvictionTimer] INFO  c.n.e.r.AbstractInstanceRegistry - Running the evict task with compensationTime 0ms
2023-08-25 22:56:06.323 [Eureka-EvictionTimer] INFO  c.n.e.r.AbstractInstanceRegistry - Running the evict task with compensationTime 0ms
2023-08-25 22:56:11.323 [Eureka-EvictionTimer] INFO  c.n.e.r.AbstractInstanceRegistry - Running the evict task with compensationTime 0ms
2023-08-25 22:56:16.323 [Eureka-EvictionTimer] INFO  c.n.e.r.AbstractInstanceRegistry - Running the evict task with compensationTime 0ms
2023-08-25 22:56:21.323 [Eureka-EvictionTimer] INFO  c.n.e.r.AbstractInstanceRegistry - Running the evict task with compensationTime 0ms
2023-08-25 22:56:26.323 [Eureka-EvictionTimer] INFO  c.n.e.r.AbstractInstanceRegistry - Running the evict task with compensationTime 0ms
2023-08-25 22:56:31.323 [Eureka-EvictionTimer] INFO  c.n.e.r.AbstractInstanceRegistry - Running the evict task with compensationTime 0ms
2023-08-25 22:56:36.323 [Eureka-EvictionTimer] INFO  c.n.e.r.AbstractInstanceRegistry - Running the evict task with compensationTime 0ms
2023-08-25 22:56:41.323 [Eureka-EvictionTimer] INFO  c.n.e.r.AbstractInstanceRegistry - Running the evict task with compensationTime 0ms
2023-08-25 22:56:46.323 [Eureka-EvictionTimer] INFO  c.n.e.r.AbstractInstanceRegistry - Running the evict task with compensationTime 0ms
2023-08-25 22:56:51.323 [Eureka-EvictionTimer] INFO  c.n.e.r.AbstractInstanceRegistry - Running the evict task with compensationTime 0ms
2023-08-25 22:56:56.323 [Eureka-EvictionTimer] INFO  c.n.e.r.AbstractInstanceRegistry - Running the evict task with compensationTime 0ms
2023-08-25 22:57:01.323 [Eureka-EvictionTimer] INFO  c.n.e.r.AbstractInstanceRegistry - Running the evict task with compensationTime 0ms
2023-08-25 22:57:06.323 [Eureka-EvictionTimer] INFO  c.n.e.r.AbstractInstanceRegistry - Running the evict task with compensationTime 0ms
2023-08-25 22:57:11.323 [Eureka-EvictionTimer] INFO  c.n.e.r.AbstractInstanceRegistry - Running the evict task with compensationTime 0ms
2023-08-25 22:57:16.323 [Eureka-EvictionTimer] INFO  c.n.e.r.AbstractInstanceRegistry - Running the evict task with compensationTime 0ms
2023-08-25 22:57:21.323 [Eureka-EvictionTimer] INFO  c.n.e.r.AbstractInstanceRegistry - Running the evict task with compensationTime 0ms
2023-08-25 22:57:26.323 [Eureka-EvictionTimer] INFO  c.n.e.r.AbstractInstanceRegistry - Running the evict task with compensationTime 0ms
2023-08-25 22:57:31.323 [Eureka-EvictionTimer] INFO  c.n.e.r.AbstractInstanceRegistry - Running the evict task with compensationTime 0ms
2023-08-25 22:57:36.323 [Eureka-EvictionTimer] INFO  c.n.e.r.AbstractInstanceRegistry - Running the evict task with compensationTime 0ms
2023-08-25 22:57:41.323 [Eureka-EvictionTimer] INFO  c.n.e.r.AbstractInstanceRegistry - Running the evict task with compensationTime 0ms
2023-08-25 22:57:46.323 [Eureka-EvictionTimer] INFO  c.n.e.r.AbstractInstanceRegistry - Running the evict task with compensationTime 0ms
2023-08-25 22:57:51.323 [Eureka-EvictionTimer] INFO  c.n.e.r.AbstractInstanceRegistry - Running the evict task with compensationTime 0ms
2023-08-25 22:57:56.323 [Eureka-EvictionTimer] INFO  c.n.e.r.AbstractInstanceRegistry - Running the evict task with compensationTime 0ms
2023-08-25 22:58:01.323 [Eureka-EvictionTimer] INFO  c.n.e.r.AbstractInstanceRegistry - Running the evict task with compensationTime 0ms
2023-08-25 22:58:06.323 [Eureka-EvictionTimer] INFO  c.n.e.r.AbstractInstanceRegistry - Running the evict task with compensationTime 0ms
2023-08-25 22:58:11.323 [Eureka-EvictionTimer] INFO  c.n.e.r.AbstractInstanceRegistry - Running the evict task with compensationTime 0ms
2023-08-25 22:58:16.323 [Eureka-EvictionTimer] INFO  c.n.e.r.AbstractInstanceRegistry - Running the evict task with compensationTime 0ms
2023-08-25 22:58:21.323 [Eureka-EvictionTimer] INFO  c.n.e.r.AbstractInstanceRegistry - Running the evict task with compensationTime 0ms
2023-08-25 22:58:26.323 [Eureka-EvictionTimer] INFO  c.n.e.r.AbstractInstanceRegistry - Running the evict task with compensationTime 0ms
2023-08-25 22:58:31.323 [Eureka-EvictionTimer] INFO  c.n.e.r.AbstractInstanceRegistry - Running the evict task with compensationTime 0ms
2023-08-25 22:58:36.323 [Eureka-EvictionTimer] INFO  c.n.e.r.AbstractInstanceRegistry - Running the evict task with compensationTime 0ms
2023-08-25 22:58:41.323 [Eureka-EvictionTimer] INFO  c.n.e.r.AbstractInstanceRegistry - Running the evict task with compensationTime 0ms
2023-08-25 22:58:46.323 [Eureka-EvictionTimer] INFO  c.n.e.r.AbstractInstanceRegistry - Running the evict task with compensationTime 0ms
2023-08-25 22:58:51.323 [Eureka-EvictionTimer] INFO  c.n.e.r.AbstractInstanceRegistry - Running the evict task with compensationTime 0ms
2023-08-25 22:58:56.323 [Eureka-EvictionTimer] INFO  c.n.e.r.AbstractInstanceRegistry - Running the evict task with compensationTime 0ms
2023-08-25 22:59:01.323 [Eureka-EvictionTimer] INFO  c.n.e.r.AbstractInstanceRegistry - Running the evict task with compensationTime 0ms
2023-08-25 22:59:06.323 [Eureka-EvictionTimer] INFO  c.n.e.r.AbstractInstanceRegistry - Running the evict task with compensationTime 0ms
2023-08-25 22:59:11.323 [Eureka-EvictionTimer] INFO  c.n.e.r.AbstractInstanceRegistry - Running the evict task with compensationTime 0ms
2023-08-25 22:59:16.323 [Eureka-EvictionTimer] INFO  c.n.e.r.AbstractInstanceRegistry - Running the evict task with compensationTime 0ms
2023-08-25 22:59:21.323 [Eureka-EvictionTimer] INFO  c.n.e.r.AbstractInstanceRegistry - Running the evict task with compensationTime 0ms
2023-08-25 22:59:26.323 [Eureka-EvictionTimer] INFO  c.n.e.r.AbstractInstanceRegistry - Running the evict task with compensationTime 0ms
2023-08-25 22:59:31.323 [Eureka-EvictionTimer] INFO  c.n.e.r.AbstractInstanceRegistry - Running the evict task with compensationTime 0ms
2023-08-25 22:59:36.323 [Eureka-EvictionTimer] INFO  c.n.e.r.AbstractInstanceRegistry - Running the evict task with compensationTime 0ms
2023-08-25 22:59:41.323 [Eureka-EvictionTimer] INFO  c.n.e.r.AbstractInstanceRegistry - Running the evict task with compensationTime 0ms
2023-08-25 22:59:46.323 [Eureka-EvictionTimer] INFO  c.n.e.r.AbstractInstanceRegistry - Running the evict task with compensationTime 0ms
2023-08-25 22:59:51.323 [Eureka-EvictionTimer] INFO  c.n.e.r.AbstractInstanceRegistry - Running the evict task with compensationTime 0ms
2023-08-25 22:59:56.323 [Eureka-EvictionTimer] INFO  c.n.e.r.AbstractInstanceRegistry - Running the evict task with compensationTime 0ms
2023-08-25 23:00:01.323 [Eureka-EvictionTimer] INFO  c.n.e.r.AbstractInstanceRegistry - Running the evict task with compensationTime 0ms
2023-08-25 23:00:06.323 [Eureka-EvictionTimer] INFO  c.n.e.r.AbstractInstanceRegistry - Running the evict task with compensationTime 0ms
2023-08-25 23:00:11.323 [Eureka-EvictionTimer] INFO  c.n.e.r.AbstractInstanceRegistry - Running the evict task with compensationTime 0ms
2023-08-25 23:00:16.323 [Eureka-EvictionTimer] INFO  c.n.e.r.AbstractInstanceRegistry - Running the evict task with compensationTime 0ms
2023-08-25 23:00:21.323 [Eureka-EvictionTimer] INFO  c.n.e.r.AbstractInstanceRegistry - Running the evict task with compensationTime 0ms
2023-08-25 23:00:26.323 [Eureka-EvictionTimer] INFO  c.n.e.r.AbstractInstanceRegistry - Running the evict task with compensationTime 0ms
2023-08-25 23:00:31.323 [Eureka-EvictionTimer] INFO  c.n.e.r.AbstractInstanceRegistry - Running the evict task with compensationTime 0ms
2023-08-25 23:00:36.323 [Eureka-EvictionTimer] INFO  c.n.e.r.AbstractInstanceRegistry - Running the evict task with compensationTime 0ms
2023-08-25 23:00:41.323 [Eureka-EvictionTimer] INFO  c.n.e.r.AbstractInstanceRegistry - Running the evict task with compensationTime 0ms
2023-08-25 23:00:46.323 [Eureka-EvictionTimer] INFO  c.n.e.r.AbstractInstanceRegistry - Running the evict task with compensationTime 0ms
2023-08-25 23:00:51.323 [Eureka-EvictionTimer] INFO  c.n.e.r.AbstractInstanceRegistry - Running the evict task with compensationTime 0ms
2023-08-25 23:00:56.323 [Eureka-EvictionTimer] INFO  c.n.e.r.AbstractInstanceRegistry - Running the evict task with compensationTime 0ms
2023-08-25 23:01:01.323 [Eureka-EvictionTimer] INFO  c.n.e.r.AbstractInstanceRegistry - Running the evict task with compensationTime 0ms
2023-08-25 23:01:06.323 [Eureka-EvictionTimer] INFO  c.n.e.r.AbstractInstanceRegistry - Running the evict task with compensationTime 0ms
2023-08-25 23:01:11.323 [Eureka-EvictionTimer] INFO  c.n.e.r.AbstractInstanceRegistry - Running the evict task with compensationTime 0ms
2023-08-25 23:01:16.323 [Eureka-EvictionTimer] INFO  c.n.e.r.AbstractInstanceRegistry - Running the evict task with compensationTime 0ms
2023-08-25 23:01:21.323 [Eureka-EvictionTimer] INFO  c.n.e.r.AbstractInstanceRegistry - Running the evict task with compensationTime 0ms
2023-08-25 23:01:26.323 [Eureka-EvictionTimer] INFO  c.n.e.r.AbstractInstanceRegistry - Running the evict task with compensationTime 0ms
2023-08-25 23:01:31.323 [Eureka-EvictionTimer] INFO  c.n.e.r.AbstractInstanceRegistry - Running the evict task with compensationTime 0ms
2023-08-25 23:01:36.323 [Eureka-EvictionTimer] INFO  c.n.e.r.AbstractInstanceRegistry - Running the evict task with compensationTime 0ms
2023-08-25 23:01:41.323 [Eureka-EvictionTimer] INFO  c.n.e.r.AbstractInstanceRegistry - Running the evict task with compensationTime 0ms
2023-08-25 23:01:46.323 [Eureka-EvictionTimer] INFO  c.n.e.r.AbstractInstanceRegistry - Running the evict task with compensationTime 0ms
2023-08-25 23:01:51.323 [Eureka-EvictionTimer] INFO  c.n.e.r.AbstractInstanceRegistry - Running the evict task with compensationTime 0ms
2023-08-25 23:01:56.323 [Eureka-EvictionTimer] INFO  c.n.e.r.AbstractInstanceRegistry - Running the evict task with compensationTime 0ms
2023-08-25 23:02:01.323 [Eureka-EvictionTimer] INFO  c.n.e.r.AbstractInstanceRegistry - Running the evict task with compensationTime 0ms
2023-08-25 23:02:06.323 [Eureka-EvictionTimer] INFO  c.n.e.r.AbstractInstanceRegistry - Running the evict task with compensationTime 0ms
2023-08-25 23:02:11.323 [Eureka-EvictionTimer] INFO  c.n.e.r.AbstractInstanceRegistry - Running the evict task with compensationTime 0ms
2023-08-25 23:02:16.323 [Eureka-EvictionTimer] INFO  c.n.e.r.AbstractInstanceRegistry - Running the evict task with compensationTime 0ms
2023-08-25 23:02:21.323 [Eureka-EvictionTimer] INFO  c.n.e.r.AbstractInstanceRegistry - Running the evict task with compensationTime 0ms
2023-08-25 23:02:26.323 [Eureka-EvictionTimer] INFO  c.n.e.r.AbstractInstanceRegistry - Running the evict task with compensationTime 0ms
2023-08-25 23:02:31.323 [Eureka-EvictionTimer] INFO  c.n.e.r.AbstractInstanceRegistry - Running the evict task with compensationTime 0ms
2023-08-25 23:02:36.323 [Eureka-EvictionTimer] INFO  c.n.e.r.AbstractInstanceRegistry - Running the evict task with compensationTime 0ms
2023-08-25 23:02:41.323 [Eureka-EvictionTimer] INFO  c.n.e.r.AbstractInstanceRegistry - Running the evict task with compensationTime 0ms
2023-08-25 23:02:46.323 [Eureka-EvictionTimer] INFO  c.n.e.r.AbstractInstanceRegistry - Running the evict task with compensationTime 0ms
2023-08-25 23:02:51.323 [Eureka-EvictionTimer] INFO  c.n.e.r.AbstractInstanceRegistry - Running the evict task with compensationTime 0ms
2023-08-25 23:02:56.323 [Eureka-EvictionTimer] INFO  c.n.e.r.AbstractInstanceRegistry - Running the evict task with compensationTime 0ms
2023-08-25 23:03:01.323 [Eureka-EvictionTimer] INFO  c.n.e.r.AbstractInstanceRegistry - Running the evict task with compensationTime 0ms
2023-08-25 23:03:06.323 [Eureka-EvictionTimer] INFO  c.n.e.r.AbstractInstanceRegistry - Running the evict task with compensationTime 0ms
2023-08-25 23:03:11.323 [Eureka-EvictionTimer] INFO  c.n.e.r.AbstractInstanceRegistry - Running the evict task with compensationTime 0ms
2023-08-25 23:03:16.323 [Eureka-EvictionTimer] INFO  c.n.e.r.AbstractInstanceRegistry - Running the evict task with compensationTime 0ms
2023-08-25 23:03:21.323 [Eureka-EvictionTimer] INFO  c.n.e.r.AbstractInstanceRegistry - Running the evict task with compensationTime 0ms
2023-08-25 23:03:26.323 [Eureka-EvictionTimer] INFO  c.n.e.r.AbstractInstanceRegistry - Running the evict task with compensationTime 0ms
2023-08-25 23:03:31.323 [Eureka-EvictionTimer] INFO  c.n.e.r.AbstractInstanceRegistry - Running the evict task with compensationTime 0ms
2023-08-25 23:03:36.323 [Eureka-EvictionTimer] INFO  c.n.e.r.AbstractInstanceRegistry - Running the evict task with compensationTime 0ms
2023-08-25 23:03:41.323 [Eureka-EvictionTimer] INFO  c.n.e.r.AbstractInstanceRegistry - Running the evict task with compensationTime 0ms
2023-08-25 23:03:46.323 [Eureka-EvictionTimer] INFO  c.n.e.r.AbstractInstanceRegistry - Running the evict task with compensationTime 0ms
2023-08-25 23:03:51.323 [Eureka-EvictionTimer] INFO  c.n.e.r.AbstractInstanceRegistry - Running the evict task with compensationTime 0ms
2023-08-25 23:03:56.323 [Eureka-EvictionTimer] INFO  c.n.e.r.AbstractInstanceRegistry - Running the evict task with compensationTime 0ms
2023-08-25 23:04:01.323 [Eureka-EvictionTimer] INFO  c.n.e.r.AbstractInstanceRegistry - Running the evict task with compensationTime 0ms
2023-08-25 23:04:06.323 [Eureka-EvictionTimer] INFO  c.n.e.r.AbstractInstanceRegistry - Running the evict task with compensationTime 0ms
2023-08-25 23:04:11.323 [Eureka-EvictionTimer] INFO  c.n.e.r.AbstractInstanceRegistry - Running the evict task with compensationTime 0ms
2023-08-25 23:04:16.323 [Eureka-EvictionTimer] INFO  c.n.e.r.AbstractInstanceRegistry - Running the evict task with compensationTime 0ms
2023-08-25 23:04:21.323 [Eureka-EvictionTimer] INFO  c.n.e.r.AbstractInstanceRegistry - Running the evict task with compensationTime 0ms
2023-08-25 23:04:26.323 [Eureka-EvictionTimer] INFO  c.n.e.r.AbstractInstanceRegistry - Running the evict task with compensationTime 0ms
2023-08-25 23:04:31.323 [Eureka-EvictionTimer] INFO  c.n.e.r.AbstractInstanceRegistry - Running the evict task with compensationTime 0ms
2023-08-25 23:04:36.323 [Eureka-EvictionTimer] INFO  c.n.e.r.AbstractInstanceRegistry - Running the evict task with compensationTime 0ms
2023-08-25 23:04:41.323 [Eureka-EvictionTimer] INFO  c.n.e.r.AbstractInstanceRegistry - Running the evict task with compensationTime 0ms
2023-08-25 23:04:46.323 [Eureka-EvictionTimer] INFO  c.n.e.r.AbstractInstanceRegistry - Running the evict task with compensationTime 0ms
2023-08-25 23:04:51.323 [Eureka-EvictionTimer] INFO  c.n.e.r.AbstractInstanceRegistry - Running the evict task with compensationTime 0ms
2023-08-25 23:04:56.323 [Eureka-EvictionTimer] INFO  c.n.e.r.AbstractInstanceRegistry - Running the evict task with compensationTime 0ms
2023-08-25 23:05:00.853 [ReplicaAwareInstanceRegistry - RenewalThresholdUpdater] INFO  c.n.e.r.PeerAwareInstanceRegistryImpl - Current renewal threshold is : 0
2023-08-25 23:05:01.323 [Eureka-EvictionTimer] INFO  c.n.e.r.AbstractInstanceRegistry - Running the evict task with compensationTime 0ms
2023-08-25 23:05:06.323 [Eureka-EvictionTimer] INFO  c.n.e.r.AbstractInstanceRegistry - Running the evict task with compensationTime 0ms
2023-08-25 23:05:11.323 [Eureka-EvictionTimer] INFO  c.n.e.r.AbstractInstanceRegistry - Running the evict task with compensationTime 0ms
2023-08-25 23:05:16.323 [Eureka-EvictionTimer] INFO  c.n.e.r.AbstractInstanceRegistry - Running the evict task with compensationTime 0ms
2023-08-25 23:05:21.323 [Eureka-EvictionTimer] INFO  c.n.e.r.AbstractInstanceRegistry - Running the evict task with compensationTime 0ms
2023-08-25 23:05:26.323 [Eureka-EvictionTimer] INFO  c.n.e.r.AbstractInstanceRegistry - Running the evict task with compensationTime 0ms
2023-08-25 23:05:31.323 [Eureka-EvictionTimer] INFO  c.n.e.r.AbstractInstanceRegistry - Running the evict task with compensationTime 0ms
2023-08-25 23:05:36.323 [Eureka-EvictionTimer] INFO  c.n.e.r.AbstractInstanceRegistry - Running the evict task with compensationTime 0ms
2023-08-25 23:05:41.323 [Eureka-EvictionTimer] INFO  c.n.e.r.AbstractInstanceRegistry - Running the evict task with compensationTime 0ms
2023-08-25 23:05:46.323 [Eureka-EvictionTimer] INFO  c.n.e.r.AbstractInstanceRegistry - Running the evict task with compensationTime 0ms
2023-08-25 23:05:51.323 [Eureka-EvictionTimer] INFO  c.n.e.r.AbstractInstanceRegistry - Running the evict task with compensationTime 0ms
2023-08-25 23:05:56.323 [Eureka-EvictionTimer] INFO  c.n.e.r.AbstractInstanceRegistry - Running the evict task with compensationTime 0ms
2023-08-25 23:06:01.323 [Eureka-EvictionTimer] INFO  c.n.e.r.AbstractInstanceRegistry - Running the evict task with compensationTime 0ms
2023-08-25 23:06:06.323 [Eureka-EvictionTimer] INFO  c.n.e.r.AbstractInstanceRegistry - Running the evict task with compensationTime 0ms
2023-08-25 23:06:11.323 [Eureka-EvictionTimer] INFO  c.n.e.r.AbstractInstanceRegistry - Running the evict task with compensationTime 0ms
2023-08-25 23:06:16.323 [Eureka-EvictionTimer] INFO  c.n.e.r.AbstractInstanceRegistry - Running the evict task with compensationTime 0ms
2023-08-25 23:06:21.323 [Eureka-EvictionTimer] INFO  c.n.e.r.AbstractInstanceRegistry - Running the evict task with compensationTime 0ms
2023-08-25 23:06:26.323 [Eureka-EvictionTimer] INFO  c.n.e.r.AbstractInstanceRegistry - Running the evict task with compensationTime 0ms
2023-08-25 23:06:31.323 [Eureka-EvictionTimer] INFO  c.n.e.r.AbstractInstanceRegistry - Running the evict task with compensationTime 0ms
2023-08-25 23:06:36.323 [Eureka-EvictionTimer] INFO  c.n.e.r.AbstractInstanceRegistry - Running the evict task with compensationTime 0ms
2023-08-25 23:06:41.323 [Eureka-EvictionTimer] INFO  c.n.e.r.AbstractInstanceRegistry - Running the evict task with compensationTime 0ms
2023-08-25 23:06:46.323 [Eureka-EvictionTimer] INFO  c.n.e.r.AbstractInstanceRegistry - Running the evict task with compensationTime 0ms
2023-08-25 23:06:51.323 [Eureka-EvictionTimer] INFO  c.n.e.r.AbstractInstanceRegistry - Running the evict task with compensationTime 0ms
2023-08-25 23:06:56.323 [Eureka-EvictionTimer] INFO  c.n.e.r.AbstractInstanceRegistry - Running the evict task with compensationTime 0ms
2023-08-25 23:07:01.323 [Eureka-EvictionTimer] INFO  c.n.e.r.AbstractInstanceRegistry - Running the evict task with compensationTime 0ms
2023-08-25 23:07:06.323 [Eureka-EvictionTimer] INFO  c.n.e.r.AbstractInstanceRegistry - Running the evict task with compensationTime 0ms
2023-08-25 23:07:11.323 [Eureka-EvictionTimer] INFO  c.n.e.r.AbstractInstanceRegistry - Running the evict task with compensationTime 0ms
2023-08-25 23:07:16.323 [Eureka-EvictionTimer] INFO  c.n.e.r.AbstractInstanceRegistry - Running the evict task with compensationTime 0ms
2023-08-25 23:07:21.323 [Eureka-EvictionTimer] INFO  c.n.e.r.AbstractInstanceRegistry - Running the evict task with compensationTime 0ms
2023-08-25 23:07:26.323 [Eureka-EvictionTimer] INFO  c.n.e.r.AbstractInstanceRegistry - Running the evict task with compensationTime 0ms
2023-08-25 23:07:31.323 [Eureka-EvictionTimer] INFO  c.n.e.r.AbstractInstanceRegistry - Running the evict task with compensationTime 0ms
2023-08-25 23:07:36.323 [Eureka-EvictionTimer] INFO  c.n.e.r.AbstractInstanceRegistry - Running the evict task with compensationTime 0ms
2023-08-25 23:07:41.323 [Eureka-EvictionTimer] INFO  c.n.e.r.AbstractInstanceRegistry - Running the evict task with compensationTime 0ms
2023-08-25 23:07:46.323 [Eureka-EvictionTimer] INFO  c.n.e.r.AbstractInstanceRegistry - Running the evict task with compensationTime 0ms
2023-08-25 23:07:51.323 [Eureka-EvictionTimer] INFO  c.n.e.r.AbstractInstanceRegistry - Running the evict task with compensationTime 0ms
2023-08-25 23:07:56.323 [Eureka-EvictionTimer] INFO  c.n.e.r.AbstractInstanceRegistry - Running the evict task with compensationTime 0ms
2023-08-25 23:08:01.323 [Eureka-EvictionTimer] INFO  c.n.e.r.AbstractInstanceRegistry - Running the evict task with compensationTime 0ms
2023-08-25 23:08:06.323 [Eureka-EvictionTimer] INFO  c.n.e.r.AbstractInstanceRegistry - Running the evict task with compensationTime 0ms
2023-08-25 23:08:11.323 [Eureka-EvictionTimer] INFO  c.n.e.r.AbstractInstanceRegistry - Running the evict task with compensationTime 0ms
2023-08-25 23:08:16.323 [Eureka-EvictionTimer] INFO  c.n.e.r.AbstractInstanceRegistry - Running the evict task with compensationTime 0ms
2023-08-25 23:08:21.323 [Eureka-EvictionTimer] INFO  c.n.e.r.AbstractInstanceRegistry - Running the evict task with compensationTime 0ms
2023-08-25 23:08:26.323 [Eureka-EvictionTimer] INFO  c.n.e.r.AbstractInstanceRegistry - Running the evict task with compensationTime 0ms
2023-08-25 23:08:31.323 [Eureka-EvictionTimer] INFO  c.n.e.r.AbstractInstanceRegistry - Running the evict task with compensationTime 0ms
2023-08-25 23:08:36.323 [Eureka-EvictionTimer] INFO  c.n.e.r.AbstractInstanceRegistry - Running the evict task with compensationTime 0ms
2023-08-25 23:08:41.323 [Eureka-EvictionTimer] INFO  c.n.e.r.AbstractInstanceRegistry - Running the evict task with compensationTime 0ms
2023-08-25 23:08:46.323 [Eureka-EvictionTimer] INFO  c.n.e.r.AbstractInstanceRegistry - Running the evict task with compensationTime 0ms
2023-08-25 23:08:51.323 [Eureka-EvictionTimer] INFO  c.n.e.r.AbstractInstanceRegistry - Running the evict task with compensationTime 0ms
2023-08-25 23:08:56.323 [Eureka-EvictionTimer] INFO  c.n.e.r.AbstractInstanceRegistry - Running the evict task with compensationTime 0ms
2023-08-25 23:09:01.323 [Eureka-EvictionTimer] INFO  c.n.e.r.AbstractInstanceRegistry - Running the evict task with compensationTime 0ms
2023-08-25 23:09:06.323 [Eureka-EvictionTimer] INFO  c.n.e.r.AbstractInstanceRegistry - Running the evict task with compensationTime 0ms
2023-08-25 23:09:11.323 [Eureka-EvictionTimer] INFO  c.n.e.r.AbstractInstanceRegistry - Running the evict task with compensationTime 0ms
2023-08-25 23:09:16.323 [Eureka-EvictionTimer] INFO  c.n.e.r.AbstractInstanceRegistry - Running the evict task with compensationTime 0ms
2023-08-25 23:09:21.323 [Eureka-EvictionTimer] INFO  c.n.e.r.AbstractInstanceRegistry - Running the evict task with compensationTime 0ms
2023-08-25 23:09:26.323 [Eureka-EvictionTimer] INFO  c.n.e.r.AbstractInstanceRegistry - Running the evict task with compensationTime 0ms
2023-08-25 23:09:31.323 [Eureka-EvictionTimer] INFO  c.n.e.r.AbstractInstanceRegistry - Running the evict task with compensationTime 0ms
2023-08-25 23:09:36.323 [Eureka-EvictionTimer] INFO  c.n.e.r.AbstractInstanceRegistry - Running the evict task with compensationTime 0ms
2023-08-25 23:09:41.323 [Eureka-EvictionTimer] INFO  c.n.e.r.AbstractInstanceRegistry - Running the evict task with compensationTime 0ms
2023-08-25 23:09:46.323 [Eureka-EvictionTimer] INFO  c.n.e.r.AbstractInstanceRegistry - Running the evict task with compensationTime 0ms
2023-08-25 23:09:51.323 [Eureka-EvictionTimer] INFO  c.n.e.r.AbstractInstanceRegistry - Running the evict task with compensationTime 0ms
2023-08-25 23:09:56.323 [Eureka-EvictionTimer] INFO  c.n.e.r.AbstractInstanceRegistry - Running the evict task with compensationTime 0ms
2023-08-25 23:10:01.323 [Eureka-EvictionTimer] INFO  c.n.e.r.AbstractInstanceRegistry - Running the evict task with compensationTime 0ms
2023-08-25 23:10:06.323 [Eureka-EvictionTimer] INFO  c.n.e.r.AbstractInstanceRegistry - Running the evict task with compensationTime 0ms
2023-08-25 23:10:11.323 [Eureka-EvictionTimer] INFO  c.n.e.r.AbstractInstanceRegistry - Running the evict task with compensationTime 0ms
2023-08-25 23:10:16.323 [Eureka-EvictionTimer] INFO  c.n.e.r.AbstractInstanceRegistry - Running the evict task with compensationTime 0ms
2023-08-25 23:10:21.323 [Eureka-EvictionTimer] INFO  c.n.e.r.AbstractInstanceRegistry - Running the evict task with compensationTime 0ms
2023-08-25 23:10:26.323 [Eureka-EvictionTimer] INFO  c.n.e.r.AbstractInstanceRegistry - Running the evict task with compensationTime 0ms
2023-08-25 23:10:31.323 [Eureka-EvictionTimer] INFO  c.n.e.r.AbstractInstanceRegistry - Running the evict task with compensationTime 0ms
2023-08-25 23:10:36.323 [Eureka-EvictionTimer] INFO  c.n.e.r.AbstractInstanceRegistry - Running the evict task with compensationTime 0ms
2023-08-25 23:10:41.323 [Eureka-EvictionTimer] INFO  c.n.e.r.AbstractInstanceRegistry - Running the evict task with compensationTime 0ms
2023-08-25 23:10:46.323 [Eureka-EvictionTimer] INFO  c.n.e.r.AbstractInstanceRegistry - Running the evict task with compensationTime 0ms
2023-08-25 23:10:51.323 [Eureka-EvictionTimer] INFO  c.n.e.r.AbstractInstanceRegistry - Running the evict task with compensationTime 0ms
2023-08-25 23:10:56.323 [Eureka-EvictionTimer] INFO  c.n.e.r.AbstractInstanceRegistry - Running the evict task with compensationTime 0ms
2023-08-25 23:11:01.323 [Eureka-EvictionTimer] INFO  c.n.e.r.AbstractInstanceRegistry - Running the evict task with compensationTime 0ms
2023-08-25 23:11:06.323 [Eureka-EvictionTimer] INFO  c.n.e.r.AbstractInstanceRegistry - Running the evict task with compensationTime 0ms
2023-08-25 23:11:11.323 [Eureka-EvictionTimer] INFO  c.n.e.r.AbstractInstanceRegistry - Running the evict task with compensationTime 0ms
2023-08-25 23:11:16.323 [Eureka-EvictionTimer] INFO  c.n.e.r.AbstractInstanceRegistry - Running the evict task with compensationTime 0ms
2023-08-25 23:11:21.323 [Eureka-EvictionTimer] INFO  c.n.e.r.AbstractInstanceRegistry - Running the evict task with compensationTime 0ms
2023-08-25 23:11:26.323 [Eureka-EvictionTimer] INFO  c.n.e.r.AbstractInstanceRegistry - Running the evict task with compensationTime 0ms
2023-08-25 23:11:31.323 [Eureka-EvictionTimer] INFO  c.n.e.r.AbstractInstanceRegistry - Running the evict task with compensationTime 0ms
2023-08-25 23:11:36.323 [Eureka-EvictionTimer] INFO  c.n.e.r.AbstractInstanceRegistry - Running the evict task with compensationTime 0ms
2023-08-25 23:11:41.323 [Eureka-EvictionTimer] INFO  c.n.e.r.AbstractInstanceRegistry - Running the evict task with compensationTime 0ms
2023-08-25 23:11:46.323 [Eureka-EvictionTimer] INFO  c.n.e.r.AbstractInstanceRegistry - Running the evict task with compensationTime 0ms
2023-08-25 23:11:51.323 [Eureka-EvictionTimer] INFO  c.n.e.r.AbstractInstanceRegistry - Running the evict task with compensationTime 0ms
2023-08-25 23:11:56.323 [Eureka-EvictionTimer] INFO  c.n.e.r.AbstractInstanceRegistry - Running the evict task with compensationTime 0ms
2023-08-25 23:12:01.323 [Eureka-EvictionTimer] INFO  c.n.e.r.AbstractInstanceRegistry - Running the evict task with compensationTime 0ms
2023-08-25 23:12:06.323 [Eureka-EvictionTimer] INFO  c.n.e.r.AbstractInstanceRegistry - Running the evict task with compensationTime 0ms
2023-08-25 23:12:11.323 [Eureka-EvictionTimer] INFO  c.n.e.r.AbstractInstanceRegistry - Running the evict task with compensationTime 0ms
2023-08-25 23:12:16.323 [Eureka-EvictionTimer] INFO  c.n.e.r.AbstractInstanceRegistry - Running the evict task with compensationTime 0ms
2023-08-25 23:12:21.323 [Eureka-EvictionTimer] INFO  c.n.e.r.AbstractInstanceRegistry - Running the evict task with compensationTime 0ms
2023-08-25 23:12:26.323 [Eureka-EvictionTimer] INFO  c.n.e.r.AbstractInstanceRegistry - Running the evict task with compensationTime 0ms
2023-08-25 23:12:31.323 [Eureka-EvictionTimer] INFO  c.n.e.r.AbstractInstanceRegistry - Running the evict task with compensationTime 0ms
2023-08-25 23:12:36.323 [Eureka-EvictionTimer] INFO  c.n.e.r.AbstractInstanceRegistry - Running the evict task with compensationTime 0ms
2023-08-25 23:12:41.323 [Eureka-EvictionTimer] INFO  c.n.e.r.AbstractInstanceRegistry - Running the evict task with compensationTime 0ms
2023-08-25 23:12:46.323 [Eureka-EvictionTimer] INFO  c.n.e.r.AbstractInstanceRegistry - Running the evict task with compensationTime 0ms
2023-08-25 23:12:51.323 [Eureka-EvictionTimer] INFO  c.n.e.r.AbstractInstanceRegistry - Running the evict task with compensationTime 0ms
2023-08-25 23:12:56.323 [Eureka-EvictionTimer] INFO  c.n.e.r.AbstractInstanceRegistry - Running the evict task with compensationTime 0ms
2023-08-25 23:13:01.323 [Eureka-EvictionTimer] INFO  c.n.e.r.AbstractInstanceRegistry - Running the evict task with compensationTime 0ms
2023-08-25 23:13:06.323 [Eureka-EvictionTimer] INFO  c.n.e.r.AbstractInstanceRegistry - Running the evict task with compensationTime 0ms
2023-08-25 23:13:11.323 [Eureka-EvictionTimer] INFO  c.n.e.r.AbstractInstanceRegistry - Running the evict task with compensationTime 0ms
2023-08-25 23:13:16.323 [Eureka-EvictionTimer] INFO  c.n.e.r.AbstractInstanceRegistry - Running the evict task with compensationTime 0ms
2023-08-25 23:13:21.323 [Eureka-EvictionTimer] INFO  c.n.e.r.AbstractInstanceRegistry - Running the evict task with compensationTime 0ms
2023-08-25 23:13:26.323 [Eureka-EvictionTimer] INFO  c.n.e.r.AbstractInstanceRegistry - Running the evict task with compensationTime 0ms
2023-08-25 23:13:31.323 [Eureka-EvictionTimer] INFO  c.n.e.r.AbstractInstanceRegistry - Running the evict task with compensationTime 0ms
2023-08-25 23:13:36.323 [Eureka-EvictionTimer] INFO  c.n.e.r.AbstractInstanceRegistry - Running the evict task with compensationTime 0ms
2023-08-25 23:13:41.323 [Eureka-EvictionTimer] INFO  c.n.e.r.AbstractInstanceRegistry - Running the evict task with compensationTime 0ms
2023-08-25 23:13:46.323 [Eureka-EvictionTimer] INFO  c.n.e.r.AbstractInstanceRegistry - Running the evict task with compensationTime 0ms
2023-08-25 23:13:51.323 [Eureka-EvictionTimer] INFO  c.n.e.r.AbstractInstanceRegistry - Running the evict task with compensationTime 0ms
2023-08-25 23:13:56.323 [Eureka-EvictionTimer] INFO  c.n.e.r.AbstractInstanceRegistry - Running the evict task with compensationTime 0ms
2023-08-25 23:14:01.323 [Eureka-EvictionTimer] INFO  c.n.e.r.AbstractInstanceRegistry - Running the evict task with compensationTime 0ms
2023-08-25 23:14:06.323 [Eureka-EvictionTimer] INFO  c.n.e.r.AbstractInstanceRegistry - Running the evict task with compensationTime 0ms
2023-08-25 23:14:11.323 [Eureka-EvictionTimer] INFO  c.n.e.r.AbstractInstanceRegistry - Running the evict task with compensationTime 0ms
2023-08-25 23:14:16.323 [Eureka-EvictionTimer] INFO  c.n.e.r.AbstractInstanceRegistry - Running the evict task with compensationTime 0ms
2023-08-25 23:14:21.323 [Eureka-EvictionTimer] INFO  c.n.e.r.AbstractInstanceRegistry - Running the evict task with compensationTime 0ms
2023-08-25 23:14:26.323 [Eureka-EvictionTimer] INFO  c.n.e.r.AbstractInstanceRegistry - Running the evict task with compensationTime 0ms
2023-08-25 23:14:31.323 [Eureka-EvictionTimer] INFO  c.n.e.r.AbstractInstanceRegistry - Running the evict task with compensationTime 0ms
2023-08-25 23:14:36.323 [Eureka-EvictionTimer] INFO  c.n.e.r.AbstractInstanceRegistry - Running the evict task with compensationTime 0ms
2023-08-25 23:14:41.323 [Eureka-EvictionTimer] INFO  c.n.e.r.AbstractInstanceRegistry - Running the evict task with compensationTime 0ms
2023-08-25 23:14:46.323 [Eureka-EvictionTimer] INFO  c.n.e.r.AbstractInstanceRegistry - Running the evict task with compensationTime 0ms
2023-08-25 23:14:51.323 [Eureka-EvictionTimer] INFO  c.n.e.r.AbstractInstanceRegistry - Running the evict task with compensationTime 0ms
2023-08-25 23:14:56.323 [Eureka-EvictionTimer] INFO  c.n.e.r.AbstractInstanceRegistry - Running the evict task with compensationTime 0ms
2023-08-25 23:15:01.323 [Eureka-EvictionTimer] INFO  c.n.e.r.AbstractInstanceRegistry - Running the evict task with compensationTime 0ms
2023-08-25 23:15:06.323 [Eureka-EvictionTimer] INFO  c.n.e.r.AbstractInstanceRegistry - Running the evict task with compensationTime 0ms
2023-08-25 23:15:11.323 [Eureka-EvictionTimer] INFO  c.n.e.r.AbstractInstanceRegistry - Running the evict task with compensationTime 0ms
2023-08-25 23:15:16.323 [Eureka-EvictionTimer] INFO  c.n.e.r.AbstractInstanceRegistry - Running the evict task with compensationTime 0ms
2023-08-25 23:15:21.323 [Eureka-EvictionTimer] INFO  c.n.e.r.AbstractInstanceRegistry - Running the evict task with compensationTime 0ms
2023-08-25 23:15:26.323 [Eureka-EvictionTimer] INFO  c.n.e.r.AbstractInstanceRegistry - Running the evict task with compensationTime 0ms
2023-08-25 23:15:31.323 [Eureka-EvictionTimer] INFO  c.n.e.r.AbstractInstanceRegistry - Running the evict task with compensationTime 0ms
2023-08-25 23:15:36.323 [Eureka-EvictionTimer] INFO  c.n.e.r.AbstractInstanceRegistry - Running the evict task with compensationTime 0ms
2023-08-25 23:15:41.323 [Eureka-EvictionTimer] INFO  c.n.e.r.AbstractInstanceRegistry - Running the evict task with compensationTime 0ms
2023-08-25 23:15:46.323 [Eureka-EvictionTimer] INFO  c.n.e.r.AbstractInstanceRegistry - Running the evict task with compensationTime 0ms
2023-08-25 23:15:51.323 [Eureka-EvictionTimer] INFO  c.n.e.r.AbstractInstanceRegistry - Running the evict task with compensationTime 0ms
2023-08-25 23:15:56.323 [Eureka-EvictionTimer] INFO  c.n.e.r.AbstractInstanceRegistry - Running the evict task with compensationTime 0ms
2023-08-25 23:16:01.323 [Eureka-EvictionTimer] INFO  c.n.e.r.AbstractInstanceRegistry - Running the evict task with compensationTime 0ms
2023-08-25 23:16:06.323 [Eureka-EvictionTimer] INFO  c.n.e.r.AbstractInstanceRegistry - Running the evict task with compensationTime 0ms
2023-08-25 23:16:11.323 [Eureka-EvictionTimer] INFO  c.n.e.r.AbstractInstanceRegistry - Running the evict task with compensationTime 0ms
2023-08-25 23:16:16.323 [Eureka-EvictionTimer] INFO  c.n.e.r.AbstractInstanceRegistry - Running the evict task with compensationTime 0ms
2023-08-25 23:16:21.323 [Eureka-EvictionTimer] INFO  c.n.e.r.AbstractInstanceRegistry - Running the evict task with compensationTime 0ms
2023-08-25 23:16:26.323 [Eureka-EvictionTimer] INFO  c.n.e.r.AbstractInstanceRegistry - Running the evict task with compensationTime 0ms
2023-08-25 23:16:31.323 [Eureka-EvictionTimer] INFO  c.n.e.r.AbstractInstanceRegistry - Running the evict task with compensationTime 0ms
2023-08-25 23:16:36.323 [Eureka-EvictionTimer] INFO  c.n.e.r.AbstractInstanceRegistry - Running the evict task with compensationTime 0ms
2023-08-25 23:16:41.323 [Eureka-EvictionTimer] INFO  c.n.e.r.AbstractInstanceRegistry - Running the evict task with compensationTime 0ms
2023-08-25 23:16:46.323 [Eureka-EvictionTimer] INFO  c.n.e.r.AbstractInstanceRegistry - Running the evict task with compensationTime 0ms
2023-08-25 23:16:51.323 [Eureka-EvictionTimer] INFO  c.n.e.r.AbstractInstanceRegistry - Running the evict task with compensationTime 0ms
2023-08-25 23:16:56.323 [Eureka-EvictionTimer] INFO  c.n.e.r.AbstractInstanceRegistry - Running the evict task with compensationTime 0ms
2023-08-25 23:17:01.323 [Eureka-EvictionTimer] INFO  c.n.e.r.AbstractInstanceRegistry - Running the evict task with compensationTime 0ms
2023-08-25 23:17:06.323 [Eureka-EvictionTimer] INFO  c.n.e.r.AbstractInstanceRegistry - Running the evict task with compensationTime 0ms
2023-08-25 23:17:11.323 [Eureka-EvictionTimer] INFO  c.n.e.r.AbstractInstanceRegistry - Running the evict task with compensationTime 0ms
2023-08-25 23:17:16.323 [Eureka-EvictionTimer] INFO  c.n.e.r.AbstractInstanceRegistry - Running the evict task with compensationTime 0ms
2023-08-25 23:17:21.323 [Eureka-EvictionTimer] INFO  c.n.e.r.AbstractInstanceRegistry - Running the evict task with compensationTime 0ms
2023-08-25 23:17:26.323 [Eureka-EvictionTimer] INFO  c.n.e.r.AbstractInstanceRegistry - Running the evict task with compensationTime 0ms
2023-08-25 23:17:31.323 [Eureka-EvictionTimer] INFO  c.n.e.r.AbstractInstanceRegistry - Running the evict task with compensationTime 0ms
2023-08-25 23:17:36.323 [Eureka-EvictionTimer] INFO  c.n.e.r.AbstractInstanceRegistry - Running the evict task with compensationTime 0ms
2023-08-25 23:17:41.323 [Eureka-EvictionTimer] INFO  c.n.e.r.AbstractInstanceRegistry - Running the evict task with compensationTime 0ms
2023-08-25 23:17:46.323 [Eureka-EvictionTimer] INFO  c.n.e.r.AbstractInstanceRegistry - Running the evict task with compensationTime 0ms
2023-08-25 23:17:51.323 [Eureka-EvictionTimer] INFO  c.n.e.r.AbstractInstanceRegistry - Running the evict task with compensationTime 0ms
2023-08-25 23:17:56.323 [Eureka-EvictionTimer] INFO  c.n.e.r.AbstractInstanceRegistry - Running the evict task with compensationTime 0ms
2023-08-25 23:18:01.323 [Eureka-EvictionTimer] INFO  c.n.e.r.AbstractInstanceRegistry - Running the evict task with compensationTime 0ms
2023-08-25 23:18:06.323 [Eureka-EvictionTimer] INFO  c.n.e.r.AbstractInstanceRegistry - Running the evict task with compensationTime 0ms
2023-08-25 23:18:11.323 [Eureka-EvictionTimer] INFO  c.n.e.r.AbstractInstanceRegistry - Running the evict task with compensationTime 0ms
2023-08-25 23:18:16.323 [Eureka-EvictionTimer] INFO  c.n.e.r.AbstractInstanceRegistry - Running the evict task with compensationTime 0ms
2023-08-25 23:18:21.323 [Eureka-EvictionTimer] INFO  c.n.e.r.AbstractInstanceRegistry - Running the evict task with compensationTime 0ms
2023-08-25 23:18:26.323 [Eureka-EvictionTimer] INFO  c.n.e.r.AbstractInstanceRegistry - Running the evict task with compensationTime 0ms
2023-08-25 23:18:31.323 [Eureka-EvictionTimer] INFO  c.n.e.r.AbstractInstanceRegistry - Running the evict task with compensationTime 0ms
2023-08-25 23:18:36.323 [Eureka-EvictionTimer] INFO  c.n.e.r.AbstractInstanceRegistry - Running the evict task with compensationTime 0ms
2023-08-25 23:18:41.323 [Eureka-EvictionTimer] INFO  c.n.e.r.AbstractInstanceRegistry - Running the evict task with compensationTime 0ms
2023-08-25 23:18:46.323 [Eureka-EvictionTimer] INFO  c.n.e.r.AbstractInstanceRegistry - Running the evict task with compensationTime 0ms
2023-08-25 23:18:51.323 [Eureka-EvictionTimer] INFO  c.n.e.r.AbstractInstanceRegistry - Running the evict task with compensationTime 0ms
2023-08-25 23:18:56.323 [Eureka-EvictionTimer] INFO  c.n.e.r.AbstractInstanceRegistry - Running the evict task with compensationTime 0ms
2023-08-25 23:19:01.323 [Eureka-EvictionTimer] INFO  c.n.e.r.AbstractInstanceRegistry - Running the evict task with compensationTime 0ms
2023-08-25 23:19:06.323 [Eureka-EvictionTimer] INFO  c.n.e.r.AbstractInstanceRegistry - Running the evict task with compensationTime 0ms
2023-08-25 23:19:11.323 [Eureka-EvictionTimer] INFO  c.n.e.r.AbstractInstanceRegistry - Running the evict task with compensationTime 0ms
2023-08-25 23:19:16.323 [Eureka-EvictionTimer] INFO  c.n.e.r.AbstractInstanceRegistry - Running the evict task with compensationTime 0ms
2023-08-25 23:19:21.323 [Eureka-EvictionTimer] INFO  c.n.e.r.AbstractInstanceRegistry - Running the evict task with compensationTime 0ms
2023-08-25 23:19:26.323 [Eureka-EvictionTimer] INFO  c.n.e.r.AbstractInstanceRegistry - Running the evict task with compensationTime 0ms
2023-08-25 23:19:31.323 [Eureka-EvictionTimer] INFO  c.n.e.r.AbstractInstanceRegistry - Running the evict task with compensationTime 0ms
2023-08-25 23:19:36.323 [Eureka-EvictionTimer] INFO  c.n.e.r.AbstractInstanceRegistry - Running the evict task with compensationTime 0ms
2023-08-25 23:19:41.323 [Eureka-EvictionTimer] INFO  c.n.e.r.AbstractInstanceRegistry - Running the evict task with compensationTime 0ms
2023-08-25 23:19:46.323 [Eureka-EvictionTimer] INFO  c.n.e.r.AbstractInstanceRegistry - Running the evict task with compensationTime 0ms
2023-08-25 23:19:51.323 [Eureka-EvictionTimer] INFO  c.n.e.r.AbstractInstanceRegistry - Running the evict task with compensationTime 0ms
2023-08-25 23:19:56.323 [Eureka-EvictionTimer] INFO  c.n.e.r.AbstractInstanceRegistry - Running the evict task with compensationTime 0ms
2023-08-25 23:20:00.853 [ReplicaAwareInstanceRegistry - RenewalThresholdUpdater] INFO  c.n.e.r.PeerAwareInstanceRegistryImpl - Current renewal threshold is : 0
2023-08-25 23:20:01.323 [Eureka-EvictionTimer] INFO  c.n.e.r.AbstractInstanceRegistry - Running the evict task with compensationTime 0ms
2023-08-25 23:20:06.323 [Eureka-EvictionTimer] INFO  c.n.e.r.AbstractInstanceRegistry - Running the evict task with compensationTime 0ms
2023-08-25 23:20:11.323 [Eureka-EvictionTimer] INFO  c.n.e.r.AbstractInstanceRegistry - Running the evict task with compensationTime 0ms
2023-08-25 23:20:16.323 [Eureka-EvictionTimer] INFO  c.n.e.r.AbstractInstanceRegistry - Running the evict task with compensationTime 0ms
2023-08-25 23:20:21.323 [Eureka-EvictionTimer] INFO  c.n.e.r.AbstractInstanceRegistry - Running the evict task with compensationTime 0ms
2023-08-25 23:20:26.323 [Eureka-EvictionTimer] INFO  c.n.e.r.AbstractInstanceRegistry - Running the evict task with compensationTime 0ms
2023-08-25 23:20:31.323 [Eureka-EvictionTimer] INFO  c.n.e.r.AbstractInstanceRegistry - Running the evict task with compensationTime 0ms
2023-08-25 23:20:36.323 [Eureka-EvictionTimer] INFO  c.n.e.r.AbstractInstanceRegistry - Running the evict task with compensationTime 0ms
2023-08-25 23:20:41.323 [Eureka-EvictionTimer] INFO  c.n.e.r.AbstractInstanceRegistry - Running the evict task with compensationTime 0ms
2023-08-25 23:20:46.323 [Eureka-EvictionTimer] INFO  c.n.e.r.AbstractInstanceRegistry - Running the evict task with compensationTime 0ms
2023-08-25 23:20:51.323 [Eureka-EvictionTimer] INFO  c.n.e.r.AbstractInstanceRegistry - Running the evict task with compensationTime 0ms
2023-08-25 23:20:56.323 [Eureka-EvictionTimer] INFO  c.n.e.r.AbstractInstanceRegistry - Running the evict task with compensationTime 0ms
2023-08-25 23:21:01.323 [Eureka-EvictionTimer] INFO  c.n.e.r.AbstractInstanceRegistry - Running the evict task with compensationTime 0ms
2023-08-25 23:21:06.323 [Eureka-EvictionTimer] INFO  c.n.e.r.AbstractInstanceRegistry - Running the evict task with compensationTime 0ms
2023-08-25 23:21:11.323 [Eureka-EvictionTimer] INFO  c.n.e.r.AbstractInstanceRegistry - Running the evict task with compensationTime 0ms
2023-08-25 23:21:16.323 [Eureka-EvictionTimer] INFO  c.n.e.r.AbstractInstanceRegistry - Running the evict task with compensationTime 0ms
2023-08-25 23:21:21.323 [Eureka-EvictionTimer] INFO  c.n.e.r.AbstractInstanceRegistry - Running the evict task with compensationTime 0ms
2023-08-25 23:21:26.323 [Eureka-EvictionTimer] INFO  c.n.e.r.AbstractInstanceRegistry - Running the evict task with compensationTime 0ms
2023-08-25 23:21:31.323 [Eureka-EvictionTimer] INFO  c.n.e.r.AbstractInstanceRegistry - Running the evict task with compensationTime 0ms
2023-08-25 23:21:36.323 [Eureka-EvictionTimer] INFO  c.n.e.r.AbstractInstanceRegistry - Running the evict task with compensationTime 0ms
2023-08-25 23:21:41.323 [Eureka-EvictionTimer] INFO  c.n.e.r.AbstractInstanceRegistry - Running the evict task with compensationTime 0ms
2023-08-25 23:21:46.323 [Eureka-EvictionTimer] INFO  c.n.e.r.AbstractInstanceRegistry - Running the evict task with compensationTime 0ms
2023-08-25 23:21:51.323 [Eureka-EvictionTimer] INFO  c.n.e.r.AbstractInstanceRegistry - Running the evict task with compensationTime 0ms
2023-08-25 23:21:56.323 [Eureka-EvictionTimer] INFO  c.n.e.r.AbstractInstanceRegistry - Running the evict task with compensationTime 0ms
2023-08-25 23:22:01.323 [Eureka-EvictionTimer] INFO  c.n.e.r.AbstractInstanceRegistry - Running the evict task with compensationTime 0ms
2023-08-25 23:22:06.323 [Eureka-EvictionTimer] INFO  c.n.e.r.AbstractInstanceRegistry - Running the evict task with compensationTime 0ms
2023-08-25 23:22:11.323 [Eureka-EvictionTimer] INFO  c.n.e.r.AbstractInstanceRegistry - Running the evict task with compensationTime 0ms
2023-08-25 23:22:16.323 [Eureka-EvictionTimer] INFO  c.n.e.r.AbstractInstanceRegistry - Running the evict task with compensationTime 0ms
2023-08-25 23:22:21.323 [Eureka-EvictionTimer] INFO  c.n.e.r.AbstractInstanceRegistry - Running the evict task with compensationTime 0ms
2023-08-25 23:22:26.323 [Eureka-EvictionTimer] INFO  c.n.e.r.AbstractInstanceRegistry - Running the evict task with compensationTime 0ms
2023-08-25 23:22:31.323 [Eureka-EvictionTimer] INFO  c.n.e.r.AbstractInstanceRegistry - Running the evict task with compensationTime 0ms
2023-08-25 23:22:36.323 [Eureka-EvictionTimer] INFO  c.n.e.r.AbstractInstanceRegistry - Running the evict task with compensationTime 0ms
2023-08-25 23:22:41.323 [Eureka-EvictionTimer] INFO  c.n.e.r.AbstractInstanceRegistry - Running the evict task with compensationTime 0ms
2023-08-25 23:22:46.323 [Eureka-EvictionTimer] INFO  c.n.e.r.AbstractInstanceRegistry - Running the evict task with compensationTime 0ms
2023-08-25 23:22:51.323 [Eureka-EvictionTimer] INFO  c.n.e.r.AbstractInstanceRegistry - Running the evict task with compensationTime 0ms
2023-08-25 23:22:56.323 [Eureka-EvictionTimer] INFO  c.n.e.r.AbstractInstanceRegistry - Running the evict task with compensationTime 0ms
2023-08-25 23:23:01.323 [Eureka-EvictionTimer] INFO  c.n.e.r.AbstractInstanceRegistry - Running the evict task with compensationTime 0ms
2023-08-25 23:23:06.323 [Eureka-EvictionTimer] INFO  c.n.e.r.AbstractInstanceRegistry - Running the evict task with compensationTime 0ms
2023-08-25 23:23:11.323 [Eureka-EvictionTimer] INFO  c.n.e.r.AbstractInstanceRegistry - Running the evict task with compensationTime 0ms
2023-08-25 23:23:16.323 [Eureka-EvictionTimer] INFO  c.n.e.r.AbstractInstanceRegistry - Running the evict task with compensationTime 0ms
2023-08-25 23:23:21.323 [Eureka-EvictionTimer] INFO  c.n.e.r.AbstractInstanceRegistry - Running the evict task with compensationTime 0ms
2023-08-25 23:23:26.323 [Eureka-EvictionTimer] INFO  c.n.e.r.AbstractInstanceRegistry - Running the evict task with compensationTime 0ms
2023-08-25 23:23:31.323 [Eureka-EvictionTimer] INFO  c.n.e.r.AbstractInstanceRegistry - Running the evict task with compensationTime 0ms
2023-08-25 23:23:36.323 [Eureka-EvictionTimer] INFO  c.n.e.r.AbstractInstanceRegistry - Running the evict task with compensationTime 0ms
2023-08-25 23:23:41.323 [Eureka-EvictionTimer] INFO  c.n.e.r.AbstractInstanceRegistry - Running the evict task with compensationTime 0ms
2023-08-25 23:23:46.323 [Eureka-EvictionTimer] INFO  c.n.e.r.AbstractInstanceRegistry - Running the evict task with compensationTime 0ms
2023-08-25 23:23:51.323 [Eureka-EvictionTimer] INFO  c.n.e.r.AbstractInstanceRegistry - Running the evict task with compensationTime 0ms
2023-08-25 23:23:56.323 [Eureka-EvictionTimer] INFO  c.n.e.r.AbstractInstanceRegistry - Running the evict task with compensationTime 0ms
2023-08-25 23:24:01.323 [Eureka-EvictionTimer] INFO  c.n.e.r.AbstractInstanceRegistry - Running the evict task with compensationTime 0ms
2023-08-25 23:24:06.323 [Eureka-EvictionTimer] INFO  c.n.e.r.AbstractInstanceRegistry - Running the evict task with compensationTime 0ms
2023-08-25 23:24:11.323 [Eureka-EvictionTimer] INFO  c.n.e.r.AbstractInstanceRegistry - Running the evict task with compensationTime 0ms
2023-08-25 23:24:16.323 [Eureka-EvictionTimer] INFO  c.n.e.r.AbstractInstanceRegistry - Running the evict task with compensationTime 0ms
2023-08-25 23:24:21.323 [Eureka-EvictionTimer] INFO  c.n.e.r.AbstractInstanceRegistry - Running the evict task with compensationTime 0ms
2023-08-25 23:24:26.323 [Eureka-EvictionTimer] INFO  c.n.e.r.AbstractInstanceRegistry - Running the evict task with compensationTime 0ms
2023-08-25 23:24:31.323 [Eureka-EvictionTimer] INFO  c.n.e.r.AbstractInstanceRegistry - Running the evict task with compensationTime 0ms
2023-08-25 23:24:36.323 [Eureka-EvictionTimer] INFO  c.n.e.r.AbstractInstanceRegistry - Running the evict task with compensationTime 0ms
2023-08-25 23:24:41.323 [Eureka-EvictionTimer] INFO  c.n.e.r.AbstractInstanceRegistry - Running the evict task with compensationTime 0ms
2023-08-25 23:24:46.323 [Eureka-EvictionTimer] INFO  c.n.e.r.AbstractInstanceRegistry - Running the evict task with compensationTime 0ms
2023-08-25 23:24:51.323 [Eureka-EvictionTimer] INFO  c.n.e.r.AbstractInstanceRegistry - Running the evict task with compensationTime 0ms
2023-08-25 23:24:56.323 [Eureka-EvictionTimer] INFO  c.n.e.r.AbstractInstanceRegistry - Running the evict task with compensationTime 0ms
2023-08-25 23:25:01.323 [Eureka-EvictionTimer] INFO  c.n.e.r.AbstractInstanceRegistry - Running the evict task with compensationTime 0ms
2023-08-25 23:25:06.323 [Eureka-EvictionTimer] INFO  c.n.e.r.AbstractInstanceRegistry - Running the evict task with compensationTime 0ms
2023-08-25 23:25:11.323 [Eureka-EvictionTimer] INFO  c.n.e.r.AbstractInstanceRegistry - Running the evict task with compensationTime 0ms
2023-08-25 23:25:16.323 [Eureka-EvictionTimer] INFO  c.n.e.r.AbstractInstanceRegistry - Running the evict task with compensationTime 0ms
2023-08-25 23:25:21.323 [Eureka-EvictionTimer] INFO  c.n.e.r.AbstractInstanceRegistry - Running the evict task with compensationTime 0ms
2023-08-25 23:25:26.323 [Eureka-EvictionTimer] INFO  c.n.e.r.AbstractInstanceRegistry - Running the evict task with compensationTime 0ms
2023-08-25 23:25:31.323 [Eureka-EvictionTimer] INFO  c.n.e.r.AbstractInstanceRegistry - Running the evict task with compensationTime 0ms
2023-08-25 23:25:36.323 [Eureka-EvictionTimer] INFO  c.n.e.r.AbstractInstanceRegistry - Running the evict task with compensationTime 0ms
2023-08-25 23:25:41.323 [Eureka-EvictionTimer] INFO  c.n.e.r.AbstractInstanceRegistry - Running the evict task with compensationTime 0ms
2023-08-25 23:25:46.323 [Eureka-EvictionTimer] INFO  c.n.e.r.AbstractInstanceRegistry - Running the evict task with compensationTime 0ms
2023-08-25 23:25:51.323 [Eureka-EvictionTimer] INFO  c.n.e.r.AbstractInstanceRegistry - Running the evict task with compensationTime 0ms
2023-08-25 23:25:56.323 [Eureka-EvictionTimer] INFO  c.n.e.r.AbstractInstanceRegistry - Running the evict task with compensationTime 0ms
2023-08-25 23:26:01.323 [Eureka-EvictionTimer] INFO  c.n.e.r.AbstractInstanceRegistry - Running the evict task with compensationTime 0ms
2023-08-25 23:26:06.323 [Eureka-EvictionTimer] INFO  c.n.e.r.AbstractInstanceRegistry - Running the evict task with compensationTime 0ms
2023-08-25 23:26:11.323 [Eureka-EvictionTimer] INFO  c.n.e.r.AbstractInstanceRegistry - Running the evict task with compensationTime 0ms
2023-08-25 23:26:16.323 [Eureka-EvictionTimer] INFO  c.n.e.r.AbstractInstanceRegistry - Running the evict task with compensationTime 0ms
2023-08-25 23:26:21.323 [Eureka-EvictionTimer] INFO  c.n.e.r.AbstractInstanceRegistry - Running the evict task with compensationTime 0ms
2023-08-25 23:26:26.323 [Eureka-EvictionTimer] INFO  c.n.e.r.AbstractInstanceRegistry - Running the evict task with compensationTime 0ms
2023-08-25 23:26:31.323 [Eureka-EvictionTimer] INFO  c.n.e.r.AbstractInstanceRegistry - Running the evict task with compensationTime 0ms
2023-08-25 23:26:36.323 [Eureka-EvictionTimer] INFO  c.n.e.r.AbstractInstanceRegistry - Running the evict task with compensationTime 0ms
2023-08-25 23:26:41.323 [Eureka-EvictionTimer] INFO  c.n.e.r.AbstractInstanceRegistry - Running the evict task with compensationTime 0ms
2023-08-25 23:26:46.323 [Eureka-EvictionTimer] INFO  c.n.e.r.AbstractInstanceRegistry - Running the evict task with compensationTime 0ms
2023-08-25 23:26:51.323 [Eureka-EvictionTimer] INFO  c.n.e.r.AbstractInstanceRegistry - Running the evict task with compensationTime 0ms
2023-08-25 23:26:56.323 [Eureka-EvictionTimer] INFO  c.n.e.r.AbstractInstanceRegistry - Running the evict task with compensationTime 0ms
2023-08-25 23:27:01.323 [Eureka-EvictionTimer] INFO  c.n.e.r.AbstractInstanceRegistry - Running the evict task with compensationTime 0ms
2023-08-25 23:27:06.323 [Eureka-EvictionTimer] INFO  c.n.e.r.AbstractInstanceRegistry - Running the evict task with compensationTime 0ms
2023-08-25 23:27:11.323 [Eureka-EvictionTimer] INFO  c.n.e.r.AbstractInstanceRegistry - Running the evict task with compensationTime 0ms
2023-08-25 23:27:16.323 [Eureka-EvictionTimer] INFO  c.n.e.r.AbstractInstanceRegistry - Running the evict task with compensationTime 0ms
2023-08-25 23:27:21.323 [Eureka-EvictionTimer] INFO  c.n.e.r.AbstractInstanceRegistry - Running the evict task with compensationTime 0ms
2023-08-25 23:27:26.323 [Eureka-EvictionTimer] INFO  c.n.e.r.AbstractInstanceRegistry - Running the evict task with compensationTime 0ms
2023-08-25 23:27:31.323 [Eureka-EvictionTimer] INFO  c.n.e.r.AbstractInstanceRegistry - Running the evict task with compensationTime 0ms
2023-08-25 23:27:36.323 [Eureka-EvictionTimer] INFO  c.n.e.r.AbstractInstanceRegistry - Running the evict task with compensationTime 0ms
2023-08-25 23:27:41.323 [Eureka-EvictionTimer] INFO  c.n.e.r.AbstractInstanceRegistry - Running the evict task with compensationTime 0ms
2023-08-25 23:27:46.323 [Eureka-EvictionTimer] INFO  c.n.e.r.AbstractInstanceRegistry - Running the evict task with compensationTime 0ms
2023-08-25 23:27:51.323 [Eureka-EvictionTimer] INFO  c.n.e.r.AbstractInstanceRegistry - Running the evict task with compensationTime 0ms
2023-08-25 23:27:56.323 [Eureka-EvictionTimer] INFO  c.n.e.r.AbstractInstanceRegistry - Running the evict task with compensationTime 0ms
2023-08-25 23:28:01.323 [Eureka-EvictionTimer] INFO  c.n.e.r.AbstractInstanceRegistry - Running the evict task with compensationTime 0ms
2023-08-25 23:28:06.323 [Eureka-EvictionTimer] INFO  c.n.e.r.AbstractInstanceRegistry - Running the evict task with compensationTime 0ms
2023-08-25 23:28:11.323 [Eureka-EvictionTimer] INFO  c.n.e.r.AbstractInstanceRegistry - Running the evict task with compensationTime 0ms
2023-08-25 23:28:16.323 [Eureka-EvictionTimer] INFO  c.n.e.r.AbstractInstanceRegistry - Running the evict task with compensationTime 0ms
2023-08-25 23:28:21.323 [Eureka-EvictionTimer] INFO  c.n.e.r.AbstractInstanceRegistry - Running the evict task with compensationTime 0ms
2023-08-25 23:28:26.323 [Eureka-EvictionTimer] INFO  c.n.e.r.AbstractInstanceRegistry - Running the evict task with compensationTime 0ms
2023-08-25 23:28:31.323 [Eureka-EvictionTimer] INFO  c.n.e.r.AbstractInstanceRegistry - Running the evict task with compensationTime 0ms
2023-08-25 23:28:36.323 [Eureka-EvictionTimer] INFO  c.n.e.r.AbstractInstanceRegistry - Running the evict task with compensationTime 0ms
2023-08-25 23:28:41.323 [Eureka-EvictionTimer] INFO  c.n.e.r.AbstractInstanceRegistry - Running the evict task with compensationTime 0ms
2023-08-25 23:28:46.323 [Eureka-EvictionTimer] INFO  c.n.e.r.AbstractInstanceRegistry - Running the evict task with compensationTime 0ms
2023-08-25 23:28:51.323 [Eureka-EvictionTimer] INFO  c.n.e.r.AbstractInstanceRegistry - Running the evict task with compensationTime 0ms
2023-08-25 23:28:56.323 [Eureka-EvictionTimer] INFO  c.n.e.r.AbstractInstanceRegistry - Running the evict task with compensationTime 0ms
2023-08-25 23:29:01.323 [Eureka-EvictionTimer] INFO  c.n.e.r.AbstractInstanceRegistry - Running the evict task with compensationTime 0ms
2023-08-25 23:29:06.323 [Eureka-EvictionTimer] INFO  c.n.e.r.AbstractInstanceRegistry - Running the evict task with compensationTime 0ms
2023-08-25 23:29:11.323 [Eureka-EvictionTimer] INFO  c.n.e.r.AbstractInstanceRegistry - Running the evict task with compensationTime 0ms
2023-08-25 23:29:16.323 [Eureka-EvictionTimer] INFO  c.n.e.r.AbstractInstanceRegistry - Running the evict task with compensationTime 0ms
2023-08-25 23:29:21.323 [Eureka-EvictionTimer] INFO  c.n.e.r.AbstractInstanceRegistry - Running the evict task with compensationTime 0ms
2023-08-25 23:29:26.323 [Eureka-EvictionTimer] INFO  c.n.e.r.AbstractInstanceRegistry - Running the evict task with compensationTime 0ms
2023-08-25 23:29:31.323 [Eureka-EvictionTimer] INFO  c.n.e.r.AbstractInstanceRegistry - Running the evict task with compensationTime 0ms
2023-08-25 23:29:36.323 [Eureka-EvictionTimer] INFO  c.n.e.r.AbstractInstanceRegistry - Running the evict task with compensationTime 0ms
2023-08-25 23:29:41.323 [Eureka-EvictionTimer] INFO  c.n.e.r.AbstractInstanceRegistry - Running the evict task with compensationTime 0ms
2023-08-25 23:29:46.323 [Eureka-EvictionTimer] INFO  c.n.e.r.AbstractInstanceRegistry - Running the evict task with compensationTime 0ms
2023-08-25 23:29:51.323 [Eureka-EvictionTimer] INFO  c.n.e.r.AbstractInstanceRegistry - Running the evict task with compensationTime 0ms
2023-08-25 23:29:56.323 [Eureka-EvictionTimer] INFO  c.n.e.r.AbstractInstanceRegistry - Running the evict task with compensationTime 0ms
2023-08-25 23:30:01.323 [Eureka-EvictionTimer] INFO  c.n.e.r.AbstractInstanceRegistry - Running the evict task with compensationTime 0ms
2023-08-25 23:30:06.323 [Eureka-EvictionTimer] INFO  c.n.e.r.AbstractInstanceRegistry - Running the evict task with compensationTime 0ms
2023-08-25 23:30:11.323 [Eureka-EvictionTimer] INFO  c.n.e.r.AbstractInstanceRegistry - Running the evict task with compensationTime 0ms
2023-08-25 23:30:16.323 [Eureka-EvictionTimer] INFO  c.n.e.r.AbstractInstanceRegistry - Running the evict task with compensationTime 0ms
2023-08-25 23:30:21.323 [Eureka-EvictionTimer] INFO  c.n.e.r.AbstractInstanceRegistry - Running the evict task with compensationTime 0ms
2023-08-25 23:30:26.323 [Eureka-EvictionTimer] INFO  c.n.e.r.AbstractInstanceRegistry - Running the evict task with compensationTime 0ms
2023-08-25 23:30:31.323 [Eureka-EvictionTimer] INFO  c.n.e.r.AbstractInstanceRegistry - Running the evict task with compensationTime 0ms
2023-08-25 23:30:36.323 [Eureka-EvictionTimer] INFO  c.n.e.r.AbstractInstanceRegistry - Running the evict task with compensationTime 0ms
2023-08-25 23:30:41.323 [Eureka-EvictionTimer] INFO  c.n.e.r.AbstractInstanceRegistry - Running the evict task with compensationTime 0ms
2023-08-25 23:30:46.323 [Eureka-EvictionTimer] INFO  c.n.e.r.AbstractInstanceRegistry - Running the evict task with compensationTime 0ms
2023-08-25 23:30:51.323 [Eureka-EvictionTimer] INFO  c.n.e.r.AbstractInstanceRegistry - Running the evict task with compensationTime 0ms
2023-08-25 23:30:56.323 [Eureka-EvictionTimer] INFO  c.n.e.r.AbstractInstanceRegistry - Running the evict task with compensationTime 0ms
2023-08-25 23:31:01.323 [Eureka-EvictionTimer] INFO  c.n.e.r.AbstractInstanceRegistry - Running the evict task with compensationTime 0ms
2023-08-25 23:31:06.323 [Eureka-EvictionTimer] INFO  c.n.e.r.AbstractInstanceRegistry - Running the evict task with compensationTime 0ms
2023-08-25 23:31:11.323 [Eureka-EvictionTimer] INFO  c.n.e.r.AbstractInstanceRegistry - Running the evict task with compensationTime 0ms
2023-08-25 23:31:16.323 [Eureka-EvictionTimer] INFO  c.n.e.r.AbstractInstanceRegistry - Running the evict task with compensationTime 0ms
2023-08-25 23:31:21.323 [Eureka-EvictionTimer] INFO  c.n.e.r.AbstractInstanceRegistry - Running the evict task with compensationTime 0ms
2023-08-25 23:31:26.323 [Eureka-EvictionTimer] INFO  c.n.e.r.AbstractInstanceRegistry - Running the evict task with compensationTime 0ms
2023-08-25 23:31:31.323 [Eureka-EvictionTimer] INFO  c.n.e.r.AbstractInstanceRegistry - Running the evict task with compensationTime 0ms
2023-08-25 23:31:36.323 [Eureka-EvictionTimer] INFO  c.n.e.r.AbstractInstanceRegistry - Running the evict task with compensationTime 0ms
2023-08-25 23:31:41.323 [Eureka-EvictionTimer] INFO  c.n.e.r.AbstractInstanceRegistry - Running the evict task with compensationTime 0ms
2023-08-25 23:31:46.323 [Eureka-EvictionTimer] INFO  c.n.e.r.AbstractInstanceRegistry - Running the evict task with compensationTime 0ms
2023-08-25 23:31:51.323 [Eureka-EvictionTimer] INFO  c.n.e.r.AbstractInstanceRegistry - Running the evict task with compensationTime 0ms
2023-08-25 23:31:56.323 [Eureka-EvictionTimer] INFO  c.n.e.r.AbstractInstanceRegistry - Running the evict task with compensationTime 0ms
2023-08-25 23:32:01.323 [Eureka-EvictionTimer] INFO  c.n.e.r.AbstractInstanceRegistry - Running the evict task with compensationTime 0ms
2023-08-25 23:32:06.323 [Eureka-EvictionTimer] INFO  c.n.e.r.AbstractInstanceRegistry - Running the evict task with compensationTime 0ms
2023-08-25 23:32:11.323 [Eureka-EvictionTimer] INFO  c.n.e.r.AbstractInstanceRegistry - Running the evict task with compensationTime 0ms
2023-08-25 23:32:16.323 [Eureka-EvictionTimer] INFO  c.n.e.r.AbstractInstanceRegistry - Running the evict task with compensationTime 0ms
2023-08-25 23:32:21.323 [Eureka-EvictionTimer] INFO  c.n.e.r.AbstractInstanceRegistry - Running the evict task with compensationTime 0ms
2023-08-25 23:32:26.323 [Eureka-EvictionTimer] INFO  c.n.e.r.AbstractInstanceRegistry - Running the evict task with compensationTime 0ms
2023-08-25 23:32:31.323 [Eureka-EvictionTimer] INFO  c.n.e.r.AbstractInstanceRegistry - Running the evict task with compensationTime 0ms
2023-08-25 23:32:36.323 [Eureka-EvictionTimer] INFO  c.n.e.r.AbstractInstanceRegistry - Running the evict task with compensationTime 0ms
2023-08-25 23:32:41.323 [Eureka-EvictionTimer] INFO  c.n.e.r.AbstractInstanceRegistry - Running the evict task with compensationTime 0ms
2023-08-25 23:32:46.323 [Eureka-EvictionTimer] INFO  c.n.e.r.AbstractInstanceRegistry - Running the evict task with compensationTime 0ms
2023-08-25 23:32:51.323 [Eureka-EvictionTimer] INFO  c.n.e.r.AbstractInstanceRegistry - Running the evict task with compensationTime 0ms
2023-08-25 23:32:56.323 [Eureka-EvictionTimer] INFO  c.n.e.r.AbstractInstanceRegistry - Running the evict task with compensationTime 0ms
2023-08-25 23:33:01.323 [Eureka-EvictionTimer] INFO  c.n.e.r.AbstractInstanceRegistry - Running the evict task with compensationTime 0ms
2023-08-25 23:33:06.323 [Eureka-EvictionTimer] INFO  c.n.e.r.AbstractInstanceRegistry - Running the evict task with compensationTime 0ms
2023-08-25 23:33:11.323 [Eureka-EvictionTimer] INFO  c.n.e.r.AbstractInstanceRegistry - Running the evict task with compensationTime 0ms
2023-08-25 23:33:16.323 [Eureka-EvictionTimer] INFO  c.n.e.r.AbstractInstanceRegistry - Running the evict task with compensationTime 0ms
2023-08-25 23:33:21.323 [Eureka-EvictionTimer] INFO  c.n.e.r.AbstractInstanceRegistry - Running the evict task with compensationTime 0ms
2023-08-25 23:33:26.323 [Eureka-EvictionTimer] INFO  c.n.e.r.AbstractInstanceRegistry - Running the evict task with compensationTime 0ms
2023-08-25 23:33:31.323 [Eureka-EvictionTimer] INFO  c.n.e.r.AbstractInstanceRegistry - Running the evict task with compensationTime 0ms
2023-08-25 23:33:36.323 [Eureka-EvictionTimer] INFO  c.n.e.r.AbstractInstanceRegistry - Running the evict task with compensationTime 0ms
2023-08-25 23:33:41.323 [Eureka-EvictionTimer] INFO  c.n.e.r.AbstractInstanceRegistry - Running the evict task with compensationTime 0ms
2023-08-25 23:33:46.323 [Eureka-EvictionTimer] INFO  c.n.e.r.AbstractInstanceRegistry - Running the evict task with compensationTime 0ms
2023-08-25 23:33:51.323 [Eureka-EvictionTimer] INFO  c.n.e.r.AbstractInstanceRegistry - Running the evict task with compensationTime 0ms
2023-08-25 23:33:56.323 [Eureka-EvictionTimer] INFO  c.n.e.r.AbstractInstanceRegistry - Running the evict task with compensationTime 0ms
2023-08-25 23:34:01.323 [Eureka-EvictionTimer] INFO  c.n.e.r.AbstractInstanceRegistry - Running the evict task with compensationTime 0ms
2023-08-25 23:34:06.323 [Eureka-EvictionTimer] INFO  c.n.e.r.AbstractInstanceRegistry - Running the evict task with compensationTime 0ms
2023-08-25 23:34:11.323 [Eureka-EvictionTimer] INFO  c.n.e.r.AbstractInstanceRegistry - Running the evict task with compensationTime 0ms
2023-08-25 23:34:16.323 [Eureka-EvictionTimer] INFO  c.n.e.r.AbstractInstanceRegistry - Running the evict task with compensationTime 0ms
2023-08-25 23:34:21.323 [Eureka-EvictionTimer] INFO  c.n.e.r.AbstractInstanceRegistry - Running the evict task with compensationTime 0ms
2023-08-25 23:34:26.323 [Eureka-EvictionTimer] INFO  c.n.e.r.AbstractInstanceRegistry - Running the evict task with compensationTime 0ms
2023-08-25 23:34:31.323 [Eureka-EvictionTimer] INFO  c.n.e.r.AbstractInstanceRegistry - Running the evict task with compensationTime 0ms
2023-08-25 23:34:36.323 [Eureka-EvictionTimer] INFO  c.n.e.r.AbstractInstanceRegistry - Running the evict task with compensationTime 0ms
2023-08-25 23:34:41.323 [Eureka-EvictionTimer] INFO  c.n.e.r.AbstractInstanceRegistry - Running the evict task with compensationTime 0ms
2023-08-25 23:34:46.323 [Eureka-EvictionTimer] INFO  c.n.e.r.AbstractInstanceRegistry - Running the evict task with compensationTime 0ms
2023-08-25 23:34:51.323 [Eureka-EvictionTimer] INFO  c.n.e.r.AbstractInstanceRegistry - Running the evict task with compensationTime 0ms
2023-08-25 23:34:56.323 [Eureka-EvictionTimer] INFO  c.n.e.r.AbstractInstanceRegistry - Running the evict task with compensationTime 0ms
2023-08-25 23:35:00.853 [ReplicaAwareInstanceRegistry - RenewalThresholdUpdater] INFO  c.n.e.r.PeerAwareInstanceRegistryImpl - Current renewal threshold is : 0
2023-08-25 23:35:01.323 [Eureka-EvictionTimer] INFO  c.n.e.r.AbstractInstanceRegistry - Running the evict task with compensationTime 0ms
2023-08-25 23:35:06.323 [Eureka-EvictionTimer] INFO  c.n.e.r.AbstractInstanceRegistry - Running the evict task with compensationTime 0ms
2023-08-25 23:35:11.323 [Eureka-EvictionTimer] INFO  c.n.e.r.AbstractInstanceRegistry - Running the evict task with compensationTime 0ms
2023-08-25 23:35:16.323 [Eureka-EvictionTimer] INFO  c.n.e.r.AbstractInstanceRegistry - Running the evict task with compensationTime 0ms
2023-08-25 23:35:21.323 [Eureka-EvictionTimer] INFO  c.n.e.r.AbstractInstanceRegistry - Running the evict task with compensationTime 0ms
2023-08-25 23:35:26.323 [Eureka-EvictionTimer] INFO  c.n.e.r.AbstractInstanceRegistry - Running the evict task with compensationTime 0ms
2023-08-25 23:35:31.323 [Eureka-EvictionTimer] INFO  c.n.e.r.AbstractInstanceRegistry - Running the evict task with compensationTime 0ms
2023-08-25 23:35:36.323 [Eureka-EvictionTimer] INFO  c.n.e.r.AbstractInstanceRegistry - Running the evict task with compensationTime 0ms
2023-08-25 23:35:41.323 [Eureka-EvictionTimer] INFO  c.n.e.r.AbstractInstanceRegistry - Running the evict task with compensationTime 0ms
2023-08-25 23:35:46.323 [Eureka-EvictionTimer] INFO  c.n.e.r.AbstractInstanceRegistry - Running the evict task with compensationTime 0ms
2023-08-25 23:35:51.323 [Eureka-EvictionTimer] INFO  c.n.e.r.AbstractInstanceRegistry - Running the evict task with compensationTime 0ms
2023-08-25 23:35:56.323 [Eureka-EvictionTimer] INFO  c.n.e.r.AbstractInstanceRegistry - Running the evict task with compensationTime 0ms
2023-08-25 23:36:01.323 [Eureka-EvictionTimer] INFO  c.n.e.r.AbstractInstanceRegistry - Running the evict task with compensationTime 0ms
2023-08-25 23:36:06.323 [Eureka-EvictionTimer] INFO  c.n.e.r.AbstractInstanceRegistry - Running the evict task with compensationTime 0ms
2023-08-25 23:36:11.323 [Eureka-EvictionTimer] INFO  c.n.e.r.AbstractInstanceRegistry - Running the evict task with compensationTime 0ms
2023-08-25 23:36:16.323 [Eureka-EvictionTimer] INFO  c.n.e.r.AbstractInstanceRegistry - Running the evict task with compensationTime 0ms
2023-08-25 23:36:21.323 [Eureka-EvictionTimer] INFO  c.n.e.r.AbstractInstanceRegistry - Running the evict task with compensationTime 0ms
2023-08-25 23:36:26.323 [Eureka-EvictionTimer] INFO  c.n.e.r.AbstractInstanceRegistry - Running the evict task with compensationTime 0ms
2023-08-25 23:36:31.323 [Eureka-EvictionTimer] INFO  c.n.e.r.AbstractInstanceRegistry - Running the evict task with compensationTime 0ms
2023-08-25 23:36:36.323 [Eureka-EvictionTimer] INFO  c.n.e.r.AbstractInstanceRegistry - Running the evict task with compensationTime 0ms
2023-08-25 23:36:41.323 [Eureka-EvictionTimer] INFO  c.n.e.r.AbstractInstanceRegistry - Running the evict task with compensationTime 0ms
2023-08-25 23:36:46.323 [Eureka-EvictionTimer] INFO  c.n.e.r.AbstractInstanceRegistry - Running the evict task with compensationTime 0ms
2023-08-25 23:36:51.323 [Eureka-EvictionTimer] INFO  c.n.e.r.AbstractInstanceRegistry - Running the evict task with compensationTime 0ms
2023-08-25 23:36:56.323 [Eureka-EvictionTimer] INFO  c.n.e.r.AbstractInstanceRegistry - Running the evict task with compensationTime 0ms
2023-08-25 23:37:01.323 [Eureka-EvictionTimer] INFO  c.n.e.r.AbstractInstanceRegistry - Running the evict task with compensationTime 0ms
2023-08-25 23:37:06.323 [Eureka-EvictionTimer] INFO  c.n.e.r.AbstractInstanceRegistry - Running the evict task with compensationTime 0ms
2023-08-25 23:37:11.323 [Eureka-EvictionTimer] INFO  c.n.e.r.AbstractInstanceRegistry - Running the evict task with compensationTime 0ms
2023-08-25 23:37:16.323 [Eureka-EvictionTimer] INFO  c.n.e.r.AbstractInstanceRegistry - Running the evict task with compensationTime 0ms
2023-08-25 23:37:21.323 [Eureka-EvictionTimer] INFO  c.n.e.r.AbstractInstanceRegistry - Running the evict task with compensationTime 0ms
2023-08-25 23:37:26.323 [Eureka-EvictionTimer] INFO  c.n.e.r.AbstractInstanceRegistry - Running the evict task with compensationTime 0ms
2023-08-25 23:37:31.323 [Eureka-EvictionTimer] INFO  c.n.e.r.AbstractInstanceRegistry - Running the evict task with compensationTime 0ms
2023-08-25 23:37:36.323 [Eureka-EvictionTimer] INFO  c.n.e.r.AbstractInstanceRegistry - Running the evict task with compensationTime 0ms
2023-08-25 23:37:41.323 [Eureka-EvictionTimer] INFO  c.n.e.r.AbstractInstanceRegistry - Running the evict task with compensationTime 0ms
2023-08-25 23:37:46.323 [Eureka-EvictionTimer] INFO  c.n.e.r.AbstractInstanceRegistry - Running the evict task with compensationTime 0ms
2023-08-25 23:37:51.323 [Eureka-EvictionTimer] INFO  c.n.e.r.AbstractInstanceRegistry - Running the evict task with compensationTime 0ms
2023-08-25 23:37:56.323 [Eureka-EvictionTimer] INFO  c.n.e.r.AbstractInstanceRegistry - Running the evict task with compensationTime 0ms
2023-08-25 23:38:01.323 [Eureka-EvictionTimer] INFO  c.n.e.r.AbstractInstanceRegistry - Running the evict task with compensationTime 0ms
2023-08-25 23:38:06.323 [Eureka-EvictionTimer] INFO  c.n.e.r.AbstractInstanceRegistry - Running the evict task with compensationTime 0ms
2023-08-25 23:38:11.323 [Eureka-EvictionTimer] INFO  c.n.e.r.AbstractInstanceRegistry - Running the evict task with compensationTime 0ms
2023-08-25 23:38:16.323 [Eureka-EvictionTimer] INFO  c.n.e.r.AbstractInstanceRegistry - Running the evict task with compensationTime 0ms
2023-08-25 23:38:21.323 [Eureka-EvictionTimer] INFO  c.n.e.r.AbstractInstanceRegistry - Running the evict task with compensationTime 0ms
2023-08-25 23:38:26.323 [Eureka-EvictionTimer] INFO  c.n.e.r.AbstractInstanceRegistry - Running the evict task with compensationTime 0ms
2023-08-25 23:38:31.323 [Eureka-EvictionTimer] INFO  c.n.e.r.AbstractInstanceRegistry - Running the evict task with compensationTime 0ms
2023-08-25 23:38:36.323 [Eureka-EvictionTimer] INFO  c.n.e.r.AbstractInstanceRegistry - Running the evict task with compensationTime 0ms
2023-08-25 23:38:41.323 [Eureka-EvictionTimer] INFO  c.n.e.r.AbstractInstanceRegistry - Running the evict task with compensationTime 0ms
2023-08-25 23:38:46.323 [Eureka-EvictionTimer] INFO  c.n.e.r.AbstractInstanceRegistry - Running the evict task with compensationTime 0ms
2023-08-25 23:38:51.323 [Eureka-EvictionTimer] INFO  c.n.e.r.AbstractInstanceRegistry - Running the evict task with compensationTime 0ms
2023-08-25 23:38:56.323 [Eureka-EvictionTimer] INFO  c.n.e.r.AbstractInstanceRegistry - Running the evict task with compensationTime 0ms
2023-08-25 23:39:01.323 [Eureka-EvictionTimer] INFO  c.n.e.r.AbstractInstanceRegistry - Running the evict task with compensationTime 0ms
2023-08-25 23:39:06.323 [Eureka-EvictionTimer] INFO  c.n.e.r.AbstractInstanceRegistry - Running the evict task with compensationTime 0ms
2023-08-25 23:39:11.323 [Eureka-EvictionTimer] INFO  c.n.e.r.AbstractInstanceRegistry - Running the evict task with compensationTime 0ms
2023-08-25 23:39:16.323 [Eureka-EvictionTimer] INFO  c.n.e.r.AbstractInstanceRegistry - Running the evict task with compensationTime 0ms
2023-08-25 23:39:21.323 [Eureka-EvictionTimer] INFO  c.n.e.r.AbstractInstanceRegistry - Running the evict task with compensationTime 0ms
2023-08-25 23:39:26.323 [Eureka-EvictionTimer] INFO  c.n.e.r.AbstractInstanceRegistry - Running the evict task with compensationTime 0ms
2023-08-25 23:39:31.323 [Eureka-EvictionTimer] INFO  c.n.e.r.AbstractInstanceRegistry - Running the evict task with compensationTime 0ms
2023-08-25 23:39:36.323 [Eureka-EvictionTimer] INFO  c.n.e.r.AbstractInstanceRegistry - Running the evict task with compensationTime 0ms
2023-08-25 23:39:41.323 [Eureka-EvictionTimer] INFO  c.n.e.r.AbstractInstanceRegistry - Running the evict task with compensationTime 0ms
2023-08-25 23:39:46.323 [Eureka-EvictionTimer] INFO  c.n.e.r.AbstractInstanceRegistry - Running the evict task with compensationTime 0ms
2023-08-25 23:39:51.323 [Eureka-EvictionTimer] INFO  c.n.e.r.AbstractInstanceRegistry - Running the evict task with compensationTime 0ms
2023-08-25 23:39:56.323 [Eureka-EvictionTimer] INFO  c.n.e.r.AbstractInstanceRegistry - Running the evict task with compensationTime 0ms
2023-08-25 23:40:01.323 [Eureka-EvictionTimer] INFO  c.n.e.r.AbstractInstanceRegistry - Running the evict task with compensationTime 0ms
2023-08-25 23:40:06.323 [Eureka-EvictionTimer] INFO  c.n.e.r.AbstractInstanceRegistry - Running the evict task with compensationTime 0ms
2023-08-25 23:40:11.323 [Eureka-EvictionTimer] INFO  c.n.e.r.AbstractInstanceRegistry - Running the evict task with compensationTime 0ms
2023-08-25 23:40:16.323 [Eureka-EvictionTimer] INFO  c.n.e.r.AbstractInstanceRegistry - Running the evict task with compensationTime 0ms
2023-08-25 23:40:21.323 [Eureka-EvictionTimer] INFO  c.n.e.r.AbstractInstanceRegistry - Running the evict task with compensationTime 0ms
2023-08-25 23:40:26.323 [Eureka-EvictionTimer] INFO  c.n.e.r.AbstractInstanceRegistry - Running the evict task with compensationTime 0ms
2023-08-25 23:40:31.323 [Eureka-EvictionTimer] INFO  c.n.e.r.AbstractInstanceRegistry - Running the evict task with compensationTime 0ms
2023-08-25 23:40:36.323 [Eureka-EvictionTimer] INFO  c.n.e.r.AbstractInstanceRegistry - Running the evict task with compensationTime 0ms
2023-08-25 23:40:41.323 [Eureka-EvictionTimer] INFO  c.n.e.r.AbstractInstanceRegistry - Running the evict task with compensationTime 0ms
2023-08-25 23:40:46.323 [Eureka-EvictionTimer] INFO  c.n.e.r.AbstractInstanceRegistry - Running the evict task with compensationTime 0ms
2023-08-25 23:40:51.323 [Eureka-EvictionTimer] INFO  c.n.e.r.AbstractInstanceRegistry - Running the evict task with compensationTime 0ms
2023-08-25 23:40:56.323 [Eureka-EvictionTimer] INFO  c.n.e.r.AbstractInstanceRegistry - Running the evict task with compensationTime 0ms
2023-08-25 23:41:01.323 [Eureka-EvictionTimer] INFO  c.n.e.r.AbstractInstanceRegistry - Running the evict task with compensationTime 0ms
2023-08-25 23:41:06.323 [Eureka-EvictionTimer] INFO  c.n.e.r.AbstractInstanceRegistry - Running the evict task with compensationTime 0ms
2023-08-25 23:41:11.323 [Eureka-EvictionTimer] INFO  c.n.e.r.AbstractInstanceRegistry - Running the evict task with compensationTime 0ms
2023-08-25 23:41:16.323 [Eureka-EvictionTimer] INFO  c.n.e.r.AbstractInstanceRegistry - Running the evict task with compensationTime 0ms
2023-08-25 23:41:21.323 [Eureka-EvictionTimer] INFO  c.n.e.r.AbstractInstanceRegistry - Running the evict task with compensationTime 0ms
2023-08-25 23:41:26.323 [Eureka-EvictionTimer] INFO  c.n.e.r.AbstractInstanceRegistry - Running the evict task with compensationTime 0ms
2023-08-25 23:41:31.323 [Eureka-EvictionTimer] INFO  c.n.e.r.AbstractInstanceRegistry - Running the evict task with compensationTime 0ms
2023-08-25 23:41:36.323 [Eureka-EvictionTimer] INFO  c.n.e.r.AbstractInstanceRegistry - Running the evict task with compensationTime 0ms
2023-08-25 23:41:41.323 [Eureka-EvictionTimer] INFO  c.n.e.r.AbstractInstanceRegistry - Running the evict task with compensationTime 0ms
2023-08-25 23:41:46.323 [Eureka-EvictionTimer] INFO  c.n.e.r.AbstractInstanceRegistry - Running the evict task with compensationTime 0ms
2023-08-25 23:41:51.323 [Eureka-EvictionTimer] INFO  c.n.e.r.AbstractInstanceRegistry - Running the evict task with compensationTime 0ms
2023-08-25 23:41:56.323 [Eureka-EvictionTimer] INFO  c.n.e.r.AbstractInstanceRegistry - Running the evict task with compensationTime 0ms
2023-08-25 23:42:01.323 [Eureka-EvictionTimer] INFO  c.n.e.r.AbstractInstanceRegistry - Running the evict task with compensationTime 0ms
2023-08-25 23:42:06.323 [Eureka-EvictionTimer] INFO  c.n.e.r.AbstractInstanceRegistry - Running the evict task with compensationTime 0ms
2023-08-25 23:42:11.323 [Eureka-EvictionTimer] INFO  c.n.e.r.AbstractInstanceRegistry - Running the evict task with compensationTime 0ms
2023-08-25 23:42:16.323 [Eureka-EvictionTimer] INFO  c.n.e.r.AbstractInstanceRegistry - Running the evict task with compensationTime 0ms
2023-08-25 23:42:21.323 [Eureka-EvictionTimer] INFO  c.n.e.r.AbstractInstanceRegistry - Running the evict task with compensationTime 0ms
2023-08-25 23:42:26.323 [Eureka-EvictionTimer] INFO  c.n.e.r.AbstractInstanceRegistry - Running the evict task with compensationTime 0ms
2023-08-25 23:42:31.323 [Eureka-EvictionTimer] INFO  c.n.e.r.AbstractInstanceRegistry - Running the evict task with compensationTime 0ms
2023-08-25 23:42:36.323 [Eureka-EvictionTimer] INFO  c.n.e.r.AbstractInstanceRegistry - Running the evict task with compensationTime 0ms
2023-08-25 23:42:41.323 [Eureka-EvictionTimer] INFO  c.n.e.r.AbstractInstanceRegistry - Running the evict task with compensationTime 0ms
2023-08-25 23:42:46.323 [Eureka-EvictionTimer] INFO  c.n.e.r.AbstractInstanceRegistry - Running the evict task with compensationTime 0ms
2023-08-25 23:42:51.323 [Eureka-EvictionTimer] INFO  c.n.e.r.AbstractInstanceRegistry - Running the evict task with compensationTime 0ms
2023-08-25 23:42:56.323 [Eureka-EvictionTimer] INFO  c.n.e.r.AbstractInstanceRegistry - Running the evict task with compensationTime 0ms
2023-08-25 23:43:01.323 [Eureka-EvictionTimer] INFO  c.n.e.r.AbstractInstanceRegistry - Running the evict task with compensationTime 0ms
2023-08-25 23:43:06.323 [Eureka-EvictionTimer] INFO  c.n.e.r.AbstractInstanceRegistry - Running the evict task with compensationTime 0ms
2023-08-25 23:43:11.323 [Eureka-EvictionTimer] INFO  c.n.e.r.AbstractInstanceRegistry - Running the evict task with compensationTime 0ms
2023-08-25 23:43:16.323 [Eureka-EvictionTimer] INFO  c.n.e.r.AbstractInstanceRegistry - Running the evict task with compensationTime 0ms
2023-08-25 23:43:21.323 [Eureka-EvictionTimer] INFO  c.n.e.r.AbstractInstanceRegistry - Running the evict task with compensationTime 0ms
2023-08-25 23:43:26.323 [Eureka-EvictionTimer] INFO  c.n.e.r.AbstractInstanceRegistry - Running the evict task with compensationTime 0ms
2023-08-25 23:43:31.323 [Eureka-EvictionTimer] INFO  c.n.e.r.AbstractInstanceRegistry - Running the evict task with compensationTime 0ms
2023-08-25 23:43:36.323 [Eureka-EvictionTimer] INFO  c.n.e.r.AbstractInstanceRegistry - Running the evict task with compensationTime 0ms
2023-08-25 23:43:41.323 [Eureka-EvictionTimer] INFO  c.n.e.r.AbstractInstanceRegistry - Running the evict task with compensationTime 0ms
2023-08-25 23:43:46.323 [Eureka-EvictionTimer] INFO  c.n.e.r.AbstractInstanceRegistry - Running the evict task with compensationTime 0ms
2023-08-25 23:43:51.323 [Eureka-EvictionTimer] INFO  c.n.e.r.AbstractInstanceRegistry - Running the evict task with compensationTime 0ms
2023-08-25 23:43:56.323 [Eureka-EvictionTimer] INFO  c.n.e.r.AbstractInstanceRegistry - Running the evict task with compensationTime 0ms
2023-08-25 23:44:01.323 [Eureka-EvictionTimer] INFO  c.n.e.r.AbstractInstanceRegistry - Running the evict task with compensationTime 0ms
2023-08-25 23:44:06.323 [Eureka-EvictionTimer] INFO  c.n.e.r.AbstractInstanceRegistry - Running the evict task with compensationTime 0ms
2023-08-25 23:44:11.323 [Eureka-EvictionTimer] INFO  c.n.e.r.AbstractInstanceRegistry - Running the evict task with compensationTime 0ms
2023-08-25 23:44:16.323 [Eureka-EvictionTimer] INFO  c.n.e.r.AbstractInstanceRegistry - Running the evict task with compensationTime 0ms
2023-08-25 23:44:21.323 [Eureka-EvictionTimer] INFO  c.n.e.r.AbstractInstanceRegistry - Running the evict task with compensationTime 0ms
2023-08-25 23:44:26.323 [Eureka-EvictionTimer] INFO  c.n.e.r.AbstractInstanceRegistry - Running the evict task with compensationTime 0ms
2023-08-25 23:44:31.323 [Eureka-EvictionTimer] INFO  c.n.e.r.AbstractInstanceRegistry - Running the evict task with compensationTime 0ms
2023-08-25 23:44:36.323 [Eureka-EvictionTimer] INFO  c.n.e.r.AbstractInstanceRegistry - Running the evict task with compensationTime 0ms
2023-08-25 23:44:41.323 [Eureka-EvictionTimer] INFO  c.n.e.r.AbstractInstanceRegistry - Running the evict task with compensationTime 0ms
2023-08-25 23:44:46.323 [Eureka-EvictionTimer] INFO  c.n.e.r.AbstractInstanceRegistry - Running the evict task with compensationTime 0ms
2023-08-25 23:44:51.323 [Eureka-EvictionTimer] INFO  c.n.e.r.AbstractInstanceRegistry - Running the evict task with compensationTime 0ms
2023-08-25 23:44:56.323 [Eureka-EvictionTimer] INFO  c.n.e.r.AbstractInstanceRegistry - Running the evict task with compensationTime 0ms
2023-08-25 23:45:01.323 [Eureka-EvictionTimer] INFO  c.n.e.r.AbstractInstanceRegistry - Running the evict task with compensationTime 0ms
2023-08-25 23:45:06.323 [Eureka-EvictionTimer] INFO  c.n.e.r.AbstractInstanceRegistry - Running the evict task with compensationTime 0ms
2023-08-25 23:45:11.323 [Eureka-EvictionTimer] INFO  c.n.e.r.AbstractInstanceRegistry - Running the evict task with compensationTime 0ms
2023-08-25 23:45:16.323 [Eureka-EvictionTimer] INFO  c.n.e.r.AbstractInstanceRegistry - Running the evict task with compensationTime 0ms
2023-08-25 23:45:21.323 [Eureka-EvictionTimer] INFO  c.n.e.r.AbstractInstanceRegistry - Running the evict task with compensationTime 0ms
2023-08-25 23:45:26.323 [Eureka-EvictionTimer] INFO  c.n.e.r.AbstractInstanceRegistry - Running the evict task with compensationTime 0ms
2023-08-25 23:45:31.323 [Eureka-EvictionTimer] INFO  c.n.e.r.AbstractInstanceRegistry - Running the evict task with compensationTime 0ms
2023-08-25 23:45:36.323 [Eureka-EvictionTimer] INFO  c.n.e.r.AbstractInstanceRegistry - Running the evict task with compensationTime 0ms
2023-08-25 23:45:41.323 [Eureka-EvictionTimer] INFO  c.n.e.r.AbstractInstanceRegistry - Running the evict task with compensationTime 0ms
2023-08-25 23:45:46.323 [Eureka-EvictionTimer] INFO  c.n.e.r.AbstractInstanceRegistry - Running the evict task with compensationTime 0ms
2023-08-25 23:45:51.323 [Eureka-EvictionTimer] INFO  c.n.e.r.AbstractInstanceRegistry - Running the evict task with compensationTime 0ms
2023-08-25 23:45:56.323 [Eureka-EvictionTimer] INFO  c.n.e.r.AbstractInstanceRegistry - Running the evict task with compensationTime 0ms
2023-08-25 23:46:01.323 [Eureka-EvictionTimer] INFO  c.n.e.r.AbstractInstanceRegistry - Running the evict task with compensationTime 0ms
2023-08-25 23:46:06.323 [Eureka-EvictionTimer] INFO  c.n.e.r.AbstractInstanceRegistry - Running the evict task with compensationTime 0ms
2023-08-25 23:46:11.323 [Eureka-EvictionTimer] INFO  c.n.e.r.AbstractInstanceRegistry - Running the evict task with compensationTime 0ms
2023-08-25 23:46:16.323 [Eureka-EvictionTimer] INFO  c.n.e.r.AbstractInstanceRegistry - Running the evict task with compensationTime 0ms
2023-08-25 23:46:21.323 [Eureka-EvictionTimer] INFO  c.n.e.r.AbstractInstanceRegistry - Running the evict task with compensationTime 0ms
2023-08-25 23:46:26.323 [Eureka-EvictionTimer] INFO  c.n.e.r.AbstractInstanceRegistry - Running the evict task with compensationTime 0ms
2023-08-25 23:46:31.323 [Eureka-EvictionTimer] INFO  c.n.e.r.AbstractInstanceRegistry - Running the evict task with compensationTime 0ms
2023-08-25 23:46:36.323 [Eureka-EvictionTimer] INFO  c.n.e.r.AbstractInstanceRegistry - Running the evict task with compensationTime 0ms
2023-08-25 23:46:41.323 [Eureka-EvictionTimer] INFO  c.n.e.r.AbstractInstanceRegistry - Running the evict task with compensationTime 0ms
2023-08-25 23:46:46.323 [Eureka-EvictionTimer] INFO  c.n.e.r.AbstractInstanceRegistry - Running the evict task with compensationTime 0ms
2023-08-25 23:46:51.323 [Eureka-EvictionTimer] INFO  c.n.e.r.AbstractInstanceRegistry - Running the evict task with compensationTime 0ms
2023-08-25 23:46:56.323 [Eureka-EvictionTimer] INFO  c.n.e.r.AbstractInstanceRegistry - Running the evict task with compensationTime 0ms
2023-08-25 23:47:01.323 [Eureka-EvictionTimer] INFO  c.n.e.r.AbstractInstanceRegistry - Running the evict task with compensationTime 0ms
2023-08-25 23:47:06.323 [Eureka-EvictionTimer] INFO  c.n.e.r.AbstractInstanceRegistry - Running the evict task with compensationTime 0ms
2023-08-25 23:47:11.323 [Eureka-EvictionTimer] INFO  c.n.e.r.AbstractInstanceRegistry - Running the evict task with compensationTime 0ms
2023-08-25 23:47:16.323 [Eureka-EvictionTimer] INFO  c.n.e.r.AbstractInstanceRegistry - Running the evict task with compensationTime 0ms
2023-08-25 23:47:21.323 [Eureka-EvictionTimer] INFO  c.n.e.r.AbstractInstanceRegistry - Running the evict task with compensationTime 0ms
2023-08-25 23:47:26.323 [Eureka-EvictionTimer] INFO  c.n.e.r.AbstractInstanceRegistry - Running the evict task with compensationTime 0ms
2023-08-25 23:47:31.323 [Eureka-EvictionTimer] INFO  c.n.e.r.AbstractInstanceRegistry - Running the evict task with compensationTime 0ms
2023-08-25 23:47:36.323 [Eureka-EvictionTimer] INFO  c.n.e.r.AbstractInstanceRegistry - Running the evict task with compensationTime 0ms
2023-08-25 23:47:41.323 [Eureka-EvictionTimer] INFO  c.n.e.r.AbstractInstanceRegistry - Running the evict task with compensationTime 0ms
2023-08-25 23:47:46.323 [Eureka-EvictionTimer] INFO  c.n.e.r.AbstractInstanceRegistry - Running the evict task with compensationTime 0ms
2023-08-25 23:47:51.323 [Eureka-EvictionTimer] INFO  c.n.e.r.AbstractInstanceRegistry - Running the evict task with compensationTime 0ms
2023-08-25 23:47:56.323 [Eureka-EvictionTimer] INFO  c.n.e.r.AbstractInstanceRegistry - Running the evict task with compensationTime 0ms
2023-08-25 23:48:01.323 [Eureka-EvictionTimer] INFO  c.n.e.r.AbstractInstanceRegistry - Running the evict task with compensationTime 0ms
2023-08-25 23:48:06.323 [Eureka-EvictionTimer] INFO  c.n.e.r.AbstractInstanceRegistry - Running the evict task with compensationTime 0ms
2023-08-25 23:48:11.323 [Eureka-EvictionTimer] INFO  c.n.e.r.AbstractInstanceRegistry - Running the evict task with compensationTime 0ms
2023-08-25 23:48:16.323 [Eureka-EvictionTimer] INFO  c.n.e.r.AbstractInstanceRegistry - Running the evict task with compensationTime 0ms
2023-08-25 23:48:21.323 [Eureka-EvictionTimer] INFO  c.n.e.r.AbstractInstanceRegistry - Running the evict task with compensationTime 0ms
2023-08-25 23:48:26.323 [Eureka-EvictionTimer] INFO  c.n.e.r.AbstractInstanceRegistry - Running the evict task with compensationTime 0ms
2023-08-25 23:48:31.323 [Eureka-EvictionTimer] INFO  c.n.e.r.AbstractInstanceRegistry - Running the evict task with compensationTime 0ms
2023-08-25 23:48:36.323 [Eureka-EvictionTimer] INFO  c.n.e.r.AbstractInstanceRegistry - Running the evict task with compensationTime 0ms
2023-08-25 23:48:41.323 [Eureka-EvictionTimer] INFO  c.n.e.r.AbstractInstanceRegistry - Running the evict task with compensationTime 0ms
2023-08-25 23:48:46.323 [Eureka-EvictionTimer] INFO  c.n.e.r.AbstractInstanceRegistry - Running the evict task with compensationTime 0ms
2023-08-25 23:48:51.323 [Eureka-EvictionTimer] INFO  c.n.e.r.AbstractInstanceRegistry - Running the evict task with compensationTime 0ms
2023-08-25 23:48:56.323 [Eureka-EvictionTimer] INFO  c.n.e.r.AbstractInstanceRegistry - Running the evict task with compensationTime 0ms
2023-08-25 23:49:01.323 [Eureka-EvictionTimer] INFO  c.n.e.r.AbstractInstanceRegistry - Running the evict task with compensationTime 0ms
2023-08-25 23:49:06.323 [Eureka-EvictionTimer] INFO  c.n.e.r.AbstractInstanceRegistry - Running the evict task with compensationTime 0ms
2023-08-25 23:49:11.323 [Eureka-EvictionTimer] INFO  c.n.e.r.AbstractInstanceRegistry - Running the evict task with compensationTime 0ms
2023-08-25 23:49:16.323 [Eureka-EvictionTimer] INFO  c.n.e.r.AbstractInstanceRegistry - Running the evict task with compensationTime 0ms
2023-08-25 23:49:21.323 [Eureka-EvictionTimer] INFO  c.n.e.r.AbstractInstanceRegistry - Running the evict task with compensationTime 0ms
2023-08-25 23:49:26.323 [Eureka-EvictionTimer] INFO  c.n.e.r.AbstractInstanceRegistry - Running the evict task with compensationTime 0ms
2023-08-25 23:49:31.323 [Eureka-EvictionTimer] INFO  c.n.e.r.AbstractInstanceRegistry - Running the evict task with compensationTime 0ms
2023-08-25 23:49:36.323 [Eureka-EvictionTimer] INFO  c.n.e.r.AbstractInstanceRegistry - Running the evict task with compensationTime 0ms
2023-08-25 23:49:41.323 [Eureka-EvictionTimer] INFO  c.n.e.r.AbstractInstanceRegistry - Running the evict task with compensationTime 0ms
2023-08-25 23:49:46.323 [Eureka-EvictionTimer] INFO  c.n.e.r.AbstractInstanceRegistry - Running the evict task with compensationTime 0ms
2023-08-25 23:49:51.323 [Eureka-EvictionTimer] INFO  c.n.e.r.AbstractInstanceRegistry - Running the evict task with compensationTime 0ms
2023-08-25 23:49:56.323 [Eureka-EvictionTimer] INFO  c.n.e.r.AbstractInstanceRegistry - Running the evict task with compensationTime 0ms
2023-08-25 23:50:00.853 [ReplicaAwareInstanceRegistry - RenewalThresholdUpdater] INFO  c.n.e.r.PeerAwareInstanceRegistryImpl - Current renewal threshold is : 0
2023-08-25 23:50:01.323 [Eureka-EvictionTimer] INFO  c.n.e.r.AbstractInstanceRegistry - Running the evict task with compensationTime 0ms
2023-08-25 23:50:06.323 [Eureka-EvictionTimer] INFO  c.n.e.r.AbstractInstanceRegistry - Running the evict task with compensationTime 0ms
2023-08-25 23:50:11.323 [Eureka-EvictionTimer] INFO  c.n.e.r.AbstractInstanceRegistry - Running the evict task with compensationTime 0ms
2023-08-25 23:50:16.323 [Eureka-EvictionTimer] INFO  c.n.e.r.AbstractInstanceRegistry - Running the evict task with compensationTime 0ms
2023-08-25 23:50:21.323 [Eureka-EvictionTimer] INFO  c.n.e.r.AbstractInstanceRegistry - Running the evict task with compensationTime 0ms
2023-08-25 23:50:26.323 [Eureka-EvictionTimer] INFO  c.n.e.r.AbstractInstanceRegistry - Running the evict task with compensationTime 0ms
2023-08-25 23:50:31.323 [Eureka-EvictionTimer] INFO  c.n.e.r.AbstractInstanceRegistry - Running the evict task with compensationTime 0ms
2023-08-25 23:50:36.323 [Eureka-EvictionTimer] INFO  c.n.e.r.AbstractInstanceRegistry - Running the evict task with compensationTime 0ms
2023-08-25 23:50:41.323 [Eureka-EvictionTimer] INFO  c.n.e.r.AbstractInstanceRegistry - Running the evict task with compensationTime 0ms
2023-08-25 23:50:46.323 [Eureka-EvictionTimer] INFO  c.n.e.r.AbstractInstanceRegistry - Running the evict task with compensationTime 0ms
2023-08-25 23:50:51.323 [Eureka-EvictionTimer] INFO  c.n.e.r.AbstractInstanceRegistry - Running the evict task with compensationTime 0ms
2023-08-25 23:50:56.323 [Eureka-EvictionTimer] INFO  c.n.e.r.AbstractInstanceRegistry - Running the evict task with compensationTime 0ms
2023-08-25 23:51:01.323 [Eureka-EvictionTimer] INFO  c.n.e.r.AbstractInstanceRegistry - Running the evict task with compensationTime 0ms
2023-08-25 23:51:06.323 [Eureka-EvictionTimer] INFO  c.n.e.r.AbstractInstanceRegistry - Running the evict task with compensationTime 0ms
2023-08-25 23:51:11.323 [Eureka-EvictionTimer] INFO  c.n.e.r.AbstractInstanceRegistry - Running the evict task with compensationTime 0ms
2023-08-25 23:51:16.323 [Eureka-EvictionTimer] INFO  c.n.e.r.AbstractInstanceRegistry - Running the evict task with compensationTime 0ms
2023-08-25 23:51:21.323 [Eureka-EvictionTimer] INFO  c.n.e.r.AbstractInstanceRegistry - Running the evict task with compensationTime 0ms
2023-08-25 23:51:26.323 [Eureka-EvictionTimer] INFO  c.n.e.r.AbstractInstanceRegistry - Running the evict task with compensationTime 0ms
2023-08-25 23:51:31.323 [Eureka-EvictionTimer] INFO  c.n.e.r.AbstractInstanceRegistry - Running the evict task with compensationTime 0ms
2023-08-25 23:51:36.323 [Eureka-EvictionTimer] INFO  c.n.e.r.AbstractInstanceRegistry - Running the evict task with compensationTime 0ms
2023-08-25 23:51:41.323 [Eureka-EvictionTimer] INFO  c.n.e.r.AbstractInstanceRegistry - Running the evict task with compensationTime 0ms
2023-08-25 23:51:46.323 [Eureka-EvictionTimer] INFO  c.n.e.r.AbstractInstanceRegistry - Running the evict task with compensationTime 0ms
2023-08-25 23:51:51.323 [Eureka-EvictionTimer] INFO  c.n.e.r.AbstractInstanceRegistry - Running the evict task with compensationTime 0ms
2023-08-25 23:51:56.323 [Eureka-EvictionTimer] INFO  c.n.e.r.AbstractInstanceRegistry - Running the evict task with compensationTime 0ms
2023-08-25 23:52:01.323 [Eureka-EvictionTimer] INFO  c.n.e.r.AbstractInstanceRegistry - Running the evict task with compensationTime 0ms
2023-08-25 23:52:06.323 [Eureka-EvictionTimer] INFO  c.n.e.r.AbstractInstanceRegistry - Running the evict task with compensationTime 0ms
2023-08-25 23:52:11.323 [Eureka-EvictionTimer] INFO  c.n.e.r.AbstractInstanceRegistry - Running the evict task with compensationTime 0ms
2023-08-25 23:52:16.323 [Eureka-EvictionTimer] INFO  c.n.e.r.AbstractInstanceRegistry - Running the evict task with compensationTime 0ms
2023-08-25 23:52:21.323 [Eureka-EvictionTimer] INFO  c.n.e.r.AbstractInstanceRegistry - Running the evict task with compensationTime 0ms
2023-08-25 23:52:26.323 [Eureka-EvictionTimer] INFO  c.n.e.r.AbstractInstanceRegistry - Running the evict task with compensationTime 0ms
2023-08-25 23:52:31.323 [Eureka-EvictionTimer] INFO  c.n.e.r.AbstractInstanceRegistry - Running the evict task with compensationTime 0ms
2023-08-25 23:52:36.323 [Eureka-EvictionTimer] INFO  c.n.e.r.AbstractInstanceRegistry - Running the evict task with compensationTime 0ms
2023-08-25 23:52:41.323 [Eureka-EvictionTimer] INFO  c.n.e.r.AbstractInstanceRegistry - Running the evict task with compensationTime 0ms
2023-08-25 23:52:46.323 [Eureka-EvictionTimer] INFO  c.n.e.r.AbstractInstanceRegistry - Running the evict task with compensationTime 0ms
2023-08-25 23:52:51.323 [Eureka-EvictionTimer] INFO  c.n.e.r.AbstractInstanceRegistry - Running the evict task with compensationTime 0ms
2023-08-25 23:52:56.323 [Eureka-EvictionTimer] INFO  c.n.e.r.AbstractInstanceRegistry - Running the evict task with compensationTime 0ms
2023-08-25 23:53:01.323 [Eureka-EvictionTimer] INFO  c.n.e.r.AbstractInstanceRegistry - Running the evict task with compensationTime 0ms
2023-08-25 23:53:06.323 [Eureka-EvictionTimer] INFO  c.n.e.r.AbstractInstanceRegistry - Running the evict task with compensationTime 0ms
2023-08-25 23:53:11.323 [Eureka-EvictionTimer] INFO  c.n.e.r.AbstractInstanceRegistry - Running the evict task with compensationTime 0ms
2023-08-25 23:53:16.323 [Eureka-EvictionTimer] INFO  c.n.e.r.AbstractInstanceRegistry - Running the evict task with compensationTime 0ms
2023-08-25 23:53:21.323 [Eureka-EvictionTimer] INFO  c.n.e.r.AbstractInstanceRegistry - Running the evict task with compensationTime 0ms
2023-08-25 23:53:26.323 [Eureka-EvictionTimer] INFO  c.n.e.r.AbstractInstanceRegistry - Running the evict task with compensationTime 0ms
2023-08-25 23:53:31.323 [Eureka-EvictionTimer] INFO  c.n.e.r.AbstractInstanceRegistry - Running the evict task with compensationTime 0ms
2023-08-25 23:53:36.323 [Eureka-EvictionTimer] INFO  c.n.e.r.AbstractInstanceRegistry - Running the evict task with compensationTime 0ms
2023-08-25 23:53:41.323 [Eureka-EvictionTimer] INFO  c.n.e.r.AbstractInstanceRegistry - Running the evict task with compensationTime 0ms
2023-08-25 23:53:46.323 [Eureka-EvictionTimer] INFO  c.n.e.r.AbstractInstanceRegistry - Running the evict task with compensationTime 0ms
2023-08-25 23:53:51.323 [Eureka-EvictionTimer] INFO  c.n.e.r.AbstractInstanceRegistry - Running the evict task with compensationTime 0ms
2023-08-25 23:53:56.323 [Eureka-EvictionTimer] INFO  c.n.e.r.AbstractInstanceRegistry - Running the evict task with compensationTime 0ms
2023-08-25 23:54:01.323 [Eureka-EvictionTimer] INFO  c.n.e.r.AbstractInstanceRegistry - Running the evict task with compensationTime 0ms
2023-08-25 23:54:06.323 [Eureka-EvictionTimer] INFO  c.n.e.r.AbstractInstanceRegistry - Running the evict task with compensationTime 0ms
2023-08-25 23:54:11.323 [Eureka-EvictionTimer] INFO  c.n.e.r.AbstractInstanceRegistry - Running the evict task with compensationTime 0ms
2023-08-25 23:54:16.323 [Eureka-EvictionTimer] INFO  c.n.e.r.AbstractInstanceRegistry - Running the evict task with compensationTime 0ms
2023-08-25 23:54:21.323 [Eureka-EvictionTimer] INFO  c.n.e.r.AbstractInstanceRegistry - Running the evict task with compensationTime 0ms
2023-08-25 23:54:26.323 [Eureka-EvictionTimer] INFO  c.n.e.r.AbstractInstanceRegistry - Running the evict task with compensationTime 0ms
2023-08-25 23:54:31.323 [Eureka-EvictionTimer] INFO  c.n.e.r.AbstractInstanceRegistry - Running the evict task with compensationTime 0ms
2023-08-25 23:54:36.323 [Eureka-EvictionTimer] INFO  c.n.e.r.AbstractInstanceRegistry - Running the evict task with compensationTime 0ms
2023-08-25 23:54:41.323 [Eureka-EvictionTimer] INFO  c.n.e.r.AbstractInstanceRegistry - Running the evict task with compensationTime 0ms
2023-08-25 23:54:46.323 [Eureka-EvictionTimer] INFO  c.n.e.r.AbstractInstanceRegistry - Running the evict task with compensationTime 0ms
2023-08-25 23:54:51.323 [Eureka-EvictionTimer] INFO  c.n.e.r.AbstractInstanceRegistry - Running the evict task with compensationTime 0ms
2023-08-25 23:54:56.323 [Eureka-EvictionTimer] INFO  c.n.e.r.AbstractInstanceRegistry - Running the evict task with compensationTime 0ms
2023-08-25 23:55:01.323 [Eureka-EvictionTimer] INFO  c.n.e.r.AbstractInstanceRegistry - Running the evict task with compensationTime 0ms
2023-08-25 23:55:06.323 [Eureka-EvictionTimer] INFO  c.n.e.r.AbstractInstanceRegistry - Running the evict task with compensationTime 0ms
2023-08-25 23:55:11.323 [Eureka-EvictionTimer] INFO  c.n.e.r.AbstractInstanceRegistry - Running the evict task with compensationTime 0ms
2023-08-25 23:55:16.323 [Eureka-EvictionTimer] INFO  c.n.e.r.AbstractInstanceRegistry - Running the evict task with compensationTime 0ms
2023-08-25 23:55:21.323 [Eureka-EvictionTimer] INFO  c.n.e.r.AbstractInstanceRegistry - Running the evict task with compensationTime 0ms
2023-08-25 23:55:26.323 [Eureka-EvictionTimer] INFO  c.n.e.r.AbstractInstanceRegistry - Running the evict task with compensationTime 0ms
2023-08-25 23:55:31.323 [Eureka-EvictionTimer] INFO  c.n.e.r.AbstractInstanceRegistry - Running the evict task with compensationTime 0ms
2023-08-25 23:55:36.323 [Eureka-EvictionTimer] INFO  c.n.e.r.AbstractInstanceRegistry - Running the evict task with compensationTime 0ms
2023-08-25 23:55:41.323 [Eureka-EvictionTimer] INFO  c.n.e.r.AbstractInstanceRegistry - Running the evict task with compensationTime 0ms
2023-08-25 23:55:46.323 [Eureka-EvictionTimer] INFO  c.n.e.r.AbstractInstanceRegistry - Running the evict task with compensationTime 0ms
2023-08-25 23:55:51.323 [Eureka-EvictionTimer] INFO  c.n.e.r.AbstractInstanceRegistry - Running the evict task with compensationTime 0ms
2023-08-25 23:55:56.323 [Eureka-EvictionTimer] INFO  c.n.e.r.AbstractInstanceRegistry - Running the evict task with compensationTime 0ms
2023-08-25 23:56:01.323 [Eureka-EvictionTimer] INFO  c.n.e.r.AbstractInstanceRegistry - Running the evict task with compensationTime 0ms
2023-08-25 23:56:06.323 [Eureka-EvictionTimer] INFO  c.n.e.r.AbstractInstanceRegistry - Running the evict task with compensationTime 0ms
2023-08-25 23:56:11.323 [Eureka-EvictionTimer] INFO  c.n.e.r.AbstractInstanceRegistry - Running the evict task with compensationTime 0ms
2023-08-25 23:56:16.323 [Eureka-EvictionTimer] INFO  c.n.e.r.AbstractInstanceRegistry - Running the evict task with compensationTime 0ms
2023-08-25 23:56:21.323 [Eureka-EvictionTimer] INFO  c.n.e.r.AbstractInstanceRegistry - Running the evict task with compensationTime 0ms
2023-08-25 23:56:26.323 [Eureka-EvictionTimer] INFO  c.n.e.r.AbstractInstanceRegistry - Running the evict task with compensationTime 0ms
2023-08-25 23:56:31.323 [Eureka-EvictionTimer] INFO  c.n.e.r.AbstractInstanceRegistry - Running the evict task with compensationTime 0ms
2023-08-25 23:56:36.323 [Eureka-EvictionTimer] INFO  c.n.e.r.AbstractInstanceRegistry - Running the evict task with compensationTime 0ms
2023-08-25 23:56:41.323 [Eureka-EvictionTimer] INFO  c.n.e.r.AbstractInstanceRegistry - Running the evict task with compensationTime 0ms
2023-08-25 23:56:46.323 [Eureka-EvictionTimer] INFO  c.n.e.r.AbstractInstanceRegistry - Running the evict task with compensationTime 0ms
2023-08-25 23:56:51.323 [Eureka-EvictionTimer] INFO  c.n.e.r.AbstractInstanceRegistry - Running the evict task with compensationTime 0ms
2023-08-25 23:56:56.323 [Eureka-EvictionTimer] INFO  c.n.e.r.AbstractInstanceRegistry - Running the evict task with compensationTime 0ms
2023-08-25 23:57:01.323 [Eureka-EvictionTimer] INFO  c.n.e.r.AbstractInstanceRegistry - Running the evict task with compensationTime 0ms
2023-08-25 23:57:06.323 [Eureka-EvictionTimer] INFO  c.n.e.r.AbstractInstanceRegistry - Running the evict task with compensationTime 0ms
2023-08-25 23:57:11.323 [Eureka-EvictionTimer] INFO  c.n.e.r.AbstractInstanceRegistry - Running the evict task with compensationTime 0ms
2023-08-25 23:57:16.323 [Eureka-EvictionTimer] INFO  c.n.e.r.AbstractInstanceRegistry - Running the evict task with compensationTime 0ms
2023-08-25 23:57:21.323 [Eureka-EvictionTimer] INFO  c.n.e.r.AbstractInstanceRegistry - Running the evict task with compensationTime 0ms
2023-08-25 23:57:26.323 [Eureka-EvictionTimer] INFO  c.n.e.r.AbstractInstanceRegistry - Running the evict task with compensationTime 0ms
2023-08-25 23:57:31.323 [Eureka-EvictionTimer] INFO  c.n.e.r.AbstractInstanceRegistry - Running the evict task with compensationTime 0ms
2023-08-25 23:57:36.323 [Eureka-EvictionTimer] INFO  c.n.e.r.AbstractInstanceRegistry - Running the evict task with compensationTime 0ms
2023-08-25 23:57:41.323 [Eureka-EvictionTimer] INFO  c.n.e.r.AbstractInstanceRegistry - Running the evict task with compensationTime 0ms
2023-08-25 23:57:46.323 [Eureka-EvictionTimer] INFO  c.n.e.r.AbstractInstanceRegistry - Running the evict task with compensationTime 0ms
2023-08-25 23:57:51.323 [Eureka-EvictionTimer] INFO  c.n.e.r.AbstractInstanceRegistry - Running the evict task with compensationTime 0ms
2023-08-25 23:57:56.323 [Eureka-EvictionTimer] INFO  c.n.e.r.AbstractInstanceRegistry - Running the evict task with compensationTime 0ms
2023-08-25 23:58:01.323 [Eureka-EvictionTimer] INFO  c.n.e.r.AbstractInstanceRegistry - Running the evict task with compensationTime 0ms
2023-08-25 23:58:06.323 [Eureka-EvictionTimer] INFO  c.n.e.r.AbstractInstanceRegistry - Running the evict task with compensationTime 0ms
2023-08-25 23:58:11.323 [Eureka-EvictionTimer] INFO  c.n.e.r.AbstractInstanceRegistry - Running the evict task with compensationTime 0ms
2023-08-25 23:58:16.323 [Eureka-EvictionTimer] INFO  c.n.e.r.AbstractInstanceRegistry - Running the evict task with compensationTime 0ms
2023-08-25 23:58:21.323 [Eureka-EvictionTimer] INFO  c.n.e.r.AbstractInstanceRegistry - Running the evict task with compensationTime 0ms
2023-08-25 23:58:26.323 [Eureka-EvictionTimer] INFO  c.n.e.r.AbstractInstanceRegistry - Running the evict task with compensationTime 0ms
2023-08-25 23:58:31.323 [Eureka-EvictionTimer] INFO  c.n.e.r.AbstractInstanceRegistry - Running the evict task with compensationTime 0ms
2023-08-25 23:58:36.323 [Eureka-EvictionTimer] INFO  c.n.e.r.AbstractInstanceRegistry - Running the evict task with compensationTime 0ms
2023-08-25 23:58:41.323 [Eureka-EvictionTimer] INFO  c.n.e.r.AbstractInstanceRegistry - Running the evict task with compensationTime 0ms
2023-08-25 23:58:46.323 [Eureka-EvictionTimer] INFO  c.n.e.r.AbstractInstanceRegistry - Running the evict task with compensationTime 0ms
2023-08-25 23:58:51.323 [Eureka-EvictionTimer] INFO  c.n.e.r.AbstractInstanceRegistry - Running the evict task with compensationTime 0ms
2023-08-25 23:58:56.323 [Eureka-EvictionTimer] INFO  c.n.e.r.AbstractInstanceRegistry - Running the evict task with compensationTime 0ms
2023-08-25 23:59:01.323 [Eureka-EvictionTimer] INFO  c.n.e.r.AbstractInstanceRegistry - Running the evict task with compensationTime 0ms
2023-08-25 23:59:06.323 [Eureka-EvictionTimer] INFO  c.n.e.r.AbstractInstanceRegistry - Running the evict task with compensationTime 0ms
2023-08-25 23:59:11.323 [Eureka-EvictionTimer] INFO  c.n.e.r.AbstractInstanceRegistry - Running the evict task with compensationTime 0ms
2023-08-25 23:59:16.323 [Eureka-EvictionTimer] INFO  c.n.e.r.AbstractInstanceRegistry - Running the evict task with compensationTime 0ms
2023-08-25 23:59:21.323 [Eureka-EvictionTimer] INFO  c.n.e.r.AbstractInstanceRegistry - Running the evict task with compensationTime 0ms
2023-08-25 23:59:26.323 [Eureka-EvictionTimer] INFO  c.n.e.r.AbstractInstanceRegistry - Running the evict task with compensationTime 0ms
2023-08-25 23:59:31.323 [Eureka-EvictionTimer] INFO  c.n.e.r.AbstractInstanceRegistry - Running the evict task with compensationTime 0ms
2023-08-25 23:59:36.323 [Eureka-EvictionTimer] INFO  c.n.e.r.AbstractInstanceRegistry - Running the evict task with compensationTime 0ms
2023-08-25 23:59:41.323 [Eureka-EvictionTimer] INFO  c.n.e.r.AbstractInstanceRegistry - Running the evict task with compensationTime 0ms
2023-08-25 23:59:46.323 [Eureka-EvictionTimer] INFO  c.n.e.r.AbstractInstanceRegistry - Running the evict task with compensationTime 0ms
2023-08-25 23:59:51.323 [Eureka-EvictionTimer] INFO  c.n.e.r.AbstractInstanceRegistry - Running the evict task with compensationTime 0ms
2023-08-25 23:59:56.323 [Eureka-EvictionTimer] INFO  c.n.e.r.AbstractInstanceRegistry - Running the evict task with compensationTime 0ms
