2023-08-24 13:42:52.274 [main] INFO  c.a.p.f.s.d.ServerDiscoverApplication - No active profile set, falling back to default profiles: default
2023-08-24 13:43:00.727 [main] INFO  o.s.cloud.context.scope.GenericScope - BeanFactory id=45fe1629-3fd8-363c-b6e9-0bbb088222b5
2023-08-24 13:43:01.893 [main] INFO  o.s.b.w.e.tomcat.TomcatWebServer - Tomcat initialized with port(s): 36000 (http)
2023-08-24 13:43:01.951 [main] INFO  o.a.coyote.http11.Http11NioProtocol - Initializing ProtocolHandler ["http-nio-36000"]
2023-08-24 13:43:01.953 [main] INFO  o.a.catalina.core.StandardService - Starting service [Tomcat]
2023-08-24 13:43:01.954 [main] INFO  o.a.catalina.core.StandardEngine - Starting Servlet engine: [Apache Tomcat/9.0.46]
2023-08-24 13:43:02.546 [main] INFO  o.a.c.c.C.[Tomcat].[localhost].[/] - Initializing Spring embedded WebApplicationContext
2023-08-24 13:43:02.547 [main] INFO  o.s.b.w.s.c.ServletWebServerApplicationContext - Root WebApplicationContext: initialization completed in 10211 ms
2023-08-24 13:43:03.322 [main] INFO  c.n.c.sources.URLConfigurationSource - To enable URLs as dynamic configuration sources, define System property archaius.configurationSource.additionalUrls or make config.properties available on classpath.
2023-08-24 13:43:03.366 [main] INFO  c.n.config.DynamicPropertyFactory - DynamicPropertyFactory is initialized with configuration sources: com.netflix.config.ConcurrentCompositeConfiguration@704641e3
2023-08-24 13:43:04.755 [main] INFO  c.s.j.s.i.a.WebApplicationImpl - Initiating Jersey application, version 'Jersey: 1.19.4 05/24/2017 03:20 PM'
2023-08-24 13:43:04.837 [main] INFO  c.n.d.p.DiscoveryJerseyProvider - Using JSON encoding codec LegacyJacksonJson
2023-08-24 13:43:04.837 [main] INFO  c.n.d.p.DiscoveryJerseyProvider - Using JSON decoding codec LegacyJacksonJson
2023-08-24 13:43:05.005 [main] INFO  c.n.d.p.DiscoveryJerseyProvider - Using XML encoding codec XStreamXml
2023-08-24 13:43:05.005 [main] INFO  c.n.d.p.DiscoveryJerseyProvider - Using XML decoding codec XStreamXml
2023-08-24 13:43:05.586 [main] INFO  c.n.c.sources.URLConfigurationSource - To enable URLs as dynamic configuration sources, define System property archaius.configurationSource.additionalUrls or make config.properties available on classpath.
2023-08-24 13:43:05.811 [main] INFO  o.s.s.c.ThreadPoolTaskExecutor - Initializing ExecutorService 'applicationTaskExecutor'
2023-08-24 13:43:07.787 [main] INFO  o.s.c.n.e.c.DiscoveryClientOptionalArgsConfiguration - Eureka HTTP Client uses Jersey
2023-08-24 13:43:07.926 [main] INFO  o.s.c.n.eureka.InstanceInfoFactory - Setting initial instance status as: STARTING
2023-08-24 13:43:08.025 [main] INFO  c.netflix.discovery.DiscoveryClient - Initializing Eureka in region us-east-1
2023-08-24 13:43:08.026 [main] INFO  c.netflix.discovery.DiscoveryClient - Client configured to neither register nor query for data.
2023-08-24 13:43:08.037 [main] INFO  c.netflix.discovery.DiscoveryClient - Discovery Client initialized at timestamp 1692855788035 with initial instances count: 0
2023-08-24 13:43:08.084 [main] INFO  c.n.e.DefaultEurekaServerContext - Initializing ...
2023-08-24 13:43:08.109 [main] INFO  c.n.e.r.AbstractInstanceRegistry - Finished initializing remote region registries. All known remote regions: []
2023-08-24 13:43:08.112 [main] INFO  c.n.e.DefaultEurekaServerContext - Initialized
2023-08-24 13:43:08.133 [main] INFO  o.s.b.a.e.web.EndpointLinksResolver - Exposing 2 endpoint(s) beneath base path '/actuator'
2023-08-24 13:43:08.249 [main] INFO  o.s.c.n.e.s.EurekaServiceRegistry - Registering application SERVER-DISCOVER with eureka with status UP
2023-08-24 13:43:08.252 [main] INFO  o.a.coyote.http11.Http11NioProtocol - Starting ProtocolHandler ["http-nio-36000"]
2023-08-24 13:43:08.252 [Thread-33] INFO  o.s.c.n.e.s.EurekaServerBootstrap - Setting the eureka configuration..
2023-08-24 13:43:08.254 [Thread-33] INFO  o.s.c.n.e.s.EurekaServerBootstrap - Eureka data center value eureka.datacenter is not set, defaulting to default
2023-08-24 13:43:08.255 [Thread-33] INFO  o.s.c.n.e.s.EurekaServerBootstrap - Eureka environment value eureka.environment is not set, defaulting to test
2023-08-24 13:43:08.280 [Thread-33] INFO  o.s.c.n.e.s.EurekaServerBootstrap - isAws returned false
2023-08-24 13:43:08.281 [Thread-33] INFO  o.s.c.n.e.s.EurekaServerBootstrap - Initialized server context
2023-08-24 13:43:08.281 [Thread-33] INFO  c.n.e.r.PeerAwareInstanceRegistryImpl - Got 1 instances from neighboring DS node
2023-08-24 13:43:08.281 [Thread-33] INFO  c.n.e.r.PeerAwareInstanceRegistryImpl - Renew threshold is: 1
2023-08-24 13:43:08.282 [Thread-33] INFO  c.n.e.r.PeerAwareInstanceRegistryImpl - Changing status to UP
2023-08-24 13:43:08.298 [Thread-33] INFO  o.s.c.n.e.s.EurekaServerInitializerConfiguration - Started Eureka Server
2023-08-24 13:43:08.309 [main] INFO  o.s.b.w.e.tomcat.TomcatWebServer - Tomcat started on port(s): 36000 (http) with context path ''
2023-08-24 13:43:08.311 [main] INFO  o.s.c.n.e.s.EurekaAutoServiceRegistration - Updating port to 36000
2023-08-24 13:43:08.784 [main] INFO  c.a.p.f.s.d.ServerDiscoverApplication - Started ServerDiscoverApplication in 21.806 seconds (JVM running for 24.114)
2023-08-24 13:43:09.029 [RMI TCP Connection(7)-192.168.43.178] INFO  o.a.c.c.C.[Tomcat].[localhost].[/] - Initializing Spring DispatcherServlet 'dispatcherServlet'
2023-08-24 13:43:09.030 [RMI TCP Connection(7)-192.168.43.178] INFO  o.s.web.servlet.DispatcherServlet - Initializing Servlet 'dispatcherServlet'
2023-08-24 13:43:09.036 [RMI TCP Connection(7)-192.168.43.178] INFO  o.s.web.servlet.DispatcherServlet - Completed initialization in 6 ms
2023-08-24 13:43:13.297 [Eureka-EvictionTimer] INFO  c.n.e.r.AbstractInstanceRegistry - Running the evict task with compensationTime 0ms
2023-08-24 13:43:18.309 [Eureka-EvictionTimer] INFO  c.n.e.r.AbstractInstanceRegistry - Running the evict task with compensationTime 12ms
2023-08-24 13:43:23.309 [Eureka-EvictionTimer] INFO  c.n.e.r.AbstractInstanceRegistry - Running the evict task with compensationTime 0ms
2023-08-24 13:43:28.324 [Eureka-EvictionTimer] INFO  c.n.e.r.AbstractInstanceRegistry - Running the evict task with compensationTime 14ms
2023-08-24 13:43:33.332 [Eureka-EvictionTimer] INFO  c.n.e.r.AbstractInstanceRegistry - Running the evict task with compensationTime 7ms
2023-08-24 13:43:37.854 [SpringContextShutdownHook] INFO  o.s.c.n.e.s.EurekaServiceRegistry - Unregistering application SERVER-DISCOVER with eureka with status DOWN
2023-08-24 13:43:38.264 [SpringContextShutdownHook] INFO  c.n.e.DefaultEurekaServerContext - Shutting down ...
2023-08-24 13:43:38.281 [SpringContextShutdownHook] INFO  c.n.e.DefaultEurekaServerContext - Shut down
2023-08-24 13:43:38.291 [SpringContextShutdownHook] INFO  o.s.s.c.ThreadPoolTaskExecutor - Shutting down ExecutorService 'applicationTaskExecutor'
2023-08-24 13:43:38.296 [SpringContextShutdownHook] INFO  c.netflix.discovery.DiscoveryClient - Shutting down DiscoveryClient ...
2023-08-24 13:43:38.297 [SpringContextShutdownHook] INFO  c.netflix.discovery.DiscoveryClient - Completed shut down of DiscoveryClient
2023-08-24 16:54:11.650 [main] INFO  c.a.p.f.s.d.ServerDiscoverApplication - No active profile set, falling back to default profiles: default
2023-08-24 16:54:12.644 [main] INFO  o.s.cloud.context.scope.GenericScope - BeanFactory id=45fe1629-3fd8-363c-b6e9-0bbb088222b5
2023-08-24 16:54:13.056 [main] INFO  o.s.b.w.e.tomcat.TomcatWebServer - Tomcat initialized with port(s): 36000 (http)
2023-08-24 16:54:13.070 [main] INFO  o.a.coyote.http11.Http11NioProtocol - Initializing ProtocolHandler ["http-nio-36000"]
2023-08-24 16:54:13.071 [main] INFO  o.a.catalina.core.StandardService - Starting service [Tomcat]
2023-08-24 16:54:13.072 [main] INFO  o.a.catalina.core.StandardEngine - Starting Servlet engine: [Apache Tomcat/9.0.46]
2023-08-24 16:54:13.236 [main] INFO  o.a.c.c.C.[Tomcat].[localhost].[/] - Initializing Spring embedded WebApplicationContext
2023-08-24 16:54:13.236 [main] INFO  o.s.b.w.s.c.ServletWebServerApplicationContext - Root WebApplicationContext: initialization completed in 1567 ms
2023-08-24 16:54:13.444 [main] INFO  c.n.c.sources.URLConfigurationSource - To enable URLs as dynamic configuration sources, define System property archaius.configurationSource.additionalUrls or make config.properties available on classpath.
2023-08-24 16:54:13.528 [main] INFO  c.n.config.DynamicPropertyFactory - DynamicPropertyFactory is initialized with configuration sources: com.netflix.config.ConcurrentCompositeConfiguration@2f00f851
2023-08-24 16:54:14.099 [main] INFO  c.s.j.s.i.a.WebApplicationImpl - Initiating Jersey application, version 'Jersey: 1.19.4 05/24/2017 03:20 PM'
2023-08-24 16:54:14.160 [main] INFO  c.n.d.p.DiscoveryJerseyProvider - Using JSON encoding codec LegacyJacksonJson
2023-08-24 16:54:14.161 [main] INFO  c.n.d.p.DiscoveryJerseyProvider - Using JSON decoding codec LegacyJacksonJson
2023-08-24 16:54:14.283 [main] INFO  c.n.d.p.DiscoveryJerseyProvider - Using XML encoding codec XStreamXml
2023-08-24 16:54:14.283 [main] INFO  c.n.d.p.DiscoveryJerseyProvider - Using XML decoding codec XStreamXml
2023-08-24 16:54:14.766 [main] INFO  c.n.c.sources.URLConfigurationSource - To enable URLs as dynamic configuration sources, define System property archaius.configurationSource.additionalUrls or make config.properties available on classpath.
2023-08-24 16:54:14.929 [main] INFO  o.s.s.c.ThreadPoolTaskExecutor - Initializing ExecutorService 'applicationTaskExecutor'
2023-08-24 16:54:16.169 [main] INFO  o.s.c.n.e.c.DiscoveryClientOptionalArgsConfiguration - Eureka HTTP Client uses Jersey
2023-08-24 16:54:16.236 [main] INFO  o.s.c.n.eureka.InstanceInfoFactory - Setting initial instance status as: STARTING
2023-08-24 16:54:16.259 [main] INFO  c.netflix.discovery.DiscoveryClient - Initializing Eureka in region us-east-1
2023-08-24 16:54:16.259 [main] INFO  c.netflix.discovery.DiscoveryClient - Client configured to neither register nor query for data.
2023-08-24 16:54:16.269 [main] INFO  c.netflix.discovery.DiscoveryClient - Discovery Client initialized at timestamp 1692867256268 with initial instances count: 0
2023-08-24 16:54:16.307 [main] INFO  c.n.e.DefaultEurekaServerContext - Initializing ...
2023-08-24 16:54:16.322 [main] INFO  c.n.e.r.AbstractInstanceRegistry - Finished initializing remote region registries. All known remote regions: []
2023-08-24 16:54:16.323 [main] INFO  c.n.e.DefaultEurekaServerContext - Initialized
2023-08-24 16:54:16.334 [main] INFO  o.s.b.a.e.web.EndpointLinksResolver - Exposing 2 endpoint(s) beneath base path '/actuator'
2023-08-24 16:54:16.392 [main] INFO  o.s.c.n.e.s.EurekaServiceRegistry - Registering application SERVER-DISCOVER with eureka with status UP
2023-08-24 16:54:16.394 [main] INFO  o.a.coyote.http11.Http11NioProtocol - Starting ProtocolHandler ["http-nio-36000"]
2023-08-24 16:54:16.394 [Thread-20] INFO  o.s.c.n.e.s.EurekaServerBootstrap - Setting the eureka configuration..
2023-08-24 16:54:16.395 [Thread-20] INFO  o.s.c.n.e.s.EurekaServerBootstrap - Eureka data center value eureka.datacenter is not set, defaulting to default
2023-08-24 16:54:16.395 [Thread-20] INFO  o.s.c.n.e.s.EurekaServerBootstrap - Eureka environment value eureka.environment is not set, defaulting to test
2023-08-24 16:54:16.417 [Thread-20] INFO  o.s.c.n.e.s.EurekaServerBootstrap - isAws returned false
2023-08-24 16:54:16.418 [Thread-20] INFO  o.s.c.n.e.s.EurekaServerBootstrap - Initialized server context
2023-08-24 16:54:16.418 [Thread-20] INFO  c.n.e.r.PeerAwareInstanceRegistryImpl - Got 1 instances from neighboring DS node
2023-08-24 16:54:16.418 [Thread-20] INFO  c.n.e.r.PeerAwareInstanceRegistryImpl - Renew threshold is: 1
2023-08-24 16:54:16.418 [Thread-20] INFO  c.n.e.r.PeerAwareInstanceRegistryImpl - Changing status to UP
2023-08-24 16:54:16.428 [Thread-20] INFO  o.s.c.n.e.s.EurekaServerInitializerConfiguration - Started Eureka Server
2023-08-24 16:54:16.432 [main] INFO  o.s.b.w.e.tomcat.TomcatWebServer - Tomcat started on port(s): 36000 (http) with context path ''
2023-08-24 16:54:16.432 [main] INFO  o.s.c.n.e.s.EurekaAutoServiceRegistration - Updating port to 36000
2023-08-24 16:54:16.781 [main] INFO  c.a.p.f.s.d.ServerDiscoverApplication - Started ServerDiscoverApplication in 7.457 seconds (JVM running for 9.132)
2023-08-24 16:54:17.580 [RMI TCP Connection(8)-192.168.43.178] INFO  o.a.c.c.C.[Tomcat].[localhost].[/] - Initializing Spring DispatcherServlet 'dispatcherServlet'
2023-08-24 16:54:17.580 [RMI TCP Connection(8)-192.168.43.178] INFO  o.s.web.servlet.DispatcherServlet - Initializing Servlet 'dispatcherServlet'
2023-08-24 16:54:17.588 [RMI TCP Connection(8)-192.168.43.178] INFO  o.s.web.servlet.DispatcherServlet - Completed initialization in 8 ms
2023-08-24 16:54:21.429 [Eureka-EvictionTimer] INFO  c.n.e.r.AbstractInstanceRegistry - Running the evict task with compensationTime 0ms
2023-08-24 16:54:26.440 [Eureka-EvictionTimer] INFO  c.n.e.r.AbstractInstanceRegistry - Running the evict task with compensationTime 11ms
2023-08-24 16:54:31.447 [Eureka-EvictionTimer] INFO  c.n.e.r.AbstractInstanceRegistry - Running the evict task with compensationTime 6ms
2023-08-24 16:54:36.458 [Eureka-EvictionTimer] INFO  c.n.e.r.AbstractInstanceRegistry - Running the evict task with compensationTime 10ms
2023-08-24 16:54:41.473 [Eureka-EvictionTimer] INFO  c.n.e.r.AbstractInstanceRegistry - Running the evict task with compensationTime 15ms
2023-08-24 16:54:46.488 [Eureka-EvictionTimer] INFO  c.n.e.r.AbstractInstanceRegistry - Running the evict task with compensationTime 14ms
2023-08-24 16:54:51.496 [Eureka-EvictionTimer] INFO  c.n.e.r.AbstractInstanceRegistry - Running the evict task with compensationTime 8ms
2023-08-24 16:54:56.501 [Eureka-EvictionTimer] INFO  c.n.e.r.AbstractInstanceRegistry - Running the evict task with compensationTime 4ms
2023-08-24 16:55:01.623 [Eureka-EvictionTimer] INFO  c.n.e.r.AbstractInstanceRegistry - Running the evict task with compensationTime 121ms
2023-08-24 16:55:06.629 [Eureka-EvictionTimer] INFO  c.n.e.r.AbstractInstanceRegistry - Running the evict task with compensationTime 5ms
2023-08-24 16:55:08.294 [http-nio-36000-exec-1] INFO  c.n.e.r.AbstractInstanceRegistry - Registered instance API/DESKTOP-Q8LROP6:api:36001 with status UP (replication=false)
2023-08-24 16:55:11.630 [Eureka-EvictionTimer] INFO  c.n.e.r.AbstractInstanceRegistry - Running the evict task with compensationTime 1ms
2023-08-24 16:55:16.640 [Eureka-EvictionTimer] INFO  c.n.e.r.AbstractInstanceRegistry - Running the evict task with compensationTime 9ms
2023-08-24 16:55:21.654 [Eureka-EvictionTimer] INFO  c.n.e.r.AbstractInstanceRegistry - Running the evict task with compensationTime 13ms
2023-08-24 16:55:26.661 [Eureka-EvictionTimer] INFO  c.n.e.r.AbstractInstanceRegistry - Running the evict task with compensationTime 7ms
2023-08-24 16:55:31.667 [Eureka-EvictionTimer] INFO  c.n.e.r.AbstractInstanceRegistry - Running the evict task with compensationTime 6ms
2023-08-24 16:55:36.680 [Eureka-EvictionTimer] INFO  c.n.e.r.AbstractInstanceRegistry - Running the evict task with compensationTime 12ms
2023-08-24 16:55:41.687 [Eureka-EvictionTimer] INFO  c.n.e.r.AbstractInstanceRegistry - Running the evict task with compensationTime 7ms
2023-08-24 16:55:46.691 [Eureka-EvictionTimer] INFO  c.n.e.r.AbstractInstanceRegistry - Running the evict task with compensationTime 3ms
2023-08-24 16:55:51.702 [Eureka-EvictionTimer] INFO  c.n.e.r.AbstractInstanceRegistry - Running the evict task with compensationTime 11ms
2023-08-24 16:55:56.705 [Eureka-EvictionTimer] INFO  c.n.e.r.AbstractInstanceRegistry - Running the evict task with compensationTime 3ms
2023-08-24 16:56:01.716 [Eureka-EvictionTimer] INFO  c.n.e.r.AbstractInstanceRegistry - Running the evict task with compensationTime 11ms
2023-08-24 16:56:06.725 [Eureka-EvictionTimer] INFO  c.n.e.r.AbstractInstanceRegistry - Running the evict task with compensationTime 8ms
2023-08-24 16:56:11.792 [Eureka-EvictionTimer] INFO  c.n.e.r.AbstractInstanceRegistry - Running the evict task with compensationTime 67ms
2023-08-24 16:56:16.801 [Eureka-EvictionTimer] INFO  c.n.e.r.AbstractInstanceRegistry - Running the evict task with compensationTime 8ms
2023-08-24 16:56:19.910 [http-nio-36000-exec-4] INFO  c.n.e.r.AbstractInstanceRegistry - Registered instance GATEWAY/DESKTOP-Q8LROP6:gateway:36005 with status UP (replication=false)
2023-08-24 16:56:21.807 [Eureka-EvictionTimer] INFO  c.n.e.r.AbstractInstanceRegistry - Running the evict task with compensationTime 5ms
2023-08-24 16:56:26.811 [Eureka-EvictionTimer] INFO  c.n.e.r.AbstractInstanceRegistry - Running the evict task with compensationTime 4ms
2023-08-24 16:56:31.821 [Eureka-EvictionTimer] INFO  c.n.e.r.AbstractInstanceRegistry - Running the evict task with compensationTime 10ms
2023-08-24 16:56:36.831 [Eureka-EvictionTimer] INFO  c.n.e.r.AbstractInstanceRegistry - Running the evict task with compensationTime 10ms
2023-08-24 16:56:41.846 [Eureka-EvictionTimer] INFO  c.n.e.r.AbstractInstanceRegistry - Running the evict task with compensationTime 14ms
2023-08-24 16:56:46.848 [Eureka-EvictionTimer] INFO  c.n.e.r.AbstractInstanceRegistry - Running the evict task with compensationTime 2ms
2023-08-24 16:56:51.857 [Eureka-EvictionTimer] INFO  c.n.e.r.AbstractInstanceRegistry - Running the evict task with compensationTime 8ms
2023-08-24 16:56:56.859 [Eureka-EvictionTimer] INFO  c.n.e.r.AbstractInstanceRegistry - Running the evict task with compensationTime 2ms
2023-08-24 16:57:01.875 [Eureka-EvictionTimer] INFO  c.n.e.r.AbstractInstanceRegistry - Running the evict task with compensationTime 14ms
2023-08-24 16:57:06.874 [Eureka-EvictionTimer] INFO  c.n.e.r.AbstractInstanceRegistry - Running the evict task with compensationTime 0ms
2023-08-24 16:57:11.900 [Eureka-EvictionTimer] INFO  c.n.e.r.AbstractInstanceRegistry - Running the evict task with compensationTime 26ms
2023-08-24 16:57:16.907 [Eureka-EvictionTimer] INFO  c.n.e.r.AbstractInstanceRegistry - Running the evict task with compensationTime 6ms
2023-08-24 16:57:21.916 [Eureka-EvictionTimer] INFO  c.n.e.r.AbstractInstanceRegistry - Running the evict task with compensationTime 9ms
2023-08-24 16:57:26.930 [Eureka-EvictionTimer] INFO  c.n.e.r.AbstractInstanceRegistry - Running the evict task with compensationTime 13ms
2023-08-24 16:57:31.937 [Eureka-EvictionTimer] INFO  c.n.e.r.AbstractInstanceRegistry - Running the evict task with compensationTime 7ms
2023-08-24 16:57:36.942 [Eureka-EvictionTimer] INFO  c.n.e.r.AbstractInstanceRegistry - Running the evict task with compensationTime 4ms
2023-08-24 16:57:41.969 [Eureka-EvictionTimer] INFO  c.n.e.r.AbstractInstanceRegistry - Running the evict task with compensationTime 27ms
2023-08-24 16:57:46.972 [Eureka-EvictionTimer] INFO  c.n.e.r.AbstractInstanceRegistry - Running the evict task with compensationTime 2ms
2023-08-24 16:57:51.976 [Eureka-EvictionTimer] INFO  c.n.e.r.AbstractInstanceRegistry - Running the evict task with compensationTime 4ms
2023-08-24 16:57:56.988 [Eureka-EvictionTimer] INFO  c.n.e.r.AbstractInstanceRegistry - Running the evict task with compensationTime 11ms
2023-08-24 16:58:01.994 [Eureka-EvictionTimer] INFO  c.n.e.r.AbstractInstanceRegistry - Running the evict task with compensationTime 5ms
2023-08-24 16:58:07.004 [Eureka-EvictionTimer] INFO  c.n.e.r.AbstractInstanceRegistry - Running the evict task with compensationTime 10ms
2023-08-24 16:58:12.016 [Eureka-EvictionTimer] INFO  c.n.e.r.AbstractInstanceRegistry - Running the evict task with compensationTime 11ms
2023-08-24 16:58:17.023 [Eureka-EvictionTimer] INFO  c.n.e.r.AbstractInstanceRegistry - Running the evict task with compensationTime 6ms
2023-08-24 16:58:22.031 [Eureka-EvictionTimer] INFO  c.n.e.r.AbstractInstanceRegistry - Running the evict task with compensationTime 8ms
2023-08-24 16:58:27.046 [Eureka-EvictionTimer] INFO  c.n.e.r.AbstractInstanceRegistry - Running the evict task with compensationTime 15ms
2023-08-24 16:58:32.051 [Eureka-EvictionTimer] INFO  c.n.e.r.AbstractInstanceRegistry - Running the evict task with compensationTime 4ms
2023-08-24 16:58:37.055 [Eureka-EvictionTimer] INFO  c.n.e.r.AbstractInstanceRegistry - Running the evict task with compensationTime 4ms
2023-08-24 16:58:42.059 [Eureka-EvictionTimer] INFO  c.n.e.r.AbstractInstanceRegistry - Running the evict task with compensationTime 3ms
2023-08-24 16:58:47.113 [Eureka-EvictionTimer] INFO  c.n.e.r.AbstractInstanceRegistry - Running the evict task with compensationTime 55ms
2023-08-24 16:58:52.119 [Eureka-EvictionTimer] INFO  c.n.e.r.AbstractInstanceRegistry - Running the evict task with compensationTime 4ms
2023-08-24 16:58:57.125 [Eureka-EvictionTimer] INFO  c.n.e.r.AbstractInstanceRegistry - Running the evict task with compensationTime 6ms
2023-08-24 16:59:02.132 [Eureka-EvictionTimer] INFO  c.n.e.r.AbstractInstanceRegistry - Running the evict task with compensationTime 7ms
2023-08-24 16:59:07.135 [Eureka-EvictionTimer] INFO  c.n.e.r.AbstractInstanceRegistry - Running the evict task with compensationTime 2ms
2023-08-24 16:59:12.140 [Eureka-EvictionTimer] INFO  c.n.e.r.AbstractInstanceRegistry - Running the evict task with compensationTime 4ms
2023-08-24 16:59:17.155 [Eureka-EvictionTimer] INFO  c.n.e.r.AbstractInstanceRegistry - Running the evict task with compensationTime 14ms
2023-08-24 16:59:22.161 [Eureka-EvictionTimer] INFO  c.n.e.r.AbstractInstanceRegistry - Running the evict task with compensationTime 6ms
2023-08-24 16:59:27.169 [Eureka-EvictionTimer] INFO  c.n.e.r.AbstractInstanceRegistry - Running the evict task with compensationTime 8ms
2023-08-24 16:59:32.180 [Eureka-EvictionTimer] INFO  c.n.e.r.AbstractInstanceRegistry - Running the evict task with compensationTime 10ms
2023-08-24 16:59:37.184 [Eureka-EvictionTimer] INFO  c.n.e.r.AbstractInstanceRegistry - Running the evict task with compensationTime 3ms
2023-08-24 16:59:42.198 [Eureka-EvictionTimer] INFO  c.n.e.r.AbstractInstanceRegistry - Running the evict task with compensationTime 14ms
2023-08-24 16:59:47.206 [Eureka-EvictionTimer] INFO  c.n.e.r.AbstractInstanceRegistry - Running the evict task with compensationTime 8ms
2023-08-24 16:59:52.207 [Eureka-EvictionTimer] INFO  c.n.e.r.AbstractInstanceRegistry - Running the evict task with compensationTime 0ms
2023-08-24 16:59:57.220 [Eureka-EvictionTimer] INFO  c.n.e.r.AbstractInstanceRegistry - Running the evict task with compensationTime 13ms
2023-08-24 17:00:02.222 [Eureka-EvictionTimer] INFO  c.n.e.r.AbstractInstanceRegistry - Running the evict task with compensationTime 2ms
2023-08-24 17:00:07.236 [Eureka-EvictionTimer] INFO  c.n.e.r.AbstractInstanceRegistry - Running the evict task with compensationTime 13ms
2023-08-24 17:00:12.241 [Eureka-EvictionTimer] INFO  c.n.e.r.AbstractInstanceRegistry - Running the evict task with compensationTime 4ms
2023-08-24 17:00:17.252 [Eureka-EvictionTimer] INFO  c.n.e.r.AbstractInstanceRegistry - Running the evict task with compensationTime 10ms
2023-08-24 17:00:22.252 [Eureka-EvictionTimer] INFO  c.n.e.r.AbstractInstanceRegistry - Running the evict task with compensationTime 0ms
2023-08-24 17:00:27.265 [Eureka-EvictionTimer] INFO  c.n.e.r.AbstractInstanceRegistry - Running the evict task with compensationTime 12ms
2023-08-24 17:00:32.279 [Eureka-EvictionTimer] INFO  c.n.e.r.AbstractInstanceRegistry - Running the evict task with compensationTime 13ms
2023-08-24 17:00:37.292 [Eureka-EvictionTimer] INFO  c.n.e.r.AbstractInstanceRegistry - Running the evict task with compensationTime 6ms
2023-08-24 17:00:42.296 [Eureka-EvictionTimer] INFO  c.n.e.r.AbstractInstanceRegistry - Running the evict task with compensationTime 10ms
2023-08-24 17:00:47.312 [Eureka-EvictionTimer] INFO  c.n.e.r.AbstractInstanceRegistry - Running the evict task with compensationTime 15ms
2023-08-24 17:00:52.323 [Eureka-EvictionTimer] INFO  c.n.e.r.AbstractInstanceRegistry - Running the evict task with compensationTime 10ms
2023-08-24 17:00:57.326 [Eureka-EvictionTimer] INFO  c.n.e.r.AbstractInstanceRegistry - Running the evict task with compensationTime 3ms
2023-08-24 17:01:02.341 [Eureka-EvictionTimer] INFO  c.n.e.r.AbstractInstanceRegistry - Running the evict task with compensationTime 15ms
2023-08-24 17:01:07.348 [Eureka-EvictionTimer] INFO  c.n.e.r.AbstractInstanceRegistry - Running the evict task with compensationTime 7ms
2023-08-24 17:01:12.361 [Eureka-EvictionTimer] INFO  c.n.e.r.AbstractInstanceRegistry - Running the evict task with compensationTime 13ms
2023-08-24 17:01:17.363 [Eureka-EvictionTimer] INFO  c.n.e.r.AbstractInstanceRegistry - Running the evict task with compensationTime 1ms
2023-08-24 17:01:22.376 [Eureka-EvictionTimer] INFO  c.n.e.r.AbstractInstanceRegistry - Running the evict task with compensationTime 12ms
2023-08-24 17:01:27.383 [Eureka-EvictionTimer] INFO  c.n.e.r.AbstractInstanceRegistry - Running the evict task with compensationTime 6ms
2023-08-24 17:01:32.393 [Eureka-EvictionTimer] INFO  c.n.e.r.AbstractInstanceRegistry - Running the evict task with compensationTime 10ms
2023-08-24 17:01:37.408 [Eureka-EvictionTimer] INFO  c.n.e.r.AbstractInstanceRegistry - Running the evict task with compensationTime 15ms
2023-08-24 17:01:42.423 [Eureka-EvictionTimer] INFO  c.n.e.r.AbstractInstanceRegistry - Running the evict task with compensationTime 14ms
2023-08-24 17:01:47.429 [Eureka-EvictionTimer] INFO  c.n.e.r.AbstractInstanceRegistry - Running the evict task with compensationTime 6ms
2023-08-24 17:01:52.441 [Eureka-EvictionTimer] INFO  c.n.e.r.AbstractInstanceRegistry - Running the evict task with compensationTime 11ms
2023-08-24 17:01:57.447 [Eureka-EvictionTimer] INFO  c.n.e.r.AbstractInstanceRegistry - Running the evict task with compensationTime 5ms
2023-08-24 17:02:02.451 [Eureka-EvictionTimer] INFO  c.n.e.r.AbstractInstanceRegistry - Running the evict task with compensationTime 4ms
2023-08-24 17:02:07.459 [Eureka-EvictionTimer] INFO  c.n.e.r.AbstractInstanceRegistry - Running the evict task with compensationTime 8ms
2023-08-24 17:02:12.471 [Eureka-EvictionTimer] INFO  c.n.e.r.AbstractInstanceRegistry - Running the evict task with compensationTime 11ms
2023-08-24 17:02:17.486 [Eureka-EvictionTimer] INFO  c.n.e.r.AbstractInstanceRegistry - Running the evict task with compensationTime 14ms
2023-08-24 17:02:22.494 [Eureka-EvictionTimer] INFO  c.n.e.r.AbstractInstanceRegistry - Running the evict task with compensationTime 7ms
2023-08-24 17:02:27.498 [Eureka-EvictionTimer] INFO  c.n.e.r.AbstractInstanceRegistry - Running the evict task with compensationTime 4ms
2023-08-24 17:02:32.513 [Eureka-EvictionTimer] INFO  c.n.e.r.AbstractInstanceRegistry - Running the evict task with compensationTime 15ms
2023-08-24 17:02:37.519 [Eureka-EvictionTimer] INFO  c.n.e.r.AbstractInstanceRegistry - Running the evict task with compensationTime 5ms
2023-08-24 17:02:42.533 [Eureka-EvictionTimer] INFO  c.n.e.r.AbstractInstanceRegistry - Running the evict task with compensationTime 13ms
2023-08-24 17:02:47.548 [Eureka-EvictionTimer] INFO  c.n.e.r.AbstractInstanceRegistry - Running the evict task with compensationTime 15ms
2023-08-24 17:02:52.550 [Eureka-EvictionTimer] INFO  c.n.e.r.AbstractInstanceRegistry - Running the evict task with compensationTime 2ms
2023-08-24 17:02:57.558 [Eureka-EvictionTimer] INFO  c.n.e.r.AbstractInstanceRegistry - Running the evict task with compensationTime 7ms
2023-08-24 17:03:02.560 [Eureka-EvictionTimer] INFO  c.n.e.r.AbstractInstanceRegistry - Running the evict task with compensationTime 2ms
2023-08-24 17:03:07.563 [Eureka-EvictionTimer] INFO  c.n.e.r.AbstractInstanceRegistry - Running the evict task with compensationTime 2ms
2023-08-24 17:03:12.565 [Eureka-EvictionTimer] INFO  c.n.e.r.AbstractInstanceRegistry - Running the evict task with compensationTime 2ms
2023-08-24 17:03:17.581 [Eureka-EvictionTimer] INFO  c.n.e.r.AbstractInstanceRegistry - Running the evict task with compensationTime 15ms
2023-08-24 17:03:22.592 [Eureka-EvictionTimer] INFO  c.n.e.r.AbstractInstanceRegistry - Running the evict task with compensationTime 10ms
2023-08-24 17:03:27.600 [Eureka-EvictionTimer] INFO  c.n.e.r.AbstractInstanceRegistry - Running the evict task with compensationTime 8ms
2023-08-24 17:03:32.615 [Eureka-EvictionTimer] INFO  c.n.e.r.AbstractInstanceRegistry - Running the evict task with compensationTime 15ms
2023-08-24 17:03:37.618 [Eureka-EvictionTimer] INFO  c.n.e.r.AbstractInstanceRegistry - Running the evict task with compensationTime 3ms
2023-08-24 17:03:42.626 [Eureka-EvictionTimer] INFO  c.n.e.r.AbstractInstanceRegistry - Running the evict task with compensationTime 7ms
2023-08-24 17:03:47.632 [Eureka-EvictionTimer] INFO  c.n.e.r.AbstractInstanceRegistry - Running the evict task with compensationTime 5ms
2023-08-24 17:03:52.643 [Eureka-EvictionTimer] INFO  c.n.e.r.AbstractInstanceRegistry - Running the evict task with compensationTime 11ms
2023-08-24 17:03:57.657 [Eureka-EvictionTimer] INFO  c.n.e.r.AbstractInstanceRegistry - Running the evict task with compensationTime 14ms
2023-08-24 17:04:02.662 [Eureka-EvictionTimer] INFO  c.n.e.r.AbstractInstanceRegistry - Running the evict task with compensationTime 4ms
2023-08-24 17:04:07.734 [Eureka-EvictionTimer] INFO  c.n.e.r.AbstractInstanceRegistry - Running the evict task with compensationTime 71ms
2023-08-24 17:04:12.742 [Eureka-EvictionTimer] INFO  c.n.e.r.AbstractInstanceRegistry - Running the evict task with compensationTime 8ms
2023-08-24 17:04:17.752 [Eureka-EvictionTimer] INFO  c.n.e.r.AbstractInstanceRegistry - Running the evict task with compensationTime 10ms
2023-08-24 17:04:22.753 [Eureka-EvictionTimer] INFO  c.n.e.r.AbstractInstanceRegistry - Running the evict task with compensationTime 0ms
2023-08-24 17:04:27.757 [Eureka-EvictionTimer] INFO  c.n.e.r.AbstractInstanceRegistry - Running the evict task with compensationTime 3ms
2023-08-24 17:04:32.760 [Eureka-EvictionTimer] INFO  c.n.e.r.AbstractInstanceRegistry - Running the evict task with compensationTime 3ms
2023-08-24 17:04:35.536 [http-nio-36000-exec-7] INFO  c.n.e.r.AbstractInstanceRegistry - Registered instance UNKNOWN/DESKTOP-Q8LROP6:36002 with status UP (replication=false)
2023-08-24 17:04:37.773 [Eureka-EvictionTimer] INFO  c.n.e.r.AbstractInstanceRegistry - Running the evict task with compensationTime 13ms
2023-08-24 17:04:42.775 [Eureka-EvictionTimer] INFO  c.n.e.r.AbstractInstanceRegistry - Running the evict task with compensationTime 1ms
2023-08-24 17:04:47.785 [Eureka-EvictionTimer] INFO  c.n.e.r.AbstractInstanceRegistry - Running the evict task with compensationTime 10ms
2023-08-24 17:04:52.797 [Eureka-EvictionTimer] INFO  c.n.e.r.AbstractInstanceRegistry - Running the evict task with compensationTime 11ms
2023-08-24 17:04:57.810 [Eureka-EvictionTimer] INFO  c.n.e.r.AbstractInstanceRegistry - Running the evict task with compensationTime 13ms
2023-08-24 17:05:02.815 [Eureka-EvictionTimer] INFO  c.n.e.r.AbstractInstanceRegistry - Running the evict task with compensationTime 5ms
2023-08-24 17:05:07.824 [Eureka-EvictionTimer] INFO  c.n.e.r.AbstractInstanceRegistry - Running the evict task with compensationTime 9ms
2023-08-24 17:05:12.834 [Eureka-EvictionTimer] INFO  c.n.e.r.AbstractInstanceRegistry - Running the evict task with compensationTime 9ms
2023-08-24 17:05:16.996 [http-nio-36000-exec-3] INFO  c.n.e.r.AbstractInstanceRegistry - Registered instance UNKNOWN/DESKTOP-Q8LROP6:36002 with status DOWN (replication=false)
2023-08-24 17:05:17.841 [Eureka-EvictionTimer] INFO  c.n.e.r.AbstractInstanceRegistry - Running the evict task with compensationTime 6ms
2023-08-24 17:05:20.391 [http-nio-36000-exec-6] INFO  c.n.e.r.AbstractInstanceRegistry - Cancelled instance UNKNOWN/DESKTOP-Q8LROP6:36002 (replication=false)
2023-08-24 17:05:22.842 [Eureka-EvictionTimer] INFO  c.n.e.r.AbstractInstanceRegistry - Running the evict task with compensationTime 0ms
2023-08-24 17:05:27.855 [Eureka-EvictionTimer] INFO  c.n.e.r.AbstractInstanceRegistry - Running the evict task with compensationTime 13ms
2023-08-24 17:05:32.871 [Eureka-EvictionTimer] INFO  c.n.e.r.AbstractInstanceRegistry - Running the evict task with compensationTime 15ms
2023-08-24 17:05:37.614 [http-nio-36000-exec-4] INFO  c.n.e.r.AbstractInstanceRegistry - Registered instance ONTOLOGY/DESKTOP-Q8LROP6:ontology:36002 with status UP (replication=false)
2023-08-24 17:05:37.884 [Eureka-EvictionTimer] INFO  c.n.e.r.AbstractInstanceRegistry - Running the evict task with compensationTime 13ms
2023-08-24 17:05:42.888 [Eureka-EvictionTimer] INFO  c.n.e.r.AbstractInstanceRegistry - Running the evict task with compensationTime 4ms
2023-08-24 17:05:47.893 [Eureka-EvictionTimer] INFO  c.n.e.r.AbstractInstanceRegistry - Running the evict task with compensationTime 4ms
2023-08-24 17:05:52.900 [Eureka-EvictionTimer] INFO  c.n.e.r.AbstractInstanceRegistry - Running the evict task with compensationTime 7ms
2023-08-24 17:05:57.913 [Eureka-EvictionTimer] INFO  c.n.e.r.AbstractInstanceRegistry - Running the evict task with compensationTime 13ms
2023-08-24 17:06:02.920 [Eureka-EvictionTimer] INFO  c.n.e.r.AbstractInstanceRegistry - Running the evict task with compensationTime 7ms
2023-08-24 17:06:07.932 [Eureka-EvictionTimer] INFO  c.n.e.r.AbstractInstanceRegistry - Running the evict task with compensationTime 11ms
2023-08-24 17:06:12.934 [Eureka-EvictionTimer] INFO  c.n.e.r.AbstractInstanceRegistry - Running the evict task with compensationTime 1ms
2023-08-24 17:06:17.935 [Eureka-EvictionTimer] INFO  c.n.e.r.AbstractInstanceRegistry - Running the evict task with compensationTime 0ms
2023-08-24 17:06:22.946 [Eureka-EvictionTimer] INFO  c.n.e.r.AbstractInstanceRegistry - Running the evict task with compensationTime 11ms
2023-08-24 17:06:27.951 [Eureka-EvictionTimer] INFO  c.n.e.r.AbstractInstanceRegistry - Running the evict task with compensationTime 5ms
2023-08-24 17:06:32.961 [Eureka-EvictionTimer] INFO  c.n.e.r.AbstractInstanceRegistry - Running the evict task with compensationTime 10ms
2023-08-24 17:06:37.973 [Eureka-EvictionTimer] INFO  c.n.e.r.AbstractInstanceRegistry - Running the evict task with compensationTime 12ms
2023-08-24 17:06:42.977 [Eureka-EvictionTimer] INFO  c.n.e.r.AbstractInstanceRegistry - Running the evict task with compensationTime 3ms
2023-08-24 17:06:47.986 [Eureka-EvictionTimer] INFO  c.n.e.r.AbstractInstanceRegistry - Running the evict task with compensationTime 8ms
2023-08-24 17:06:52.990 [Eureka-EvictionTimer] INFO  c.n.e.r.AbstractInstanceRegistry - Running the evict task with compensationTime 4ms
2023-08-24 17:06:58.005 [Eureka-EvictionTimer] INFO  c.n.e.r.AbstractInstanceRegistry - Running the evict task with compensationTime 14ms
2023-08-24 17:07:03.020 [Eureka-EvictionTimer] INFO  c.n.e.r.AbstractInstanceRegistry - Running the evict task with compensationTime 14ms
2023-08-24 17:07:08.033 [Eureka-EvictionTimer] INFO  c.n.e.r.AbstractInstanceRegistry - Running the evict task with compensationTime 13ms
2023-08-24 17:07:13.036 [Eureka-EvictionTimer] INFO  c.n.e.r.AbstractInstanceRegistry - Running the evict task with compensationTime 3ms
2023-08-24 17:07:18.050 [Eureka-EvictionTimer] INFO  c.n.e.r.AbstractInstanceRegistry - Running the evict task with compensationTime 13ms
2023-08-24 17:07:23.052 [Eureka-EvictionTimer] INFO  c.n.e.r.AbstractInstanceRegistry - Running the evict task with compensationTime 1ms
2023-08-24 17:07:28.063 [Eureka-EvictionTimer] INFO  c.n.e.r.AbstractInstanceRegistry - Running the evict task with compensationTime 12ms
2023-08-24 17:07:33.075 [Eureka-EvictionTimer] INFO  c.n.e.r.AbstractInstanceRegistry - Running the evict task with compensationTime 11ms
2023-08-24 17:07:38.086 [Eureka-EvictionTimer] INFO  c.n.e.r.AbstractInstanceRegistry - Running the evict task with compensationTime 10ms
2023-08-24 17:07:43.101 [Eureka-EvictionTimer] INFO  c.n.e.r.AbstractInstanceRegistry - Running the evict task with compensationTime 14ms
2023-08-24 17:07:48.114 [Eureka-EvictionTimer] INFO  c.n.e.r.AbstractInstanceRegistry - Running the evict task with compensationTime 13ms
2023-08-24 17:07:53.125 [Eureka-EvictionTimer] INFO  c.n.e.r.AbstractInstanceRegistry - Running the evict task with compensationTime 11ms
2023-08-24 17:07:58.138 [Eureka-EvictionTimer] INFO  c.n.e.r.AbstractInstanceRegistry - Running the evict task with compensationTime 13ms
2023-08-24 17:08:03.152 [Eureka-EvictionTimer] INFO  c.n.e.r.AbstractInstanceRegistry - Running the evict task with compensationTime 13ms
2023-08-24 17:08:08.158 [Eureka-EvictionTimer] INFO  c.n.e.r.AbstractInstanceRegistry - Running the evict task with compensationTime 6ms
2023-08-24 17:08:13.159 [Eureka-EvictionTimer] INFO  c.n.e.r.AbstractInstanceRegistry - Running the evict task with compensationTime 1ms
2023-08-24 17:08:18.164 [Eureka-EvictionTimer] INFO  c.n.e.r.AbstractInstanceRegistry - Running the evict task with compensationTime 5ms
2023-08-24 17:08:23.168 [Eureka-EvictionTimer] INFO  c.n.e.r.AbstractInstanceRegistry - Running the evict task with compensationTime 4ms
2023-08-24 17:08:28.179 [Eureka-EvictionTimer] INFO  c.n.e.r.AbstractInstanceRegistry - Running the evict task with compensationTime 10ms
2023-08-24 17:08:33.186 [Eureka-EvictionTimer] INFO  c.n.e.r.AbstractInstanceRegistry - Running the evict task with compensationTime 8ms
2023-08-24 17:08:38.201 [Eureka-EvictionTimer] INFO  c.n.e.r.AbstractInstanceRegistry - Running the evict task with compensationTime 13ms
2023-08-24 17:08:43.204 [Eureka-EvictionTimer] INFO  c.n.e.r.AbstractInstanceRegistry - Running the evict task with compensationTime 3ms
2023-08-24 17:08:48.212 [Eureka-EvictionTimer] INFO  c.n.e.r.AbstractInstanceRegistry - Running the evict task with compensationTime 7ms
2023-08-24 17:08:53.222 [Eureka-EvictionTimer] INFO  c.n.e.r.AbstractInstanceRegistry - Running the evict task with compensationTime 9ms
2023-08-24 17:08:58.223 [Eureka-EvictionTimer] INFO  c.n.e.r.AbstractInstanceRegistry - Running the evict task with compensationTime 1ms
2023-08-24 17:09:03.228 [Eureka-EvictionTimer] INFO  c.n.e.r.AbstractInstanceRegistry - Running the evict task with compensationTime 4ms
2023-08-24 17:09:08.240 [Eureka-EvictionTimer] INFO  c.n.e.r.AbstractInstanceRegistry - Running the evict task with compensationTime 11ms
2023-08-24 17:09:13.244 [Eureka-EvictionTimer] INFO  c.n.e.r.AbstractInstanceRegistry - Running the evict task with compensationTime 4ms
2023-08-24 17:09:16.409 [ReplicaAwareInstanceRegistry - RenewalThresholdUpdater] INFO  c.n.e.r.PeerAwareInstanceRegistryImpl - Current renewal threshold is : 0
2023-08-24 17:09:18.249 [Eureka-EvictionTimer] INFO  c.n.e.r.AbstractInstanceRegistry - Running the evict task with compensationTime 4ms
2023-08-24 17:09:23.264 [Eureka-EvictionTimer] INFO  c.n.e.r.AbstractInstanceRegistry - Running the evict task with compensationTime 14ms
2023-08-24 17:09:28.269 [Eureka-EvictionTimer] INFO  c.n.e.r.AbstractInstanceRegistry - Running the evict task with compensationTime 5ms
2023-08-24 17:09:33.275 [Eureka-EvictionTimer] INFO  c.n.e.r.AbstractInstanceRegistry - Running the evict task with compensationTime 5ms
2023-08-24 17:09:38.290 [Eureka-EvictionTimer] INFO  c.n.e.r.AbstractInstanceRegistry - Running the evict task with compensationTime 15ms
2023-08-24 17:09:43.301 [Eureka-EvictionTimer] INFO  c.n.e.r.AbstractInstanceRegistry - Running the evict task with compensationTime 10ms
2023-08-24 17:09:48.312 [Eureka-EvictionTimer] INFO  c.n.e.r.AbstractInstanceRegistry - Running the evict task with compensationTime 11ms
2023-08-24 17:09:53.316 [Eureka-EvictionTimer] INFO  c.n.e.r.AbstractInstanceRegistry - Running the evict task with compensationTime 3ms
2023-08-24 17:09:58.327 [Eureka-EvictionTimer] INFO  c.n.e.r.AbstractInstanceRegistry - Running the evict task with compensationTime 10ms
2023-08-24 17:10:03.342 [Eureka-EvictionTimer] INFO  c.n.e.r.AbstractInstanceRegistry - Running the evict task with compensationTime 15ms
2023-08-24 17:10:08.345 [Eureka-EvictionTimer] INFO  c.n.e.r.AbstractInstanceRegistry - Running the evict task with compensationTime 3ms
2023-08-24 17:10:13.348 [Eureka-EvictionTimer] INFO  c.n.e.r.AbstractInstanceRegistry - Running the evict task with compensationTime 2ms
2023-08-24 17:10:18.354 [Eureka-EvictionTimer] INFO  c.n.e.r.AbstractInstanceRegistry - Running the evict task with compensationTime 5ms
2023-08-24 17:10:23.358 [Eureka-EvictionTimer] INFO  c.n.e.r.AbstractInstanceRegistry - Running the evict task with compensationTime 3ms
2023-08-24 17:10:28.365 [Eureka-EvictionTimer] INFO  c.n.e.r.AbstractInstanceRegistry - Running the evict task with compensationTime 7ms
2023-08-24 17:10:33.372 [Eureka-EvictionTimer] INFO  c.n.e.r.AbstractInstanceRegistry - Running the evict task with compensationTime 6ms
2023-08-24 17:10:38.376 [Eureka-EvictionTimer] INFO  c.n.e.r.AbstractInstanceRegistry - Running the evict task with compensationTime 4ms
2023-08-24 17:10:43.377 [Eureka-EvictionTimer] INFO  c.n.e.r.AbstractInstanceRegistry - Running the evict task with compensationTime 0ms
2023-08-24 17:10:48.384 [Eureka-EvictionTimer] INFO  c.n.e.r.AbstractInstanceRegistry - Running the evict task with compensationTime 7ms
2023-08-24 17:10:53.399 [Eureka-EvictionTimer] INFO  c.n.e.r.AbstractInstanceRegistry - Running the evict task with compensationTime 14ms
2023-08-24 17:10:58.411 [Eureka-EvictionTimer] INFO  c.n.e.r.AbstractInstanceRegistry - Running the evict task with compensationTime 12ms
2023-08-24 17:11:03.419 [Eureka-EvictionTimer] INFO  c.n.e.r.AbstractInstanceRegistry - Running the evict task with compensationTime 7ms
2023-08-24 17:11:08.420 [Eureka-EvictionTimer] INFO  c.n.e.r.AbstractInstanceRegistry - Running the evict task with compensationTime 1ms
2023-08-24 17:11:13.427 [Eureka-EvictionTimer] INFO  c.n.e.r.AbstractInstanceRegistry - Running the evict task with compensationTime 6ms
2023-08-24 17:11:18.430 [Eureka-EvictionTimer] INFO  c.n.e.r.AbstractInstanceRegistry - Running the evict task with compensationTime 3ms
2023-08-24 17:11:23.442 [Eureka-EvictionTimer] INFO  c.n.e.r.AbstractInstanceRegistry - Running the evict task with compensationTime 11ms
2023-08-24 17:11:28.449 [Eureka-EvictionTimer] INFO  c.n.e.r.AbstractInstanceRegistry - Running the evict task with compensationTime 7ms
2023-08-24 17:11:33.461 [Eureka-EvictionTimer] INFO  c.n.e.r.AbstractInstanceRegistry - Running the evict task with compensationTime 12ms
2023-08-24 17:11:38.472 [Eureka-EvictionTimer] INFO  c.n.e.r.AbstractInstanceRegistry - Running the evict task with compensationTime 11ms
2023-08-24 17:11:43.485 [Eureka-EvictionTimer] INFO  c.n.e.r.AbstractInstanceRegistry - Running the evict task with compensationTime 12ms
2023-08-24 17:11:48.535 [Eureka-EvictionTimer] INFO  c.n.e.r.AbstractInstanceRegistry - Running the evict task with compensationTime 2ms
2023-08-24 17:11:53.495 [Eureka-EvictionTimer] INFO  c.n.e.r.AbstractInstanceRegistry - Running the evict task with compensationTime 8ms
2023-08-24 17:11:58.498 [Eureka-EvictionTimer] INFO  c.n.e.r.AbstractInstanceRegistry - Running the evict task with compensationTime 3ms
2023-08-24 17:12:03.506 [Eureka-EvictionTimer] INFO  c.n.e.r.AbstractInstanceRegistry - Running the evict task with compensationTime 7ms
2023-08-24 17:12:08.515 [Eureka-EvictionTimer] INFO  c.n.e.r.AbstractInstanceRegistry - Running the evict task with compensationTime 8ms
2023-08-24 17:12:13.517 [Eureka-EvictionTimer] INFO  c.n.e.r.AbstractInstanceRegistry - Running the evict task with compensationTime 2ms
2023-08-24 17:12:18.520 [Eureka-EvictionTimer] INFO  c.n.e.r.AbstractInstanceRegistry - Running the evict task with compensationTime 2ms
2023-08-24 17:12:23.528 [Eureka-EvictionTimer] INFO  c.n.e.r.AbstractInstanceRegistry - Running the evict task with compensationTime 7ms
2023-08-24 17:12:28.530 [Eureka-EvictionTimer] INFO  c.n.e.r.AbstractInstanceRegistry - Running the evict task with compensationTime 1ms
2023-08-24 17:12:33.542 [Eureka-EvictionTimer] INFO  c.n.e.r.AbstractInstanceRegistry - Running the evict task with compensationTime 11ms
2023-08-24 17:12:38.544 [Eureka-EvictionTimer] INFO  c.n.e.r.AbstractInstanceRegistry - Running the evict task with compensationTime 2ms
2023-08-24 17:12:43.549 [Eureka-EvictionTimer] INFO  c.n.e.r.AbstractInstanceRegistry - Running the evict task with compensationTime 5ms
2023-08-24 17:12:48.564 [Eureka-EvictionTimer] INFO  c.n.e.r.AbstractInstanceRegistry - Running the evict task with compensationTime 14ms
2023-08-24 17:12:53.570 [Eureka-EvictionTimer] INFO  c.n.e.r.AbstractInstanceRegistry - Running the evict task with compensationTime 5ms
2023-08-24 17:12:58.574 [Eureka-EvictionTimer] INFO  c.n.e.r.AbstractInstanceRegistry - Running the evict task with compensationTime 4ms
2023-08-24 17:13:03.580 [Eureka-EvictionTimer] INFO  c.n.e.r.AbstractInstanceRegistry - Running the evict task with compensationTime 6ms
2023-08-24 17:13:08.585 [Eureka-EvictionTimer] INFO  c.n.e.r.AbstractInstanceRegistry - Running the evict task with compensationTime 4ms
2023-08-24 17:13:13.589 [Eureka-EvictionTimer] INFO  c.n.e.r.AbstractInstanceRegistry - Running the evict task with compensationTime 4ms
2023-08-24 17:13:18.591 [Eureka-EvictionTimer] INFO  c.n.e.r.AbstractInstanceRegistry - Running the evict task with compensationTime 1ms
2023-08-24 17:13:23.594 [Eureka-EvictionTimer] INFO  c.n.e.r.AbstractInstanceRegistry - Running the evict task with compensationTime 2ms
2023-08-24 17:13:28.599 [Eureka-EvictionTimer] INFO  c.n.e.r.AbstractInstanceRegistry - Running the evict task with compensationTime 5ms
2023-08-24 17:13:33.604 [Eureka-EvictionTimer] INFO  c.n.e.r.AbstractInstanceRegistry - Running the evict task with compensationTime 4ms
2023-08-24 17:13:38.613 [Eureka-EvictionTimer] INFO  c.n.e.r.AbstractInstanceRegistry - Running the evict task with compensationTime 10ms
2023-08-24 17:13:43.615 [Eureka-EvictionTimer] INFO  c.n.e.r.AbstractInstanceRegistry - Running the evict task with compensationTime 1ms
2023-08-24 17:13:48.621 [Eureka-EvictionTimer] INFO  c.n.e.r.AbstractInstanceRegistry - Running the evict task with compensationTime 6ms
2023-08-24 17:13:53.635 [Eureka-EvictionTimer] INFO  c.n.e.r.AbstractInstanceRegistry - Running the evict task with compensationTime 13ms
2023-08-24 17:13:58.635 [Eureka-EvictionTimer] INFO  c.n.e.r.AbstractInstanceRegistry - Running the evict task with compensationTime 0ms
2023-08-24 17:14:03.646 [Eureka-EvictionTimer] INFO  c.n.e.r.AbstractInstanceRegistry - Running the evict task with compensationTime 10ms
2023-08-24 17:14:08.650 [Eureka-EvictionTimer] INFO  c.n.e.r.AbstractInstanceRegistry - Running the evict task with compensationTime 4ms
2023-08-24 17:14:13.652 [Eureka-EvictionTimer] INFO  c.n.e.r.AbstractInstanceRegistry - Running the evict task with compensationTime 1ms
2023-08-24 17:14:18.663 [Eureka-EvictionTimer] INFO  c.n.e.r.AbstractInstanceRegistry - Running the evict task with compensationTime 11ms
2023-08-24 17:14:23.677 [Eureka-EvictionTimer] INFO  c.n.e.r.AbstractInstanceRegistry - Running the evict task with compensationTime 13ms
2023-08-24 17:14:28.690 [Eureka-EvictionTimer] INFO  c.n.e.r.AbstractInstanceRegistry - Running the evict task with compensationTime 13ms
2023-08-24 17:14:33.703 [Eureka-EvictionTimer] INFO  c.n.e.r.AbstractInstanceRegistry - Running the evict task with compensationTime 12ms
2023-08-24 17:14:38.713 [Eureka-EvictionTimer] INFO  c.n.e.r.AbstractInstanceRegistry - Running the evict task with compensationTime 9ms
2023-08-24 17:14:43.724 [Eureka-EvictionTimer] INFO  c.n.e.r.AbstractInstanceRegistry - Running the evict task with compensationTime 11ms
2023-08-24 17:14:48.738 [Eureka-EvictionTimer] INFO  c.n.e.r.AbstractInstanceRegistry - Running the evict task with compensationTime 13ms
2023-08-24 17:14:53.750 [Eureka-EvictionTimer] INFO  c.n.e.r.AbstractInstanceRegistry - Running the evict task with compensationTime 11ms
2023-08-24 17:14:58.763 [Eureka-EvictionTimer] INFO  c.n.e.r.AbstractInstanceRegistry - Running the evict task with compensationTime 13ms
2023-08-24 17:15:03.779 [Eureka-EvictionTimer] INFO  c.n.e.r.AbstractInstanceRegistry - Running the evict task with compensationTime 15ms
2023-08-24 17:15:08.790 [Eureka-EvictionTimer] INFO  c.n.e.r.AbstractInstanceRegistry - Running the evict task with compensationTime 11ms
2023-08-24 17:15:13.804 [Eureka-EvictionTimer] INFO  c.n.e.r.AbstractInstanceRegistry - Running the evict task with compensationTime 14ms
2023-08-24 17:15:18.810 [Eureka-EvictionTimer] INFO  c.n.e.r.AbstractInstanceRegistry - Running the evict task with compensationTime 6ms
2023-08-24 17:15:23.825 [Eureka-EvictionTimer] INFO  c.n.e.r.AbstractInstanceRegistry - Running the evict task with compensationTime 14ms
2023-08-24 17:15:28.839 [Eureka-EvictionTimer] INFO  c.n.e.r.AbstractInstanceRegistry - Running the evict task with compensationTime 14ms
2023-08-24 17:15:33.844 [Eureka-EvictionTimer] INFO  c.n.e.r.AbstractInstanceRegistry - Running the evict task with compensationTime 4ms
2023-08-24 17:15:38.854 [Eureka-EvictionTimer] INFO  c.n.e.r.AbstractInstanceRegistry - Running the evict task with compensationTime 10ms
2023-08-24 17:15:43.864 [Eureka-EvictionTimer] INFO  c.n.e.r.AbstractInstanceRegistry - Running the evict task with compensationTime 9ms
2023-08-24 17:15:48.879 [Eureka-EvictionTimer] INFO  c.n.e.r.AbstractInstanceRegistry - Running the evict task with compensationTime 15ms
2023-08-24 17:15:53.892 [Eureka-EvictionTimer] INFO  c.n.e.r.AbstractInstanceRegistry - Running the evict task with compensationTime 13ms
2023-08-24 17:15:58.895 [Eureka-EvictionTimer] INFO  c.n.e.r.AbstractInstanceRegistry - Running the evict task with compensationTime 2ms
2023-08-24 17:16:03.909 [Eureka-EvictionTimer] INFO  c.n.e.r.AbstractInstanceRegistry - Running the evict task with compensationTime 14ms
2023-08-24 17:16:08.913 [Eureka-EvictionTimer] INFO  c.n.e.r.AbstractInstanceRegistry - Running the evict task with compensationTime 3ms
2023-08-24 17:16:13.922 [Eureka-EvictionTimer] INFO  c.n.e.r.AbstractInstanceRegistry - Running the evict task with compensationTime 8ms
2023-08-24 17:16:18.932 [Eureka-EvictionTimer] INFO  c.n.e.r.AbstractInstanceRegistry - Running the evict task with compensationTime 10ms
2023-08-24 17:16:23.934 [Eureka-EvictionTimer] INFO  c.n.e.r.AbstractInstanceRegistry - Running the evict task with compensationTime 2ms
2023-08-24 17:16:28.948 [Eureka-EvictionTimer] INFO  c.n.e.r.AbstractInstanceRegistry - Running the evict task with compensationTime 13ms
2023-08-24 17:16:33.952 [Eureka-EvictionTimer] INFO  c.n.e.r.AbstractInstanceRegistry - Running the evict task with compensationTime 4ms
2023-08-24 17:16:38.965 [Eureka-EvictionTimer] INFO  c.n.e.r.AbstractInstanceRegistry - Running the evict task with compensationTime 13ms
2023-08-24 17:16:43.969 [Eureka-EvictionTimer] INFO  c.n.e.r.AbstractInstanceRegistry - Running the evict task with compensationTime 3ms
2023-08-24 17:16:48.977 [Eureka-EvictionTimer] INFO  c.n.e.r.AbstractInstanceRegistry - Running the evict task with compensationTime 7ms
2023-08-24 17:16:53.978 [Eureka-EvictionTimer] INFO  c.n.e.r.AbstractInstanceRegistry - Running the evict task with compensationTime 1ms
2023-08-24 17:16:58.992 [Eureka-EvictionTimer] INFO  c.n.e.r.AbstractInstanceRegistry - Running the evict task with compensationTime 13ms
2023-08-24 17:17:04.001 [Eureka-EvictionTimer] INFO  c.n.e.r.AbstractInstanceRegistry - Running the evict task with compensationTime 9ms
2023-08-24 17:17:09.013 [Eureka-EvictionTimer] INFO  c.n.e.r.AbstractInstanceRegistry - Running the evict task with compensationTime 11ms
2023-08-24 17:17:14.028 [Eureka-EvictionTimer] INFO  c.n.e.r.AbstractInstanceRegistry - Running the evict task with compensationTime 14ms
2023-08-24 17:17:19.035 [Eureka-EvictionTimer] INFO  c.n.e.r.AbstractInstanceRegistry - Running the evict task with compensationTime 7ms
2023-08-24 17:17:24.039 [Eureka-EvictionTimer] INFO  c.n.e.r.AbstractInstanceRegistry - Running the evict task with compensationTime 3ms
2023-08-24 17:17:29.049 [Eureka-EvictionTimer] INFO  c.n.e.r.AbstractInstanceRegistry - Running the evict task with compensationTime 9ms
2023-08-24 17:17:34.057 [Eureka-EvictionTimer] INFO  c.n.e.r.AbstractInstanceRegistry - Running the evict task with compensationTime 8ms
2023-08-24 17:17:39.062 [Eureka-EvictionTimer] INFO  c.n.e.r.AbstractInstanceRegistry - Running the evict task with compensationTime 4ms
2023-08-24 17:17:44.063 [Eureka-EvictionTimer] INFO  c.n.e.r.AbstractInstanceRegistry - Running the evict task with compensationTime 0ms
2023-08-24 17:17:49.074 [Eureka-EvictionTimer] INFO  c.n.e.r.AbstractInstanceRegistry - Running the evict task with compensationTime 10ms
2023-08-24 17:17:54.076 [Eureka-EvictionTimer] INFO  c.n.e.r.AbstractInstanceRegistry - Running the evict task with compensationTime 2ms
2023-08-24 17:17:59.078 [Eureka-EvictionTimer] INFO  c.n.e.r.AbstractInstanceRegistry - Running the evict task with compensationTime 1ms
2023-08-24 17:18:04.080 [Eureka-EvictionTimer] INFO  c.n.e.r.AbstractInstanceRegistry - Running the evict task with compensationTime 2ms
2023-08-24 17:18:09.084 [Eureka-EvictionTimer] INFO  c.n.e.r.AbstractInstanceRegistry - Running the evict task with compensationTime 4ms
2023-08-24 17:18:14.094 [Eureka-EvictionTimer] INFO  c.n.e.r.AbstractInstanceRegistry - Running the evict task with compensationTime 9ms
2023-08-24 17:18:19.102 [Eureka-EvictionTimer] INFO  c.n.e.r.AbstractInstanceRegistry - Running the evict task with compensationTime 7ms
2023-08-24 17:18:24.108 [Eureka-EvictionTimer] INFO  c.n.e.r.AbstractInstanceRegistry - Running the evict task with compensationTime 6ms
2023-08-24 17:18:29.124 [Eureka-EvictionTimer] INFO  c.n.e.r.AbstractInstanceRegistry - Running the evict task with compensationTime 15ms
2023-08-24 17:18:34.140 [Eureka-EvictionTimer] INFO  c.n.e.r.AbstractInstanceRegistry - Running the evict task with compensationTime 15ms
2023-08-24 17:18:39.144 [Eureka-EvictionTimer] INFO  c.n.e.r.AbstractInstanceRegistry - Running the evict task with compensationTime 4ms
2023-08-24 17:18:44.154 [Eureka-EvictionTimer] INFO  c.n.e.r.AbstractInstanceRegistry - Running the evict task with compensationTime 9ms
2023-08-24 17:18:49.168 [Eureka-EvictionTimer] INFO  c.n.e.r.AbstractInstanceRegistry - Running the evict task with compensationTime 14ms
2023-08-24 17:18:54.178 [Eureka-EvictionTimer] INFO  c.n.e.r.AbstractInstanceRegistry - Running the evict task with compensationTime 10ms
2023-08-24 17:18:59.190 [Eureka-EvictionTimer] INFO  c.n.e.r.AbstractInstanceRegistry - Running the evict task with compensationTime 11ms
2023-08-24 17:19:04.200 [Eureka-EvictionTimer] INFO  c.n.e.r.AbstractInstanceRegistry - Running the evict task with compensationTime 10ms
2023-08-24 17:19:09.208 [Eureka-EvictionTimer] INFO  c.n.e.r.AbstractInstanceRegistry - Running the evict task with compensationTime 7ms
2023-08-24 17:19:14.209 [Eureka-EvictionTimer] INFO  c.n.e.r.AbstractInstanceRegistry - Running the evict task with compensationTime 1ms
2023-08-24 17:19:19.239 [Eureka-EvictionTimer] INFO  c.n.e.r.AbstractInstanceRegistry - Running the evict task with compensationTime 30ms
2023-08-24 17:32:09.788 [Eureka-EvictionTimer] INFO  c.n.e.r.AbstractInstanceRegistry - Running the evict task with compensationTime 765569ms
2023-08-24 17:32:14.796 [Eureka-EvictionTimer] INFO  c.n.e.r.AbstractInstanceRegistry - Running the evict task with compensationTime 8ms
2023-08-24 17:32:19.812 [Eureka-EvictionTimer] INFO  c.n.e.r.AbstractInstanceRegistry - Running the evict task with compensationTime 15ms
2023-08-24 17:32:24.823 [Eureka-EvictionTimer] INFO  c.n.e.r.AbstractInstanceRegistry - Running the evict task with compensationTime 11ms
2023-08-24 17:32:29.832 [Eureka-EvictionTimer] INFO  c.n.e.r.AbstractInstanceRegistry - Running the evict task with compensationTime 9ms
2023-08-24 17:32:34.844 [Eureka-EvictionTimer] INFO  c.n.e.r.AbstractInstanceRegistry - Running the evict task with compensationTime 11ms
2023-08-24 17:32:39.846 [Eureka-EvictionTimer] INFO  c.n.e.r.AbstractInstanceRegistry - Running the evict task with compensationTime 1ms
2023-08-24 17:32:44.853 [Eureka-EvictionTimer] INFO  c.n.e.r.AbstractInstanceRegistry - Running the evict task with compensationTime 7ms
2023-08-24 17:32:49.854 [Eureka-EvictionTimer] INFO  c.n.e.r.AbstractInstanceRegistry - Running the evict task with compensationTime 0ms
2023-08-24 17:32:54.855 [Eureka-EvictionTimer] INFO  c.n.e.r.AbstractInstanceRegistry - Running the evict task with compensationTime 1ms
2023-08-24 17:32:59.857 [Eureka-EvictionTimer] INFO  c.n.e.r.AbstractInstanceRegistry - Running the evict task with compensationTime 1ms
2023-08-24 17:33:04.864 [Eureka-EvictionTimer] INFO  c.n.e.r.AbstractInstanceRegistry - Running the evict task with compensationTime 7ms
2023-08-24 17:33:09.870 [Eureka-EvictionTimer] INFO  c.n.e.r.AbstractInstanceRegistry - Running the evict task with compensationTime 6ms
2023-08-24 17:33:14.875 [Eureka-EvictionTimer] INFO  c.n.e.r.AbstractInstanceRegistry - Running the evict task with compensationTime 4ms
2023-08-24 17:33:19.877 [Eureka-EvictionTimer] INFO  c.n.e.r.AbstractInstanceRegistry - Running the evict task with compensationTime 2ms
2023-08-24 17:33:24.879 [Eureka-EvictionTimer] INFO  c.n.e.r.AbstractInstanceRegistry - Running the evict task with compensationTime 1ms
2023-08-24 17:33:29.889 [Eureka-EvictionTimer] INFO  c.n.e.r.AbstractInstanceRegistry - Running the evict task with compensationTime 9ms
2023-08-24 17:33:34.893 [Eureka-EvictionTimer] INFO  c.n.e.r.AbstractInstanceRegistry - Running the evict task with compensationTime 3ms
2023-08-24 17:33:39.907 [Eureka-EvictionTimer] INFO  c.n.e.r.AbstractInstanceRegistry - Running the evict task with compensationTime 15ms
2023-08-24 17:33:44.918 [Eureka-EvictionTimer] INFO  c.n.e.r.AbstractInstanceRegistry - Running the evict task with compensationTime 10ms
2023-08-24 17:33:49.918 [Eureka-EvictionTimer] INFO  c.n.e.r.AbstractInstanceRegistry - Running the evict task with compensationTime 0ms
2023-08-24 17:33:54.926 [Eureka-EvictionTimer] INFO  c.n.e.r.AbstractInstanceRegistry - Running the evict task with compensationTime 7ms
2023-08-24 17:33:59.928 [Eureka-EvictionTimer] INFO  c.n.e.r.AbstractInstanceRegistry - Running the evict task with compensationTime 1ms
2023-08-24 17:34:04.938 [Eureka-EvictionTimer] INFO  c.n.e.r.AbstractInstanceRegistry - Running the evict task with compensationTime 10ms
2023-08-24 17:34:09.944 [Eureka-EvictionTimer] INFO  c.n.e.r.AbstractInstanceRegistry - Running the evict task with compensationTime 5ms
2023-08-24 17:34:14.959 [Eureka-EvictionTimer] INFO  c.n.e.r.AbstractInstanceRegistry - Running the evict task with compensationTime 14ms
2023-08-24 17:34:19.966 [Eureka-EvictionTimer] INFO  c.n.e.r.AbstractInstanceRegistry - Running the evict task with compensationTime 7ms
2023-08-24 17:34:24.977 [Eureka-EvictionTimer] INFO  c.n.e.r.AbstractInstanceRegistry - Running the evict task with compensationTime 11ms
2023-08-24 17:34:29.986 [Eureka-EvictionTimer] INFO  c.n.e.r.AbstractInstanceRegistry - Running the evict task with compensationTime 8ms
2023-08-24 17:34:34.997 [Eureka-EvictionTimer] INFO  c.n.e.r.AbstractInstanceRegistry - Running the evict task with compensationTime 11ms
2023-08-24 17:34:40.000 [Eureka-EvictionTimer] INFO  c.n.e.r.AbstractInstanceRegistry - Running the evict task with compensationTime 2ms
2023-08-24 17:34:45.006 [Eureka-EvictionTimer] INFO  c.n.e.r.AbstractInstanceRegistry - Running the evict task with compensationTime 6ms
2023-08-24 17:34:50.019 [Eureka-EvictionTimer] INFO  c.n.e.r.AbstractInstanceRegistry - Running the evict task with compensationTime 13ms
2023-08-24 17:34:55.024 [Eureka-EvictionTimer] INFO  c.n.e.r.AbstractInstanceRegistry - Running the evict task with compensationTime 5ms
2023-08-24 17:35:00.033 [Eureka-EvictionTimer] INFO  c.n.e.r.AbstractInstanceRegistry - Running the evict task with compensationTime 8ms
2023-08-24 17:35:05.047 [Eureka-EvictionTimer] INFO  c.n.e.r.AbstractInstanceRegistry - Running the evict task with compensationTime 13ms
2023-08-24 17:35:10.058 [Eureka-EvictionTimer] INFO  c.n.e.r.AbstractInstanceRegistry - Running the evict task with compensationTime 10ms
2023-08-24 17:35:15.058 [Eureka-EvictionTimer] INFO  c.n.e.r.AbstractInstanceRegistry - Running the evict task with compensationTime 0ms
2023-08-24 17:35:20.060 [Eureka-EvictionTimer] INFO  c.n.e.r.AbstractInstanceRegistry - Running the evict task with compensationTime 2ms
2023-08-24 17:35:25.067 [Eureka-EvictionTimer] INFO  c.n.e.r.AbstractInstanceRegistry - Running the evict task with compensationTime 6ms
2023-08-24 17:35:30.073 [Eureka-EvictionTimer] INFO  c.n.e.r.AbstractInstanceRegistry - Running the evict task with compensationTime 5ms
2023-08-24 17:35:35.078 [Eureka-EvictionTimer] INFO  c.n.e.r.AbstractInstanceRegistry - Running the evict task with compensationTime 4ms
2023-08-24 17:35:40.085 [Eureka-EvictionTimer] INFO  c.n.e.r.AbstractInstanceRegistry - Running the evict task with compensationTime 7ms
2023-08-24 17:35:45.092 [Eureka-EvictionTimer] INFO  c.n.e.r.AbstractInstanceRegistry - Running the evict task with compensationTime 6ms
2023-08-24 17:35:50.098 [Eureka-EvictionTimer] INFO  c.n.e.r.AbstractInstanceRegistry - Running the evict task with compensationTime 5ms
2023-08-24 17:35:55.098 [Eureka-EvictionTimer] INFO  c.n.e.r.AbstractInstanceRegistry - Running the evict task with compensationTime 0ms
2023-08-24 17:36:00.324 [Eureka-EvictionTimer] INFO  c.n.e.r.AbstractInstanceRegistry - Running the evict task with compensationTime 225ms
2023-08-24 17:36:05.328 [Eureka-EvictionTimer] INFO  c.n.e.r.AbstractInstanceRegistry - Running the evict task with compensationTime 4ms
2023-08-24 17:36:10.339 [Eureka-EvictionTimer] INFO  c.n.e.r.AbstractInstanceRegistry - Running the evict task with compensationTime 10ms
2023-08-24 17:36:15.352 [Eureka-EvictionTimer] INFO  c.n.e.r.AbstractInstanceRegistry - Running the evict task with compensationTime 13ms
2023-08-24 17:36:20.366 [Eureka-EvictionTimer] INFO  c.n.e.r.AbstractInstanceRegistry - Running the evict task with compensationTime 13ms
2023-08-24 17:36:25.371 [Eureka-EvictionTimer] INFO  c.n.e.r.AbstractInstanceRegistry - Running the evict task with compensationTime 5ms
2023-08-24 17:36:30.375 [Eureka-EvictionTimer] INFO  c.n.e.r.AbstractInstanceRegistry - Running the evict task with compensationTime 3ms
2023-08-24 17:36:35.388 [Eureka-EvictionTimer] INFO  c.n.e.r.AbstractInstanceRegistry - Running the evict task with compensationTime 12ms
2023-08-24 17:36:40.393 [Eureka-EvictionTimer] INFO  c.n.e.r.AbstractInstanceRegistry - Running the evict task with compensationTime 4ms
2023-08-24 17:36:45.400 [Eureka-EvictionTimer] INFO  c.n.e.r.AbstractInstanceRegistry - Running the evict task with compensationTime 7ms
2023-08-24 17:36:50.409 [Eureka-EvictionTimer] INFO  c.n.e.r.AbstractInstanceRegistry - Running the evict task with compensationTime 8ms
2023-08-24 17:36:55.416 [Eureka-EvictionTimer] INFO  c.n.e.r.AbstractInstanceRegistry - Running the evict task with compensationTime 7ms
2023-08-24 17:37:00.425 [Eureka-EvictionTimer] INFO  c.n.e.r.AbstractInstanceRegistry - Running the evict task with compensationTime 8ms
2023-08-24 17:37:01.940 [ReplicaAwareInstanceRegistry - RenewalThresholdUpdater] INFO  c.n.e.r.PeerAwareInstanceRegistryImpl - Current renewal threshold is : 0
2023-08-24 17:37:05.432 [Eureka-EvictionTimer] INFO  c.n.e.r.AbstractInstanceRegistry - Running the evict task with compensationTime 6ms
2023-08-24 17:37:10.437 [Eureka-EvictionTimer] INFO  c.n.e.r.AbstractInstanceRegistry - Running the evict task with compensationTime 5ms
2023-08-24 17:37:15.446 [Eureka-EvictionTimer] INFO  c.n.e.r.AbstractInstanceRegistry - Running the evict task with compensationTime 8ms
2023-08-24 17:37:20.454 [Eureka-EvictionTimer] INFO  c.n.e.r.AbstractInstanceRegistry - Running the evict task with compensationTime 7ms
2023-08-24 17:37:25.460 [Eureka-EvictionTimer] INFO  c.n.e.r.AbstractInstanceRegistry - Running the evict task with compensationTime 6ms
2023-08-24 17:37:30.468 [Eureka-EvictionTimer] INFO  c.n.e.r.AbstractInstanceRegistry - Running the evict task with compensationTime 8ms
2023-08-24 17:37:35.483 [Eureka-EvictionTimer] INFO  c.n.e.r.AbstractInstanceRegistry - Running the evict task with compensationTime 14ms
2023-08-24 17:37:40.493 [Eureka-EvictionTimer] INFO  c.n.e.r.AbstractInstanceRegistry - Running the evict task with compensationTime 9ms
2023-08-24 17:37:45.503 [Eureka-EvictionTimer] INFO  c.n.e.r.AbstractInstanceRegistry - Running the evict task with compensationTime 9ms
2023-08-24 17:37:50.509 [Eureka-EvictionTimer] INFO  c.n.e.r.AbstractInstanceRegistry - Running the evict task with compensationTime 6ms
2023-08-24 17:37:55.516 [Eureka-EvictionTimer] INFO  c.n.e.r.AbstractInstanceRegistry - Running the evict task with compensationTime 6ms
2023-08-24 17:38:00.531 [Eureka-EvictionTimer] INFO  c.n.e.r.AbstractInstanceRegistry - Running the evict task with compensationTime 15ms
2023-08-24 17:38:05.532 [Eureka-EvictionTimer] INFO  c.n.e.r.AbstractInstanceRegistry - Running the evict task with compensationTime 0ms
2023-08-24 17:38:10.543 [Eureka-EvictionTimer] INFO  c.n.e.r.AbstractInstanceRegistry - Running the evict task with compensationTime 11ms
2023-08-24 17:38:15.555 [Eureka-EvictionTimer] INFO  c.n.e.r.AbstractInstanceRegistry - Running the evict task with compensationTime 11ms
2023-08-24 17:38:20.556 [Eureka-EvictionTimer] INFO  c.n.e.r.AbstractInstanceRegistry - Running the evict task with compensationTime 1ms
2023-08-24 17:38:25.568 [Eureka-EvictionTimer] INFO  c.n.e.r.AbstractInstanceRegistry - Running the evict task with compensationTime 11ms
2023-08-24 17:38:30.582 [Eureka-EvictionTimer] INFO  c.n.e.r.AbstractInstanceRegistry - Running the evict task with compensationTime 13ms
2023-08-24 17:38:35.593 [Eureka-EvictionTimer] INFO  c.n.e.r.AbstractInstanceRegistry - Running the evict task with compensationTime 10ms
2023-08-24 17:38:40.602 [Eureka-EvictionTimer] INFO  c.n.e.r.AbstractInstanceRegistry - Running the evict task with compensationTime 9ms
2023-08-24 17:38:45.611 [Eureka-EvictionTimer] INFO  c.n.e.r.AbstractInstanceRegistry - Running the evict task with compensationTime 8ms
2023-08-24 17:38:50.615 [Eureka-EvictionTimer] INFO  c.n.e.r.AbstractInstanceRegistry - Running the evict task with compensationTime 4ms
2023-08-24 17:38:55.618 [Eureka-EvictionTimer] INFO  c.n.e.r.AbstractInstanceRegistry - Running the evict task with compensationTime 2ms
2023-08-24 17:39:00.624 [Eureka-EvictionTimer] INFO  c.n.e.r.AbstractInstanceRegistry - Running the evict task with compensationTime 6ms
2023-08-24 17:39:05.636 [Eureka-EvictionTimer] INFO  c.n.e.r.AbstractInstanceRegistry - Running the evict task with compensationTime 12ms
2023-08-24 17:39:10.646 [Eureka-EvictionTimer] INFO  c.n.e.r.AbstractInstanceRegistry - Running the evict task with compensationTime 9ms
2023-08-24 17:39:15.655 [Eureka-EvictionTimer] INFO  c.n.e.r.AbstractInstanceRegistry - Running the evict task with compensationTime 9ms
2023-08-24 17:39:20.667 [Eureka-EvictionTimer] INFO  c.n.e.r.AbstractInstanceRegistry - Running the evict task with compensationTime 12ms
2023-08-24 17:39:25.671 [Eureka-EvictionTimer] INFO  c.n.e.r.AbstractInstanceRegistry - Running the evict task with compensationTime 3ms
2023-08-24 17:39:30.683 [Eureka-EvictionTimer] INFO  c.n.e.r.AbstractInstanceRegistry - Running the evict task with compensationTime 12ms
2023-08-24 17:39:35.694 [Eureka-EvictionTimer] INFO  c.n.e.r.AbstractInstanceRegistry - Running the evict task with compensationTime 10ms
2023-08-24 17:39:40.702 [Eureka-EvictionTimer] INFO  c.n.e.r.AbstractInstanceRegistry - Running the evict task with compensationTime 7ms
2023-08-24 17:39:45.704 [Eureka-EvictionTimer] INFO  c.n.e.r.AbstractInstanceRegistry - Running the evict task with compensationTime 2ms
2023-08-24 17:39:50.714 [Eureka-EvictionTimer] INFO  c.n.e.r.AbstractInstanceRegistry - Running the evict task with compensationTime 9ms
2023-08-24 17:39:55.725 [Eureka-EvictionTimer] INFO  c.n.e.r.AbstractInstanceRegistry - Running the evict task with compensationTime 10ms
2023-08-24 17:40:00.731 [Eureka-EvictionTimer] INFO  c.n.e.r.AbstractInstanceRegistry - Running the evict task with compensationTime 6ms
2023-08-24 17:40:05.734 [Eureka-EvictionTimer] INFO  c.n.e.r.AbstractInstanceRegistry - Running the evict task with compensationTime 2ms
2023-08-24 17:40:10.739 [Eureka-EvictionTimer] INFO  c.n.e.r.AbstractInstanceRegistry - Running the evict task with compensationTime 5ms
2023-08-24 17:40:15.747 [Eureka-EvictionTimer] INFO  c.n.e.r.AbstractInstanceRegistry - Running the evict task with compensationTime 7ms
2023-08-24 17:40:20.754 [Eureka-EvictionTimer] INFO  c.n.e.r.AbstractInstanceRegistry - Running the evict task with compensationTime 6ms
2023-08-24 17:40:25.765 [Eureka-EvictionTimer] INFO  c.n.e.r.AbstractInstanceRegistry - Running the evict task with compensationTime 10ms
2023-08-24 17:40:30.769 [Eureka-EvictionTimer] INFO  c.n.e.r.AbstractInstanceRegistry - Running the evict task with compensationTime 4ms
2023-08-24 17:40:35.775 [Eureka-EvictionTimer] INFO  c.n.e.r.AbstractInstanceRegistry - Running the evict task with compensationTime 5ms
2023-08-24 17:40:40.789 [Eureka-EvictionTimer] INFO  c.n.e.r.AbstractInstanceRegistry - Running the evict task with compensationTime 13ms
2023-08-24 17:40:45.791 [Eureka-EvictionTimer] INFO  c.n.e.r.AbstractInstanceRegistry - Running the evict task with compensationTime 2ms
2023-08-24 17:40:50.806 [Eureka-EvictionTimer] INFO  c.n.e.r.AbstractInstanceRegistry - Running the evict task with compensationTime 15ms
2023-08-24 17:40:55.831 [Eureka-EvictionTimer] INFO  c.n.e.r.AbstractInstanceRegistry - Running the evict task with compensationTime 24ms
2023-08-24 17:41:00.841 [Eureka-EvictionTimer] INFO  c.n.e.r.AbstractInstanceRegistry - Running the evict task with compensationTime 9ms
2023-08-24 17:41:05.852 [Eureka-EvictionTimer] INFO  c.n.e.r.AbstractInstanceRegistry - Running the evict task with compensationTime 11ms
2023-08-24 17:41:10.864 [Eureka-EvictionTimer] INFO  c.n.e.r.AbstractInstanceRegistry - Running the evict task with compensationTime 11ms
2023-08-24 17:41:15.874 [Eureka-EvictionTimer] INFO  c.n.e.r.AbstractInstanceRegistry - Running the evict task with compensationTime 10ms
2023-08-24 17:41:20.892 [Eureka-EvictionTimer] INFO  c.n.e.r.AbstractInstanceRegistry - Running the evict task with compensationTime 18ms
2023-08-24 17:41:25.898 [Eureka-EvictionTimer] INFO  c.n.e.r.AbstractInstanceRegistry - Running the evict task with compensationTime 5ms
2023-08-24 17:41:30.905 [Eureka-EvictionTimer] INFO  c.n.e.r.AbstractInstanceRegistry - Running the evict task with compensationTime 6ms
2023-08-24 17:41:35.913 [Eureka-EvictionTimer] INFO  c.n.e.r.AbstractInstanceRegistry - Running the evict task with compensationTime 7ms
2023-08-24 17:41:40.920 [Eureka-EvictionTimer] INFO  c.n.e.r.AbstractInstanceRegistry - Running the evict task with compensationTime 7ms
2023-08-24 17:41:45.921 [Eureka-EvictionTimer] INFO  c.n.e.r.AbstractInstanceRegistry - Running the evict task with compensationTime 0ms
2023-08-24 17:41:50.927 [Eureka-EvictionTimer] INFO  c.n.e.r.AbstractInstanceRegistry - Running the evict task with compensationTime 5ms
2023-08-24 17:41:55.940 [Eureka-EvictionTimer] INFO  c.n.e.r.AbstractInstanceRegistry - Running the evict task with compensationTime 13ms
2023-08-24 17:42:00.943 [Eureka-EvictionTimer] INFO  c.n.e.r.AbstractInstanceRegistry - Running the evict task with compensationTime 2ms
2023-08-24 17:42:05.947 [Eureka-EvictionTimer] INFO  c.n.e.r.AbstractInstanceRegistry - Running the evict task with compensationTime 4ms
2023-08-24 17:42:10.952 [Eureka-EvictionTimer] INFO  c.n.e.r.AbstractInstanceRegistry - Running the evict task with compensationTime 5ms
2023-08-24 17:42:15.985 [Eureka-EvictionTimer] INFO  c.n.e.r.AbstractInstanceRegistry - Running the evict task with compensationTime 32ms
2023-08-24 17:42:21.087 [Eureka-EvictionTimer] INFO  c.n.e.r.AbstractInstanceRegistry - Running the evict task with compensationTime 102ms
2023-08-24 17:42:26.087 [Eureka-EvictionTimer] INFO  c.n.e.r.AbstractInstanceRegistry - Running the evict task with compensationTime 0ms
2023-08-24 17:42:31.092 [Eureka-EvictionTimer] INFO  c.n.e.r.AbstractInstanceRegistry - Running the evict task with compensationTime 5ms
2023-08-24 17:42:36.102 [Eureka-EvictionTimer] INFO  c.n.e.r.AbstractInstanceRegistry - Running the evict task with compensationTime 9ms
2023-08-24 17:42:41.102 [Eureka-EvictionTimer] INFO  c.n.e.r.AbstractInstanceRegistry - Running the evict task with compensationTime 0ms
2023-08-24 17:42:46.107 [Eureka-EvictionTimer] INFO  c.n.e.r.AbstractInstanceRegistry - Running the evict task with compensationTime 4ms
2023-08-24 17:42:51.107 [Eureka-EvictionTimer] INFO  c.n.e.r.AbstractInstanceRegistry - Running the evict task with compensationTime 0ms
2023-08-24 17:42:56.123 [Eureka-EvictionTimer] INFO  c.n.e.r.AbstractInstanceRegistry - Running the evict task with compensationTime 15ms
2023-08-24 17:43:01.133 [Eureka-EvictionTimer] INFO  c.n.e.r.AbstractInstanceRegistry - Running the evict task with compensationTime 9ms
2023-08-24 17:43:06.145 [Eureka-EvictionTimer] INFO  c.n.e.r.AbstractInstanceRegistry - Running the evict task with compensationTime 12ms
2023-08-24 17:43:11.148 [Eureka-EvictionTimer] INFO  c.n.e.r.AbstractInstanceRegistry - Running the evict task with compensationTime 2ms
2023-08-24 17:43:16.154 [Eureka-EvictionTimer] INFO  c.n.e.r.AbstractInstanceRegistry - Running the evict task with compensationTime 6ms
2023-08-24 17:43:21.169 [Eureka-EvictionTimer] INFO  c.n.e.r.AbstractInstanceRegistry - Running the evict task with compensationTime 14ms
2023-08-24 17:43:26.180 [Eureka-EvictionTimer] INFO  c.n.e.r.AbstractInstanceRegistry - Running the evict task with compensationTime 11ms
2023-08-24 17:43:31.194 [Eureka-EvictionTimer] INFO  c.n.e.r.AbstractInstanceRegistry - Running the evict task with compensationTime 14ms
2023-08-24 17:43:36.197 [Eureka-EvictionTimer] INFO  c.n.e.r.AbstractInstanceRegistry - Running the evict task with compensationTime 2ms
2023-08-24 17:43:41.206 [Eureka-EvictionTimer] INFO  c.n.e.r.AbstractInstanceRegistry - Running the evict task with compensationTime 9ms
2023-08-24 17:43:46.215 [Eureka-EvictionTimer] INFO  c.n.e.r.AbstractInstanceRegistry - Running the evict task with compensationTime 9ms
2023-08-24 17:43:51.220 [Eureka-EvictionTimer] INFO  c.n.e.r.AbstractInstanceRegistry - Running the evict task with compensationTime 5ms
2023-08-24 17:43:56.237 [Eureka-EvictionTimer] INFO  c.n.e.r.AbstractInstanceRegistry - Running the evict task with compensationTime 16ms
2023-08-24 17:44:01.239 [Eureka-EvictionTimer] INFO  c.n.e.r.AbstractInstanceRegistry - Running the evict task with compensationTime 1ms
2023-08-24 17:44:06.252 [Eureka-EvictionTimer] INFO  c.n.e.r.AbstractInstanceRegistry - Running the evict task with compensationTime 12ms
2023-08-24 17:44:11.254 [Eureka-EvictionTimer] INFO  c.n.e.r.AbstractInstanceRegistry - Running the evict task with compensationTime 2ms
2023-08-24 17:44:16.267 [Eureka-EvictionTimer] INFO  c.n.e.r.AbstractInstanceRegistry - Running the evict task with compensationTime 13ms
2023-08-24 17:44:21.269 [Eureka-EvictionTimer] INFO  c.n.e.r.AbstractInstanceRegistry - Running the evict task with compensationTime 1ms
2023-08-24 17:44:26.278 [Eureka-EvictionTimer] INFO  c.n.e.r.AbstractInstanceRegistry - Running the evict task with compensationTime 9ms
2023-08-24 17:44:31.293 [Eureka-EvictionTimer] INFO  c.n.e.r.AbstractInstanceRegistry - Running the evict task with compensationTime 14ms
2023-08-24 17:44:36.298 [Eureka-EvictionTimer] INFO  c.n.e.r.AbstractInstanceRegistry - Running the evict task with compensationTime 5ms
2023-08-24 17:44:41.300 [Eureka-EvictionTimer] INFO  c.n.e.r.AbstractInstanceRegistry - Running the evict task with compensationTime 2ms
2023-08-24 17:44:46.313 [Eureka-EvictionTimer] INFO  c.n.e.r.AbstractInstanceRegistry - Running the evict task with compensationTime 12ms
2023-08-24 17:44:51.327 [Eureka-EvictionTimer] INFO  c.n.e.r.AbstractInstanceRegistry - Running the evict task with compensationTime 14ms
2023-08-24 17:44:56.334 [Eureka-EvictionTimer] INFO  c.n.e.r.AbstractInstanceRegistry - Running the evict task with compensationTime 7ms
2023-08-24 17:45:01.343 [Eureka-EvictionTimer] INFO  c.n.e.r.AbstractInstanceRegistry - Running the evict task with compensationTime 9ms
2023-08-24 17:45:06.349 [Eureka-EvictionTimer] INFO  c.n.e.r.AbstractInstanceRegistry - Running the evict task with compensationTime 5ms
2023-08-24 17:45:11.351 [Eureka-EvictionTimer] INFO  c.n.e.r.AbstractInstanceRegistry - Running the evict task with compensationTime 2ms
2023-08-24 17:45:16.364 [Eureka-EvictionTimer] INFO  c.n.e.r.AbstractInstanceRegistry - Running the evict task with compensationTime 12ms
2023-08-24 17:45:21.370 [Eureka-EvictionTimer] INFO  c.n.e.r.AbstractInstanceRegistry - Running the evict task with compensationTime 6ms
2023-08-24 17:45:26.372 [Eureka-EvictionTimer] INFO  c.n.e.r.AbstractInstanceRegistry - Running the evict task with compensationTime 1ms
2023-08-24 17:45:31.386 [Eureka-EvictionTimer] INFO  c.n.e.r.AbstractInstanceRegistry - Running the evict task with compensationTime 13ms
2023-08-24 17:45:36.400 [Eureka-EvictionTimer] INFO  c.n.e.r.AbstractInstanceRegistry - Running the evict task with compensationTime 14ms
2023-08-24 17:45:41.414 [Eureka-EvictionTimer] INFO  c.n.e.r.AbstractInstanceRegistry - Running the evict task with compensationTime 14ms
2023-08-24 17:45:42.385 [SpringContextShutdownHook] INFO  o.s.c.n.e.s.EurekaServiceRegistry - Unregistering application SERVER-DISCOVER with eureka with status DOWN
2023-08-24 17:45:42.568 [http-nio-36000-exec-8] INFO  c.n.e.r.AbstractInstanceRegistry - Registered instance GATEWAY/DESKTOP-Q8LROP6:gateway:36005 with status DOWN (replication=false)
2023-08-24 17:45:42.569 [http-nio-36000-exec-5] INFO  c.n.e.r.AbstractInstanceRegistry - Registered instance API/DESKTOP-Q8LROP6:api:36001 with status DOWN (replication=false)
2023-08-24 17:45:42.583 [http-nio-36000-exec-10] INFO  c.n.e.r.AbstractInstanceRegistry - Registered instance ONTOLOGY/DESKTOP-Q8LROP6:ontology:36002 with status DOWN (replication=false)
2023-08-24 17:45:43.350 [SpringContextShutdownHook] INFO  c.n.e.DefaultEurekaServerContext - Shutting down ...
2023-08-24 17:45:43.516 [SpringContextShutdownHook] INFO  c.n.e.DefaultEurekaServerContext - Shut down
2023-08-24 17:45:43.566 [SpringContextShutdownHook] INFO  o.s.s.c.ThreadPoolTaskExecutor - Shutting down ExecutorService 'applicationTaskExecutor'
2023-08-24 17:45:43.618 [SpringContextShutdownHook] INFO  c.netflix.discovery.DiscoveryClient - Shutting down DiscoveryClient ...
2023-08-24 17:45:43.629 [SpringContextShutdownHook] INFO  c.netflix.discovery.DiscoveryClient - Completed shut down of DiscoveryClient
2023-08-24 18:18:58.230 [main] INFO  c.a.p.f.s.d.ServerDiscoverApplication - No active profile set, falling back to default profiles: default
2023-08-24 18:18:59.070 [main] INFO  o.s.cloud.context.scope.GenericScope - BeanFactory id=45fe1629-3fd8-363c-b6e9-0bbb088222b5
2023-08-24 18:18:59.464 [main] INFO  o.s.b.w.e.tomcat.TomcatWebServer - Tomcat initialized with port(s): 36000 (http)
2023-08-24 18:18:59.474 [main] INFO  o.a.coyote.http11.Http11NioProtocol - Initializing ProtocolHandler ["http-nio-36000"]
2023-08-24 18:18:59.475 [main] INFO  o.a.catalina.core.StandardService - Starting service [Tomcat]
2023-08-24 18:18:59.475 [main] INFO  o.a.catalina.core.StandardEngine - Starting Servlet engine: [Apache Tomcat/9.0.46]
2023-08-24 18:18:59.882 [main] INFO  o.a.c.c.C.[Tomcat].[localhost].[/] - Initializing Spring embedded WebApplicationContext
2023-08-24 18:18:59.882 [main] INFO  o.s.b.w.s.c.ServletWebServerApplicationContext - Root WebApplicationContext: initialization completed in 1637 ms
2023-08-24 18:18:59.970 [main] INFO  c.n.c.sources.URLConfigurationSource - To enable URLs as dynamic configuration sources, define System property archaius.configurationSource.additionalUrls or make config.properties available on classpath.
2023-08-24 18:18:59.979 [main] INFO  c.n.config.DynamicPropertyFactory - DynamicPropertyFactory is initialized with configuration sources: com.netflix.config.ConcurrentCompositeConfiguration@2a2ef072
2023-08-24 18:19:00.525 [main] INFO  c.s.j.s.i.a.WebApplicationImpl - Initiating Jersey application, version 'Jersey: 1.19.4 05/24/2017 03:20 PM'
2023-08-24 18:19:00.586 [main] INFO  c.n.d.p.DiscoveryJerseyProvider - Using JSON encoding codec LegacyJacksonJson
2023-08-24 18:19:00.587 [main] INFO  c.n.d.p.DiscoveryJerseyProvider - Using JSON decoding codec LegacyJacksonJson
2023-08-24 18:19:00.789 [main] INFO  c.n.d.p.DiscoveryJerseyProvider - Using XML encoding codec XStreamXml
2023-08-24 18:19:00.789 [main] INFO  c.n.d.p.DiscoveryJerseyProvider - Using XML decoding codec XStreamXml
2023-08-24 18:19:01.200 [main] INFO  c.n.c.sources.URLConfigurationSource - To enable URLs as dynamic configuration sources, define System property archaius.configurationSource.additionalUrls or make config.properties available on classpath.
2023-08-24 18:19:01.334 [main] INFO  o.s.s.c.ThreadPoolTaskExecutor - Initializing ExecutorService 'applicationTaskExecutor'
2023-08-24 18:19:02.547 [main] INFO  o.s.c.n.e.c.DiscoveryClientOptionalArgsConfiguration - Eureka HTTP Client uses Jersey
2023-08-24 18:19:02.636 [main] INFO  o.s.c.n.eureka.InstanceInfoFactory - Setting initial instance status as: STARTING
2023-08-24 18:19:02.661 [main] INFO  c.netflix.discovery.DiscoveryClient - Initializing Eureka in region us-east-1
2023-08-24 18:19:02.662 [main] INFO  c.netflix.discovery.DiscoveryClient - Client configured to neither register nor query for data.
2023-08-24 18:19:02.676 [main] INFO  c.netflix.discovery.DiscoveryClient - Discovery Client initialized at timestamp 1692872342673 with initial instances count: 0
2023-08-24 18:19:02.719 [main] INFO  c.n.e.DefaultEurekaServerContext - Initializing ...
2023-08-24 18:19:02.735 [main] INFO  c.n.e.r.AbstractInstanceRegistry - Finished initializing remote region registries. All known remote regions: []
2023-08-24 18:19:02.737 [main] INFO  c.n.e.DefaultEurekaServerContext - Initialized
2023-08-24 18:19:02.747 [main] INFO  o.s.b.a.e.web.EndpointLinksResolver - Exposing 2 endpoint(s) beneath base path '/actuator'
2023-08-24 18:19:02.810 [main] INFO  o.s.c.n.e.s.EurekaServiceRegistry - Registering application SERVER-DISCOVER with eureka with status UP
2023-08-24 18:19:02.812 [Thread-22] INFO  o.s.c.n.e.s.EurekaServerBootstrap - Setting the eureka configuration..
2023-08-24 18:19:02.812 [main] INFO  o.a.coyote.http11.Http11NioProtocol - Starting ProtocolHandler ["http-nio-36000"]
2023-08-24 18:19:02.812 [Thread-22] INFO  o.s.c.n.e.s.EurekaServerBootstrap - Eureka data center value eureka.datacenter is not set, defaulting to default
2023-08-24 18:19:02.813 [Thread-22] INFO  o.s.c.n.e.s.EurekaServerBootstrap - Eureka environment value eureka.environment is not set, defaulting to test
2023-08-24 18:19:02.835 [Thread-22] INFO  o.s.c.n.e.s.EurekaServerBootstrap - isAws returned false
2023-08-24 18:19:02.835 [Thread-22] INFO  o.s.c.n.e.s.EurekaServerBootstrap - Initialized server context
2023-08-24 18:19:02.835 [Thread-22] INFO  c.n.e.r.PeerAwareInstanceRegistryImpl - Got 1 instances from neighboring DS node
2023-08-24 18:19:02.835 [Thread-22] INFO  c.n.e.r.PeerAwareInstanceRegistryImpl - Renew threshold is: 1
2023-08-24 18:19:02.835 [Thread-22] INFO  c.n.e.r.PeerAwareInstanceRegistryImpl - Changing status to UP
2023-08-24 18:19:02.846 [Thread-22] INFO  o.s.c.n.e.s.EurekaServerInitializerConfiguration - Started Eureka Server
2023-08-24 18:19:02.855 [main] INFO  o.s.b.w.e.tomcat.TomcatWebServer - Tomcat started on port(s): 36000 (http) with context path ''
2023-08-24 18:19:02.856 [main] INFO  o.s.c.n.e.s.EurekaAutoServiceRegistration - Updating port to 36000
2023-08-24 18:19:03.195 [main] INFO  c.a.p.f.s.d.ServerDiscoverApplication - Started ServerDiscoverApplication in 7.002 seconds (JVM running for 9.012)
2023-08-24 18:19:03.526 [RMI TCP Connection(5)-192.168.43.178] INFO  o.a.c.c.C.[Tomcat].[localhost].[/] - Initializing Spring DispatcherServlet 'dispatcherServlet'
2023-08-24 18:19:03.526 [RMI TCP Connection(5)-192.168.43.178] INFO  o.s.web.servlet.DispatcherServlet - Initializing Servlet 'dispatcherServlet'
2023-08-24 18:19:03.534 [RMI TCP Connection(5)-192.168.43.178] INFO  o.s.web.servlet.DispatcherServlet - Completed initialization in 8 ms
2023-08-24 18:19:07.849 [Eureka-EvictionTimer] INFO  c.n.e.r.AbstractInstanceRegistry - Running the evict task with compensationTime 0ms
2023-08-24 18:19:12.851 [Eureka-EvictionTimer] INFO  c.n.e.r.AbstractInstanceRegistry - Running the evict task with compensationTime 1ms
2023-08-24 18:19:17.860 [Eureka-EvictionTimer] INFO  c.n.e.r.AbstractInstanceRegistry - Running the evict task with compensationTime 9ms
2023-08-24 18:19:22.861 [Eureka-EvictionTimer] INFO  c.n.e.r.AbstractInstanceRegistry - Running the evict task with compensationTime 0ms
2023-08-24 18:19:27.875 [Eureka-EvictionTimer] INFO  c.n.e.r.AbstractInstanceRegistry - Running the evict task with compensationTime 13ms
2023-08-24 18:19:32.878 [Eureka-EvictionTimer] INFO  c.n.e.r.AbstractInstanceRegistry - Running the evict task with compensationTime 3ms
2023-08-24 18:19:34.133 [http-nio-36000-exec-2] INFO  c.n.e.r.AbstractInstanceRegistry - Registered instance ONTOLOGY/DESKTOP-Q8LROP6:ontology:36002 with status UP (replication=false)
2023-08-24 18:19:37.882 [Eureka-EvictionTimer] INFO  c.n.e.r.AbstractInstanceRegistry - Running the evict task with compensationTime 3ms
2023-08-24 18:19:42.890 [Eureka-EvictionTimer] INFO  c.n.e.r.AbstractInstanceRegistry - Running the evict task with compensationTime 7ms
2023-08-24 18:19:47.891 [Eureka-EvictionTimer] INFO  c.n.e.r.AbstractInstanceRegistry - Running the evict task with compensationTime 1ms
2023-08-24 18:19:52.903 [Eureka-EvictionTimer] INFO  c.n.e.r.AbstractInstanceRegistry - Running the evict task with compensationTime 11ms
2023-08-24 18:19:57.916 [Eureka-EvictionTimer] INFO  c.n.e.r.AbstractInstanceRegistry - Running the evict task with compensationTime 13ms
2023-08-24 18:20:02.737 [http-nio-36000-exec-2] INFO  c.n.e.r.AbstractInstanceRegistry - Registered instance ONTOLOGY/DESKTOP-Q8LROP6:ontology:36002 with status DOWN (replication=false)
2023-08-24 18:20:02.920 [Eureka-EvictionTimer] INFO  c.n.e.r.AbstractInstanceRegistry - Running the evict task with compensationTime 4ms
2023-08-24 18:20:06.423 [http-nio-36000-exec-4] INFO  c.n.e.r.AbstractInstanceRegistry - Cancelled instance ONTOLOGY/DESKTOP-Q8LROP6:ontology:36002 (replication=false)
2023-08-24 18:20:07.922 [Eureka-EvictionTimer] INFO  c.n.e.r.AbstractInstanceRegistry - Running the evict task with compensationTime 1ms
2023-08-24 18:20:12.927 [Eureka-EvictionTimer] INFO  c.n.e.r.AbstractInstanceRegistry - Running the evict task with compensationTime 4ms
2023-08-24 18:20:17.939 [Eureka-EvictionTimer] INFO  c.n.e.r.AbstractInstanceRegistry - Running the evict task with compensationTime 12ms
2023-08-24 18:20:23.127 [Eureka-EvictionTimer] INFO  c.n.e.r.AbstractInstanceRegistry - Running the evict task with compensationTime 187ms
2023-08-24 18:20:28.129 [Eureka-EvictionTimer] INFO  c.n.e.r.AbstractInstanceRegistry - Running the evict task with compensationTime 1ms
2023-08-24 18:20:33.132 [Eureka-EvictionTimer] INFO  c.n.e.r.AbstractInstanceRegistry - Running the evict task with compensationTime 3ms
2023-08-24 18:20:38.144 [Eureka-EvictionTimer] INFO  c.n.e.r.AbstractInstanceRegistry - Running the evict task with compensationTime 12ms
2023-08-24 18:20:43.154 [Eureka-EvictionTimer] INFO  c.n.e.r.AbstractInstanceRegistry - Running the evict task with compensationTime 9ms
2023-08-24 18:20:48.168 [Eureka-EvictionTimer] INFO  c.n.e.r.AbstractInstanceRegistry - Running the evict task with compensationTime 14ms
2023-08-24 18:20:53.173 [Eureka-EvictionTimer] INFO  c.n.e.r.AbstractInstanceRegistry - Running the evict task with compensationTime 4ms
2023-08-24 18:20:58.179 [Eureka-EvictionTimer] INFO  c.n.e.r.AbstractInstanceRegistry - Running the evict task with compensationTime 6ms
2023-08-24 18:21:03.189 [Eureka-EvictionTimer] INFO  c.n.e.r.AbstractInstanceRegistry - Running the evict task with compensationTime 9ms
2023-08-24 18:21:08.194 [Eureka-EvictionTimer] INFO  c.n.e.r.AbstractInstanceRegistry - Running the evict task with compensationTime 5ms
2023-08-24 18:21:13.210 [Eureka-EvictionTimer] INFO  c.n.e.r.AbstractInstanceRegistry - Running the evict task with compensationTime 16ms
2023-08-24 18:21:18.221 [Eureka-EvictionTimer] INFO  c.n.e.r.AbstractInstanceRegistry - Running the evict task with compensationTime 10ms
2023-08-24 18:21:23.231 [Eureka-EvictionTimer] INFO  c.n.e.r.AbstractInstanceRegistry - Running the evict task with compensationTime 10ms
2023-08-24 18:21:28.245 [Eureka-EvictionTimer] INFO  c.n.e.r.AbstractInstanceRegistry - Running the evict task with compensationTime 14ms
2023-08-24 18:21:33.247 [Eureka-EvictionTimer] INFO  c.n.e.r.AbstractInstanceRegistry - Running the evict task with compensationTime 1ms
2023-08-24 18:21:38.251 [Eureka-EvictionTimer] INFO  c.n.e.r.AbstractInstanceRegistry - Running the evict task with compensationTime 3ms
2023-08-24 18:21:43.252 [Eureka-EvictionTimer] INFO  c.n.e.r.AbstractInstanceRegistry - Running the evict task with compensationTime 0ms
2023-08-24 18:21:48.271 [Eureka-EvictionTimer] INFO  c.n.e.r.AbstractInstanceRegistry - Running the evict task with compensationTime 19ms
2023-08-24 18:21:53.276 [Eureka-EvictionTimer] INFO  c.n.e.r.AbstractInstanceRegistry - Running the evict task with compensationTime 4ms
2023-08-24 18:21:58.284 [Eureka-EvictionTimer] INFO  c.n.e.r.AbstractInstanceRegistry - Running the evict task with compensationTime 8ms
2023-08-24 18:22:03.290 [Eureka-EvictionTimer] INFO  c.n.e.r.AbstractInstanceRegistry - Running the evict task with compensationTime 5ms
2023-08-24 18:22:08.290 [Eureka-EvictionTimer] INFO  c.n.e.r.AbstractInstanceRegistry - Running the evict task with compensationTime 0ms
2023-08-24 18:22:13.294 [Eureka-EvictionTimer] INFO  c.n.e.r.AbstractInstanceRegistry - Running the evict task with compensationTime 3ms
2023-08-24 18:22:18.307 [Eureka-EvictionTimer] INFO  c.n.e.r.AbstractInstanceRegistry - Running the evict task with compensationTime 13ms
2023-08-24 18:22:23.320 [Eureka-EvictionTimer] INFO  c.n.e.r.AbstractInstanceRegistry - Running the evict task with compensationTime 12ms
2023-08-24 18:22:28.321 [Eureka-EvictionTimer] INFO  c.n.e.r.AbstractInstanceRegistry - Running the evict task with compensationTime 1ms
2023-08-24 18:22:33.335 [Eureka-EvictionTimer] INFO  c.n.e.r.AbstractInstanceRegistry - Running the evict task with compensationTime 14ms
2023-08-24 18:22:37.977 [http-nio-36000-exec-7] INFO  c.n.e.r.AbstractInstanceRegistry - Registered instance ONTOLOGY/DESKTOP-Q8LROP6:ontology:36002 with status UP (replication=false)
2023-08-24 18:22:38.339 [Eureka-EvictionTimer] INFO  c.n.e.r.AbstractInstanceRegistry - Running the evict task with compensationTime 4ms
2023-08-24 18:22:43.342 [Eureka-EvictionTimer] INFO  c.n.e.r.AbstractInstanceRegistry - Running the evict task with compensationTime 2ms
2023-08-24 18:22:48.351 [Eureka-EvictionTimer] INFO  c.n.e.r.AbstractInstanceRegistry - Running the evict task with compensationTime 9ms
2023-08-24 18:22:53.365 [Eureka-EvictionTimer] INFO  c.n.e.r.AbstractInstanceRegistry - Running the evict task with compensationTime 14ms
2023-08-24 18:22:58.376 [Eureka-EvictionTimer] INFO  c.n.e.r.AbstractInstanceRegistry - Running the evict task with compensationTime 10ms
2023-08-24 18:23:03.378 [Eureka-EvictionTimer] INFO  c.n.e.r.AbstractInstanceRegistry - Running the evict task with compensationTime 1ms
2023-08-24 18:23:08.383 [Eureka-EvictionTimer] INFO  c.n.e.r.AbstractInstanceRegistry - Running the evict task with compensationTime 4ms
2023-08-24 18:23:13.392 [Eureka-EvictionTimer] INFO  c.n.e.r.AbstractInstanceRegistry - Running the evict task with compensationTime 9ms
2023-08-24 18:23:18.396 [Eureka-EvictionTimer] INFO  c.n.e.r.AbstractInstanceRegistry - Running the evict task with compensationTime 3ms
2023-08-24 18:23:23.399 [Eureka-EvictionTimer] INFO  c.n.e.r.AbstractInstanceRegistry - Running the evict task with compensationTime 3ms
2023-08-24 18:23:28.414 [Eureka-EvictionTimer] INFO  c.n.e.r.AbstractInstanceRegistry - Running the evict task with compensationTime 14ms
2023-08-24 18:23:33.415 [Eureka-EvictionTimer] INFO  c.n.e.r.AbstractInstanceRegistry - Running the evict task with compensationTime 1ms
2023-08-24 18:23:38.423 [Eureka-EvictionTimer] INFO  c.n.e.r.AbstractInstanceRegistry - Running the evict task with compensationTime 7ms
2023-08-24 18:23:43.426 [Eureka-EvictionTimer] INFO  c.n.e.r.AbstractInstanceRegistry - Running the evict task with compensationTime 3ms
2023-08-24 18:23:48.441 [Eureka-EvictionTimer] INFO  c.n.e.r.AbstractInstanceRegistry - Running the evict task with compensationTime 14ms
2023-08-24 18:23:53.449 [Eureka-EvictionTimer] INFO  c.n.e.r.AbstractInstanceRegistry - Running the evict task with compensationTime 8ms
2023-08-24 18:23:58.458 [Eureka-EvictionTimer] INFO  c.n.e.r.AbstractInstanceRegistry - Running the evict task with compensationTime 8ms
2023-08-24 18:24:03.458 [Eureka-EvictionTimer] INFO  c.n.e.r.AbstractInstanceRegistry - Running the evict task with compensationTime 0ms
2023-08-24 18:24:08.472 [Eureka-EvictionTimer] INFO  c.n.e.r.AbstractInstanceRegistry - Running the evict task with compensationTime 14ms
2023-08-24 18:24:13.483 [Eureka-EvictionTimer] INFO  c.n.e.r.AbstractInstanceRegistry - Running the evict task with compensationTime 10ms
2023-08-24 18:24:18.484 [Eureka-EvictionTimer] INFO  c.n.e.r.AbstractInstanceRegistry - Running the evict task with compensationTime 0ms
2023-08-24 18:24:23.484 [Eureka-EvictionTimer] INFO  c.n.e.r.AbstractInstanceRegistry - Running the evict task with compensationTime 0ms
2023-08-24 18:24:28.500 [Eureka-EvictionTimer] INFO  c.n.e.r.AbstractInstanceRegistry - Running the evict task with compensationTime 15ms
2023-08-24 18:24:33.510 [Eureka-EvictionTimer] INFO  c.n.e.r.AbstractInstanceRegistry - Running the evict task with compensationTime 10ms
2023-08-24 18:24:38.520 [Eureka-EvictionTimer] INFO  c.n.e.r.AbstractInstanceRegistry - Running the evict task with compensationTime 9ms
2023-08-24 18:24:43.528 [Eureka-EvictionTimer] INFO  c.n.e.r.AbstractInstanceRegistry - Running the evict task with compensationTime 7ms
2023-08-24 18:24:48.531 [Eureka-EvictionTimer] INFO  c.n.e.r.AbstractInstanceRegistry - Running the evict task with compensationTime 3ms
2023-08-24 18:24:53.540 [Eureka-EvictionTimer] INFO  c.n.e.r.AbstractInstanceRegistry - Running the evict task with compensationTime 7ms
2023-08-24 18:24:58.554 [Eureka-EvictionTimer] INFO  c.n.e.r.AbstractInstanceRegistry - Running the evict task with compensationTime 14ms
2023-08-24 18:25:03.568 [Eureka-EvictionTimer] INFO  c.n.e.r.AbstractInstanceRegistry - Running the evict task with compensationTime 13ms
2023-08-24 18:25:08.573 [Eureka-EvictionTimer] INFO  c.n.e.r.AbstractInstanceRegistry - Running the evict task with compensationTime 5ms
2023-08-24 18:25:13.586 [Eureka-EvictionTimer] INFO  c.n.e.r.AbstractInstanceRegistry - Running the evict task with compensationTime 12ms
2023-08-24 18:25:18.596 [Eureka-EvictionTimer] INFO  c.n.e.r.AbstractInstanceRegistry - Running the evict task with compensationTime 10ms
2023-08-24 18:25:23.608 [Eureka-EvictionTimer] INFO  c.n.e.r.AbstractInstanceRegistry - Running the evict task with compensationTime 12ms
2023-08-24 18:25:28.618 [Eureka-EvictionTimer] INFO  c.n.e.r.AbstractInstanceRegistry - Running the evict task with compensationTime 10ms
2023-08-24 18:25:33.620 [Eureka-EvictionTimer] INFO  c.n.e.r.AbstractInstanceRegistry - Running the evict task with compensationTime 1ms
2023-08-24 18:25:38.633 [Eureka-EvictionTimer] INFO  c.n.e.r.AbstractInstanceRegistry - Running the evict task with compensationTime 12ms
2023-08-24 18:25:43.635 [Eureka-EvictionTimer] INFO  c.n.e.r.AbstractInstanceRegistry - Running the evict task with compensationTime 1ms
2023-08-24 18:25:48.638 [Eureka-EvictionTimer] INFO  c.n.e.r.AbstractInstanceRegistry - Running the evict task with compensationTime 4ms
2023-08-24 18:25:53.643 [Eureka-EvictionTimer] INFO  c.n.e.r.AbstractInstanceRegistry - Running the evict task with compensationTime 4ms
2023-08-24 18:25:58.653 [Eureka-EvictionTimer] INFO  c.n.e.r.AbstractInstanceRegistry - Running the evict task with compensationTime 10ms
2023-08-24 18:26:03.663 [Eureka-EvictionTimer] INFO  c.n.e.r.AbstractInstanceRegistry - Running the evict task with compensationTime 9ms
2023-08-24 18:26:08.666 [Eureka-EvictionTimer] INFO  c.n.e.r.AbstractInstanceRegistry - Running the evict task with compensationTime 3ms
2023-08-24 18:26:13.668 [Eureka-EvictionTimer] INFO  c.n.e.r.AbstractInstanceRegistry - Running the evict task with compensationTime 1ms
2023-08-24 18:26:18.680 [Eureka-EvictionTimer] INFO  c.n.e.r.AbstractInstanceRegistry - Running the evict task with compensationTime 11ms
2023-08-24 18:26:23.682 [Eureka-EvictionTimer] INFO  c.n.e.r.AbstractInstanceRegistry - Running the evict task with compensationTime 1ms
2023-08-24 18:26:28.695 [Eureka-EvictionTimer] INFO  c.n.e.r.AbstractInstanceRegistry - Running the evict task with compensationTime 13ms
2023-08-24 18:26:33.701 [Eureka-EvictionTimer] INFO  c.n.e.r.AbstractInstanceRegistry - Running the evict task with compensationTime 5ms
2023-08-24 18:26:38.709 [Eureka-EvictionTimer] INFO  c.n.e.r.AbstractInstanceRegistry - Running the evict task with compensationTime 8ms
2023-08-24 18:26:43.714 [Eureka-EvictionTimer] INFO  c.n.e.r.AbstractInstanceRegistry - Running the evict task with compensationTime 4ms
2023-08-24 18:26:48.726 [Eureka-EvictionTimer] INFO  c.n.e.r.AbstractInstanceRegistry - Running the evict task with compensationTime 11ms
2023-08-24 18:26:53.741 [Eureka-EvictionTimer] INFO  c.n.e.r.AbstractInstanceRegistry - Running the evict task with compensationTime 14ms
2023-08-24 18:26:56.255 [http-nio-36000-exec-1] INFO  c.n.e.r.AbstractInstanceRegistry - Registered instance ONTOLOGY/DESKTOP-Q8LROP6:ontology:36002 with status DOWN (replication=false)
2023-08-24 18:26:58.750 [Eureka-EvictionTimer] INFO  c.n.e.r.AbstractInstanceRegistry - Running the evict task with compensationTime 9ms
2023-08-24 18:27:02.373 [http-nio-36000-exec-6] INFO  c.n.e.r.AbstractInstanceRegistry - Cancelled instance ONTOLOGY/DESKTOP-Q8LROP6:ontology:36002 (replication=false)
2023-08-24 18:27:03.766 [Eureka-EvictionTimer] INFO  c.n.e.r.AbstractInstanceRegistry - Running the evict task with compensationTime 14ms
2023-08-24 18:27:08.779 [Eureka-EvictionTimer] INFO  c.n.e.r.AbstractInstanceRegistry - Running the evict task with compensationTime 14ms
2023-08-24 18:27:13.786 [Eureka-EvictionTimer] INFO  c.n.e.r.AbstractInstanceRegistry - Running the evict task with compensationTime 6ms
2023-08-24 18:27:18.791 [Eureka-EvictionTimer] INFO  c.n.e.r.AbstractInstanceRegistry - Running the evict task with compensationTime 5ms
2023-08-24 18:27:23.800 [Eureka-EvictionTimer] INFO  c.n.e.r.AbstractInstanceRegistry - Running the evict task with compensationTime 8ms
2023-08-24 18:27:28.800 [Eureka-EvictionTimer] INFO  c.n.e.r.AbstractInstanceRegistry - Running the evict task with compensationTime 0ms
2023-08-24 18:27:33.550 [http-nio-36000-exec-7] INFO  c.n.e.r.AbstractInstanceRegistry - Registered instance ONTOLOGY/DESKTOP-Q8LROP6:ontology:36002 with status UP (replication=false)
2023-08-24 18:27:33.804 [Eureka-EvictionTimer] INFO  c.n.e.r.AbstractInstanceRegistry - Running the evict task with compensationTime 3ms
2023-08-24 18:27:38.810 [Eureka-EvictionTimer] INFO  c.n.e.r.AbstractInstanceRegistry - Running the evict task with compensationTime 6ms
2023-08-24 18:27:43.824 [Eureka-EvictionTimer] INFO  c.n.e.r.AbstractInstanceRegistry - Running the evict task with compensationTime 14ms
2023-08-24 18:27:48.831 [Eureka-EvictionTimer] INFO  c.n.e.r.AbstractInstanceRegistry - Running the evict task with compensationTime 6ms
2023-08-24 18:27:53.838 [Eureka-EvictionTimer] INFO  c.n.e.r.AbstractInstanceRegistry - Running the evict task with compensationTime 6ms
2023-08-24 18:27:58.847 [Eureka-EvictionTimer] INFO  c.n.e.r.AbstractInstanceRegistry - Running the evict task with compensationTime 8ms
2023-08-24 18:28:03.849 [Eureka-EvictionTimer] INFO  c.n.e.r.AbstractInstanceRegistry - Running the evict task with compensationTime 1ms
2023-08-24 18:28:08.853 [Eureka-EvictionTimer] INFO  c.n.e.r.AbstractInstanceRegistry - Running the evict task with compensationTime 4ms
2023-08-24 18:28:13.856 [Eureka-EvictionTimer] INFO  c.n.e.r.AbstractInstanceRegistry - Running the evict task with compensationTime 2ms
2023-08-24 18:28:18.868 [Eureka-EvictionTimer] INFO  c.n.e.r.AbstractInstanceRegistry - Running the evict task with compensationTime 12ms
2023-08-24 18:28:23.878 [Eureka-EvictionTimer] INFO  c.n.e.r.AbstractInstanceRegistry - Running the evict task with compensationTime 9ms
2023-08-24 18:28:28.880 [Eureka-EvictionTimer] INFO  c.n.e.r.AbstractInstanceRegistry - Running the evict task with compensationTime 2ms
2023-08-24 18:28:33.892 [Eureka-EvictionTimer] INFO  c.n.e.r.AbstractInstanceRegistry - Running the evict task with compensationTime 12ms
2023-08-24 18:28:38.901 [Eureka-EvictionTimer] INFO  c.n.e.r.AbstractInstanceRegistry - Running the evict task with compensationTime 8ms
2023-08-24 18:28:43.908 [Eureka-EvictionTimer] INFO  c.n.e.r.AbstractInstanceRegistry - Running the evict task with compensationTime 8ms
2023-08-24 18:28:48.913 [Eureka-EvictionTimer] INFO  c.n.e.r.AbstractInstanceRegistry - Running the evict task with compensationTime 3ms
2023-08-24 18:28:53.937 [Eureka-EvictionTimer] INFO  c.n.e.r.AbstractInstanceRegistry - Running the evict task with compensationTime 23ms
2023-08-24 18:28:54.808 [http-nio-36000-exec-1] INFO  c.n.e.r.AbstractInstanceRegistry - Registered instance ONTOLOGY/DESKTOP-Q8LROP6:ontology:36002 with status DOWN (replication=false)
2023-08-24 18:28:58.940 [Eureka-EvictionTimer] INFO  c.n.e.r.AbstractInstanceRegistry - Running the evict task with compensationTime 4ms
2023-08-24 18:29:00.575 [http-nio-36000-exec-4] INFO  c.n.e.r.AbstractInstanceRegistry - Cancelled instance ONTOLOGY/DESKTOP-Q8LROP6:ontology:36002 (replication=false)
2023-08-24 18:29:03.944 [Eureka-EvictionTimer] INFO  c.n.e.r.AbstractInstanceRegistry - Running the evict task with compensationTime 4ms
2023-08-24 18:29:08.958 [Eureka-EvictionTimer] INFO  c.n.e.r.AbstractInstanceRegistry - Running the evict task with compensationTime 14ms
2023-08-24 18:29:13.966 [Eureka-EvictionTimer] INFO  c.n.e.r.AbstractInstanceRegistry - Running the evict task with compensationTime 7ms
2023-08-24 18:29:18.981 [Eureka-EvictionTimer] INFO  c.n.e.r.AbstractInstanceRegistry - Running the evict task with compensationTime 14ms
2023-08-24 18:29:23.987 [Eureka-EvictionTimer] INFO  c.n.e.r.AbstractInstanceRegistry - Running the evict task with compensationTime 5ms
2023-08-24 18:29:24.899 [http-nio-36000-exec-7] INFO  c.n.e.r.AbstractInstanceRegistry - Registered instance ONTOLOGY/DESKTOP-Q8LROP6:ontology:36002 with status UP (replication=false)
2023-08-24 18:29:28.988 [Eureka-EvictionTimer] INFO  c.n.e.r.AbstractInstanceRegistry - Running the evict task with compensationTime 0ms
2023-08-24 18:29:33.996 [Eureka-EvictionTimer] INFO  c.n.e.r.AbstractInstanceRegistry - Running the evict task with compensationTime 8ms
2023-08-24 18:29:39.009 [Eureka-EvictionTimer] INFO  c.n.e.r.AbstractInstanceRegistry - Running the evict task with compensationTime 13ms
2023-08-24 18:29:44.022 [Eureka-EvictionTimer] INFO  c.n.e.r.AbstractInstanceRegistry - Running the evict task with compensationTime 12ms
2023-08-24 18:29:49.024 [Eureka-EvictionTimer] INFO  c.n.e.r.AbstractInstanceRegistry - Running the evict task with compensationTime 2ms
2023-08-24 18:29:54.033 [Eureka-EvictionTimer] INFO  c.n.e.r.AbstractInstanceRegistry - Running the evict task with compensationTime 9ms
2023-08-24 18:29:59.047 [Eureka-EvictionTimer] INFO  c.n.e.r.AbstractInstanceRegistry - Running the evict task with compensationTime 13ms
2023-08-24 18:30:04.060 [Eureka-EvictionTimer] INFO  c.n.e.r.AbstractInstanceRegistry - Running the evict task with compensationTime 13ms
2023-08-24 18:30:09.071 [Eureka-EvictionTimer] INFO  c.n.e.r.AbstractInstanceRegistry - Running the evict task with compensationTime 10ms
2023-08-24 18:30:11.532 [http-nio-36000-exec-8] INFO  c.n.e.r.AbstractInstanceRegistry - Registered instance ONTOLOGY/DESKTOP-Q8LROP6:ontology:36002 with status DOWN (replication=false)
2023-08-24 18:30:14.073 [Eureka-EvictionTimer] INFO  c.n.e.r.AbstractInstanceRegistry - Running the evict task with compensationTime 2ms
2023-08-24 18:30:15.136 [http-nio-36000-exec-7] INFO  c.n.e.r.AbstractInstanceRegistry - Cancelled instance ONTOLOGY/DESKTOP-Q8LROP6:ontology:36002 (replication=false)
2023-08-24 18:30:19.088 [Eureka-EvictionTimer] INFO  c.n.e.r.AbstractInstanceRegistry - Running the evict task with compensationTime 14ms
2023-08-24 18:30:24.098 [Eureka-EvictionTimer] INFO  c.n.e.r.AbstractInstanceRegistry - Running the evict task with compensationTime 10ms
2023-08-24 18:30:29.104 [Eureka-EvictionTimer] INFO  c.n.e.r.AbstractInstanceRegistry - Running the evict task with compensationTime 6ms
2023-08-24 18:30:34.111 [Eureka-EvictionTimer] INFO  c.n.e.r.AbstractInstanceRegistry - Running the evict task with compensationTime 6ms
2023-08-24 18:30:39.125 [Eureka-EvictionTimer] INFO  c.n.e.r.AbstractInstanceRegistry - Running the evict task with compensationTime 13ms
2023-08-24 18:30:44.131 [Eureka-EvictionTimer] INFO  c.n.e.r.AbstractInstanceRegistry - Running the evict task with compensationTime 6ms
2023-08-24 18:30:49.132 [Eureka-EvictionTimer] INFO  c.n.e.r.AbstractInstanceRegistry - Running the evict task with compensationTime 0ms
2023-08-24 18:30:54.140 [Eureka-EvictionTimer] INFO  c.n.e.r.AbstractInstanceRegistry - Running the evict task with compensationTime 8ms
2023-08-24 18:30:59.154 [Eureka-EvictionTimer] INFO  c.n.e.r.AbstractInstanceRegistry - Running the evict task with compensationTime 14ms
2023-08-24 18:31:04.166 [Eureka-EvictionTimer] INFO  c.n.e.r.AbstractInstanceRegistry - Running the evict task with compensationTime 11ms
2023-08-24 18:31:09.172 [Eureka-EvictionTimer] INFO  c.n.e.r.AbstractInstanceRegistry - Running the evict task with compensationTime 6ms
2023-08-24 18:31:14.176 [Eureka-EvictionTimer] INFO  c.n.e.r.AbstractInstanceRegistry - Running the evict task with compensationTime 4ms
2023-08-24 18:31:19.177 [Eureka-EvictionTimer] INFO  c.n.e.r.AbstractInstanceRegistry - Running the evict task with compensationTime 0ms
2023-08-24 18:31:24.189 [Eureka-EvictionTimer] INFO  c.n.e.r.AbstractInstanceRegistry - Running the evict task with compensationTime 12ms
2023-08-24 18:31:29.197 [Eureka-EvictionTimer] INFO  c.n.e.r.AbstractInstanceRegistry - Running the evict task with compensationTime 7ms
2023-08-24 18:31:34.204 [Eureka-EvictionTimer] INFO  c.n.e.r.AbstractInstanceRegistry - Running the evict task with compensationTime 7ms
2023-08-24 18:31:39.217 [Eureka-EvictionTimer] INFO  c.n.e.r.AbstractInstanceRegistry - Running the evict task with compensationTime 12ms
2023-08-24 18:31:44.229 [Eureka-EvictionTimer] INFO  c.n.e.r.AbstractInstanceRegistry - Running the evict task with compensationTime 12ms
2023-08-24 18:31:49.242 [Eureka-EvictionTimer] INFO  c.n.e.r.AbstractInstanceRegistry - Running the evict task with compensationTime 12ms
2023-08-24 18:31:54.243 [Eureka-EvictionTimer] INFO  c.n.e.r.AbstractInstanceRegistry - Running the evict task with compensationTime 1ms
2023-08-24 18:31:59.245 [Eureka-EvictionTimer] INFO  c.n.e.r.AbstractInstanceRegistry - Running the evict task with compensationTime 1ms
2023-08-24 18:32:04.253 [Eureka-EvictionTimer] INFO  c.n.e.r.AbstractInstanceRegistry - Running the evict task with compensationTime 8ms
2023-08-24 18:32:09.264 [Eureka-EvictionTimer] INFO  c.n.e.r.AbstractInstanceRegistry - Running the evict task with compensationTime 9ms
2023-08-24 18:32:14.273 [Eureka-EvictionTimer] INFO  c.n.e.r.AbstractInstanceRegistry - Running the evict task with compensationTime 10ms
2023-08-24 18:32:19.288 [Eureka-EvictionTimer] INFO  c.n.e.r.AbstractInstanceRegistry - Running the evict task with compensationTime 14ms
2023-08-24 18:32:24.295 [Eureka-EvictionTimer] INFO  c.n.e.r.AbstractInstanceRegistry - Running the evict task with compensationTime 7ms
2023-08-24 18:32:29.309 [Eureka-EvictionTimer] INFO  c.n.e.r.AbstractInstanceRegistry - Running the evict task with compensationTime 14ms
2023-08-24 18:32:34.316 [Eureka-EvictionTimer] INFO  c.n.e.r.AbstractInstanceRegistry - Running the evict task with compensationTime 6ms
2023-08-24 18:32:39.321 [Eureka-EvictionTimer] INFO  c.n.e.r.AbstractInstanceRegistry - Running the evict task with compensationTime 4ms
2023-08-24 18:32:44.330 [Eureka-EvictionTimer] INFO  c.n.e.r.AbstractInstanceRegistry - Running the evict task with compensationTime 9ms
2023-08-24 18:32:49.339 [Eureka-EvictionTimer] INFO  c.n.e.r.AbstractInstanceRegistry - Running the evict task with compensationTime 8ms
2023-08-24 18:32:54.340 [Eureka-EvictionTimer] INFO  c.n.e.r.AbstractInstanceRegistry - Running the evict task with compensationTime 0ms
2023-08-24 18:32:59.345 [Eureka-EvictionTimer] INFO  c.n.e.r.AbstractInstanceRegistry - Running the evict task with compensationTime 5ms
2023-08-24 18:33:04.357 [Eureka-EvictionTimer] INFO  c.n.e.r.AbstractInstanceRegistry - Running the evict task with compensationTime 11ms
2023-08-24 18:33:09.365 [Eureka-EvictionTimer] INFO  c.n.e.r.AbstractInstanceRegistry - Running the evict task with compensationTime 8ms
2023-08-24 18:33:14.375 [Eureka-EvictionTimer] INFO  c.n.e.r.AbstractInstanceRegistry - Running the evict task with compensationTime 10ms
2023-08-24 18:33:19.385 [Eureka-EvictionTimer] INFO  c.n.e.r.AbstractInstanceRegistry - Running the evict task with compensationTime 10ms
2023-08-24 18:33:24.389 [Eureka-EvictionTimer] INFO  c.n.e.r.AbstractInstanceRegistry - Running the evict task with compensationTime 4ms
2023-08-24 18:33:29.403 [Eureka-EvictionTimer] INFO  c.n.e.r.AbstractInstanceRegistry - Running the evict task with compensationTime 13ms
2023-08-24 18:33:34.417 [Eureka-EvictionTimer] INFO  c.n.e.r.AbstractInstanceRegistry - Running the evict task with compensationTime 13ms
2023-08-24 18:33:39.425 [Eureka-EvictionTimer] INFO  c.n.e.r.AbstractInstanceRegistry - Running the evict task with compensationTime 8ms
2023-08-24 18:33:44.431 [Eureka-EvictionTimer] INFO  c.n.e.r.AbstractInstanceRegistry - Running the evict task with compensationTime 6ms
2023-08-24 18:33:49.434 [Eureka-EvictionTimer] INFO  c.n.e.r.AbstractInstanceRegistry - Running the evict task with compensationTime 3ms
2023-08-24 18:33:54.445 [Eureka-EvictionTimer] INFO  c.n.e.r.AbstractInstanceRegistry - Running the evict task with compensationTime 10ms
2023-08-24 18:33:59.459 [Eureka-EvictionTimer] INFO  c.n.e.r.AbstractInstanceRegistry - Running the evict task with compensationTime 13ms
2023-08-24 18:34:02.824 [ReplicaAwareInstanceRegistry - RenewalThresholdUpdater] INFO  c.n.e.r.PeerAwareInstanceRegistryImpl - Current renewal threshold is : 0
2023-08-24 18:34:04.470 [Eureka-EvictionTimer] INFO  c.n.e.r.AbstractInstanceRegistry - Running the evict task with compensationTime 11ms
2023-08-24 18:34:09.482 [Eureka-EvictionTimer] INFO  c.n.e.r.AbstractInstanceRegistry - Running the evict task with compensationTime 12ms
2023-08-24 18:34:14.492 [Eureka-EvictionTimer] INFO  c.n.e.r.AbstractInstanceRegistry - Running the evict task with compensationTime 10ms
2023-08-24 18:34:19.496 [Eureka-EvictionTimer] INFO  c.n.e.r.AbstractInstanceRegistry - Running the evict task with compensationTime 3ms
2023-08-24 18:34:24.507 [Eureka-EvictionTimer] INFO  c.n.e.r.AbstractInstanceRegistry - Running the evict task with compensationTime 11ms
2023-08-24 18:34:29.521 [Eureka-EvictionTimer] INFO  c.n.e.r.AbstractInstanceRegistry - Running the evict task with compensationTime 14ms
2023-08-24 18:34:34.527 [Eureka-EvictionTimer] INFO  c.n.e.r.AbstractInstanceRegistry - Running the evict task with compensationTime 5ms
2023-08-24 18:34:39.534 [Eureka-EvictionTimer] INFO  c.n.e.r.AbstractInstanceRegistry - Running the evict task with compensationTime 6ms
2023-08-24 18:34:44.546 [Eureka-EvictionTimer] INFO  c.n.e.r.AbstractInstanceRegistry - Running the evict task with compensationTime 11ms
2023-08-24 18:34:49.550 [Eureka-EvictionTimer] INFO  c.n.e.r.AbstractInstanceRegistry - Running the evict task with compensationTime 4ms
2023-08-24 18:34:54.558 [Eureka-EvictionTimer] INFO  c.n.e.r.AbstractInstanceRegistry - Running the evict task with compensationTime 7ms
2023-08-24 18:34:59.571 [Eureka-EvictionTimer] INFO  c.n.e.r.AbstractInstanceRegistry - Running the evict task with compensationTime 13ms
2023-08-24 18:35:04.575 [Eureka-EvictionTimer] INFO  c.n.e.r.AbstractInstanceRegistry - Running the evict task with compensationTime 3ms
2023-08-24 18:35:09.604 [Eureka-EvictionTimer] INFO  c.n.e.r.AbstractInstanceRegistry - Running the evict task with compensationTime 27ms
2023-08-24 18:35:14.610 [Eureka-EvictionTimer] INFO  c.n.e.r.AbstractInstanceRegistry - Running the evict task with compensationTime 7ms
2023-08-24 18:35:19.622 [Eureka-EvictionTimer] INFO  c.n.e.r.AbstractInstanceRegistry - Running the evict task with compensationTime 11ms
2023-08-24 18:35:24.628 [Eureka-EvictionTimer] INFO  c.n.e.r.AbstractInstanceRegistry - Running the evict task with compensationTime 5ms
2023-08-24 18:35:29.636 [Eureka-EvictionTimer] INFO  c.n.e.r.AbstractInstanceRegistry - Running the evict task with compensationTime 7ms
2023-08-24 18:35:34.647 [Eureka-EvictionTimer] INFO  c.n.e.r.AbstractInstanceRegistry - Running the evict task with compensationTime 11ms
2023-08-24 18:35:39.659 [Eureka-EvictionTimer] INFO  c.n.e.r.AbstractInstanceRegistry - Running the evict task with compensationTime 11ms
2023-08-24 18:35:44.671 [Eureka-EvictionTimer] INFO  c.n.e.r.AbstractInstanceRegistry - Running the evict task with compensationTime 12ms
2023-08-24 18:35:49.683 [Eureka-EvictionTimer] INFO  c.n.e.r.AbstractInstanceRegistry - Running the evict task with compensationTime 12ms
2023-08-24 18:35:54.698 [Eureka-EvictionTimer] INFO  c.n.e.r.AbstractInstanceRegistry - Running the evict task with compensationTime 15ms
2023-08-24 18:35:59.701 [Eureka-EvictionTimer] INFO  c.n.e.r.AbstractInstanceRegistry - Running the evict task with compensationTime 2ms
2023-08-24 18:36:04.755 [Eureka-EvictionTimer] INFO  c.n.e.r.AbstractInstanceRegistry - Running the evict task with compensationTime 7ms
2023-08-24 18:36:09.709 [Eureka-EvictionTimer] INFO  c.n.e.r.AbstractInstanceRegistry - Running the evict task with compensationTime 0ms
2023-08-24 18:36:14.719 [Eureka-EvictionTimer] INFO  c.n.e.r.AbstractInstanceRegistry - Running the evict task with compensationTime 10ms
2023-08-24 18:36:19.726 [Eureka-EvictionTimer] INFO  c.n.e.r.AbstractInstanceRegistry - Running the evict task with compensationTime 6ms
2023-08-24 18:36:24.738 [Eureka-EvictionTimer] INFO  c.n.e.r.AbstractInstanceRegistry - Running the evict task with compensationTime 11ms
2023-08-24 18:36:29.743 [Eureka-EvictionTimer] INFO  c.n.e.r.AbstractInstanceRegistry - Running the evict task with compensationTime 5ms
2023-08-24 18:36:34.743 [Eureka-EvictionTimer] INFO  c.n.e.r.AbstractInstanceRegistry - Running the evict task with compensationTime 0ms
2023-08-24 18:36:39.745 [Eureka-EvictionTimer] INFO  c.n.e.r.AbstractInstanceRegistry - Running the evict task with compensationTime 0ms
2023-08-24 18:36:44.749 [Eureka-EvictionTimer] INFO  c.n.e.r.AbstractInstanceRegistry - Running the evict task with compensationTime 4ms
2023-08-24 18:36:49.764 [Eureka-EvictionTimer] INFO  c.n.e.r.AbstractInstanceRegistry - Running the evict task with compensationTime 15ms
2023-08-24 18:36:54.775 [Eureka-EvictionTimer] INFO  c.n.e.r.AbstractInstanceRegistry - Running the evict task with compensationTime 10ms
2023-08-24 18:36:59.777 [Eureka-EvictionTimer] INFO  c.n.e.r.AbstractInstanceRegistry - Running the evict task with compensationTime 2ms
2023-08-24 18:37:04.791 [Eureka-EvictionTimer] INFO  c.n.e.r.AbstractInstanceRegistry - Running the evict task with compensationTime 13ms
2023-08-24 18:37:09.796 [Eureka-EvictionTimer] INFO  c.n.e.r.AbstractInstanceRegistry - Running the evict task with compensationTime 5ms
2023-08-24 18:37:14.807 [Eureka-EvictionTimer] INFO  c.n.e.r.AbstractInstanceRegistry - Running the evict task with compensationTime 10ms
2023-08-24 18:37:19.816 [Eureka-EvictionTimer] INFO  c.n.e.r.AbstractInstanceRegistry - Running the evict task with compensationTime 8ms
2023-08-24 18:37:24.824 [Eureka-EvictionTimer] INFO  c.n.e.r.AbstractInstanceRegistry - Running the evict task with compensationTime 8ms
2023-08-24 18:37:29.834 [Eureka-EvictionTimer] INFO  c.n.e.r.AbstractInstanceRegistry - Running the evict task with compensationTime 9ms
2023-08-24 18:37:34.834 [Eureka-EvictionTimer] INFO  c.n.e.r.AbstractInstanceRegistry - Running the evict task with compensationTime 0ms
2023-08-24 18:37:39.839 [Eureka-EvictionTimer] INFO  c.n.e.r.AbstractInstanceRegistry - Running the evict task with compensationTime 5ms
2023-08-24 18:37:44.853 [Eureka-EvictionTimer] INFO  c.n.e.r.AbstractInstanceRegistry - Running the evict task with compensationTime 13ms
2023-08-24 18:37:49.859 [Eureka-EvictionTimer] INFO  c.n.e.r.AbstractInstanceRegistry - Running the evict task with compensationTime 5ms
2023-08-24 18:37:54.881 [Eureka-EvictionTimer] INFO  c.n.e.r.AbstractInstanceRegistry - Running the evict task with compensationTime 22ms
2023-08-24 18:37:59.896 [Eureka-EvictionTimer] INFO  c.n.e.r.AbstractInstanceRegistry - Running the evict task with compensationTime 14ms
2023-08-24 18:38:04.907 [Eureka-EvictionTimer] INFO  c.n.e.r.AbstractInstanceRegistry - Running the evict task with compensationTime 10ms
2023-08-24 18:38:09.918 [Eureka-EvictionTimer] INFO  c.n.e.r.AbstractInstanceRegistry - Running the evict task with compensationTime 11ms
2023-08-24 18:38:14.931 [Eureka-EvictionTimer] INFO  c.n.e.r.AbstractInstanceRegistry - Running the evict task with compensationTime 13ms
2023-08-24 18:38:19.945 [Eureka-EvictionTimer] INFO  c.n.e.r.AbstractInstanceRegistry - Running the evict task with compensationTime 13ms
2023-08-24 18:38:24.959 [Eureka-EvictionTimer] INFO  c.n.e.r.AbstractInstanceRegistry - Running the evict task with compensationTime 14ms
2023-08-24 18:38:29.974 [Eureka-EvictionTimer] INFO  c.n.e.r.AbstractInstanceRegistry - Running the evict task with compensationTime 14ms
2023-08-24 18:38:34.980 [Eureka-EvictionTimer] INFO  c.n.e.r.AbstractInstanceRegistry - Running the evict task with compensationTime 6ms
2023-08-24 18:38:39.985 [Eureka-EvictionTimer] INFO  c.n.e.r.AbstractInstanceRegistry - Running the evict task with compensationTime 4ms
2023-08-24 18:38:44.985 [Eureka-EvictionTimer] INFO  c.n.e.r.AbstractInstanceRegistry - Running the evict task with compensationTime 0ms
2023-08-24 18:38:49.994 [Eureka-EvictionTimer] INFO  c.n.e.r.AbstractInstanceRegistry - Running the evict task with compensationTime 8ms
2023-08-24 18:38:54.999 [Eureka-EvictionTimer] INFO  c.n.e.r.AbstractInstanceRegistry - Running the evict task with compensationTime 4ms
2023-08-24 18:39:00.009 [Eureka-EvictionTimer] INFO  c.n.e.r.AbstractInstanceRegistry - Running the evict task with compensationTime 10ms
2023-08-24 18:39:05.013 [Eureka-EvictionTimer] INFO  c.n.e.r.AbstractInstanceRegistry - Running the evict task with compensationTime 3ms
2023-08-24 18:39:10.017 [Eureka-EvictionTimer] INFO  c.n.e.r.AbstractInstanceRegistry - Running the evict task with compensationTime 3ms
2023-08-24 18:39:15.029 [Eureka-EvictionTimer] INFO  c.n.e.r.AbstractInstanceRegistry - Running the evict task with compensationTime 11ms
2023-08-24 18:39:20.041 [Eureka-EvictionTimer] INFO  c.n.e.r.AbstractInstanceRegistry - Running the evict task with compensationTime 11ms
2023-08-24 18:39:25.048 [Eureka-EvictionTimer] INFO  c.n.e.r.AbstractInstanceRegistry - Running the evict task with compensationTime 7ms
2023-08-24 18:39:30.061 [Eureka-EvictionTimer] INFO  c.n.e.r.AbstractInstanceRegistry - Running the evict task with compensationTime 12ms
2023-08-24 18:39:35.069 [Eureka-EvictionTimer] INFO  c.n.e.r.AbstractInstanceRegistry - Running the evict task with compensationTime 8ms
2023-08-24 18:39:40.070 [Eureka-EvictionTimer] INFO  c.n.e.r.AbstractInstanceRegistry - Running the evict task with compensationTime 1ms
2023-08-24 18:39:45.071 [Eureka-EvictionTimer] INFO  c.n.e.r.AbstractInstanceRegistry - Running the evict task with compensationTime 0ms
2023-08-24 18:39:50.086 [Eureka-EvictionTimer] INFO  c.n.e.r.AbstractInstanceRegistry - Running the evict task with compensationTime 15ms
2023-08-24 18:39:55.087 [Eureka-EvictionTimer] INFO  c.n.e.r.AbstractInstanceRegistry - Running the evict task with compensationTime 0ms
2023-08-24 18:40:00.102 [Eureka-EvictionTimer] INFO  c.n.e.r.AbstractInstanceRegistry - Running the evict task with compensationTime 15ms
2023-08-24 18:40:05.104 [Eureka-EvictionTimer] INFO  c.n.e.r.AbstractInstanceRegistry - Running the evict task with compensationTime 1ms
2023-08-24 18:40:10.114 [Eureka-EvictionTimer] INFO  c.n.e.r.AbstractInstanceRegistry - Running the evict task with compensationTime 10ms
2023-08-24 18:40:15.132 [Eureka-EvictionTimer] INFO  c.n.e.r.AbstractInstanceRegistry - Running the evict task with compensationTime 18ms
2023-08-24 18:40:20.136 [Eureka-EvictionTimer] INFO  c.n.e.r.AbstractInstanceRegistry - Running the evict task with compensationTime 3ms
2023-08-24 18:40:25.138 [Eureka-EvictionTimer] INFO  c.n.e.r.AbstractInstanceRegistry - Running the evict task with compensationTime 2ms
2023-08-24 18:40:30.142 [Eureka-EvictionTimer] INFO  c.n.e.r.AbstractInstanceRegistry - Running the evict task with compensationTime 3ms
2023-08-24 18:40:35.154 [Eureka-EvictionTimer] INFO  c.n.e.r.AbstractInstanceRegistry - Running the evict task with compensationTime 11ms
2023-08-24 18:40:40.165 [Eureka-EvictionTimer] INFO  c.n.e.r.AbstractInstanceRegistry - Running the evict task with compensationTime 11ms
2023-08-24 18:40:45.172 [Eureka-EvictionTimer] INFO  c.n.e.r.AbstractInstanceRegistry - Running the evict task with compensationTime 6ms
2023-08-24 18:40:50.187 [Eureka-EvictionTimer] INFO  c.n.e.r.AbstractInstanceRegistry - Running the evict task with compensationTime 14ms
2023-08-24 18:40:55.188 [Eureka-EvictionTimer] INFO  c.n.e.r.AbstractInstanceRegistry - Running the evict task with compensationTime 1ms
2023-08-24 18:41:00.198 [Eureka-EvictionTimer] INFO  c.n.e.r.AbstractInstanceRegistry - Running the evict task with compensationTime 10ms
2023-08-24 18:41:05.211 [Eureka-EvictionTimer] INFO  c.n.e.r.AbstractInstanceRegistry - Running the evict task with compensationTime 12ms
2023-08-24 18:41:10.221 [Eureka-EvictionTimer] INFO  c.n.e.r.AbstractInstanceRegistry - Running the evict task with compensationTime 10ms
2023-08-24 18:41:15.233 [Eureka-EvictionTimer] INFO  c.n.e.r.AbstractInstanceRegistry - Running the evict task with compensationTime 11ms
2023-08-24 18:41:20.246 [Eureka-EvictionTimer] INFO  c.n.e.r.AbstractInstanceRegistry - Running the evict task with compensationTime 13ms
2023-08-24 18:41:25.254 [Eureka-EvictionTimer] INFO  c.n.e.r.AbstractInstanceRegistry - Running the evict task with compensationTime 7ms
2023-08-24 18:41:30.264 [Eureka-EvictionTimer] INFO  c.n.e.r.AbstractInstanceRegistry - Running the evict task with compensationTime 9ms
2023-08-24 18:41:35.278 [Eureka-EvictionTimer] INFO  c.n.e.r.AbstractInstanceRegistry - Running the evict task with compensationTime 14ms
2023-08-24 18:41:40.292 [Eureka-EvictionTimer] INFO  c.n.e.r.AbstractInstanceRegistry - Running the evict task with compensationTime 14ms
2023-08-24 18:41:45.304 [Eureka-EvictionTimer] INFO  c.n.e.r.AbstractInstanceRegistry - Running the evict task with compensationTime 11ms
2023-08-24 18:41:50.304 [Eureka-EvictionTimer] INFO  c.n.e.r.AbstractInstanceRegistry - Running the evict task with compensationTime 0ms
2023-08-24 18:41:55.315 [Eureka-EvictionTimer] INFO  c.n.e.r.AbstractInstanceRegistry - Running the evict task with compensationTime 10ms
2023-08-24 18:42:00.323 [Eureka-EvictionTimer] INFO  c.n.e.r.AbstractInstanceRegistry - Running the evict task with compensationTime 8ms
2023-08-24 18:42:05.333 [Eureka-EvictionTimer] INFO  c.n.e.r.AbstractInstanceRegistry - Running the evict task with compensationTime 10ms
2023-08-24 18:42:10.340 [Eureka-EvictionTimer] INFO  c.n.e.r.AbstractInstanceRegistry - Running the evict task with compensationTime 6ms
2023-08-24 18:42:15.349 [Eureka-EvictionTimer] INFO  c.n.e.r.AbstractInstanceRegistry - Running the evict task with compensationTime 8ms
2023-08-24 18:42:18.597 [http-nio-36000-exec-2] INFO  c.n.e.r.AbstractInstanceRegistry - Registered instance ONTOLOGY/DESKTOP-Q8LROP6:ontology:36002 with status UP (replication=false)
2023-08-24 18:42:20.353 [Eureka-EvictionTimer] INFO  c.n.e.r.AbstractInstanceRegistry - Running the evict task with compensationTime 4ms
2023-08-24 18:42:25.361 [Eureka-EvictionTimer] INFO  c.n.e.r.AbstractInstanceRegistry - Running the evict task with compensationTime 8ms
2023-08-24 18:42:30.370 [Eureka-EvictionTimer] INFO  c.n.e.r.AbstractInstanceRegistry - Running the evict task with compensationTime 9ms
2023-08-24 18:42:35.382 [Eureka-EvictionTimer] INFO  c.n.e.r.AbstractInstanceRegistry - Running the evict task with compensationTime 12ms
2023-08-24 18:42:40.389 [Eureka-EvictionTimer] INFO  c.n.e.r.AbstractInstanceRegistry - Running the evict task with compensationTime 6ms
2023-08-24 18:42:45.402 [Eureka-EvictionTimer] INFO  c.n.e.r.AbstractInstanceRegistry - Running the evict task with compensationTime 12ms
2023-08-24 18:42:50.408 [Eureka-EvictionTimer] INFO  c.n.e.r.AbstractInstanceRegistry - Running the evict task with compensationTime 6ms
2023-08-24 18:42:55.410 [Eureka-EvictionTimer] INFO  c.n.e.r.AbstractInstanceRegistry - Running the evict task with compensationTime 2ms
2023-08-24 18:43:00.417 [Eureka-EvictionTimer] INFO  c.n.e.r.AbstractInstanceRegistry - Running the evict task with compensationTime 6ms
2023-08-24 18:43:05.418 [Eureka-EvictionTimer] INFO  c.n.e.r.AbstractInstanceRegistry - Running the evict task with compensationTime 0ms
2023-08-24 18:43:10.433 [Eureka-EvictionTimer] INFO  c.n.e.r.AbstractInstanceRegistry - Running the evict task with compensationTime 15ms
2023-08-24 18:43:15.445 [Eureka-EvictionTimer] INFO  c.n.e.r.AbstractInstanceRegistry - Running the evict task with compensationTime 11ms
2023-08-24 18:43:20.445 [Eureka-EvictionTimer] INFO  c.n.e.r.AbstractInstanceRegistry - Running the evict task with compensationTime 0ms
2023-08-24 18:43:25.453 [Eureka-EvictionTimer] INFO  c.n.e.r.AbstractInstanceRegistry - Running the evict task with compensationTime 7ms
2023-08-24 18:43:30.463 [Eureka-EvictionTimer] INFO  c.n.e.r.AbstractInstanceRegistry - Running the evict task with compensationTime 9ms
2023-08-24 18:43:35.471 [Eureka-EvictionTimer] INFO  c.n.e.r.AbstractInstanceRegistry - Running the evict task with compensationTime 8ms
2023-08-24 18:43:40.480 [Eureka-EvictionTimer] INFO  c.n.e.r.AbstractInstanceRegistry - Running the evict task with compensationTime 9ms
2023-08-24 18:43:45.496 [Eureka-EvictionTimer] INFO  c.n.e.r.AbstractInstanceRegistry - Running the evict task with compensationTime 15ms
2023-08-24 18:43:50.501 [Eureka-EvictionTimer] INFO  c.n.e.r.AbstractInstanceRegistry - Running the evict task with compensationTime 5ms
2023-08-24 18:43:55.506 [Eureka-EvictionTimer] INFO  c.n.e.r.AbstractInstanceRegistry - Running the evict task with compensationTime 4ms
2023-08-24 18:44:00.518 [Eureka-EvictionTimer] INFO  c.n.e.r.AbstractInstanceRegistry - Running the evict task with compensationTime 12ms
2023-08-24 18:44:05.527 [Eureka-EvictionTimer] INFO  c.n.e.r.AbstractInstanceRegistry - Running the evict task with compensationTime 8ms
2023-08-24 18:44:10.536 [Eureka-EvictionTimer] INFO  c.n.e.r.AbstractInstanceRegistry - Running the evict task with compensationTime 9ms
2023-08-24 18:44:15.537 [Eureka-EvictionTimer] INFO  c.n.e.r.AbstractInstanceRegistry - Running the evict task with compensationTime 0ms
2023-08-24 18:44:20.538 [Eureka-EvictionTimer] INFO  c.n.e.r.AbstractInstanceRegistry - Running the evict task with compensationTime 1ms
2023-08-24 18:44:25.545 [Eureka-EvictionTimer] INFO  c.n.e.r.AbstractInstanceRegistry - Running the evict task with compensationTime 7ms
2023-08-24 18:44:30.545 [Eureka-EvictionTimer] INFO  c.n.e.r.AbstractInstanceRegistry - Running the evict task with compensationTime 0ms
2023-08-24 18:44:35.556 [Eureka-EvictionTimer] INFO  c.n.e.r.AbstractInstanceRegistry - Running the evict task with compensationTime 10ms
2023-08-24 18:44:40.558 [Eureka-EvictionTimer] INFO  c.n.e.r.AbstractInstanceRegistry - Running the evict task with compensationTime 2ms
2023-08-24 18:44:45.564 [Eureka-EvictionTimer] INFO  c.n.e.r.AbstractInstanceRegistry - Running the evict task with compensationTime 5ms
2023-08-24 18:44:50.578 [Eureka-EvictionTimer] INFO  c.n.e.r.AbstractInstanceRegistry - Running the evict task with compensationTime 13ms
2023-08-24 18:44:55.582 [Eureka-EvictionTimer] INFO  c.n.e.r.AbstractInstanceRegistry - Running the evict task with compensationTime 3ms
2023-08-24 18:45:00.595 [Eureka-EvictionTimer] INFO  c.n.e.r.AbstractInstanceRegistry - Running the evict task with compensationTime 12ms
2023-08-24 18:45:05.599 [Eureka-EvictionTimer] INFO  c.n.e.r.AbstractInstanceRegistry - Running the evict task with compensationTime 3ms
2023-08-24 18:45:10.602 [Eureka-EvictionTimer] INFO  c.n.e.r.AbstractInstanceRegistry - Running the evict task with compensationTime 3ms
2023-08-24 18:45:15.609 [Eureka-EvictionTimer] INFO  c.n.e.r.AbstractInstanceRegistry - Running the evict task with compensationTime 7ms
2023-08-24 18:45:20.610 [Eureka-EvictionTimer] INFO  c.n.e.r.AbstractInstanceRegistry - Running the evict task with compensationTime 0ms
2023-08-24 18:45:25.625 [Eureka-EvictionTimer] INFO  c.n.e.r.AbstractInstanceRegistry - Running the evict task with compensationTime 15ms
2023-08-24 18:45:30.628 [Eureka-EvictionTimer] INFO  c.n.e.r.AbstractInstanceRegistry - Running the evict task with compensationTime 2ms
2023-08-24 18:45:35.635 [Eureka-EvictionTimer] INFO  c.n.e.r.AbstractInstanceRegistry - Running the evict task with compensationTime 7ms
2023-08-24 18:45:40.647 [Eureka-EvictionTimer] INFO  c.n.e.r.AbstractInstanceRegistry - Running the evict task with compensationTime 11ms
2023-08-24 18:45:45.650 [Eureka-EvictionTimer] INFO  c.n.e.r.AbstractInstanceRegistry - Running the evict task with compensationTime 2ms
2023-08-24 18:45:50.656 [Eureka-EvictionTimer] INFO  c.n.e.r.AbstractInstanceRegistry - Running the evict task with compensationTime 6ms
2023-08-24 18:45:55.666 [Eureka-EvictionTimer] INFO  c.n.e.r.AbstractInstanceRegistry - Running the evict task with compensationTime 10ms
2023-08-24 18:46:00.668 [Eureka-EvictionTimer] INFO  c.n.e.r.AbstractInstanceRegistry - Running the evict task with compensationTime 1ms
2023-08-24 18:46:05.672 [Eureka-EvictionTimer] INFO  c.n.e.r.AbstractInstanceRegistry - Running the evict task with compensationTime 4ms
2023-08-24 18:46:10.677 [Eureka-EvictionTimer] INFO  c.n.e.r.AbstractInstanceRegistry - Running the evict task with compensationTime 4ms
2023-08-24 18:46:15.681 [Eureka-EvictionTimer] INFO  c.n.e.r.AbstractInstanceRegistry - Running the evict task with compensationTime 4ms
2023-08-24 18:46:20.697 [Eureka-EvictionTimer] INFO  c.n.e.r.AbstractInstanceRegistry - Running the evict task with compensationTime 15ms
2023-08-24 18:46:25.709 [Eureka-EvictionTimer] INFO  c.n.e.r.AbstractInstanceRegistry - Running the evict task with compensationTime 11ms
2023-08-24 18:46:30.716 [Eureka-EvictionTimer] INFO  c.n.e.r.AbstractInstanceRegistry - Running the evict task with compensationTime 7ms
2023-08-24 18:46:35.722 [Eureka-EvictionTimer] INFO  c.n.e.r.AbstractInstanceRegistry - Running the evict task with compensationTime 6ms
2023-08-24 18:46:40.725 [Eureka-EvictionTimer] INFO  c.n.e.r.AbstractInstanceRegistry - Running the evict task with compensationTime 3ms
2023-08-24 18:46:45.739 [Eureka-EvictionTimer] INFO  c.n.e.r.AbstractInstanceRegistry - Running the evict task with compensationTime 13ms
2023-08-24 18:46:50.752 [Eureka-EvictionTimer] INFO  c.n.e.r.AbstractInstanceRegistry - Running the evict task with compensationTime 13ms
2023-08-24 18:46:55.766 [Eureka-EvictionTimer] INFO  c.n.e.r.AbstractInstanceRegistry - Running the evict task with compensationTime 13ms
2023-08-24 18:47:00.780 [Eureka-EvictionTimer] INFO  c.n.e.r.AbstractInstanceRegistry - Running the evict task with compensationTime 13ms
2023-08-24 18:47:05.789 [Eureka-EvictionTimer] INFO  c.n.e.r.AbstractInstanceRegistry - Running the evict task with compensationTime 9ms
2023-08-24 18:47:10.794 [Eureka-EvictionTimer] INFO  c.n.e.r.AbstractInstanceRegistry - Running the evict task with compensationTime 5ms
2023-08-24 18:47:15.795 [Eureka-EvictionTimer] INFO  c.n.e.r.AbstractInstanceRegistry - Running the evict task with compensationTime 0ms
2023-08-24 18:47:20.809 [Eureka-EvictionTimer] INFO  c.n.e.r.AbstractInstanceRegistry - Running the evict task with compensationTime 13ms
2023-08-24 18:47:25.818 [Eureka-EvictionTimer] INFO  c.n.e.r.AbstractInstanceRegistry - Running the evict task with compensationTime 9ms
2023-08-24 18:47:30.829 [Eureka-EvictionTimer] INFO  c.n.e.r.AbstractInstanceRegistry - Running the evict task with compensationTime 11ms
2023-08-24 18:47:35.838 [Eureka-EvictionTimer] INFO  c.n.e.r.AbstractInstanceRegistry - Running the evict task with compensationTime 8ms
2023-08-24 18:47:40.852 [Eureka-EvictionTimer] INFO  c.n.e.r.AbstractInstanceRegistry - Running the evict task with compensationTime 14ms
2023-08-24 18:47:45.864 [Eureka-EvictionTimer] INFO  c.n.e.r.AbstractInstanceRegistry - Running the evict task with compensationTime 11ms
2023-08-24 18:47:50.871 [Eureka-EvictionTimer] INFO  c.n.e.r.AbstractInstanceRegistry - Running the evict task with compensationTime 6ms
2023-08-24 18:47:55.880 [Eureka-EvictionTimer] INFO  c.n.e.r.AbstractInstanceRegistry - Running the evict task with compensationTime 9ms
2023-08-24 18:48:00.881 [Eureka-EvictionTimer] INFO  c.n.e.r.AbstractInstanceRegistry - Running the evict task with compensationTime 1ms
2023-08-24 18:48:05.892 [Eureka-EvictionTimer] INFO  c.n.e.r.AbstractInstanceRegistry - Running the evict task with compensationTime 10ms
2023-08-24 18:48:10.895 [Eureka-EvictionTimer] INFO  c.n.e.r.AbstractInstanceRegistry - Running the evict task with compensationTime 2ms
2023-08-24 18:48:15.896 [Eureka-EvictionTimer] INFO  c.n.e.r.AbstractInstanceRegistry - Running the evict task with compensationTime 1ms
2023-08-24 18:48:20.905 [Eureka-EvictionTimer] INFO  c.n.e.r.AbstractInstanceRegistry - Running the evict task with compensationTime 9ms
2023-08-24 18:48:25.906 [Eureka-EvictionTimer] INFO  c.n.e.r.AbstractInstanceRegistry - Running the evict task with compensationTime 1ms
2023-08-24 18:48:30.908 [Eureka-EvictionTimer] INFO  c.n.e.r.AbstractInstanceRegistry - Running the evict task with compensationTime 1ms
2023-08-24 18:48:35.912 [Eureka-EvictionTimer] INFO  c.n.e.r.AbstractInstanceRegistry - Running the evict task with compensationTime 4ms
2023-08-24 18:48:40.916 [Eureka-EvictionTimer] INFO  c.n.e.r.AbstractInstanceRegistry - Running the evict task with compensationTime 4ms
2023-08-24 18:48:45.932 [Eureka-EvictionTimer] INFO  c.n.e.r.AbstractInstanceRegistry - Running the evict task with compensationTime 15ms
2023-08-24 18:48:50.934 [Eureka-EvictionTimer] INFO  c.n.e.r.AbstractInstanceRegistry - Running the evict task with compensationTime 2ms
2023-08-24 18:48:55.936 [Eureka-EvictionTimer] INFO  c.n.e.r.AbstractInstanceRegistry - Running the evict task with compensationTime 2ms
2023-08-24 18:49:00.939 [Eureka-EvictionTimer] INFO  c.n.e.r.AbstractInstanceRegistry - Running the evict task with compensationTime 2ms
2023-08-24 18:49:02.891 [ReplicaAwareInstanceRegistry - RenewalThresholdUpdater] INFO  c.n.e.r.PeerAwareInstanceRegistryImpl - Current renewal threshold is : 0
2023-08-24 18:49:05.955 [Eureka-EvictionTimer] INFO  c.n.e.r.AbstractInstanceRegistry - Running the evict task with compensationTime 15ms
2023-08-24 18:49:10.963 [Eureka-EvictionTimer] INFO  c.n.e.r.AbstractInstanceRegistry - Running the evict task with compensationTime 8ms
2023-08-24 18:49:15.968 [Eureka-EvictionTimer] INFO  c.n.e.r.AbstractInstanceRegistry - Running the evict task with compensationTime 4ms
2023-08-24 18:49:20.975 [Eureka-EvictionTimer] INFO  c.n.e.r.AbstractInstanceRegistry - Running the evict task with compensationTime 6ms
2023-08-24 18:49:25.984 [Eureka-EvictionTimer] INFO  c.n.e.r.AbstractInstanceRegistry - Running the evict task with compensationTime 8ms
2023-08-24 18:49:30.986 [Eureka-EvictionTimer] INFO  c.n.e.r.AbstractInstanceRegistry - Running the evict task with compensationTime 2ms
2023-08-24 18:49:35.998 [Eureka-EvictionTimer] INFO  c.n.e.r.AbstractInstanceRegistry - Running the evict task with compensationTime 11ms
2023-08-24 18:49:40.999 [Eureka-EvictionTimer] INFO  c.n.e.r.AbstractInstanceRegistry - Running the evict task with compensationTime 1ms
2023-08-24 18:49:46.004 [Eureka-EvictionTimer] INFO  c.n.e.r.AbstractInstanceRegistry - Running the evict task with compensationTime 4ms
2023-08-24 18:49:51.008 [Eureka-EvictionTimer] INFO  c.n.e.r.AbstractInstanceRegistry - Running the evict task with compensationTime 4ms
2023-08-24 18:49:56.023 [Eureka-EvictionTimer] INFO  c.n.e.r.AbstractInstanceRegistry - Running the evict task with compensationTime 14ms
2023-08-24 18:50:01.030 [Eureka-EvictionTimer] INFO  c.n.e.r.AbstractInstanceRegistry - Running the evict task with compensationTime 7ms
2023-08-24 18:50:06.034 [Eureka-EvictionTimer] INFO  c.n.e.r.AbstractInstanceRegistry - Running the evict task with compensationTime 3ms
2023-08-24 18:50:11.042 [Eureka-EvictionTimer] INFO  c.n.e.r.AbstractInstanceRegistry - Running the evict task with compensationTime 8ms
2023-08-24 18:50:16.054 [Eureka-EvictionTimer] INFO  c.n.e.r.AbstractInstanceRegistry - Running the evict task with compensationTime 12ms
2023-08-24 18:50:21.055 [Eureka-EvictionTimer] INFO  c.n.e.r.AbstractInstanceRegistry - Running the evict task with compensationTime 1ms
2023-08-24 18:50:26.064 [Eureka-EvictionTimer] INFO  c.n.e.r.AbstractInstanceRegistry - Running the evict task with compensationTime 8ms
2023-08-24 18:50:31.079 [Eureka-EvictionTimer] INFO  c.n.e.r.AbstractInstanceRegistry - Running the evict task with compensationTime 14ms
2023-08-24 18:50:36.079 [Eureka-EvictionTimer] INFO  c.n.e.r.AbstractInstanceRegistry - Running the evict task with compensationTime 0ms
2023-08-24 18:50:41.087 [Eureka-EvictionTimer] INFO  c.n.e.r.AbstractInstanceRegistry - Running the evict task with compensationTime 8ms
2023-08-24 18:50:46.089 [Eureka-EvictionTimer] INFO  c.n.e.r.AbstractInstanceRegistry - Running the evict task with compensationTime 1ms
2023-08-24 18:50:51.096 [Eureka-EvictionTimer] INFO  c.n.e.r.AbstractInstanceRegistry - Running the evict task with compensationTime 7ms
2023-08-24 18:50:56.108 [Eureka-EvictionTimer] INFO  c.n.e.r.AbstractInstanceRegistry - Running the evict task with compensationTime 11ms
2023-08-24 18:51:01.111 [Eureka-EvictionTimer] INFO  c.n.e.r.AbstractInstanceRegistry - Running the evict task with compensationTime 3ms
2023-08-24 18:51:06.122 [Eureka-EvictionTimer] INFO  c.n.e.r.AbstractInstanceRegistry - Running the evict task with compensationTime 10ms
2023-08-24 18:51:11.125 [Eureka-EvictionTimer] INFO  c.n.e.r.AbstractInstanceRegistry - Running the evict task with compensationTime 3ms
2023-08-24 18:51:16.127 [Eureka-EvictionTimer] INFO  c.n.e.r.AbstractInstanceRegistry - Running the evict task with compensationTime 1ms
2023-08-24 18:51:21.137 [Eureka-EvictionTimer] INFO  c.n.e.r.AbstractInstanceRegistry - Running the evict task with compensationTime 9ms
2023-08-24 18:51:26.142 [Eureka-EvictionTimer] INFO  c.n.e.r.AbstractInstanceRegistry - Running the evict task with compensationTime 4ms
2023-08-24 18:51:31.144 [Eureka-EvictionTimer] INFO  c.n.e.r.AbstractInstanceRegistry - Running the evict task with compensationTime 1ms
2023-08-24 18:51:36.155 [Eureka-EvictionTimer] INFO  c.n.e.r.AbstractInstanceRegistry - Running the evict task with compensationTime 11ms
2023-08-24 18:51:38.696 [http-nio-36000-exec-9] INFO  c.n.e.r.AbstractInstanceRegistry - Registered instance ONTOLOGY/DESKTOP-Q8LROP6:ontology:36002 with status DOWN (replication=false)
2023-08-24 18:51:41.157 [Eureka-EvictionTimer] INFO  c.n.e.r.AbstractInstanceRegistry - Running the evict task with compensationTime 1ms
2023-08-24 18:51:44.477 [http-nio-36000-exec-2] INFO  c.n.e.r.AbstractInstanceRegistry - Cancelled instance ONTOLOGY/DESKTOP-Q8LROP6:ontology:36002 (replication=false)
2023-08-24 18:51:46.171 [Eureka-EvictionTimer] INFO  c.n.e.r.AbstractInstanceRegistry - Running the evict task with compensationTime 13ms
2023-08-24 18:51:51.183 [Eureka-EvictionTimer] INFO  c.n.e.r.AbstractInstanceRegistry - Running the evict task with compensationTime 11ms
2023-08-24 18:51:56.186 [Eureka-EvictionTimer] INFO  c.n.e.r.AbstractInstanceRegistry - Running the evict task with compensationTime 3ms
2023-08-24 18:52:01.196 [Eureka-EvictionTimer] INFO  c.n.e.r.AbstractInstanceRegistry - Running the evict task with compensationTime 10ms
2023-08-24 18:52:06.200 [Eureka-EvictionTimer] INFO  c.n.e.r.AbstractInstanceRegistry - Running the evict task with compensationTime 3ms
2023-08-24 18:52:11.206 [Eureka-EvictionTimer] INFO  c.n.e.r.AbstractInstanceRegistry - Running the evict task with compensationTime 6ms
2023-08-24 18:52:16.212 [Eureka-EvictionTimer] INFO  c.n.e.r.AbstractInstanceRegistry - Running the evict task with compensationTime 6ms
2023-08-24 18:52:21.224 [Eureka-EvictionTimer] INFO  c.n.e.r.AbstractInstanceRegistry - Running the evict task with compensationTime 11ms
2023-08-24 18:52:26.239 [Eureka-EvictionTimer] INFO  c.n.e.r.AbstractInstanceRegistry - Running the evict task with compensationTime 15ms
2023-08-24 18:52:31.250 [Eureka-EvictionTimer] INFO  c.n.e.r.AbstractInstanceRegistry - Running the evict task with compensationTime 10ms
2023-08-24 18:52:36.252 [Eureka-EvictionTimer] INFO  c.n.e.r.AbstractInstanceRegistry - Running the evict task with compensationTime 2ms
2023-08-24 18:52:41.259 [Eureka-EvictionTimer] INFO  c.n.e.r.AbstractInstanceRegistry - Running the evict task with compensationTime 6ms
2023-08-24 18:52:46.269 [Eureka-EvictionTimer] INFO  c.n.e.r.AbstractInstanceRegistry - Running the evict task with compensationTime 10ms
2023-08-24 18:52:51.276 [Eureka-EvictionTimer] INFO  c.n.e.r.AbstractInstanceRegistry - Running the evict task with compensationTime 6ms
2023-08-24 18:52:56.288 [Eureka-EvictionTimer] INFO  c.n.e.r.AbstractInstanceRegistry - Running the evict task with compensationTime 12ms
2023-08-24 18:53:01.296 [Eureka-EvictionTimer] INFO  c.n.e.r.AbstractInstanceRegistry - Running the evict task with compensationTime 7ms
2023-08-24 18:53:06.298 [Eureka-EvictionTimer] INFO  c.n.e.r.AbstractInstanceRegistry - Running the evict task with compensationTime 2ms
2023-08-24 18:53:11.314 [Eureka-EvictionTimer] INFO  c.n.e.r.AbstractInstanceRegistry - Running the evict task with compensationTime 15ms
2023-08-24 18:53:16.323 [Eureka-EvictionTimer] INFO  c.n.e.r.AbstractInstanceRegistry - Running the evict task with compensationTime 8ms
2023-08-24 18:53:17.507 [http-nio-36000-exec-6] INFO  c.n.e.r.AbstractInstanceRegistry - Registered instance ONTOLOGY/DESKTOP-Q8LROP6:ontology:36002 with status UP (replication=false)
2023-08-24 18:53:21.336 [Eureka-EvictionTimer] INFO  c.n.e.r.AbstractInstanceRegistry - Running the evict task with compensationTime 13ms
2023-08-24 18:53:26.337 [Eureka-EvictionTimer] INFO  c.n.e.r.AbstractInstanceRegistry - Running the evict task with compensationTime 1ms
2023-08-24 18:53:31.349 [Eureka-EvictionTimer] INFO  c.n.e.r.AbstractInstanceRegistry - Running the evict task with compensationTime 11ms
2023-08-24 18:53:36.354 [Eureka-EvictionTimer] INFO  c.n.e.r.AbstractInstanceRegistry - Running the evict task with compensationTime 4ms
2023-08-24 18:53:41.362 [Eureka-EvictionTimer] INFO  c.n.e.r.AbstractInstanceRegistry - Running the evict task with compensationTime 8ms
2023-08-24 18:53:46.371 [Eureka-EvictionTimer] INFO  c.n.e.r.AbstractInstanceRegistry - Running the evict task with compensationTime 8ms
2023-08-24 18:53:51.376 [Eureka-EvictionTimer] INFO  c.n.e.r.AbstractInstanceRegistry - Running the evict task with compensationTime 5ms
2023-08-24 18:53:56.379 [Eureka-EvictionTimer] INFO  c.n.e.r.AbstractInstanceRegistry - Running the evict task with compensationTime 2ms
2023-08-24 18:54:01.387 [Eureka-EvictionTimer] INFO  c.n.e.r.AbstractInstanceRegistry - Running the evict task with compensationTime 7ms
2023-08-24 18:54:06.400 [Eureka-EvictionTimer] INFO  c.n.e.r.AbstractInstanceRegistry - Running the evict task with compensationTime 13ms
2023-08-24 18:54:11.407 [Eureka-EvictionTimer] INFO  c.n.e.r.AbstractInstanceRegistry - Running the evict task with compensationTime 6ms
2023-08-24 18:54:16.422 [Eureka-EvictionTimer] INFO  c.n.e.r.AbstractInstanceRegistry - Running the evict task with compensationTime 14ms
2023-08-24 18:54:21.434 [Eureka-EvictionTimer] INFO  c.n.e.r.AbstractInstanceRegistry - Running the evict task with compensationTime 12ms
2023-08-24 18:54:26.435 [Eureka-EvictionTimer] INFO  c.n.e.r.AbstractInstanceRegistry - Running the evict task with compensationTime 0ms
2023-08-24 18:54:31.436 [Eureka-EvictionTimer] INFO  c.n.e.r.AbstractInstanceRegistry - Running the evict task with compensationTime 0ms
2023-08-24 18:54:36.450 [Eureka-EvictionTimer] INFO  c.n.e.r.AbstractInstanceRegistry - Running the evict task with compensationTime 14ms
2023-08-24 18:54:41.451 [Eureka-EvictionTimer] INFO  c.n.e.r.AbstractInstanceRegistry - Running the evict task with compensationTime 1ms
2023-08-24 18:54:46.455 [Eureka-EvictionTimer] INFO  c.n.e.r.AbstractInstanceRegistry - Running the evict task with compensationTime 3ms
2023-08-24 18:54:51.456 [Eureka-EvictionTimer] INFO  c.n.e.r.AbstractInstanceRegistry - Running the evict task with compensationTime 0ms
2023-08-24 18:54:56.463 [Eureka-EvictionTimer] INFO  c.n.e.r.AbstractInstanceRegistry - Running the evict task with compensationTime 7ms
2023-08-24 18:55:01.477 [Eureka-EvictionTimer] INFO  c.n.e.r.AbstractInstanceRegistry - Running the evict task with compensationTime 14ms
2023-08-24 18:55:06.483 [Eureka-EvictionTimer] INFO  c.n.e.r.AbstractInstanceRegistry - Running the evict task with compensationTime 5ms
2023-08-24 18:55:11.490 [Eureka-EvictionTimer] INFO  c.n.e.r.AbstractInstanceRegistry - Running the evict task with compensationTime 6ms
2023-08-24 18:55:16.490 [Eureka-EvictionTimer] INFO  c.n.e.r.AbstractInstanceRegistry - Running the evict task with compensationTime 0ms
2023-08-24 18:55:21.503 [Eureka-EvictionTimer] INFO  c.n.e.r.AbstractInstanceRegistry - Running the evict task with compensationTime 12ms
2023-08-24 18:55:26.513 [Eureka-EvictionTimer] INFO  c.n.e.r.AbstractInstanceRegistry - Running the evict task with compensationTime 9ms
2023-08-24 18:55:31.525 [Eureka-EvictionTimer] INFO  c.n.e.r.AbstractInstanceRegistry - Running the evict task with compensationTime 12ms
2023-08-24 18:55:36.536 [Eureka-EvictionTimer] INFO  c.n.e.r.AbstractInstanceRegistry - Running the evict task with compensationTime 10ms
2023-08-24 18:55:41.545 [Eureka-EvictionTimer] INFO  c.n.e.r.AbstractInstanceRegistry - Running the evict task with compensationTime 9ms
2023-08-24 18:55:46.556 [Eureka-EvictionTimer] INFO  c.n.e.r.AbstractInstanceRegistry - Running the evict task with compensationTime 11ms
2023-08-24 18:55:51.569 [Eureka-EvictionTimer] INFO  c.n.e.r.AbstractInstanceRegistry - Running the evict task with compensationTime 12ms
2023-08-24 18:55:56.572 [Eureka-EvictionTimer] INFO  c.n.e.r.AbstractInstanceRegistry - Running the evict task with compensationTime 3ms
2023-08-24 18:56:01.579 [Eureka-EvictionTimer] INFO  c.n.e.r.AbstractInstanceRegistry - Running the evict task with compensationTime 6ms
2023-08-24 18:56:06.584 [Eureka-EvictionTimer] INFO  c.n.e.r.AbstractInstanceRegistry - Running the evict task with compensationTime 4ms
2023-08-24 18:56:11.591 [Eureka-EvictionTimer] INFO  c.n.e.r.AbstractInstanceRegistry - Running the evict task with compensationTime 6ms
2023-08-24 18:56:16.597 [Eureka-EvictionTimer] INFO  c.n.e.r.AbstractInstanceRegistry - Running the evict task with compensationTime 6ms
2023-08-24 18:56:21.607 [Eureka-EvictionTimer] INFO  c.n.e.r.AbstractInstanceRegistry - Running the evict task with compensationTime 9ms
2023-08-24 18:56:26.610 [Eureka-EvictionTimer] INFO  c.n.e.r.AbstractInstanceRegistry - Running the evict task with compensationTime 3ms
2023-08-24 18:56:31.615 [Eureka-EvictionTimer] INFO  c.n.e.r.AbstractInstanceRegistry - Running the evict task with compensationTime 4ms
2023-08-24 18:56:36.623 [Eureka-EvictionTimer] INFO  c.n.e.r.AbstractInstanceRegistry - Running the evict task with compensationTime 8ms
2023-08-24 18:56:41.633 [Eureka-EvictionTimer] INFO  c.n.e.r.AbstractInstanceRegistry - Running the evict task with compensationTime 9ms
2023-08-24 18:56:46.647 [Eureka-EvictionTimer] INFO  c.n.e.r.AbstractInstanceRegistry - Running the evict task with compensationTime 14ms
2023-08-24 18:56:51.657 [Eureka-EvictionTimer] INFO  c.n.e.r.AbstractInstanceRegistry - Running the evict task with compensationTime 9ms
2023-08-24 18:56:56.666 [Eureka-EvictionTimer] INFO  c.n.e.r.AbstractInstanceRegistry - Running the evict task with compensationTime 8ms
2023-08-24 18:57:01.678 [Eureka-EvictionTimer] INFO  c.n.e.r.AbstractInstanceRegistry - Running the evict task with compensationTime 12ms
2023-08-24 18:57:06.692 [Eureka-EvictionTimer] INFO  c.n.e.r.AbstractInstanceRegistry - Running the evict task with compensationTime 13ms
2023-08-24 18:57:11.700 [Eureka-EvictionTimer] INFO  c.n.e.r.AbstractInstanceRegistry - Running the evict task with compensationTime 8ms
2023-08-24 18:57:16.713 [Eureka-EvictionTimer] INFO  c.n.e.r.AbstractInstanceRegistry - Running the evict task with compensationTime 13ms
2023-08-24 18:57:21.720 [Eureka-EvictionTimer] INFO  c.n.e.r.AbstractInstanceRegistry - Running the evict task with compensationTime 6ms
2023-08-24 18:57:26.729 [Eureka-EvictionTimer] INFO  c.n.e.r.AbstractInstanceRegistry - Running the evict task with compensationTime 8ms
2023-08-24 18:57:31.740 [Eureka-EvictionTimer] INFO  c.n.e.r.AbstractInstanceRegistry - Running the evict task with compensationTime 11ms
2023-08-24 18:57:36.753 [Eureka-EvictionTimer] INFO  c.n.e.r.AbstractInstanceRegistry - Running the evict task with compensationTime 13ms
2023-08-24 18:57:41.759 [Eureka-EvictionTimer] INFO  c.n.e.r.AbstractInstanceRegistry - Running the evict task with compensationTime 6ms
2023-08-24 18:57:46.762 [Eureka-EvictionTimer] INFO  c.n.e.r.AbstractInstanceRegistry - Running the evict task with compensationTime 2ms
2023-08-24 18:57:51.766 [Eureka-EvictionTimer] INFO  c.n.e.r.AbstractInstanceRegistry - Running the evict task with compensationTime 4ms
2023-08-24 18:57:56.780 [Eureka-EvictionTimer] INFO  c.n.e.r.AbstractInstanceRegistry - Running the evict task with compensationTime 14ms
2023-08-24 18:58:01.792 [Eureka-EvictionTimer] INFO  c.n.e.r.AbstractInstanceRegistry - Running the evict task with compensationTime 11ms
2023-08-24 18:58:06.803 [Eureka-EvictionTimer] INFO  c.n.e.r.AbstractInstanceRegistry - Running the evict task with compensationTime 10ms
2023-08-24 18:58:11.812 [Eureka-EvictionTimer] INFO  c.n.e.r.AbstractInstanceRegistry - Running the evict task with compensationTime 8ms
2023-08-24 18:58:16.825 [Eureka-EvictionTimer] INFO  c.n.e.r.AbstractInstanceRegistry - Running the evict task with compensationTime 12ms
2023-08-24 18:58:21.831 [Eureka-EvictionTimer] INFO  c.n.e.r.AbstractInstanceRegistry - Running the evict task with compensationTime 6ms
2023-08-24 18:58:26.846 [Eureka-EvictionTimer] INFO  c.n.e.r.AbstractInstanceRegistry - Running the evict task with compensationTime 15ms
2023-08-24 18:58:31.853 [Eureka-EvictionTimer] INFO  c.n.e.r.AbstractInstanceRegistry - Running the evict task with compensationTime 6ms
2023-08-24 18:58:36.866 [Eureka-EvictionTimer] INFO  c.n.e.r.AbstractInstanceRegistry - Running the evict task with compensationTime 13ms
2023-08-24 18:58:41.875 [Eureka-EvictionTimer] INFO  c.n.e.r.AbstractInstanceRegistry - Running the evict task with compensationTime 8ms
2023-08-24 18:58:46.882 [Eureka-EvictionTimer] INFO  c.n.e.r.AbstractInstanceRegistry - Running the evict task with compensationTime 6ms
2023-08-24 18:58:51.890 [Eureka-EvictionTimer] INFO  c.n.e.r.AbstractInstanceRegistry - Running the evict task with compensationTime 8ms
2023-08-24 18:58:56.904 [Eureka-EvictionTimer] INFO  c.n.e.r.AbstractInstanceRegistry - Running the evict task with compensationTime 14ms
2023-08-24 18:59:01.910 [Eureka-EvictionTimer] INFO  c.n.e.r.AbstractInstanceRegistry - Running the evict task with compensationTime 6ms
2023-08-24 18:59:06.913 [Eureka-EvictionTimer] INFO  c.n.e.r.AbstractInstanceRegistry - Running the evict task with compensationTime 2ms
2023-08-24 18:59:11.917 [Eureka-EvictionTimer] INFO  c.n.e.r.AbstractInstanceRegistry - Running the evict task with compensationTime 4ms
2023-08-24 18:59:16.922 [Eureka-EvictionTimer] INFO  c.n.e.r.AbstractInstanceRegistry - Running the evict task with compensationTime 5ms
2023-08-24 18:59:21.926 [Eureka-EvictionTimer] INFO  c.n.e.r.AbstractInstanceRegistry - Running the evict task with compensationTime 3ms
2023-08-24 18:59:26.934 [Eureka-EvictionTimer] INFO  c.n.e.r.AbstractInstanceRegistry - Running the evict task with compensationTime 7ms
2023-08-24 18:59:31.943 [Eureka-EvictionTimer] INFO  c.n.e.r.AbstractInstanceRegistry - Running the evict task with compensationTime 9ms
2023-08-24 18:59:36.949 [Eureka-EvictionTimer] INFO  c.n.e.r.AbstractInstanceRegistry - Running the evict task with compensationTime 6ms
2023-08-24 18:59:41.958 [Eureka-EvictionTimer] INFO  c.n.e.r.AbstractInstanceRegistry - Running the evict task with compensationTime 8ms
2023-08-24 18:59:46.963 [Eureka-EvictionTimer] INFO  c.n.e.r.AbstractInstanceRegistry - Running the evict task with compensationTime 5ms
2023-08-24 18:59:51.978 [Eureka-EvictionTimer] INFO  c.n.e.r.AbstractInstanceRegistry - Running the evict task with compensationTime 15ms
2023-08-24 18:59:56.987 [Eureka-EvictionTimer] INFO  c.n.e.r.AbstractInstanceRegistry - Running the evict task with compensationTime 8ms
2023-08-24 19:00:01.999 [Eureka-EvictionTimer] INFO  c.n.e.r.AbstractInstanceRegistry - Running the evict task with compensationTime 12ms
2023-08-24 19:00:07.004 [Eureka-EvictionTimer] INFO  c.n.e.r.AbstractInstanceRegistry - Running the evict task with compensationTime 4ms
2023-08-24 19:00:12.014 [Eureka-EvictionTimer] INFO  c.n.e.r.AbstractInstanceRegistry - Running the evict task with compensationTime 9ms
2023-08-24 19:00:17.024 [Eureka-EvictionTimer] INFO  c.n.e.r.AbstractInstanceRegistry - Running the evict task with compensationTime 10ms
2023-08-24 19:00:22.037 [Eureka-EvictionTimer] INFO  c.n.e.r.AbstractInstanceRegistry - Running the evict task with compensationTime 12ms
2023-08-24 19:00:27.041 [Eureka-EvictionTimer] INFO  c.n.e.r.AbstractInstanceRegistry - Running the evict task with compensationTime 4ms
2023-08-24 19:00:32.051 [Eureka-EvictionTimer] INFO  c.n.e.r.AbstractInstanceRegistry - Running the evict task with compensationTime 9ms
2023-08-24 19:00:35.621 [SpringContextShutdownHook] INFO  o.s.c.n.e.s.EurekaServiceRegistry - Unregistering application SERVER-DISCOVER with eureka with status DOWN
2023-08-24 19:00:35.839 [http-nio-36000-exec-3] INFO  c.n.e.r.AbstractInstanceRegistry - Registered instance ONTOLOGY/DESKTOP-Q8LROP6:ontology:36002 with status DOWN (replication=false)
2023-08-24 19:00:36.057 [SpringContextShutdownHook] INFO  c.n.e.DefaultEurekaServerContext - Shutting down ...
2023-08-24 19:00:36.120 [SpringContextShutdownHook] INFO  c.n.e.DefaultEurekaServerContext - Shut down
2023-08-24 19:00:36.148 [SpringContextShutdownHook] INFO  o.s.s.c.ThreadPoolTaskExecutor - Shutting down ExecutorService 'applicationTaskExecutor'
2023-08-24 19:00:36.182 [SpringContextShutdownHook] INFO  c.netflix.discovery.DiscoveryClient - Shutting down DiscoveryClient ...
2023-08-24 19:00:36.188 [SpringContextShutdownHook] INFO  c.netflix.discovery.DiscoveryClient - Completed shut down of DiscoveryClient
