2023-08-30 14:15:52.226 [main] INFO  c.a.p.f.s.d.ServerDiscoverApplication - No active profile set, falling back to default profiles: default
2023-08-30 14:15:52.955 [main] INFO  o.s.cloud.context.scope.GenericScope - BeanFactory id=45fe1629-3fd8-363c-b6e9-0bbb088222b5
2023-08-30 14:15:53.151 [main] INFO  o.s.b.w.e.tomcat.TomcatWebServer - Tomcat initialized with port(s): 36000 (http)
2023-08-30 14:15:53.158 [main] INFO  o.a.coyote.http11.Http11NioProtocol - Initializing ProtocolHandler ["http-nio-36000"]
2023-08-30 14:15:53.158 [main] INFO  o.a.catalina.core.StandardService - Starting service [Tomcat]
2023-08-30 14:15:53.159 [main] INFO  o.a.catalina.core.StandardEngine - Starting Servlet engine: [Apache Tomcat/9.0.46]
2023-08-30 14:15:53.289 [main] INFO  o.a.c.c.C.[Tomcat].[localhost].[/] - Initializing Spring embedded WebApplicationContext
2023-08-30 14:15:53.289 [main] INFO  o.s.b.w.s.c.ServletWebServerApplicationContext - Root WebApplicationContext: initialization completed in 1053 ms
2023-08-30 14:15:53.364 [main] INFO  c.n.c.sources.URLConfigurationSource - To enable URLs as dynamic configuration sources, define System property archaius.configurationSource.additionalUrls or make config.properties available on classpath.
2023-08-30 14:15:53.373 [main] INFO  c.n.config.DynamicPropertyFactory - DynamicPropertyFactory is initialized with configuration sources: com.netflix.config.ConcurrentCompositeConfiguration@2def7a7a
2023-08-30 14:15:53.761 [main] INFO  c.s.j.s.i.a.WebApplicationImpl - Initiating Jersey application, version 'Jersey: 1.19.4 05/24/2017 03:20 PM'
2023-08-30 14:15:53.809 [main] INFO  c.n.d.p.DiscoveryJerseyProvider - Using JSON encoding codec LegacyJacksonJson
2023-08-30 14:15:53.809 [main] INFO  c.n.d.p.DiscoveryJerseyProvider - Using JSON decoding codec LegacyJacksonJson
2023-08-30 14:15:53.882 [main] INFO  c.n.d.p.DiscoveryJerseyProvider - Using XML encoding codec XStreamXml
2023-08-30 14:15:53.882 [main] INFO  c.n.d.p.DiscoveryJerseyProvider - Using XML decoding codec XStreamXml
2023-08-30 14:15:54.179 [main] INFO  c.n.c.sources.URLConfigurationSource - To enable URLs as dynamic configuration sources, define System property archaius.configurationSource.additionalUrls or make config.properties available on classpath.
2023-08-30 14:15:54.289 [main] INFO  o.s.s.c.ThreadPoolTaskExecutor - Initializing ExecutorService 'applicationTaskExecutor'
2023-08-30 14:15:54.746 [main] INFO  o.s.c.n.e.c.DiscoveryClientOptionalArgsConfiguration - Eureka HTTP Client uses Jersey
2023-08-30 14:15:54.797 [main] INFO  o.s.c.n.eureka.InstanceInfoFactory - Setting initial instance status as: STARTING
2023-08-30 14:15:54.815 [main] INFO  c.netflix.discovery.DiscoveryClient - Initializing Eureka in region us-east-1
2023-08-30 14:15:54.815 [main] INFO  c.netflix.discovery.DiscoveryClient - Client configured to neither register nor query for data.
2023-08-30 14:15:54.820 [main] INFO  c.netflix.discovery.DiscoveryClient - Discovery Client initialized at timestamp 1693376154819 with initial instances count: 0
2023-08-30 14:15:54.845 [main] INFO  c.n.e.DefaultEurekaServerContext - Initializing ...
2023-08-30 14:15:54.859 [main] INFO  c.n.e.r.AbstractInstanceRegistry - Finished initializing remote region registries. All known remote regions: []
2023-08-30 14:15:54.860 [main] INFO  c.n.e.DefaultEurekaServerContext - Initialized
2023-08-30 14:15:54.870 [main] INFO  o.s.b.a.e.web.EndpointLinksResolver - Exposing 2 endpoint(s) beneath base path '/actuator'
2023-08-30 14:15:54.932 [main] INFO  o.s.c.n.e.s.EurekaServiceRegistry - Registering application SERVER-DISCOVER with eureka with status UP
2023-08-30 14:15:54.934 [main] INFO  o.a.coyote.http11.Http11NioProtocol - Starting ProtocolHandler ["http-nio-36000"]
2023-08-30 14:15:54.934 [Thread-18] INFO  o.s.c.n.e.s.EurekaServerBootstrap - Setting the eureka configuration..
2023-08-30 14:15:54.934 [Thread-18] INFO  o.s.c.n.e.s.EurekaServerBootstrap - Eureka data center value eureka.datacenter is not set, defaulting to default
2023-08-30 14:15:54.934 [Thread-18] INFO  o.s.c.n.e.s.EurekaServerBootstrap - Eureka environment value eureka.environment is not set, defaulting to test
2023-08-30 14:15:54.941 [Thread-18] INFO  o.s.c.n.e.s.EurekaServerBootstrap - isAws returned false
2023-08-30 14:15:54.942 [Thread-18] INFO  o.s.c.n.e.s.EurekaServerBootstrap - Initialized server context
2023-08-30 14:15:54.942 [Thread-18] INFO  c.n.e.r.PeerAwareInstanceRegistryImpl - Got 1 instances from neighboring DS node
2023-08-30 14:15:54.942 [Thread-18] INFO  c.n.e.r.PeerAwareInstanceRegistryImpl - Renew threshold is: 1
2023-08-30 14:15:54.942 [Thread-18] INFO  c.n.e.r.PeerAwareInstanceRegistryImpl - Changing status to UP
2023-08-30 14:15:54.948 [Thread-18] INFO  o.s.c.n.e.s.EurekaServerInitializerConfiguration - Started Eureka Server
2023-08-30 14:15:54.983 [main] INFO  o.s.b.w.e.tomcat.TomcatWebServer - Tomcat started on port(s): 36000 (http) with context path ''
2023-08-30 14:15:54.984 [main] INFO  o.s.c.n.e.s.EurekaAutoServiceRegistration - Updating port to 36000
2023-08-30 14:15:55.023 [main] INFO  c.a.p.f.s.d.ServerDiscoverApplication - Started ServerDiscoverApplication in 3.95 seconds (JVM running for 4.616)
2023-08-30 14:15:55.255 [RMI TCP Connection(2)-192.168.51.35] INFO  o.a.c.c.C.[Tomcat].[localhost].[/] - Initializing Spring DispatcherServlet 'dispatcherServlet'
2023-08-30 14:15:55.255 [RMI TCP Connection(2)-192.168.51.35] INFO  o.s.web.servlet.DispatcherServlet - Initializing Servlet 'dispatcherServlet'
2023-08-30 14:15:55.260 [RMI TCP Connection(2)-192.168.51.35] INFO  o.s.web.servlet.DispatcherServlet - Completed initialization in 5 ms
2023-08-30 14:15:59.942 [Eureka-EvictionTimer] INFO  c.n.e.r.AbstractInstanceRegistry - Running the evict task with compensationTime 0ms
2023-08-30 14:16:04.942 [Eureka-EvictionTimer] INFO  c.n.e.r.AbstractInstanceRegistry - Running the evict task with compensationTime 0ms
2023-08-30 14:16:09.942 [Eureka-EvictionTimer] INFO  c.n.e.r.AbstractInstanceRegistry - Running the evict task with compensationTime 0ms
2023-08-30 14:16:11.237 [http-nio-36000-exec-2] INFO  c.n.e.r.AbstractInstanceRegistry - Registered instance GATEWAY/DESKTOP-U30NBNG:gateway:36005 with status UP (replication=false)
2023-08-30 14:16:14.942 [Eureka-EvictionTimer] INFO  c.n.e.r.AbstractInstanceRegistry - Running the evict task with compensationTime 0ms
2023-08-30 14:16:16.146 [http-nio-36000-exec-4] INFO  c.n.e.r.AbstractInstanceRegistry - Registered instance API/DESKTOP-U30NBNG:api:36001 with status UP (replication=false)
2023-08-30 14:16:19.942 [Eureka-EvictionTimer] INFO  c.n.e.r.AbstractInstanceRegistry - Running the evict task with compensationTime 0ms
2023-08-30 14:16:20.320 [http-nio-36000-exec-8] INFO  c.n.e.r.AbstractInstanceRegistry - Registered instance ONTOLOGY/DESKTOP-U30NBNG:ontology:36002 with status UP (replication=false)
2023-08-30 14:16:24.942 [Eureka-EvictionTimer] INFO  c.n.e.r.AbstractInstanceRegistry - Running the evict task with compensationTime 0ms
2023-08-30 14:16:29.942 [Eureka-EvictionTimer] INFO  c.n.e.r.AbstractInstanceRegistry - Running the evict task with compensationTime 0ms
2023-08-30 14:16:34.942 [Eureka-EvictionTimer] INFO  c.n.e.r.AbstractInstanceRegistry - Running the evict task with compensationTime 0ms
2023-08-30 14:16:39.942 [Eureka-EvictionTimer] INFO  c.n.e.r.AbstractInstanceRegistry - Running the evict task with compensationTime 0ms
2023-08-30 14:16:44.942 [Eureka-EvictionTimer] INFO  c.n.e.r.AbstractInstanceRegistry - Running the evict task with compensationTime 0ms
2023-08-30 14:16:49.942 [Eureka-EvictionTimer] INFO  c.n.e.r.AbstractInstanceRegistry - Running the evict task with compensationTime 0ms
2023-08-30 14:16:54.942 [Eureka-EvictionTimer] INFO  c.n.e.r.AbstractInstanceRegistry - Running the evict task with compensationTime 0ms
2023-08-30 14:16:59.942 [Eureka-EvictionTimer] INFO  c.n.e.r.AbstractInstanceRegistry - Running the evict task with compensationTime 0ms
2023-08-30 14:17:04.942 [Eureka-EvictionTimer] INFO  c.n.e.r.AbstractInstanceRegistry - Running the evict task with compensationTime 0ms
2023-08-30 14:17:09.942 [Eureka-EvictionTimer] INFO  c.n.e.r.AbstractInstanceRegistry - Running the evict task with compensationTime 0ms
2023-08-30 14:17:14.942 [Eureka-EvictionTimer] INFO  c.n.e.r.AbstractInstanceRegistry - Running the evict task with compensationTime 0ms
2023-08-30 14:17:19.942 [Eureka-EvictionTimer] INFO  c.n.e.r.AbstractInstanceRegistry - Running the evict task with compensationTime 0ms
2023-08-30 14:17:24.942 [Eureka-EvictionTimer] INFO  c.n.e.r.AbstractInstanceRegistry - Running the evict task with compensationTime 0ms
2023-08-30 14:17:29.942 [Eureka-EvictionTimer] INFO  c.n.e.r.AbstractInstanceRegistry - Running the evict task with compensationTime 0ms
2023-08-30 14:17:34.942 [Eureka-EvictionTimer] INFO  c.n.e.r.AbstractInstanceRegistry - Running the evict task with compensationTime 0ms
2023-08-30 14:17:39.942 [Eureka-EvictionTimer] INFO  c.n.e.r.AbstractInstanceRegistry - Running the evict task with compensationTime 0ms
2023-08-30 14:17:44.942 [Eureka-EvictionTimer] INFO  c.n.e.r.AbstractInstanceRegistry - Running the evict task with compensationTime 0ms
2023-08-30 14:17:49.942 [Eureka-EvictionTimer] INFO  c.n.e.r.AbstractInstanceRegistry - Running the evict task with compensationTime 0ms
2023-08-30 14:17:54.942 [Eureka-EvictionTimer] INFO  c.n.e.r.AbstractInstanceRegistry - Running the evict task with compensationTime 0ms
2023-08-30 14:17:59.942 [Eureka-EvictionTimer] INFO  c.n.e.r.AbstractInstanceRegistry - Running the evict task with compensationTime 0ms
2023-08-30 14:18:04.942 [Eureka-EvictionTimer] INFO  c.n.e.r.AbstractInstanceRegistry - Running the evict task with compensationTime 0ms
2023-08-30 14:18:09.942 [Eureka-EvictionTimer] INFO  c.n.e.r.AbstractInstanceRegistry - Running the evict task with compensationTime 0ms
2023-08-30 14:18:14.942 [Eureka-EvictionTimer] INFO  c.n.e.r.AbstractInstanceRegistry - Running the evict task with compensationTime 0ms
2023-08-30 14:18:19.942 [Eureka-EvictionTimer] INFO  c.n.e.r.AbstractInstanceRegistry - Running the evict task with compensationTime 0ms
2023-08-30 14:18:24.942 [Eureka-EvictionTimer] INFO  c.n.e.r.AbstractInstanceRegistry - Running the evict task with compensationTime 0ms
2023-08-30 14:18:29.942 [Eureka-EvictionTimer] INFO  c.n.e.r.AbstractInstanceRegistry - Running the evict task with compensationTime 0ms
2023-08-30 14:18:34.942 [Eureka-EvictionTimer] INFO  c.n.e.r.AbstractInstanceRegistry - Running the evict task with compensationTime 0ms
2023-08-30 14:18:39.942 [Eureka-EvictionTimer] INFO  c.n.e.r.AbstractInstanceRegistry - Running the evict task with compensationTime 0ms
2023-08-30 14:18:44.942 [Eureka-EvictionTimer] INFO  c.n.e.r.AbstractInstanceRegistry - Running the evict task with compensationTime 0ms
2023-08-30 14:18:49.942 [Eureka-EvictionTimer] INFO  c.n.e.r.AbstractInstanceRegistry - Running the evict task with compensationTime 0ms
2023-08-30 14:18:54.942 [Eureka-EvictionTimer] INFO  c.n.e.r.AbstractInstanceRegistry - Running the evict task with compensationTime 0ms
2023-08-30 14:18:59.942 [Eureka-EvictionTimer] INFO  c.n.e.r.AbstractInstanceRegistry - Running the evict task with compensationTime 0ms
2023-08-30 14:19:04.942 [Eureka-EvictionTimer] INFO  c.n.e.r.AbstractInstanceRegistry - Running the evict task with compensationTime 0ms
2023-08-30 14:19:09.942 [Eureka-EvictionTimer] INFO  c.n.e.r.AbstractInstanceRegistry - Running the evict task with compensationTime 0ms
2023-08-30 14:19:14.942 [Eureka-EvictionTimer] INFO  c.n.e.r.AbstractInstanceRegistry - Running the evict task with compensationTime 0ms
2023-08-30 14:19:19.942 [Eureka-EvictionTimer] INFO  c.n.e.r.AbstractInstanceRegistry - Running the evict task with compensationTime 0ms
2023-08-30 14:19:24.942 [Eureka-EvictionTimer] INFO  c.n.e.r.AbstractInstanceRegistry - Running the evict task with compensationTime 0ms
2023-08-30 14:19:29.942 [Eureka-EvictionTimer] INFO  c.n.e.r.AbstractInstanceRegistry - Running the evict task with compensationTime 0ms
2023-08-30 14:19:34.942 [Eureka-EvictionTimer] INFO  c.n.e.r.AbstractInstanceRegistry - Running the evict task with compensationTime 0ms
2023-08-30 14:19:39.942 [Eureka-EvictionTimer] INFO  c.n.e.r.AbstractInstanceRegistry - Running the evict task with compensationTime 0ms
2023-08-30 14:19:44.942 [Eureka-EvictionTimer] INFO  c.n.e.r.AbstractInstanceRegistry - Running the evict task with compensationTime 0ms
2023-08-30 14:19:49.942 [Eureka-EvictionTimer] INFO  c.n.e.r.AbstractInstanceRegistry - Running the evict task with compensationTime 0ms
2023-08-30 14:19:54.942 [Eureka-EvictionTimer] INFO  c.n.e.r.AbstractInstanceRegistry - Running the evict task with compensationTime 0ms
2023-08-30 14:19:59.942 [Eureka-EvictionTimer] INFO  c.n.e.r.AbstractInstanceRegistry - Running the evict task with compensationTime 0ms
2023-08-30 14:20:04.942 [Eureka-EvictionTimer] INFO  c.n.e.r.AbstractInstanceRegistry - Running the evict task with compensationTime 0ms
2023-08-30 14:20:09.942 [Eureka-EvictionTimer] INFO  c.n.e.r.AbstractInstanceRegistry - Running the evict task with compensationTime 0ms
2023-08-30 14:20:14.942 [Eureka-EvictionTimer] INFO  c.n.e.r.AbstractInstanceRegistry - Running the evict task with compensationTime 0ms
2023-08-30 14:20:19.942 [Eureka-EvictionTimer] INFO  c.n.e.r.AbstractInstanceRegistry - Running the evict task with compensationTime 0ms
2023-08-30 14:20:24.942 [Eureka-EvictionTimer] INFO  c.n.e.r.AbstractInstanceRegistry - Running the evict task with compensationTime 0ms
2023-08-30 14:20:29.942 [Eureka-EvictionTimer] INFO  c.n.e.r.AbstractInstanceRegistry - Running the evict task with compensationTime 0ms
2023-08-30 14:20:34.942 [Eureka-EvictionTimer] INFO  c.n.e.r.AbstractInstanceRegistry - Running the evict task with compensationTime 0ms
2023-08-30 14:20:39.942 [Eureka-EvictionTimer] INFO  c.n.e.r.AbstractInstanceRegistry - Running the evict task with compensationTime 0ms
2023-08-30 14:20:44.942 [Eureka-EvictionTimer] INFO  c.n.e.r.AbstractInstanceRegistry - Running the evict task with compensationTime 0ms
2023-08-30 14:20:49.942 [Eureka-EvictionTimer] INFO  c.n.e.r.AbstractInstanceRegistry - Running the evict task with compensationTime 0ms
2023-08-30 14:20:54.942 [Eureka-EvictionTimer] INFO  c.n.e.r.AbstractInstanceRegistry - Running the evict task with compensationTime 0ms
2023-08-30 14:20:59.942 [Eureka-EvictionTimer] INFO  c.n.e.r.AbstractInstanceRegistry - Running the evict task with compensationTime 0ms
2023-08-30 14:21:04.942 [Eureka-EvictionTimer] INFO  c.n.e.r.AbstractInstanceRegistry - Running the evict task with compensationTime 0ms
2023-08-30 14:21:09.942 [Eureka-EvictionTimer] INFO  c.n.e.r.AbstractInstanceRegistry - Running the evict task with compensationTime 0ms
2023-08-30 14:21:14.942 [Eureka-EvictionTimer] INFO  c.n.e.r.AbstractInstanceRegistry - Running the evict task with compensationTime 0ms
2023-08-30 14:21:19.942 [Eureka-EvictionTimer] INFO  c.n.e.r.AbstractInstanceRegistry - Running the evict task with compensationTime 0ms
2023-08-30 14:21:24.942 [Eureka-EvictionTimer] INFO  c.n.e.r.AbstractInstanceRegistry - Running the evict task with compensationTime 0ms
2023-08-30 14:21:29.942 [Eureka-EvictionTimer] INFO  c.n.e.r.AbstractInstanceRegistry - Running the evict task with compensationTime 0ms
2023-08-30 14:21:34.942 [Eureka-EvictionTimer] INFO  c.n.e.r.AbstractInstanceRegistry - Running the evict task with compensationTime 0ms
2023-08-30 14:21:39.942 [Eureka-EvictionTimer] INFO  c.n.e.r.AbstractInstanceRegistry - Running the evict task with compensationTime 0ms
2023-08-30 14:21:44.942 [Eureka-EvictionTimer] INFO  c.n.e.r.AbstractInstanceRegistry - Running the evict task with compensationTime 0ms
2023-08-30 14:21:49.942 [Eureka-EvictionTimer] INFO  c.n.e.r.AbstractInstanceRegistry - Running the evict task with compensationTime 0ms
2023-08-30 14:21:54.942 [Eureka-EvictionTimer] INFO  c.n.e.r.AbstractInstanceRegistry - Running the evict task with compensationTime 0ms
2023-08-30 14:21:59.949 [Eureka-EvictionTimer] INFO  c.n.e.r.AbstractInstanceRegistry - Running the evict task with compensationTime 0ms
2023-08-30 14:22:04.942 [Eureka-EvictionTimer] INFO  c.n.e.r.AbstractInstanceRegistry - Running the evict task with compensationTime 0ms
2023-08-30 14:22:09.942 [Eureka-EvictionTimer] INFO  c.n.e.r.AbstractInstanceRegistry - Running the evict task with compensationTime 0ms
2023-08-30 14:22:14.942 [Eureka-EvictionTimer] INFO  c.n.e.r.AbstractInstanceRegistry - Running the evict task with compensationTime 0ms
2023-08-30 14:22:19.942 [Eureka-EvictionTimer] INFO  c.n.e.r.AbstractInstanceRegistry - Running the evict task with compensationTime 0ms
2023-08-30 14:22:24.942 [Eureka-EvictionTimer] INFO  c.n.e.r.AbstractInstanceRegistry - Running the evict task with compensationTime 0ms
2023-08-30 14:22:29.942 [Eureka-EvictionTimer] INFO  c.n.e.r.AbstractInstanceRegistry - Running the evict task with compensationTime 0ms
2023-08-30 14:22:34.942 [Eureka-EvictionTimer] INFO  c.n.e.r.AbstractInstanceRegistry - Running the evict task with compensationTime 0ms
2023-08-30 14:22:39.942 [Eureka-EvictionTimer] INFO  c.n.e.r.AbstractInstanceRegistry - Running the evict task with compensationTime 0ms
2023-08-30 14:22:44.942 [Eureka-EvictionTimer] INFO  c.n.e.r.AbstractInstanceRegistry - Running the evict task with compensationTime 0ms
2023-08-30 14:22:49.942 [Eureka-EvictionTimer] INFO  c.n.e.r.AbstractInstanceRegistry - Running the evict task with compensationTime 0ms
2023-08-30 14:22:54.942 [Eureka-EvictionTimer] INFO  c.n.e.r.AbstractInstanceRegistry - Running the evict task with compensationTime 0ms
2023-08-30 14:22:59.942 [Eureka-EvictionTimer] INFO  c.n.e.r.AbstractInstanceRegistry - Running the evict task with compensationTime 0ms
2023-08-30 14:23:04.942 [Eureka-EvictionTimer] INFO  c.n.e.r.AbstractInstanceRegistry - Running the evict task with compensationTime 0ms
2023-08-30 14:23:09.942 [Eureka-EvictionTimer] INFO  c.n.e.r.AbstractInstanceRegistry - Running the evict task with compensationTime 0ms
2023-08-30 14:23:14.942 [Eureka-EvictionTimer] INFO  c.n.e.r.AbstractInstanceRegistry - Running the evict task with compensationTime 0ms
2023-08-30 14:23:19.942 [Eureka-EvictionTimer] INFO  c.n.e.r.AbstractInstanceRegistry - Running the evict task with compensationTime 0ms
2023-08-30 14:23:24.942 [Eureka-EvictionTimer] INFO  c.n.e.r.AbstractInstanceRegistry - Running the evict task with compensationTime 0ms
2023-08-30 14:23:29.942 [Eureka-EvictionTimer] INFO  c.n.e.r.AbstractInstanceRegistry - Running the evict task with compensationTime 0ms
2023-08-30 14:23:34.942 [Eureka-EvictionTimer] INFO  c.n.e.r.AbstractInstanceRegistry - Running the evict task with compensationTime 0ms
2023-08-30 14:23:39.942 [Eureka-EvictionTimer] INFO  c.n.e.r.AbstractInstanceRegistry - Running the evict task with compensationTime 0ms
2023-08-30 14:23:44.942 [Eureka-EvictionTimer] INFO  c.n.e.r.AbstractInstanceRegistry - Running the evict task with compensationTime 0ms
2023-08-30 14:23:49.942 [Eureka-EvictionTimer] INFO  c.n.e.r.AbstractInstanceRegistry - Running the evict task with compensationTime 0ms
2023-08-30 14:23:54.942 [Eureka-EvictionTimer] INFO  c.n.e.r.AbstractInstanceRegistry - Running the evict task with compensationTime 0ms
2023-08-30 14:23:59.942 [Eureka-EvictionTimer] INFO  c.n.e.r.AbstractInstanceRegistry - Running the evict task with compensationTime 0ms
2023-08-30 14:24:04.942 [Eureka-EvictionTimer] INFO  c.n.e.r.AbstractInstanceRegistry - Running the evict task with compensationTime 0ms
2023-08-30 14:24:09.942 [Eureka-EvictionTimer] INFO  c.n.e.r.AbstractInstanceRegistry - Running the evict task with compensationTime 0ms
2023-08-30 14:24:14.942 [Eureka-EvictionTimer] INFO  c.n.e.r.AbstractInstanceRegistry - Running the evict task with compensationTime 0ms
2023-08-30 14:24:19.942 [Eureka-EvictionTimer] INFO  c.n.e.r.AbstractInstanceRegistry - Running the evict task with compensationTime 0ms
2023-08-30 14:24:24.942 [Eureka-EvictionTimer] INFO  c.n.e.r.AbstractInstanceRegistry - Running the evict task with compensationTime 0ms
2023-08-30 14:24:29.942 [Eureka-EvictionTimer] INFO  c.n.e.r.AbstractInstanceRegistry - Running the evict task with compensationTime 0ms
2023-08-30 14:24:34.942 [Eureka-EvictionTimer] INFO  c.n.e.r.AbstractInstanceRegistry - Running the evict task with compensationTime 0ms
2023-08-30 14:24:39.942 [Eureka-EvictionTimer] INFO  c.n.e.r.AbstractInstanceRegistry - Running the evict task with compensationTime 0ms
2023-08-30 14:24:44.942 [Eureka-EvictionTimer] INFO  c.n.e.r.AbstractInstanceRegistry - Running the evict task with compensationTime 0ms
2023-08-30 14:24:49.942 [Eureka-EvictionTimer] INFO  c.n.e.r.AbstractInstanceRegistry - Running the evict task with compensationTime 0ms
2023-08-30 14:24:54.942 [Eureka-EvictionTimer] INFO  c.n.e.r.AbstractInstanceRegistry - Running the evict task with compensationTime 0ms
2023-08-30 14:24:59.942 [Eureka-EvictionTimer] INFO  c.n.e.r.AbstractInstanceRegistry - Running the evict task with compensationTime 0ms
2023-08-30 14:25:04.942 [Eureka-EvictionTimer] INFO  c.n.e.r.AbstractInstanceRegistry - Running the evict task with compensationTime 0ms
2023-08-30 14:25:09.942 [Eureka-EvictionTimer] INFO  c.n.e.r.AbstractInstanceRegistry - Running the evict task with compensationTime 0ms
2023-08-30 14:25:14.942 [Eureka-EvictionTimer] INFO  c.n.e.r.AbstractInstanceRegistry - Running the evict task with compensationTime 0ms
2023-08-30 14:25:19.942 [Eureka-EvictionTimer] INFO  c.n.e.r.AbstractInstanceRegistry - Running the evict task with compensationTime 0ms
2023-08-30 14:25:24.942 [Eureka-EvictionTimer] INFO  c.n.e.r.AbstractInstanceRegistry - Running the evict task with compensationTime 0ms
2023-08-30 14:25:29.942 [Eureka-EvictionTimer] INFO  c.n.e.r.AbstractInstanceRegistry - Running the evict task with compensationTime 0ms
2023-08-30 14:25:34.942 [Eureka-EvictionTimer] INFO  c.n.e.r.AbstractInstanceRegistry - Running the evict task with compensationTime 0ms
2023-08-30 14:25:39.942 [Eureka-EvictionTimer] INFO  c.n.e.r.AbstractInstanceRegistry - Running the evict task with compensationTime 0ms
2023-08-30 14:25:44.942 [Eureka-EvictionTimer] INFO  c.n.e.r.AbstractInstanceRegistry - Running the evict task with compensationTime 0ms
2023-08-30 14:25:49.942 [Eureka-EvictionTimer] INFO  c.n.e.r.AbstractInstanceRegistry - Running the evict task with compensationTime 0ms
2023-08-30 14:25:54.942 [Eureka-EvictionTimer] INFO  c.n.e.r.AbstractInstanceRegistry - Running the evict task with compensationTime 0ms
2023-08-30 14:25:59.942 [Eureka-EvictionTimer] INFO  c.n.e.r.AbstractInstanceRegistry - Running the evict task with compensationTime 0ms
2023-08-30 14:26:04.942 [Eureka-EvictionTimer] INFO  c.n.e.r.AbstractInstanceRegistry - Running the evict task with compensationTime 0ms
2023-08-30 14:26:09.942 [Eureka-EvictionTimer] INFO  c.n.e.r.AbstractInstanceRegistry - Running the evict task with compensationTime 0ms
2023-08-30 14:26:14.942 [Eureka-EvictionTimer] INFO  c.n.e.r.AbstractInstanceRegistry - Running the evict task with compensationTime 0ms
2023-08-30 14:26:19.942 [Eureka-EvictionTimer] INFO  c.n.e.r.AbstractInstanceRegistry - Running the evict task with compensationTime 0ms
2023-08-30 14:26:24.942 [Eureka-EvictionTimer] INFO  c.n.e.r.AbstractInstanceRegistry - Running the evict task with compensationTime 0ms
2023-08-30 14:26:29.942 [Eureka-EvictionTimer] INFO  c.n.e.r.AbstractInstanceRegistry - Running the evict task with compensationTime 0ms
2023-08-30 14:26:34.942 [Eureka-EvictionTimer] INFO  c.n.e.r.AbstractInstanceRegistry - Running the evict task with compensationTime 0ms
2023-08-30 14:26:39.942 [Eureka-EvictionTimer] INFO  c.n.e.r.AbstractInstanceRegistry - Running the evict task with compensationTime 0ms
2023-08-30 14:26:44.942 [Eureka-EvictionTimer] INFO  c.n.e.r.AbstractInstanceRegistry - Running the evict task with compensationTime 0ms
2023-08-30 14:26:49.942 [Eureka-EvictionTimer] INFO  c.n.e.r.AbstractInstanceRegistry - Running the evict task with compensationTime 0ms
2023-08-30 14:26:54.942 [Eureka-EvictionTimer] INFO  c.n.e.r.AbstractInstanceRegistry - Running the evict task with compensationTime 0ms
2023-08-30 14:26:59.942 [Eureka-EvictionTimer] INFO  c.n.e.r.AbstractInstanceRegistry - Running the evict task with compensationTime 0ms
2023-08-30 14:27:04.942 [Eureka-EvictionTimer] INFO  c.n.e.r.AbstractInstanceRegistry - Running the evict task with compensationTime 0ms
2023-08-30 14:27:09.942 [Eureka-EvictionTimer] INFO  c.n.e.r.AbstractInstanceRegistry - Running the evict task with compensationTime 0ms
2023-08-30 14:27:14.942 [Eureka-EvictionTimer] INFO  c.n.e.r.AbstractInstanceRegistry - Running the evict task with compensationTime 0ms
2023-08-30 14:27:19.942 [Eureka-EvictionTimer] INFO  c.n.e.r.AbstractInstanceRegistry - Running the evict task with compensationTime 0ms
2023-08-30 14:27:24.942 [Eureka-EvictionTimer] INFO  c.n.e.r.AbstractInstanceRegistry - Running the evict task with compensationTime 0ms
2023-08-30 14:27:29.942 [Eureka-EvictionTimer] INFO  c.n.e.r.AbstractInstanceRegistry - Running the evict task with compensationTime 0ms
2023-08-30 14:27:34.942 [Eureka-EvictionTimer] INFO  c.n.e.r.AbstractInstanceRegistry - Running the evict task with compensationTime 0ms
2023-08-30 14:27:39.942 [Eureka-EvictionTimer] INFO  c.n.e.r.AbstractInstanceRegistry - Running the evict task with compensationTime 0ms
2023-08-30 14:27:44.942 [Eureka-EvictionTimer] INFO  c.n.e.r.AbstractInstanceRegistry - Running the evict task with compensationTime 0ms
2023-08-30 14:27:49.942 [Eureka-EvictionTimer] INFO  c.n.e.r.AbstractInstanceRegistry - Running the evict task with compensationTime 0ms
2023-08-30 14:27:54.942 [Eureka-EvictionTimer] INFO  c.n.e.r.AbstractInstanceRegistry - Running the evict task with compensationTime 0ms
2023-08-30 14:27:59.942 [Eureka-EvictionTimer] INFO  c.n.e.r.AbstractInstanceRegistry - Running the evict task with compensationTime 0ms
2023-08-30 14:28:04.942 [Eureka-EvictionTimer] INFO  c.n.e.r.AbstractInstanceRegistry - Running the evict task with compensationTime 0ms
2023-08-30 14:28:09.942 [Eureka-EvictionTimer] INFO  c.n.e.r.AbstractInstanceRegistry - Running the evict task with compensationTime 0ms
2023-08-30 14:28:14.942 [Eureka-EvictionTimer] INFO  c.n.e.r.AbstractInstanceRegistry - Running the evict task with compensationTime 0ms
2023-08-30 14:28:19.942 [Eureka-EvictionTimer] INFO  c.n.e.r.AbstractInstanceRegistry - Running the evict task with compensationTime 0ms
2023-08-30 14:28:24.942 [Eureka-EvictionTimer] INFO  c.n.e.r.AbstractInstanceRegistry - Running the evict task with compensationTime 0ms
2023-08-30 14:28:29.942 [Eureka-EvictionTimer] INFO  c.n.e.r.AbstractInstanceRegistry - Running the evict task with compensationTime 0ms
2023-08-30 14:28:34.942 [Eureka-EvictionTimer] INFO  c.n.e.r.AbstractInstanceRegistry - Running the evict task with compensationTime 0ms
2023-08-30 14:28:39.942 [Eureka-EvictionTimer] INFO  c.n.e.r.AbstractInstanceRegistry - Running the evict task with compensationTime 0ms
2023-08-30 14:28:44.942 [Eureka-EvictionTimer] INFO  c.n.e.r.AbstractInstanceRegistry - Running the evict task with compensationTime 0ms
2023-08-30 14:28:49.942 [Eureka-EvictionTimer] INFO  c.n.e.r.AbstractInstanceRegistry - Running the evict task with compensationTime 0ms
2023-08-30 14:28:54.942 [Eureka-EvictionTimer] INFO  c.n.e.r.AbstractInstanceRegistry - Running the evict task with compensationTime 0ms
2023-08-30 14:28:59.942 [Eureka-EvictionTimer] INFO  c.n.e.r.AbstractInstanceRegistry - Running the evict task with compensationTime 0ms
2023-08-30 14:29:04.942 [Eureka-EvictionTimer] INFO  c.n.e.r.AbstractInstanceRegistry - Running the evict task with compensationTime 0ms
2023-08-30 14:29:09.942 [Eureka-EvictionTimer] INFO  c.n.e.r.AbstractInstanceRegistry - Running the evict task with compensationTime 0ms
2023-08-30 14:29:14.942 [Eureka-EvictionTimer] INFO  c.n.e.r.AbstractInstanceRegistry - Running the evict task with compensationTime 0ms
2023-08-30 14:29:19.942 [Eureka-EvictionTimer] INFO  c.n.e.r.AbstractInstanceRegistry - Running the evict task with compensationTime 0ms
2023-08-30 14:29:24.942 [Eureka-EvictionTimer] INFO  c.n.e.r.AbstractInstanceRegistry - Running the evict task with compensationTime 0ms
2023-08-30 14:29:29.942 [Eureka-EvictionTimer] INFO  c.n.e.r.AbstractInstanceRegistry - Running the evict task with compensationTime 0ms
2023-08-30 14:29:34.942 [Eureka-EvictionTimer] INFO  c.n.e.r.AbstractInstanceRegistry - Running the evict task with compensationTime 0ms
2023-08-30 14:29:39.942 [Eureka-EvictionTimer] INFO  c.n.e.r.AbstractInstanceRegistry - Running the evict task with compensationTime 0ms
2023-08-30 14:29:44.942 [Eureka-EvictionTimer] INFO  c.n.e.r.AbstractInstanceRegistry - Running the evict task with compensationTime 0ms
2023-08-30 14:29:49.942 [Eureka-EvictionTimer] INFO  c.n.e.r.AbstractInstanceRegistry - Running the evict task with compensationTime 0ms
2023-08-30 14:29:54.942 [Eureka-EvictionTimer] INFO  c.n.e.r.AbstractInstanceRegistry - Running the evict task with compensationTime 0ms
2023-08-30 14:29:59.942 [Eureka-EvictionTimer] INFO  c.n.e.r.AbstractInstanceRegistry - Running the evict task with compensationTime 0ms
2023-08-30 14:30:04.942 [Eureka-EvictionTimer] INFO  c.n.e.r.AbstractInstanceRegistry - Running the evict task with compensationTime 0ms
2023-08-30 14:30:09.942 [Eureka-EvictionTimer] INFO  c.n.e.r.AbstractInstanceRegistry - Running the evict task with compensationTime 0ms
2023-08-30 14:30:14.942 [Eureka-EvictionTimer] INFO  c.n.e.r.AbstractInstanceRegistry - Running the evict task with compensationTime 0ms
2023-08-30 14:30:19.942 [Eureka-EvictionTimer] INFO  c.n.e.r.AbstractInstanceRegistry - Running the evict task with compensationTime 0ms
2023-08-30 14:30:24.942 [Eureka-EvictionTimer] INFO  c.n.e.r.AbstractInstanceRegistry - Running the evict task with compensationTime 0ms
2023-08-30 14:30:29.942 [Eureka-EvictionTimer] INFO  c.n.e.r.AbstractInstanceRegistry - Running the evict task with compensationTime 0ms
2023-08-30 14:30:34.942 [Eureka-EvictionTimer] INFO  c.n.e.r.AbstractInstanceRegistry - Running the evict task with compensationTime 0ms
2023-08-30 14:30:39.942 [Eureka-EvictionTimer] INFO  c.n.e.r.AbstractInstanceRegistry - Running the evict task with compensationTime 0ms
2023-08-30 14:30:44.942 [Eureka-EvictionTimer] INFO  c.n.e.r.AbstractInstanceRegistry - Running the evict task with compensationTime 0ms
2023-08-30 14:30:49.942 [Eureka-EvictionTimer] INFO  c.n.e.r.AbstractInstanceRegistry - Running the evict task with compensationTime 0ms
2023-08-30 14:30:54.859 [ReplicaAwareInstanceRegistry - RenewalThresholdUpdater] INFO  c.n.e.r.PeerAwareInstanceRegistryImpl - Current renewal threshold is : 0
2023-08-30 14:30:54.942 [Eureka-EvictionTimer] INFO  c.n.e.r.AbstractInstanceRegistry - Running the evict task with compensationTime 0ms
2023-08-30 14:30:59.942 [Eureka-EvictionTimer] INFO  c.n.e.r.AbstractInstanceRegistry - Running the evict task with compensationTime 0ms
2023-08-30 14:31:04.942 [Eureka-EvictionTimer] INFO  c.n.e.r.AbstractInstanceRegistry - Running the evict task with compensationTime 0ms
2023-08-30 14:31:09.942 [Eureka-EvictionTimer] INFO  c.n.e.r.AbstractInstanceRegistry - Running the evict task with compensationTime 0ms
2023-08-30 14:31:14.942 [Eureka-EvictionTimer] INFO  c.n.e.r.AbstractInstanceRegistry - Running the evict task with compensationTime 0ms
2023-08-30 14:31:19.942 [Eureka-EvictionTimer] INFO  c.n.e.r.AbstractInstanceRegistry - Running the evict task with compensationTime 0ms
2023-08-30 14:31:24.942 [Eureka-EvictionTimer] INFO  c.n.e.r.AbstractInstanceRegistry - Running the evict task with compensationTime 0ms
2023-08-30 14:31:29.942 [Eureka-EvictionTimer] INFO  c.n.e.r.AbstractInstanceRegistry - Running the evict task with compensationTime 0ms
2023-08-30 14:31:34.942 [Eureka-EvictionTimer] INFO  c.n.e.r.AbstractInstanceRegistry - Running the evict task with compensationTime 0ms
2023-08-30 14:31:39.942 [Eureka-EvictionTimer] INFO  c.n.e.r.AbstractInstanceRegistry - Running the evict task with compensationTime 0ms
2023-08-30 14:31:44.942 [Eureka-EvictionTimer] INFO  c.n.e.r.AbstractInstanceRegistry - Running the evict task with compensationTime 0ms
2023-08-30 14:31:49.942 [Eureka-EvictionTimer] INFO  c.n.e.r.AbstractInstanceRegistry - Running the evict task with compensationTime 0ms
2023-08-30 14:31:54.942 [Eureka-EvictionTimer] INFO  c.n.e.r.AbstractInstanceRegistry - Running the evict task with compensationTime 0ms
2023-08-30 14:31:59.942 [Eureka-EvictionTimer] INFO  c.n.e.r.AbstractInstanceRegistry - Running the evict task with compensationTime 0ms
2023-08-30 14:32:04.942 [Eureka-EvictionTimer] INFO  c.n.e.r.AbstractInstanceRegistry - Running the evict task with compensationTime 0ms
2023-08-30 14:32:09.942 [Eureka-EvictionTimer] INFO  c.n.e.r.AbstractInstanceRegistry - Running the evict task with compensationTime 0ms
2023-08-30 14:32:14.942 [Eureka-EvictionTimer] INFO  c.n.e.r.AbstractInstanceRegistry - Running the evict task with compensationTime 0ms
2023-08-30 14:32:19.942 [Eureka-EvictionTimer] INFO  c.n.e.r.AbstractInstanceRegistry - Running the evict task with compensationTime 0ms
2023-08-30 14:32:24.942 [Eureka-EvictionTimer] INFO  c.n.e.r.AbstractInstanceRegistry - Running the evict task with compensationTime 0ms
2023-08-30 14:32:29.942 [Eureka-EvictionTimer] INFO  c.n.e.r.AbstractInstanceRegistry - Running the evict task with compensationTime 0ms
2023-08-30 14:32:34.942 [Eureka-EvictionTimer] INFO  c.n.e.r.AbstractInstanceRegistry - Running the evict task with compensationTime 0ms
2023-08-30 14:32:39.942 [Eureka-EvictionTimer] INFO  c.n.e.r.AbstractInstanceRegistry - Running the evict task with compensationTime 0ms
2023-08-30 14:32:44.942 [Eureka-EvictionTimer] INFO  c.n.e.r.AbstractInstanceRegistry - Running the evict task with compensationTime 0ms
2023-08-30 14:32:49.942 [Eureka-EvictionTimer] INFO  c.n.e.r.AbstractInstanceRegistry - Running the evict task with compensationTime 0ms
2023-08-30 14:32:54.942 [Eureka-EvictionTimer] INFO  c.n.e.r.AbstractInstanceRegistry - Running the evict task with compensationTime 0ms
2023-08-30 14:32:59.942 [Eureka-EvictionTimer] INFO  c.n.e.r.AbstractInstanceRegistry - Running the evict task with compensationTime 0ms
2023-08-30 14:33:04.942 [Eureka-EvictionTimer] INFO  c.n.e.r.AbstractInstanceRegistry - Running the evict task with compensationTime 0ms
2023-08-30 14:33:09.942 [Eureka-EvictionTimer] INFO  c.n.e.r.AbstractInstanceRegistry - Running the evict task with compensationTime 0ms
2023-08-30 14:33:14.942 [Eureka-EvictionTimer] INFO  c.n.e.r.AbstractInstanceRegistry - Running the evict task with compensationTime 0ms
2023-08-30 14:33:19.942 [Eureka-EvictionTimer] INFO  c.n.e.r.AbstractInstanceRegistry - Running the evict task with compensationTime 0ms
2023-08-30 14:33:24.942 [Eureka-EvictionTimer] INFO  c.n.e.r.AbstractInstanceRegistry - Running the evict task with compensationTime 0ms
2023-08-30 14:33:29.942 [Eureka-EvictionTimer] INFO  c.n.e.r.AbstractInstanceRegistry - Running the evict task with compensationTime 0ms
2023-08-30 14:33:34.942 [Eureka-EvictionTimer] INFO  c.n.e.r.AbstractInstanceRegistry - Running the evict task with compensationTime 0ms
2023-08-30 14:33:39.942 [Eureka-EvictionTimer] INFO  c.n.e.r.AbstractInstanceRegistry - Running the evict task with compensationTime 0ms
2023-08-30 14:33:44.942 [Eureka-EvictionTimer] INFO  c.n.e.r.AbstractInstanceRegistry - Running the evict task with compensationTime 0ms
2023-08-30 14:33:49.942 [Eureka-EvictionTimer] INFO  c.n.e.r.AbstractInstanceRegistry - Running the evict task with compensationTime 0ms
2023-08-30 14:33:54.942 [Eureka-EvictionTimer] INFO  c.n.e.r.AbstractInstanceRegistry - Running the evict task with compensationTime 0ms
2023-08-30 14:33:59.942 [Eureka-EvictionTimer] INFO  c.n.e.r.AbstractInstanceRegistry - Running the evict task with compensationTime 0ms
2023-08-30 14:34:04.942 [Eureka-EvictionTimer] INFO  c.n.e.r.AbstractInstanceRegistry - Running the evict task with compensationTime 0ms
2023-08-30 14:34:09.942 [Eureka-EvictionTimer] INFO  c.n.e.r.AbstractInstanceRegistry - Running the evict task with compensationTime 0ms
2023-08-30 14:34:14.942 [Eureka-EvictionTimer] INFO  c.n.e.r.AbstractInstanceRegistry - Running the evict task with compensationTime 0ms
2023-08-30 14:34:19.942 [Eureka-EvictionTimer] INFO  c.n.e.r.AbstractInstanceRegistry - Running the evict task with compensationTime 0ms
2023-08-30 14:34:24.942 [Eureka-EvictionTimer] INFO  c.n.e.r.AbstractInstanceRegistry - Running the evict task with compensationTime 0ms
2023-08-30 14:34:29.942 [Eureka-EvictionTimer] INFO  c.n.e.r.AbstractInstanceRegistry - Running the evict task with compensationTime 0ms
2023-08-30 14:34:34.942 [Eureka-EvictionTimer] INFO  c.n.e.r.AbstractInstanceRegistry - Running the evict task with compensationTime 0ms
2023-08-30 14:34:39.942 [Eureka-EvictionTimer] INFO  c.n.e.r.AbstractInstanceRegistry - Running the evict task with compensationTime 0ms
2023-08-30 14:34:44.942 [Eureka-EvictionTimer] INFO  c.n.e.r.AbstractInstanceRegistry - Running the evict task with compensationTime 0ms
2023-08-30 14:34:49.942 [Eureka-EvictionTimer] INFO  c.n.e.r.AbstractInstanceRegistry - Running the evict task with compensationTime 0ms
2023-08-30 14:34:54.942 [Eureka-EvictionTimer] INFO  c.n.e.r.AbstractInstanceRegistry - Running the evict task with compensationTime 0ms
2023-08-30 14:34:59.942 [Eureka-EvictionTimer] INFO  c.n.e.r.AbstractInstanceRegistry - Running the evict task with compensationTime 0ms
2023-08-30 14:35:04.942 [Eureka-EvictionTimer] INFO  c.n.e.r.AbstractInstanceRegistry - Running the evict task with compensationTime 0ms
2023-08-30 14:35:09.942 [Eureka-EvictionTimer] INFO  c.n.e.r.AbstractInstanceRegistry - Running the evict task with compensationTime 0ms
2023-08-30 14:35:14.942 [Eureka-EvictionTimer] INFO  c.n.e.r.AbstractInstanceRegistry - Running the evict task with compensationTime 0ms
2023-08-30 14:35:19.942 [Eureka-EvictionTimer] INFO  c.n.e.r.AbstractInstanceRegistry - Running the evict task with compensationTime 0ms
2023-08-30 14:35:24.942 [Eureka-EvictionTimer] INFO  c.n.e.r.AbstractInstanceRegistry - Running the evict task with compensationTime 0ms
2023-08-30 14:35:29.942 [Eureka-EvictionTimer] INFO  c.n.e.r.AbstractInstanceRegistry - Running the evict task with compensationTime 0ms
2023-08-30 14:35:34.942 [Eureka-EvictionTimer] INFO  c.n.e.r.AbstractInstanceRegistry - Running the evict task with compensationTime 0ms
2023-08-30 14:35:39.942 [Eureka-EvictionTimer] INFO  c.n.e.r.AbstractInstanceRegistry - Running the evict task with compensationTime 0ms
2023-08-30 14:35:44.942 [Eureka-EvictionTimer] INFO  c.n.e.r.AbstractInstanceRegistry - Running the evict task with compensationTime 0ms
2023-08-30 14:35:49.942 [Eureka-EvictionTimer] INFO  c.n.e.r.AbstractInstanceRegistry - Running the evict task with compensationTime 0ms
2023-08-30 14:35:54.942 [Eureka-EvictionTimer] INFO  c.n.e.r.AbstractInstanceRegistry - Running the evict task with compensationTime 0ms
2023-08-30 14:35:59.942 [Eureka-EvictionTimer] INFO  c.n.e.r.AbstractInstanceRegistry - Running the evict task with compensationTime 0ms
2023-08-30 14:36:04.942 [Eureka-EvictionTimer] INFO  c.n.e.r.AbstractInstanceRegistry - Running the evict task with compensationTime 0ms
2023-08-30 14:36:09.942 [Eureka-EvictionTimer] INFO  c.n.e.r.AbstractInstanceRegistry - Running the evict task with compensationTime 0ms
2023-08-30 14:36:14.942 [Eureka-EvictionTimer] INFO  c.n.e.r.AbstractInstanceRegistry - Running the evict task with compensationTime 0ms
2023-08-30 14:36:19.942 [Eureka-EvictionTimer] INFO  c.n.e.r.AbstractInstanceRegistry - Running the evict task with compensationTime 0ms
2023-08-30 14:36:24.942 [Eureka-EvictionTimer] INFO  c.n.e.r.AbstractInstanceRegistry - Running the evict task with compensationTime 0ms
2023-08-30 14:36:29.942 [Eureka-EvictionTimer] INFO  c.n.e.r.AbstractInstanceRegistry - Running the evict task with compensationTime 0ms
2023-08-30 14:36:34.942 [Eureka-EvictionTimer] INFO  c.n.e.r.AbstractInstanceRegistry - Running the evict task with compensationTime 0ms
2023-08-30 14:36:39.942 [Eureka-EvictionTimer] INFO  c.n.e.r.AbstractInstanceRegistry - Running the evict task with compensationTime 0ms
2023-08-30 14:36:44.942 [Eureka-EvictionTimer] INFO  c.n.e.r.AbstractInstanceRegistry - Running the evict task with compensationTime 0ms
2023-08-30 14:36:49.942 [Eureka-EvictionTimer] INFO  c.n.e.r.AbstractInstanceRegistry - Running the evict task with compensationTime 0ms
2023-08-30 14:36:54.942 [Eureka-EvictionTimer] INFO  c.n.e.r.AbstractInstanceRegistry - Running the evict task with compensationTime 0ms
2023-08-30 14:36:59.942 [Eureka-EvictionTimer] INFO  c.n.e.r.AbstractInstanceRegistry - Running the evict task with compensationTime 0ms
2023-08-30 14:37:04.942 [Eureka-EvictionTimer] INFO  c.n.e.r.AbstractInstanceRegistry - Running the evict task with compensationTime 0ms
2023-08-30 14:37:09.942 [Eureka-EvictionTimer] INFO  c.n.e.r.AbstractInstanceRegistry - Running the evict task with compensationTime 0ms
2023-08-30 14:37:14.942 [Eureka-EvictionTimer] INFO  c.n.e.r.AbstractInstanceRegistry - Running the evict task with compensationTime 0ms
2023-08-30 14:37:19.942 [Eureka-EvictionTimer] INFO  c.n.e.r.AbstractInstanceRegistry - Running the evict task with compensationTime 0ms
2023-08-30 14:37:24.942 [Eureka-EvictionTimer] INFO  c.n.e.r.AbstractInstanceRegistry - Running the evict task with compensationTime 0ms
2023-08-30 14:37:29.942 [Eureka-EvictionTimer] INFO  c.n.e.r.AbstractInstanceRegistry - Running the evict task with compensationTime 0ms
2023-08-30 14:37:34.942 [Eureka-EvictionTimer] INFO  c.n.e.r.AbstractInstanceRegistry - Running the evict task with compensationTime 0ms
2023-08-30 14:37:39.942 [Eureka-EvictionTimer] INFO  c.n.e.r.AbstractInstanceRegistry - Running the evict task with compensationTime 0ms
2023-08-30 14:37:44.942 [Eureka-EvictionTimer] INFO  c.n.e.r.AbstractInstanceRegistry - Running the evict task with compensationTime 0ms
2023-08-30 14:37:49.942 [Eureka-EvictionTimer] INFO  c.n.e.r.AbstractInstanceRegistry - Running the evict task with compensationTime 0ms
2023-08-30 14:37:54.942 [Eureka-EvictionTimer] INFO  c.n.e.r.AbstractInstanceRegistry - Running the evict task with compensationTime 0ms
2023-08-30 14:37:59.942 [Eureka-EvictionTimer] INFO  c.n.e.r.AbstractInstanceRegistry - Running the evict task with compensationTime 0ms
2023-08-30 14:38:04.942 [Eureka-EvictionTimer] INFO  c.n.e.r.AbstractInstanceRegistry - Running the evict task with compensationTime 0ms
2023-08-30 14:38:09.942 [Eureka-EvictionTimer] INFO  c.n.e.r.AbstractInstanceRegistry - Running the evict task with compensationTime 0ms
2023-08-30 14:38:14.942 [Eureka-EvictionTimer] INFO  c.n.e.r.AbstractInstanceRegistry - Running the evict task with compensationTime 0ms
2023-08-30 14:38:19.942 [Eureka-EvictionTimer] INFO  c.n.e.r.AbstractInstanceRegistry - Running the evict task with compensationTime 0ms
2023-08-30 14:38:24.942 [Eureka-EvictionTimer] INFO  c.n.e.r.AbstractInstanceRegistry - Running the evict task with compensationTime 0ms
2023-08-30 14:38:29.942 [Eureka-EvictionTimer] INFO  c.n.e.r.AbstractInstanceRegistry - Running the evict task with compensationTime 0ms
2023-08-30 14:38:34.942 [Eureka-EvictionTimer] INFO  c.n.e.r.AbstractInstanceRegistry - Running the evict task with compensationTime 0ms
2023-08-30 14:38:39.942 [Eureka-EvictionTimer] INFO  c.n.e.r.AbstractInstanceRegistry - Running the evict task with compensationTime 0ms
2023-08-30 14:38:44.942 [Eureka-EvictionTimer] INFO  c.n.e.r.AbstractInstanceRegistry - Running the evict task with compensationTime 0ms
2023-08-30 14:38:49.942 [Eureka-EvictionTimer] INFO  c.n.e.r.AbstractInstanceRegistry - Running the evict task with compensationTime 0ms
2023-08-30 14:38:54.942 [Eureka-EvictionTimer] INFO  c.n.e.r.AbstractInstanceRegistry - Running the evict task with compensationTime 0ms
2023-08-30 14:38:59.942 [Eureka-EvictionTimer] INFO  c.n.e.r.AbstractInstanceRegistry - Running the evict task with compensationTime 0ms
2023-08-30 14:39:04.942 [Eureka-EvictionTimer] INFO  c.n.e.r.AbstractInstanceRegistry - Running the evict task with compensationTime 0ms
2023-08-30 14:39:09.942 [Eureka-EvictionTimer] INFO  c.n.e.r.AbstractInstanceRegistry - Running the evict task with compensationTime 0ms
2023-08-30 14:39:14.942 [Eureka-EvictionTimer] INFO  c.n.e.r.AbstractInstanceRegistry - Running the evict task with compensationTime 0ms
2023-08-30 14:39:19.942 [Eureka-EvictionTimer] INFO  c.n.e.r.AbstractInstanceRegistry - Running the evict task with compensationTime 0ms
2023-08-30 14:39:24.942 [Eureka-EvictionTimer] INFO  c.n.e.r.AbstractInstanceRegistry - Running the evict task with compensationTime 0ms
2023-08-30 14:39:29.942 [Eureka-EvictionTimer] INFO  c.n.e.r.AbstractInstanceRegistry - Running the evict task with compensationTime 0ms
2023-08-30 14:39:34.942 [Eureka-EvictionTimer] INFO  c.n.e.r.AbstractInstanceRegistry - Running the evict task with compensationTime 0ms
2023-08-30 14:39:39.942 [Eureka-EvictionTimer] INFO  c.n.e.r.AbstractInstanceRegistry - Running the evict task with compensationTime 0ms
2023-08-30 14:39:44.942 [Eureka-EvictionTimer] INFO  c.n.e.r.AbstractInstanceRegistry - Running the evict task with compensationTime 0ms
2023-08-30 14:39:49.942 [Eureka-EvictionTimer] INFO  c.n.e.r.AbstractInstanceRegistry - Running the evict task with compensationTime 0ms
2023-08-30 14:39:54.942 [Eureka-EvictionTimer] INFO  c.n.e.r.AbstractInstanceRegistry - Running the evict task with compensationTime 0ms
2023-08-30 14:39:59.942 [Eureka-EvictionTimer] INFO  c.n.e.r.AbstractInstanceRegistry - Running the evict task with compensationTime 0ms
2023-08-30 14:40:04.942 [Eureka-EvictionTimer] INFO  c.n.e.r.AbstractInstanceRegistry - Running the evict task with compensationTime 0ms
2023-08-30 14:40:09.942 [Eureka-EvictionTimer] INFO  c.n.e.r.AbstractInstanceRegistry - Running the evict task with compensationTime 0ms
2023-08-30 14:40:14.942 [Eureka-EvictionTimer] INFO  c.n.e.r.AbstractInstanceRegistry - Running the evict task with compensationTime 0ms
2023-08-30 14:40:19.942 [Eureka-EvictionTimer] INFO  c.n.e.r.AbstractInstanceRegistry - Running the evict task with compensationTime 0ms
2023-08-30 14:40:24.942 [Eureka-EvictionTimer] INFO  c.n.e.r.AbstractInstanceRegistry - Running the evict task with compensationTime 0ms
2023-08-30 14:40:29.942 [Eureka-EvictionTimer] INFO  c.n.e.r.AbstractInstanceRegistry - Running the evict task with compensationTime 0ms
2023-08-30 14:40:34.942 [Eureka-EvictionTimer] INFO  c.n.e.r.AbstractInstanceRegistry - Running the evict task with compensationTime 0ms
2023-08-30 14:40:39.942 [Eureka-EvictionTimer] INFO  c.n.e.r.AbstractInstanceRegistry - Running the evict task with compensationTime 0ms
2023-08-30 14:40:44.942 [Eureka-EvictionTimer] INFO  c.n.e.r.AbstractInstanceRegistry - Running the evict task with compensationTime 0ms
2023-08-30 14:40:49.942 [Eureka-EvictionTimer] INFO  c.n.e.r.AbstractInstanceRegistry - Running the evict task with compensationTime 0ms
2023-08-30 14:40:54.942 [Eureka-EvictionTimer] INFO  c.n.e.r.AbstractInstanceRegistry - Running the evict task with compensationTime 0ms
2023-08-30 14:40:59.942 [Eureka-EvictionTimer] INFO  c.n.e.r.AbstractInstanceRegistry - Running the evict task with compensationTime 0ms
2023-08-30 14:41:04.942 [Eureka-EvictionTimer] INFO  c.n.e.r.AbstractInstanceRegistry - Running the evict task with compensationTime 0ms
2023-08-30 14:41:09.942 [Eureka-EvictionTimer] INFO  c.n.e.r.AbstractInstanceRegistry - Running the evict task with compensationTime 0ms
2023-08-30 14:41:14.942 [Eureka-EvictionTimer] INFO  c.n.e.r.AbstractInstanceRegistry - Running the evict task with compensationTime 0ms
2023-08-30 14:41:19.942 [Eureka-EvictionTimer] INFO  c.n.e.r.AbstractInstanceRegistry - Running the evict task with compensationTime 0ms
2023-08-30 14:41:24.942 [Eureka-EvictionTimer] INFO  c.n.e.r.AbstractInstanceRegistry - Running the evict task with compensationTime 0ms
2023-08-30 14:41:29.942 [Eureka-EvictionTimer] INFO  c.n.e.r.AbstractInstanceRegistry - Running the evict task with compensationTime 0ms
2023-08-30 14:41:34.942 [Eureka-EvictionTimer] INFO  c.n.e.r.AbstractInstanceRegistry - Running the evict task with compensationTime 0ms
2023-08-30 14:41:39.942 [Eureka-EvictionTimer] INFO  c.n.e.r.AbstractInstanceRegistry - Running the evict task with compensationTime 0ms
2023-08-30 14:41:44.942 [Eureka-EvictionTimer] INFO  c.n.e.r.AbstractInstanceRegistry - Running the evict task with compensationTime 0ms
2023-08-30 14:41:49.942 [Eureka-EvictionTimer] INFO  c.n.e.r.AbstractInstanceRegistry - Running the evict task with compensationTime 0ms
2023-08-30 14:41:54.942 [Eureka-EvictionTimer] INFO  c.n.e.r.AbstractInstanceRegistry - Running the evict task with compensationTime 0ms
2023-08-30 14:41:59.942 [Eureka-EvictionTimer] INFO  c.n.e.r.AbstractInstanceRegistry - Running the evict task with compensationTime 0ms
2023-08-30 14:42:04.942 [Eureka-EvictionTimer] INFO  c.n.e.r.AbstractInstanceRegistry - Running the evict task with compensationTime 0ms
2023-08-30 14:42:09.942 [Eureka-EvictionTimer] INFO  c.n.e.r.AbstractInstanceRegistry - Running the evict task with compensationTime 0ms
2023-08-30 14:42:14.942 [Eureka-EvictionTimer] INFO  c.n.e.r.AbstractInstanceRegistry - Running the evict task with compensationTime 0ms
2023-08-30 14:42:19.942 [Eureka-EvictionTimer] INFO  c.n.e.r.AbstractInstanceRegistry - Running the evict task with compensationTime 0ms
2023-08-30 14:42:24.942 [Eureka-EvictionTimer] INFO  c.n.e.r.AbstractInstanceRegistry - Running the evict task with compensationTime 0ms
2023-08-30 14:42:29.942 [Eureka-EvictionTimer] INFO  c.n.e.r.AbstractInstanceRegistry - Running the evict task with compensationTime 0ms
2023-08-30 14:42:34.942 [Eureka-EvictionTimer] INFO  c.n.e.r.AbstractInstanceRegistry - Running the evict task with compensationTime 0ms
2023-08-30 14:42:39.942 [Eureka-EvictionTimer] INFO  c.n.e.r.AbstractInstanceRegistry - Running the evict task with compensationTime 0ms
2023-08-30 14:42:44.942 [Eureka-EvictionTimer] INFO  c.n.e.r.AbstractInstanceRegistry - Running the evict task with compensationTime 0ms
2023-08-30 14:42:49.942 [Eureka-EvictionTimer] INFO  c.n.e.r.AbstractInstanceRegistry - Running the evict task with compensationTime 0ms
2023-08-30 14:42:54.942 [Eureka-EvictionTimer] INFO  c.n.e.r.AbstractInstanceRegistry - Running the evict task with compensationTime 0ms
2023-08-30 14:42:59.942 [Eureka-EvictionTimer] INFO  c.n.e.r.AbstractInstanceRegistry - Running the evict task with compensationTime 0ms
2023-08-30 14:43:04.942 [Eureka-EvictionTimer] INFO  c.n.e.r.AbstractInstanceRegistry - Running the evict task with compensationTime 0ms
2023-08-30 14:43:09.942 [Eureka-EvictionTimer] INFO  c.n.e.r.AbstractInstanceRegistry - Running the evict task with compensationTime 0ms
2023-08-30 14:43:14.942 [Eureka-EvictionTimer] INFO  c.n.e.r.AbstractInstanceRegistry - Running the evict task with compensationTime 0ms
2023-08-30 14:43:19.942 [Eureka-EvictionTimer] INFO  c.n.e.r.AbstractInstanceRegistry - Running the evict task with compensationTime 0ms
2023-08-30 14:43:24.942 [Eureka-EvictionTimer] INFO  c.n.e.r.AbstractInstanceRegistry - Running the evict task with compensationTime 0ms
2023-08-30 14:43:29.942 [Eureka-EvictionTimer] INFO  c.n.e.r.AbstractInstanceRegistry - Running the evict task with compensationTime 0ms
2023-08-30 14:43:34.942 [Eureka-EvictionTimer] INFO  c.n.e.r.AbstractInstanceRegistry - Running the evict task with compensationTime 0ms
2023-08-30 14:43:39.942 [Eureka-EvictionTimer] INFO  c.n.e.r.AbstractInstanceRegistry - Running the evict task with compensationTime 0ms
2023-08-30 14:43:44.942 [Eureka-EvictionTimer] INFO  c.n.e.r.AbstractInstanceRegistry - Running the evict task with compensationTime 0ms
2023-08-30 14:43:49.942 [Eureka-EvictionTimer] INFO  c.n.e.r.AbstractInstanceRegistry - Running the evict task with compensationTime 0ms
2023-08-30 14:43:54.942 [Eureka-EvictionTimer] INFO  c.n.e.r.AbstractInstanceRegistry - Running the evict task with compensationTime 0ms
2023-08-30 14:43:59.942 [Eureka-EvictionTimer] INFO  c.n.e.r.AbstractInstanceRegistry - Running the evict task with compensationTime 0ms
2023-08-30 14:44:04.942 [Eureka-EvictionTimer] INFO  c.n.e.r.AbstractInstanceRegistry - Running the evict task with compensationTime 0ms
2023-08-30 14:44:09.942 [Eureka-EvictionTimer] INFO  c.n.e.r.AbstractInstanceRegistry - Running the evict task with compensationTime 0ms
2023-08-30 14:44:14.942 [Eureka-EvictionTimer] INFO  c.n.e.r.AbstractInstanceRegistry - Running the evict task with compensationTime 0ms
2023-08-30 14:44:19.942 [Eureka-EvictionTimer] INFO  c.n.e.r.AbstractInstanceRegistry - Running the evict task with compensationTime 0ms
2023-08-30 14:44:24.942 [Eureka-EvictionTimer] INFO  c.n.e.r.AbstractInstanceRegistry - Running the evict task with compensationTime 0ms
2023-08-30 14:44:29.942 [Eureka-EvictionTimer] INFO  c.n.e.r.AbstractInstanceRegistry - Running the evict task with compensationTime 0ms
2023-08-30 14:44:34.942 [Eureka-EvictionTimer] INFO  c.n.e.r.AbstractInstanceRegistry - Running the evict task with compensationTime 0ms
2023-08-30 14:44:39.942 [Eureka-EvictionTimer] INFO  c.n.e.r.AbstractInstanceRegistry - Running the evict task with compensationTime 0ms
2023-08-30 14:44:44.942 [Eureka-EvictionTimer] INFO  c.n.e.r.AbstractInstanceRegistry - Running the evict task with compensationTime 0ms
2023-08-30 14:44:49.942 [Eureka-EvictionTimer] INFO  c.n.e.r.AbstractInstanceRegistry - Running the evict task with compensationTime 0ms
2023-08-30 14:44:54.942 [Eureka-EvictionTimer] INFO  c.n.e.r.AbstractInstanceRegistry - Running the evict task with compensationTime 0ms
2023-08-30 14:44:59.942 [Eureka-EvictionTimer] INFO  c.n.e.r.AbstractInstanceRegistry - Running the evict task with compensationTime 0ms
2023-08-30 14:45:04.942 [Eureka-EvictionTimer] INFO  c.n.e.r.AbstractInstanceRegistry - Running the evict task with compensationTime 0ms
2023-08-30 14:45:09.942 [Eureka-EvictionTimer] INFO  c.n.e.r.AbstractInstanceRegistry - Running the evict task with compensationTime 0ms
2023-08-30 14:45:14.942 [Eureka-EvictionTimer] INFO  c.n.e.r.AbstractInstanceRegistry - Running the evict task with compensationTime 0ms
2023-08-30 14:45:19.942 [Eureka-EvictionTimer] INFO  c.n.e.r.AbstractInstanceRegistry - Running the evict task with compensationTime 0ms
2023-08-30 14:45:24.942 [Eureka-EvictionTimer] INFO  c.n.e.r.AbstractInstanceRegistry - Running the evict task with compensationTime 0ms
2023-08-30 14:45:29.942 [Eureka-EvictionTimer] INFO  c.n.e.r.AbstractInstanceRegistry - Running the evict task with compensationTime 0ms
2023-08-30 14:45:34.942 [Eureka-EvictionTimer] INFO  c.n.e.r.AbstractInstanceRegistry - Running the evict task with compensationTime 0ms
2023-08-30 14:45:39.942 [Eureka-EvictionTimer] INFO  c.n.e.r.AbstractInstanceRegistry - Running the evict task with compensationTime 0ms
2023-08-30 14:45:44.942 [Eureka-EvictionTimer] INFO  c.n.e.r.AbstractInstanceRegistry - Running the evict task with compensationTime 0ms
2023-08-30 14:45:49.942 [Eureka-EvictionTimer] INFO  c.n.e.r.AbstractInstanceRegistry - Running the evict task with compensationTime 0ms
2023-08-30 14:45:54.859 [ReplicaAwareInstanceRegistry - RenewalThresholdUpdater] INFO  c.n.e.r.PeerAwareInstanceRegistryImpl - Current renewal threshold is : 0
2023-08-30 14:45:54.942 [Eureka-EvictionTimer] INFO  c.n.e.r.AbstractInstanceRegistry - Running the evict task with compensationTime 0ms
2023-08-30 14:45:59.942 [Eureka-EvictionTimer] INFO  c.n.e.r.AbstractInstanceRegistry - Running the evict task with compensationTime 0ms
2023-08-30 14:46:04.942 [Eureka-EvictionTimer] INFO  c.n.e.r.AbstractInstanceRegistry - Running the evict task with compensationTime 0ms
2023-08-30 14:46:09.942 [Eureka-EvictionTimer] INFO  c.n.e.r.AbstractInstanceRegistry - Running the evict task with compensationTime 0ms
2023-08-30 14:46:14.942 [Eureka-EvictionTimer] INFO  c.n.e.r.AbstractInstanceRegistry - Running the evict task with compensationTime 0ms
2023-08-30 14:46:19.942 [Eureka-EvictionTimer] INFO  c.n.e.r.AbstractInstanceRegistry - Running the evict task with compensationTime 0ms
2023-08-30 14:46:24.942 [Eureka-EvictionTimer] INFO  c.n.e.r.AbstractInstanceRegistry - Running the evict task with compensationTime 0ms
2023-08-30 14:46:29.942 [Eureka-EvictionTimer] INFO  c.n.e.r.AbstractInstanceRegistry - Running the evict task with compensationTime 0ms
2023-08-30 14:46:34.942 [Eureka-EvictionTimer] INFO  c.n.e.r.AbstractInstanceRegistry - Running the evict task with compensationTime 0ms
2023-08-30 14:46:39.942 [Eureka-EvictionTimer] INFO  c.n.e.r.AbstractInstanceRegistry - Running the evict task with compensationTime 0ms
2023-08-30 14:46:44.942 [Eureka-EvictionTimer] INFO  c.n.e.r.AbstractInstanceRegistry - Running the evict task with compensationTime 0ms
2023-08-30 14:46:49.942 [Eureka-EvictionTimer] INFO  c.n.e.r.AbstractInstanceRegistry - Running the evict task with compensationTime 0ms
2023-08-30 14:46:54.942 [Eureka-EvictionTimer] INFO  c.n.e.r.AbstractInstanceRegistry - Running the evict task with compensationTime 0ms
2023-08-30 14:46:59.942 [Eureka-EvictionTimer] INFO  c.n.e.r.AbstractInstanceRegistry - Running the evict task with compensationTime 0ms
2023-08-30 14:47:04.942 [Eureka-EvictionTimer] INFO  c.n.e.r.AbstractInstanceRegistry - Running the evict task with compensationTime 0ms
2023-08-30 14:47:09.942 [Eureka-EvictionTimer] INFO  c.n.e.r.AbstractInstanceRegistry - Running the evict task with compensationTime 0ms
2023-08-30 14:47:14.942 [Eureka-EvictionTimer] INFO  c.n.e.r.AbstractInstanceRegistry - Running the evict task with compensationTime 0ms
2023-08-30 14:47:19.942 [Eureka-EvictionTimer] INFO  c.n.e.r.AbstractInstanceRegistry - Running the evict task with compensationTime 0ms
2023-08-30 14:47:24.942 [Eureka-EvictionTimer] INFO  c.n.e.r.AbstractInstanceRegistry - Running the evict task with compensationTime 0ms
2023-08-30 14:47:29.942 [Eureka-EvictionTimer] INFO  c.n.e.r.AbstractInstanceRegistry - Running the evict task with compensationTime 0ms
2023-08-30 14:47:34.942 [Eureka-EvictionTimer] INFO  c.n.e.r.AbstractInstanceRegistry - Running the evict task with compensationTime 0ms
2023-08-30 14:47:39.942 [Eureka-EvictionTimer] INFO  c.n.e.r.AbstractInstanceRegistry - Running the evict task with compensationTime 0ms
2023-08-30 14:47:44.942 [Eureka-EvictionTimer] INFO  c.n.e.r.AbstractInstanceRegistry - Running the evict task with compensationTime 0ms
2023-08-30 14:47:49.942 [Eureka-EvictionTimer] INFO  c.n.e.r.AbstractInstanceRegistry - Running the evict task with compensationTime 0ms
2023-08-30 14:47:54.942 [Eureka-EvictionTimer] INFO  c.n.e.r.AbstractInstanceRegistry - Running the evict task with compensationTime 0ms
2023-08-30 14:47:59.942 [Eureka-EvictionTimer] INFO  c.n.e.r.AbstractInstanceRegistry - Running the evict task with compensationTime 0ms
2023-08-30 14:48:04.942 [Eureka-EvictionTimer] INFO  c.n.e.r.AbstractInstanceRegistry - Running the evict task with compensationTime 0ms
2023-08-30 14:48:09.942 [Eureka-EvictionTimer] INFO  c.n.e.r.AbstractInstanceRegistry - Running the evict task with compensationTime 0ms
2023-08-30 14:48:14.942 [Eureka-EvictionTimer] INFO  c.n.e.r.AbstractInstanceRegistry - Running the evict task with compensationTime 0ms
2023-08-30 14:48:19.942 [Eureka-EvictionTimer] INFO  c.n.e.r.AbstractInstanceRegistry - Running the evict task with compensationTime 0ms
2023-08-30 14:48:24.942 [Eureka-EvictionTimer] INFO  c.n.e.r.AbstractInstanceRegistry - Running the evict task with compensationTime 0ms
2023-08-30 14:48:29.942 [Eureka-EvictionTimer] INFO  c.n.e.r.AbstractInstanceRegistry - Running the evict task with compensationTime 0ms
2023-08-30 14:48:34.942 [Eureka-EvictionTimer] INFO  c.n.e.r.AbstractInstanceRegistry - Running the evict task with compensationTime 0ms
2023-08-30 14:48:39.942 [Eureka-EvictionTimer] INFO  c.n.e.r.AbstractInstanceRegistry - Running the evict task with compensationTime 0ms
2023-08-30 14:48:44.942 [Eureka-EvictionTimer] INFO  c.n.e.r.AbstractInstanceRegistry - Running the evict task with compensationTime 0ms
2023-08-30 14:48:49.942 [Eureka-EvictionTimer] INFO  c.n.e.r.AbstractInstanceRegistry - Running the evict task with compensationTime 0ms
2023-08-30 14:48:54.942 [Eureka-EvictionTimer] INFO  c.n.e.r.AbstractInstanceRegistry - Running the evict task with compensationTime 0ms
2023-08-30 14:48:59.942 [Eureka-EvictionTimer] INFO  c.n.e.r.AbstractInstanceRegistry - Running the evict task with compensationTime 0ms
2023-08-30 14:49:04.942 [Eureka-EvictionTimer] INFO  c.n.e.r.AbstractInstanceRegistry - Running the evict task with compensationTime 0ms
2023-08-30 14:49:09.942 [Eureka-EvictionTimer] INFO  c.n.e.r.AbstractInstanceRegistry - Running the evict task with compensationTime 0ms
2023-08-30 14:49:14.942 [Eureka-EvictionTimer] INFO  c.n.e.r.AbstractInstanceRegistry - Running the evict task with compensationTime 0ms
2023-08-30 14:49:19.942 [Eureka-EvictionTimer] INFO  c.n.e.r.AbstractInstanceRegistry - Running the evict task with compensationTime 0ms
2023-08-30 14:49:24.942 [Eureka-EvictionTimer] INFO  c.n.e.r.AbstractInstanceRegistry - Running the evict task with compensationTime 0ms
2023-08-30 14:49:29.942 [Eureka-EvictionTimer] INFO  c.n.e.r.AbstractInstanceRegistry - Running the evict task with compensationTime 0ms
2023-08-30 14:49:34.942 [Eureka-EvictionTimer] INFO  c.n.e.r.AbstractInstanceRegistry - Running the evict task with compensationTime 0ms
2023-08-30 14:49:39.942 [Eureka-EvictionTimer] INFO  c.n.e.r.AbstractInstanceRegistry - Running the evict task with compensationTime 0ms
2023-08-30 14:49:44.942 [Eureka-EvictionTimer] INFO  c.n.e.r.AbstractInstanceRegistry - Running the evict task with compensationTime 0ms
2023-08-30 14:49:49.942 [Eureka-EvictionTimer] INFO  c.n.e.r.AbstractInstanceRegistry - Running the evict task with compensationTime 0ms
2023-08-30 14:49:54.942 [Eureka-EvictionTimer] INFO  c.n.e.r.AbstractInstanceRegistry - Running the evict task with compensationTime 0ms
2023-08-30 14:49:59.942 [Eureka-EvictionTimer] INFO  c.n.e.r.AbstractInstanceRegistry - Running the evict task with compensationTime 0ms
2023-08-30 14:50:04.942 [Eureka-EvictionTimer] INFO  c.n.e.r.AbstractInstanceRegistry - Running the evict task with compensationTime 0ms
2023-08-30 14:50:09.942 [Eureka-EvictionTimer] INFO  c.n.e.r.AbstractInstanceRegistry - Running the evict task with compensationTime 0ms
2023-08-30 14:50:14.942 [Eureka-EvictionTimer] INFO  c.n.e.r.AbstractInstanceRegistry - Running the evict task with compensationTime 0ms
2023-08-30 14:50:19.942 [Eureka-EvictionTimer] INFO  c.n.e.r.AbstractInstanceRegistry - Running the evict task with compensationTime 0ms
2023-08-30 14:50:24.942 [Eureka-EvictionTimer] INFO  c.n.e.r.AbstractInstanceRegistry - Running the evict task with compensationTime 0ms
2023-08-30 14:50:29.942 [Eureka-EvictionTimer] INFO  c.n.e.r.AbstractInstanceRegistry - Running the evict task with compensationTime 0ms
2023-08-30 14:50:34.942 [Eureka-EvictionTimer] INFO  c.n.e.r.AbstractInstanceRegistry - Running the evict task with compensationTime 0ms
2023-08-30 14:50:39.942 [Eureka-EvictionTimer] INFO  c.n.e.r.AbstractInstanceRegistry - Running the evict task with compensationTime 0ms
2023-08-30 14:50:44.942 [Eureka-EvictionTimer] INFO  c.n.e.r.AbstractInstanceRegistry - Running the evict task with compensationTime 0ms
2023-08-30 14:50:49.942 [Eureka-EvictionTimer] INFO  c.n.e.r.AbstractInstanceRegistry - Running the evict task with compensationTime 0ms
2023-08-30 14:50:54.942 [Eureka-EvictionTimer] INFO  c.n.e.r.AbstractInstanceRegistry - Running the evict task with compensationTime 0ms
2023-08-30 14:50:59.942 [Eureka-EvictionTimer] INFO  c.n.e.r.AbstractInstanceRegistry - Running the evict task with compensationTime 0ms
2023-08-30 14:51:04.942 [Eureka-EvictionTimer] INFO  c.n.e.r.AbstractInstanceRegistry - Running the evict task with compensationTime 0ms
2023-08-30 14:51:09.942 [Eureka-EvictionTimer] INFO  c.n.e.r.AbstractInstanceRegistry - Running the evict task with compensationTime 0ms
2023-08-30 14:51:14.942 [Eureka-EvictionTimer] INFO  c.n.e.r.AbstractInstanceRegistry - Running the evict task with compensationTime 0ms
2023-08-30 14:51:19.942 [Eureka-EvictionTimer] INFO  c.n.e.r.AbstractInstanceRegistry - Running the evict task with compensationTime 1ms
2023-08-30 14:51:24.942 [Eureka-EvictionTimer] INFO  c.n.e.r.AbstractInstanceRegistry - Running the evict task with compensationTime 0ms
2023-08-30 14:51:29.942 [Eureka-EvictionTimer] INFO  c.n.e.r.AbstractInstanceRegistry - Running the evict task with compensationTime 0ms
2023-08-30 14:51:34.942 [Eureka-EvictionTimer] INFO  c.n.e.r.AbstractInstanceRegistry - Running the evict task with compensationTime 0ms
2023-08-30 14:51:39.942 [Eureka-EvictionTimer] INFO  c.n.e.r.AbstractInstanceRegistry - Running the evict task with compensationTime 0ms
2023-08-30 14:51:44.942 [Eureka-EvictionTimer] INFO  c.n.e.r.AbstractInstanceRegistry - Running the evict task with compensationTime 0ms
2023-08-30 14:51:49.942 [Eureka-EvictionTimer] INFO  c.n.e.r.AbstractInstanceRegistry - Running the evict task with compensationTime 0ms
2023-08-30 14:51:54.942 [Eureka-EvictionTimer] INFO  c.n.e.r.AbstractInstanceRegistry - Running the evict task with compensationTime 0ms
2023-08-30 14:51:59.942 [Eureka-EvictionTimer] INFO  c.n.e.r.AbstractInstanceRegistry - Running the evict task with compensationTime 0ms
2023-08-30 14:52:04.942 [Eureka-EvictionTimer] INFO  c.n.e.r.AbstractInstanceRegistry - Running the evict task with compensationTime 0ms
2023-08-30 14:52:09.942 [Eureka-EvictionTimer] INFO  c.n.e.r.AbstractInstanceRegistry - Running the evict task with compensationTime 0ms
2023-08-30 14:52:14.942 [Eureka-EvictionTimer] INFO  c.n.e.r.AbstractInstanceRegistry - Running the evict task with compensationTime 0ms
2023-08-30 14:52:19.942 [Eureka-EvictionTimer] INFO  c.n.e.r.AbstractInstanceRegistry - Running the evict task with compensationTime 0ms
2023-08-30 14:52:24.942 [Eureka-EvictionTimer] INFO  c.n.e.r.AbstractInstanceRegistry - Running the evict task with compensationTime 0ms
2023-08-30 14:52:29.942 [Eureka-EvictionTimer] INFO  c.n.e.r.AbstractInstanceRegistry - Running the evict task with compensationTime 0ms
2023-08-30 14:52:34.942 [Eureka-EvictionTimer] INFO  c.n.e.r.AbstractInstanceRegistry - Running the evict task with compensationTime 0ms
2023-08-30 14:52:39.942 [Eureka-EvictionTimer] INFO  c.n.e.r.AbstractInstanceRegistry - Running the evict task with compensationTime 0ms
2023-08-30 14:52:44.942 [Eureka-EvictionTimer] INFO  c.n.e.r.AbstractInstanceRegistry - Running the evict task with compensationTime 0ms
2023-08-30 14:52:49.942 [Eureka-EvictionTimer] INFO  c.n.e.r.AbstractInstanceRegistry - Running the evict task with compensationTime 0ms
2023-08-30 14:52:54.942 [Eureka-EvictionTimer] INFO  c.n.e.r.AbstractInstanceRegistry - Running the evict task with compensationTime 0ms
2023-08-30 14:52:59.942 [Eureka-EvictionTimer] INFO  c.n.e.r.AbstractInstanceRegistry - Running the evict task with compensationTime 0ms
2023-08-30 14:53:04.942 [Eureka-EvictionTimer] INFO  c.n.e.r.AbstractInstanceRegistry - Running the evict task with compensationTime 0ms
2023-08-30 14:53:09.942 [Eureka-EvictionTimer] INFO  c.n.e.r.AbstractInstanceRegistry - Running the evict task with compensationTime 0ms
2023-08-30 14:53:14.942 [Eureka-EvictionTimer] INFO  c.n.e.r.AbstractInstanceRegistry - Running the evict task with compensationTime 0ms
2023-08-30 14:53:19.942 [Eureka-EvictionTimer] INFO  c.n.e.r.AbstractInstanceRegistry - Running the evict task with compensationTime 0ms
2023-08-30 14:53:24.942 [Eureka-EvictionTimer] INFO  c.n.e.r.AbstractInstanceRegistry - Running the evict task with compensationTime 0ms
2023-08-30 14:53:29.942 [Eureka-EvictionTimer] INFO  c.n.e.r.AbstractInstanceRegistry - Running the evict task with compensationTime 0ms
2023-08-30 14:53:34.942 [Eureka-EvictionTimer] INFO  c.n.e.r.AbstractInstanceRegistry - Running the evict task with compensationTime 0ms
2023-08-30 14:53:39.942 [Eureka-EvictionTimer] INFO  c.n.e.r.AbstractInstanceRegistry - Running the evict task with compensationTime 0ms
2023-08-30 14:53:44.942 [Eureka-EvictionTimer] INFO  c.n.e.r.AbstractInstanceRegistry - Running the evict task with compensationTime 0ms
2023-08-30 14:53:49.942 [Eureka-EvictionTimer] INFO  c.n.e.r.AbstractInstanceRegistry - Running the evict task with compensationTime 0ms
2023-08-30 14:53:54.942 [Eureka-EvictionTimer] INFO  c.n.e.r.AbstractInstanceRegistry - Running the evict task with compensationTime 0ms
2023-08-30 14:53:59.942 [Eureka-EvictionTimer] INFO  c.n.e.r.AbstractInstanceRegistry - Running the evict task with compensationTime 0ms
2023-08-30 14:54:04.942 [Eureka-EvictionTimer] INFO  c.n.e.r.AbstractInstanceRegistry - Running the evict task with compensationTime 0ms
2023-08-30 14:54:09.942 [Eureka-EvictionTimer] INFO  c.n.e.r.AbstractInstanceRegistry - Running the evict task with compensationTime 0ms
2023-08-30 14:54:14.942 [Eureka-EvictionTimer] INFO  c.n.e.r.AbstractInstanceRegistry - Running the evict task with compensationTime 0ms
2023-08-30 14:54:19.942 [Eureka-EvictionTimer] INFO  c.n.e.r.AbstractInstanceRegistry - Running the evict task with compensationTime 0ms
2023-08-30 14:54:24.942 [Eureka-EvictionTimer] INFO  c.n.e.r.AbstractInstanceRegistry - Running the evict task with compensationTime 0ms
2023-08-30 14:54:29.942 [Eureka-EvictionTimer] INFO  c.n.e.r.AbstractInstanceRegistry - Running the evict task with compensationTime 0ms
2023-08-30 14:54:34.942 [Eureka-EvictionTimer] INFO  c.n.e.r.AbstractInstanceRegistry - Running the evict task with compensationTime 0ms
2023-08-30 14:54:39.942 [Eureka-EvictionTimer] INFO  c.n.e.r.AbstractInstanceRegistry - Running the evict task with compensationTime 0ms
2023-08-30 14:54:44.942 [Eureka-EvictionTimer] INFO  c.n.e.r.AbstractInstanceRegistry - Running the evict task with compensationTime 0ms
2023-08-30 14:54:49.942 [Eureka-EvictionTimer] INFO  c.n.e.r.AbstractInstanceRegistry - Running the evict task with compensationTime 0ms
2023-08-30 14:54:54.942 [Eureka-EvictionTimer] INFO  c.n.e.r.AbstractInstanceRegistry - Running the evict task with compensationTime 0ms
2023-08-30 14:54:59.942 [Eureka-EvictionTimer] INFO  c.n.e.r.AbstractInstanceRegistry - Running the evict task with compensationTime 0ms
2023-08-30 14:55:04.942 [Eureka-EvictionTimer] INFO  c.n.e.r.AbstractInstanceRegistry - Running the evict task with compensationTime 0ms
2023-08-30 14:55:09.942 [Eureka-EvictionTimer] INFO  c.n.e.r.AbstractInstanceRegistry - Running the evict task with compensationTime 0ms
2023-08-30 14:55:14.942 [Eureka-EvictionTimer] INFO  c.n.e.r.AbstractInstanceRegistry - Running the evict task with compensationTime 0ms
2023-08-30 14:55:19.942 [Eureka-EvictionTimer] INFO  c.n.e.r.AbstractInstanceRegistry - Running the evict task with compensationTime 0ms
2023-08-30 14:55:24.942 [Eureka-EvictionTimer] INFO  c.n.e.r.AbstractInstanceRegistry - Running the evict task with compensationTime 0ms
2023-08-30 14:55:29.942 [Eureka-EvictionTimer] INFO  c.n.e.r.AbstractInstanceRegistry - Running the evict task with compensationTime 0ms
2023-08-30 14:55:34.942 [Eureka-EvictionTimer] INFO  c.n.e.r.AbstractInstanceRegistry - Running the evict task with compensationTime 0ms
2023-08-30 14:55:39.942 [Eureka-EvictionTimer] INFO  c.n.e.r.AbstractInstanceRegistry - Running the evict task with compensationTime 0ms
2023-08-30 14:55:44.942 [Eureka-EvictionTimer] INFO  c.n.e.r.AbstractInstanceRegistry - Running the evict task with compensationTime 0ms
2023-08-30 14:55:49.942 [Eureka-EvictionTimer] INFO  c.n.e.r.AbstractInstanceRegistry - Running the evict task with compensationTime 0ms
2023-08-30 14:55:54.942 [Eureka-EvictionTimer] INFO  c.n.e.r.AbstractInstanceRegistry - Running the evict task with compensationTime 0ms
2023-08-30 14:55:59.942 [Eureka-EvictionTimer] INFO  c.n.e.r.AbstractInstanceRegistry - Running the evict task with compensationTime 0ms
2023-08-30 14:56:04.942 [Eureka-EvictionTimer] INFO  c.n.e.r.AbstractInstanceRegistry - Running the evict task with compensationTime 0ms
2023-08-30 14:56:09.942 [Eureka-EvictionTimer] INFO  c.n.e.r.AbstractInstanceRegistry - Running the evict task with compensationTime 0ms
2023-08-30 14:56:14.942 [Eureka-EvictionTimer] INFO  c.n.e.r.AbstractInstanceRegistry - Running the evict task with compensationTime 0ms
2023-08-30 14:56:19.942 [Eureka-EvictionTimer] INFO  c.n.e.r.AbstractInstanceRegistry - Running the evict task with compensationTime 0ms
2023-08-30 14:56:24.942 [Eureka-EvictionTimer] INFO  c.n.e.r.AbstractInstanceRegistry - Running the evict task with compensationTime 0ms
2023-08-30 14:56:29.942 [Eureka-EvictionTimer] INFO  c.n.e.r.AbstractInstanceRegistry - Running the evict task with compensationTime 0ms
2023-08-30 14:56:34.942 [Eureka-EvictionTimer] INFO  c.n.e.r.AbstractInstanceRegistry - Running the evict task with compensationTime 0ms
2023-08-30 14:56:39.942 [Eureka-EvictionTimer] INFO  c.n.e.r.AbstractInstanceRegistry - Running the evict task with compensationTime 0ms
2023-08-30 14:56:44.942 [Eureka-EvictionTimer] INFO  c.n.e.r.AbstractInstanceRegistry - Running the evict task with compensationTime 0ms
2023-08-30 14:56:49.942 [Eureka-EvictionTimer] INFO  c.n.e.r.AbstractInstanceRegistry - Running the evict task with compensationTime 0ms
2023-08-30 14:56:54.942 [Eureka-EvictionTimer] INFO  c.n.e.r.AbstractInstanceRegistry - Running the evict task with compensationTime 0ms
2023-08-30 14:56:59.942 [Eureka-EvictionTimer] INFO  c.n.e.r.AbstractInstanceRegistry - Running the evict task with compensationTime 0ms
2023-08-30 14:57:04.942 [Eureka-EvictionTimer] INFO  c.n.e.r.AbstractInstanceRegistry - Running the evict task with compensationTime 0ms
2023-08-30 14:57:09.942 [Eureka-EvictionTimer] INFO  c.n.e.r.AbstractInstanceRegistry - Running the evict task with compensationTime 0ms
2023-08-30 14:57:14.942 [Eureka-EvictionTimer] INFO  c.n.e.r.AbstractInstanceRegistry - Running the evict task with compensationTime 0ms
2023-08-30 14:57:19.942 [Eureka-EvictionTimer] INFO  c.n.e.r.AbstractInstanceRegistry - Running the evict task with compensationTime 0ms
2023-08-30 14:57:24.942 [Eureka-EvictionTimer] INFO  c.n.e.r.AbstractInstanceRegistry - Running the evict task with compensationTime 0ms
2023-08-30 14:57:29.942 [Eureka-EvictionTimer] INFO  c.n.e.r.AbstractInstanceRegistry - Running the evict task with compensationTime 0ms
2023-08-30 14:57:34.942 [Eureka-EvictionTimer] INFO  c.n.e.r.AbstractInstanceRegistry - Running the evict task with compensationTime 0ms
2023-08-30 14:57:39.942 [Eureka-EvictionTimer] INFO  c.n.e.r.AbstractInstanceRegistry - Running the evict task with compensationTime 0ms
2023-08-30 14:57:44.942 [Eureka-EvictionTimer] INFO  c.n.e.r.AbstractInstanceRegistry - Running the evict task with compensationTime 0ms
2023-08-30 14:57:49.942 [Eureka-EvictionTimer] INFO  c.n.e.r.AbstractInstanceRegistry - Running the evict task with compensationTime 0ms
2023-08-30 14:57:54.942 [Eureka-EvictionTimer] INFO  c.n.e.r.AbstractInstanceRegistry - Running the evict task with compensationTime 0ms
2023-08-30 14:57:59.942 [Eureka-EvictionTimer] INFO  c.n.e.r.AbstractInstanceRegistry - Running the evict task with compensationTime 0ms
2023-08-30 14:58:04.942 [Eureka-EvictionTimer] INFO  c.n.e.r.AbstractInstanceRegistry - Running the evict task with compensationTime 0ms
2023-08-30 14:58:09.942 [Eureka-EvictionTimer] INFO  c.n.e.r.AbstractInstanceRegistry - Running the evict task with compensationTime 0ms
2023-08-30 14:58:14.942 [Eureka-EvictionTimer] INFO  c.n.e.r.AbstractInstanceRegistry - Running the evict task with compensationTime 0ms
2023-08-30 14:58:19.942 [Eureka-EvictionTimer] INFO  c.n.e.r.AbstractInstanceRegistry - Running the evict task with compensationTime 0ms
2023-08-30 14:58:24.942 [Eureka-EvictionTimer] INFO  c.n.e.r.AbstractInstanceRegistry - Running the evict task with compensationTime 0ms
2023-08-30 14:58:29.942 [Eureka-EvictionTimer] INFO  c.n.e.r.AbstractInstanceRegistry - Running the evict task with compensationTime 0ms
2023-08-30 14:58:34.942 [Eureka-EvictionTimer] INFO  c.n.e.r.AbstractInstanceRegistry - Running the evict task with compensationTime 0ms
2023-08-30 14:58:39.942 [Eureka-EvictionTimer] INFO  c.n.e.r.AbstractInstanceRegistry - Running the evict task with compensationTime 0ms
2023-08-30 14:58:44.942 [Eureka-EvictionTimer] INFO  c.n.e.r.AbstractInstanceRegistry - Running the evict task with compensationTime 0ms
2023-08-30 14:58:49.942 [Eureka-EvictionTimer] INFO  c.n.e.r.AbstractInstanceRegistry - Running the evict task with compensationTime 0ms
2023-08-30 14:58:54.942 [Eureka-EvictionTimer] INFO  c.n.e.r.AbstractInstanceRegistry - Running the evict task with compensationTime 0ms
2023-08-30 14:58:59.942 [Eureka-EvictionTimer] INFO  c.n.e.r.AbstractInstanceRegistry - Running the evict task with compensationTime 0ms
2023-08-30 14:59:04.942 [Eureka-EvictionTimer] INFO  c.n.e.r.AbstractInstanceRegistry - Running the evict task with compensationTime 0ms
2023-08-30 14:59:09.942 [Eureka-EvictionTimer] INFO  c.n.e.r.AbstractInstanceRegistry - Running the evict task with compensationTime 0ms
2023-08-30 14:59:14.942 [Eureka-EvictionTimer] INFO  c.n.e.r.AbstractInstanceRegistry - Running the evict task with compensationTime 0ms
2023-08-30 14:59:19.942 [Eureka-EvictionTimer] INFO  c.n.e.r.AbstractInstanceRegistry - Running the evict task with compensationTime 0ms
2023-08-30 14:59:24.942 [Eureka-EvictionTimer] INFO  c.n.e.r.AbstractInstanceRegistry - Running the evict task with compensationTime 0ms
2023-08-30 14:59:29.942 [Eureka-EvictionTimer] INFO  c.n.e.r.AbstractInstanceRegistry - Running the evict task with compensationTime 0ms
2023-08-30 14:59:34.942 [Eureka-EvictionTimer] INFO  c.n.e.r.AbstractInstanceRegistry - Running the evict task with compensationTime 0ms
2023-08-30 14:59:39.942 [Eureka-EvictionTimer] INFO  c.n.e.r.AbstractInstanceRegistry - Running the evict task with compensationTime 0ms
2023-08-30 14:59:44.942 [Eureka-EvictionTimer] INFO  c.n.e.r.AbstractInstanceRegistry - Running the evict task with compensationTime 0ms
2023-08-30 14:59:49.942 [Eureka-EvictionTimer] INFO  c.n.e.r.AbstractInstanceRegistry - Running the evict task with compensationTime 0ms
2023-08-30 14:59:54.942 [Eureka-EvictionTimer] INFO  c.n.e.r.AbstractInstanceRegistry - Running the evict task with compensationTime 0ms
2023-08-30 14:59:59.942 [Eureka-EvictionTimer] INFO  c.n.e.r.AbstractInstanceRegistry - Running the evict task with compensationTime 0ms
2023-08-30 15:00:04.942 [Eureka-EvictionTimer] INFO  c.n.e.r.AbstractInstanceRegistry - Running the evict task with compensationTime 0ms
2023-08-30 15:00:09.942 [Eureka-EvictionTimer] INFO  c.n.e.r.AbstractInstanceRegistry - Running the evict task with compensationTime 0ms
2023-08-30 15:00:14.942 [Eureka-EvictionTimer] INFO  c.n.e.r.AbstractInstanceRegistry - Running the evict task with compensationTime 0ms
2023-08-30 15:00:19.942 [Eureka-EvictionTimer] INFO  c.n.e.r.AbstractInstanceRegistry - Running the evict task with compensationTime 0ms
2023-08-30 15:00:24.942 [Eureka-EvictionTimer] INFO  c.n.e.r.AbstractInstanceRegistry - Running the evict task with compensationTime 0ms
2023-08-30 15:00:29.942 [Eureka-EvictionTimer] INFO  c.n.e.r.AbstractInstanceRegistry - Running the evict task with compensationTime 0ms
2023-08-30 15:00:34.942 [Eureka-EvictionTimer] INFO  c.n.e.r.AbstractInstanceRegistry - Running the evict task with compensationTime 0ms
2023-08-30 15:00:39.942 [Eureka-EvictionTimer] INFO  c.n.e.r.AbstractInstanceRegistry - Running the evict task with compensationTime 0ms
2023-08-30 15:00:44.942 [Eureka-EvictionTimer] INFO  c.n.e.r.AbstractInstanceRegistry - Running the evict task with compensationTime 0ms
2023-08-30 15:00:49.942 [Eureka-EvictionTimer] INFO  c.n.e.r.AbstractInstanceRegistry - Running the evict task with compensationTime 0ms
2023-08-30 15:00:54.859 [ReplicaAwareInstanceRegistry - RenewalThresholdUpdater] INFO  c.n.e.r.PeerAwareInstanceRegistryImpl - Current renewal threshold is : 0
2023-08-30 15:00:54.942 [Eureka-EvictionTimer] INFO  c.n.e.r.AbstractInstanceRegistry - Running the evict task with compensationTime 0ms
2023-08-30 15:00:59.942 [Eureka-EvictionTimer] INFO  c.n.e.r.AbstractInstanceRegistry - Running the evict task with compensationTime 0ms
2023-08-30 15:01:04.942 [Eureka-EvictionTimer] INFO  c.n.e.r.AbstractInstanceRegistry - Running the evict task with compensationTime 0ms
2023-08-30 15:01:09.942 [Eureka-EvictionTimer] INFO  c.n.e.r.AbstractInstanceRegistry - Running the evict task with compensationTime 0ms
2023-08-30 15:01:14.942 [Eureka-EvictionTimer] INFO  c.n.e.r.AbstractInstanceRegistry - Running the evict task with compensationTime 0ms
2023-08-30 15:01:19.942 [Eureka-EvictionTimer] INFO  c.n.e.r.AbstractInstanceRegistry - Running the evict task with compensationTime 0ms
2023-08-30 15:01:24.942 [Eureka-EvictionTimer] INFO  c.n.e.r.AbstractInstanceRegistry - Running the evict task with compensationTime 0ms
2023-08-30 15:01:29.942 [Eureka-EvictionTimer] INFO  c.n.e.r.AbstractInstanceRegistry - Running the evict task with compensationTime 0ms
2023-08-30 15:01:34.942 [Eureka-EvictionTimer] INFO  c.n.e.r.AbstractInstanceRegistry - Running the evict task with compensationTime 0ms
2023-08-30 15:01:39.942 [Eureka-EvictionTimer] INFO  c.n.e.r.AbstractInstanceRegistry - Running the evict task with compensationTime 0ms
2023-08-30 15:01:44.942 [Eureka-EvictionTimer] INFO  c.n.e.r.AbstractInstanceRegistry - Running the evict task with compensationTime 0ms
2023-08-30 15:01:49.942 [Eureka-EvictionTimer] INFO  c.n.e.r.AbstractInstanceRegistry - Running the evict task with compensationTime 0ms
2023-08-30 15:01:54.942 [Eureka-EvictionTimer] INFO  c.n.e.r.AbstractInstanceRegistry - Running the evict task with compensationTime 0ms
2023-08-30 15:01:59.942 [Eureka-EvictionTimer] INFO  c.n.e.r.AbstractInstanceRegistry - Running the evict task with compensationTime 0ms
2023-08-30 15:02:04.942 [Eureka-EvictionTimer] INFO  c.n.e.r.AbstractInstanceRegistry - Running the evict task with compensationTime 0ms
2023-08-30 15:02:09.942 [Eureka-EvictionTimer] INFO  c.n.e.r.AbstractInstanceRegistry - Running the evict task with compensationTime 0ms
2023-08-30 15:02:14.942 [Eureka-EvictionTimer] INFO  c.n.e.r.AbstractInstanceRegistry - Running the evict task with compensationTime 0ms
2023-08-30 15:02:19.942 [Eureka-EvictionTimer] INFO  c.n.e.r.AbstractInstanceRegistry - Running the evict task with compensationTime 0ms
2023-08-30 15:02:24.942 [Eureka-EvictionTimer] INFO  c.n.e.r.AbstractInstanceRegistry - Running the evict task with compensationTime 0ms
2023-08-30 15:02:29.942 [Eureka-EvictionTimer] INFO  c.n.e.r.AbstractInstanceRegistry - Running the evict task with compensationTime 0ms
2023-08-30 15:02:34.942 [Eureka-EvictionTimer] INFO  c.n.e.r.AbstractInstanceRegistry - Running the evict task with compensationTime 0ms
2023-08-30 15:02:39.942 [Eureka-EvictionTimer] INFO  c.n.e.r.AbstractInstanceRegistry - Running the evict task with compensationTime 0ms
2023-08-30 15:02:44.942 [Eureka-EvictionTimer] INFO  c.n.e.r.AbstractInstanceRegistry - Running the evict task with compensationTime 0ms
2023-08-30 15:02:49.942 [Eureka-EvictionTimer] INFO  c.n.e.r.AbstractInstanceRegistry - Running the evict task with compensationTime 0ms
2023-08-30 15:02:54.942 [Eureka-EvictionTimer] INFO  c.n.e.r.AbstractInstanceRegistry - Running the evict task with compensationTime 0ms
2023-08-30 15:02:59.942 [Eureka-EvictionTimer] INFO  c.n.e.r.AbstractInstanceRegistry - Running the evict task with compensationTime 0ms
2023-08-30 15:03:04.942 [Eureka-EvictionTimer] INFO  c.n.e.r.AbstractInstanceRegistry - Running the evict task with compensationTime 0ms
2023-08-30 15:03:09.942 [Eureka-EvictionTimer] INFO  c.n.e.r.AbstractInstanceRegistry - Running the evict task with compensationTime 0ms
2023-08-30 15:03:14.942 [Eureka-EvictionTimer] INFO  c.n.e.r.AbstractInstanceRegistry - Running the evict task with compensationTime 0ms
2023-08-30 15:03:19.942 [Eureka-EvictionTimer] INFO  c.n.e.r.AbstractInstanceRegistry - Running the evict task with compensationTime 0ms
2023-08-30 15:03:24.942 [Eureka-EvictionTimer] INFO  c.n.e.r.AbstractInstanceRegistry - Running the evict task with compensationTime 0ms
2023-08-30 15:03:29.942 [Eureka-EvictionTimer] INFO  c.n.e.r.AbstractInstanceRegistry - Running the evict task with compensationTime 0ms
2023-08-30 15:03:34.942 [Eureka-EvictionTimer] INFO  c.n.e.r.AbstractInstanceRegistry - Running the evict task with compensationTime 0ms
2023-08-30 15:03:39.942 [Eureka-EvictionTimer] INFO  c.n.e.r.AbstractInstanceRegistry - Running the evict task with compensationTime 0ms
2023-08-30 15:03:44.942 [Eureka-EvictionTimer] INFO  c.n.e.r.AbstractInstanceRegistry - Running the evict task with compensationTime 0ms
2023-08-30 15:03:49.942 [Eureka-EvictionTimer] INFO  c.n.e.r.AbstractInstanceRegistry - Running the evict task with compensationTime 0ms
2023-08-30 15:03:54.942 [Eureka-EvictionTimer] INFO  c.n.e.r.AbstractInstanceRegistry - Running the evict task with compensationTime 0ms
2023-08-30 15:03:59.942 [Eureka-EvictionTimer] INFO  c.n.e.r.AbstractInstanceRegistry - Running the evict task with compensationTime 0ms
2023-08-30 15:04:04.942 [Eureka-EvictionTimer] INFO  c.n.e.r.AbstractInstanceRegistry - Running the evict task with compensationTime 0ms
2023-08-30 15:04:09.942 [Eureka-EvictionTimer] INFO  c.n.e.r.AbstractInstanceRegistry - Running the evict task with compensationTime 0ms
2023-08-30 15:04:14.942 [Eureka-EvictionTimer] INFO  c.n.e.r.AbstractInstanceRegistry - Running the evict task with compensationTime 0ms
2023-08-30 15:04:19.942 [Eureka-EvictionTimer] INFO  c.n.e.r.AbstractInstanceRegistry - Running the evict task with compensationTime 0ms
2023-08-30 15:04:24.942 [Eureka-EvictionTimer] INFO  c.n.e.r.AbstractInstanceRegistry - Running the evict task with compensationTime 0ms
2023-08-30 15:04:29.942 [Eureka-EvictionTimer] INFO  c.n.e.r.AbstractInstanceRegistry - Running the evict task with compensationTime 0ms
2023-08-30 15:04:34.942 [Eureka-EvictionTimer] INFO  c.n.e.r.AbstractInstanceRegistry - Running the evict task with compensationTime 0ms
2023-08-30 15:04:39.942 [Eureka-EvictionTimer] INFO  c.n.e.r.AbstractInstanceRegistry - Running the evict task with compensationTime 0ms
2023-08-30 15:04:44.942 [Eureka-EvictionTimer] INFO  c.n.e.r.AbstractInstanceRegistry - Running the evict task with compensationTime 0ms
2023-08-30 15:04:49.942 [Eureka-EvictionTimer] INFO  c.n.e.r.AbstractInstanceRegistry - Running the evict task with compensationTime 0ms
2023-08-30 15:04:54.942 [Eureka-EvictionTimer] INFO  c.n.e.r.AbstractInstanceRegistry - Running the evict task with compensationTime 0ms
2023-08-30 15:04:59.942 [Eureka-EvictionTimer] INFO  c.n.e.r.AbstractInstanceRegistry - Running the evict task with compensationTime 0ms
2023-08-30 15:05:04.942 [Eureka-EvictionTimer] INFO  c.n.e.r.AbstractInstanceRegistry - Running the evict task with compensationTime 0ms
2023-08-30 15:05:09.942 [Eureka-EvictionTimer] INFO  c.n.e.r.AbstractInstanceRegistry - Running the evict task with compensationTime 0ms
2023-08-30 15:05:14.942 [Eureka-EvictionTimer] INFO  c.n.e.r.AbstractInstanceRegistry - Running the evict task with compensationTime 0ms
2023-08-30 15:05:19.942 [Eureka-EvictionTimer] INFO  c.n.e.r.AbstractInstanceRegistry - Running the evict task with compensationTime 0ms
2023-08-30 15:05:24.942 [Eureka-EvictionTimer] INFO  c.n.e.r.AbstractInstanceRegistry - Running the evict task with compensationTime 0ms
2023-08-30 15:05:29.942 [Eureka-EvictionTimer] INFO  c.n.e.r.AbstractInstanceRegistry - Running the evict task with compensationTime 0ms
2023-08-30 15:05:34.942 [Eureka-EvictionTimer] INFO  c.n.e.r.AbstractInstanceRegistry - Running the evict task with compensationTime 0ms
2023-08-30 15:05:39.942 [Eureka-EvictionTimer] INFO  c.n.e.r.AbstractInstanceRegistry - Running the evict task with compensationTime 0ms
2023-08-30 15:05:44.942 [Eureka-EvictionTimer] INFO  c.n.e.r.AbstractInstanceRegistry - Running the evict task with compensationTime 0ms
2023-08-30 15:05:49.942 [Eureka-EvictionTimer] INFO  c.n.e.r.AbstractInstanceRegistry - Running the evict task with compensationTime 0ms
2023-08-30 15:05:54.942 [Eureka-EvictionTimer] INFO  c.n.e.r.AbstractInstanceRegistry - Running the evict task with compensationTime 0ms
2023-08-30 15:05:59.942 [Eureka-EvictionTimer] INFO  c.n.e.r.AbstractInstanceRegistry - Running the evict task with compensationTime 0ms
2023-08-30 15:06:04.942 [Eureka-EvictionTimer] INFO  c.n.e.r.AbstractInstanceRegistry - Running the evict task with compensationTime 0ms
2023-08-30 15:06:09.942 [Eureka-EvictionTimer] INFO  c.n.e.r.AbstractInstanceRegistry - Running the evict task with compensationTime 0ms
2023-08-30 15:06:14.942 [Eureka-EvictionTimer] INFO  c.n.e.r.AbstractInstanceRegistry - Running the evict task with compensationTime 0ms
2023-08-30 15:06:19.942 [Eureka-EvictionTimer] INFO  c.n.e.r.AbstractInstanceRegistry - Running the evict task with compensationTime 0ms
2023-08-30 15:06:24.942 [Eureka-EvictionTimer] INFO  c.n.e.r.AbstractInstanceRegistry - Running the evict task with compensationTime 0ms
2023-08-30 15:06:29.942 [Eureka-EvictionTimer] INFO  c.n.e.r.AbstractInstanceRegistry - Running the evict task with compensationTime 0ms
2023-08-30 15:06:34.942 [Eureka-EvictionTimer] INFO  c.n.e.r.AbstractInstanceRegistry - Running the evict task with compensationTime 0ms
2023-08-30 15:06:39.942 [Eureka-EvictionTimer] INFO  c.n.e.r.AbstractInstanceRegistry - Running the evict task with compensationTime 0ms
2023-08-30 15:06:44.942 [Eureka-EvictionTimer] INFO  c.n.e.r.AbstractInstanceRegistry - Running the evict task with compensationTime 0ms
2023-08-30 15:06:49.942 [Eureka-EvictionTimer] INFO  c.n.e.r.AbstractInstanceRegistry - Running the evict task with compensationTime 0ms
2023-08-30 15:06:54.942 [Eureka-EvictionTimer] INFO  c.n.e.r.AbstractInstanceRegistry - Running the evict task with compensationTime 0ms
2023-08-30 15:06:59.942 [Eureka-EvictionTimer] INFO  c.n.e.r.AbstractInstanceRegistry - Running the evict task with compensationTime 0ms
2023-08-30 15:07:04.942 [Eureka-EvictionTimer] INFO  c.n.e.r.AbstractInstanceRegistry - Running the evict task with compensationTime 0ms
2023-08-30 15:07:09.942 [Eureka-EvictionTimer] INFO  c.n.e.r.AbstractInstanceRegistry - Running the evict task with compensationTime 0ms
2023-08-30 15:07:14.942 [Eureka-EvictionTimer] INFO  c.n.e.r.AbstractInstanceRegistry - Running the evict task with compensationTime 0ms
2023-08-30 15:07:19.942 [Eureka-EvictionTimer] INFO  c.n.e.r.AbstractInstanceRegistry - Running the evict task with compensationTime 0ms
2023-08-30 15:07:24.942 [Eureka-EvictionTimer] INFO  c.n.e.r.AbstractInstanceRegistry - Running the evict task with compensationTime 0ms
2023-08-30 15:07:29.942 [Eureka-EvictionTimer] INFO  c.n.e.r.AbstractInstanceRegistry - Running the evict task with compensationTime 0ms
2023-08-30 15:07:34.942 [Eureka-EvictionTimer] INFO  c.n.e.r.AbstractInstanceRegistry - Running the evict task with compensationTime 0ms
2023-08-30 15:07:39.942 [Eureka-EvictionTimer] INFO  c.n.e.r.AbstractInstanceRegistry - Running the evict task with compensationTime 0ms
2023-08-30 15:07:44.942 [Eureka-EvictionTimer] INFO  c.n.e.r.AbstractInstanceRegistry - Running the evict task with compensationTime 0ms
2023-08-30 15:07:49.942 [Eureka-EvictionTimer] INFO  c.n.e.r.AbstractInstanceRegistry - Running the evict task with compensationTime 0ms
2023-08-30 15:07:54.942 [Eureka-EvictionTimer] INFO  c.n.e.r.AbstractInstanceRegistry - Running the evict task with compensationTime 0ms
2023-08-30 15:07:59.942 [Eureka-EvictionTimer] INFO  c.n.e.r.AbstractInstanceRegistry - Running the evict task with compensationTime 0ms
2023-08-30 15:08:04.942 [Eureka-EvictionTimer] INFO  c.n.e.r.AbstractInstanceRegistry - Running the evict task with compensationTime 0ms
2023-08-30 15:08:09.942 [Eureka-EvictionTimer] INFO  c.n.e.r.AbstractInstanceRegistry - Running the evict task with compensationTime 0ms
2023-08-30 15:08:14.942 [Eureka-EvictionTimer] INFO  c.n.e.r.AbstractInstanceRegistry - Running the evict task with compensationTime 0ms
2023-08-30 15:08:19.942 [Eureka-EvictionTimer] INFO  c.n.e.r.AbstractInstanceRegistry - Running the evict task with compensationTime 0ms
2023-08-30 15:08:24.942 [Eureka-EvictionTimer] INFO  c.n.e.r.AbstractInstanceRegistry - Running the evict task with compensationTime 0ms
2023-08-30 15:08:29.942 [Eureka-EvictionTimer] INFO  c.n.e.r.AbstractInstanceRegistry - Running the evict task with compensationTime 0ms
2023-08-30 15:08:34.942 [Eureka-EvictionTimer] INFO  c.n.e.r.AbstractInstanceRegistry - Running the evict task with compensationTime 0ms
2023-08-30 15:08:39.942 [Eureka-EvictionTimer] INFO  c.n.e.r.AbstractInstanceRegistry - Running the evict task with compensationTime 0ms
2023-08-30 15:08:44.942 [Eureka-EvictionTimer] INFO  c.n.e.r.AbstractInstanceRegistry - Running the evict task with compensationTime 0ms
2023-08-30 15:08:49.942 [Eureka-EvictionTimer] INFO  c.n.e.r.AbstractInstanceRegistry - Running the evict task with compensationTime 0ms
2023-08-30 15:08:54.942 [Eureka-EvictionTimer] INFO  c.n.e.r.AbstractInstanceRegistry - Running the evict task with compensationTime 0ms
2023-08-30 15:08:59.942 [Eureka-EvictionTimer] INFO  c.n.e.r.AbstractInstanceRegistry - Running the evict task with compensationTime 0ms
2023-08-30 15:09:04.942 [Eureka-EvictionTimer] INFO  c.n.e.r.AbstractInstanceRegistry - Running the evict task with compensationTime 0ms
2023-08-30 15:09:09.942 [Eureka-EvictionTimer] INFO  c.n.e.r.AbstractInstanceRegistry - Running the evict task with compensationTime 0ms
2023-08-30 15:09:14.942 [Eureka-EvictionTimer] INFO  c.n.e.r.AbstractInstanceRegistry - Running the evict task with compensationTime 0ms
2023-08-30 15:09:19.942 [Eureka-EvictionTimer] INFO  c.n.e.r.AbstractInstanceRegistry - Running the evict task with compensationTime 0ms
2023-08-30 15:09:24.942 [Eureka-EvictionTimer] INFO  c.n.e.r.AbstractInstanceRegistry - Running the evict task with compensationTime 0ms
2023-08-30 15:09:29.942 [Eureka-EvictionTimer] INFO  c.n.e.r.AbstractInstanceRegistry - Running the evict task with compensationTime 0ms
2023-08-30 15:09:34.942 [Eureka-EvictionTimer] INFO  c.n.e.r.AbstractInstanceRegistry - Running the evict task with compensationTime 0ms
2023-08-30 15:09:39.942 [Eureka-EvictionTimer] INFO  c.n.e.r.AbstractInstanceRegistry - Running the evict task with compensationTime 0ms
2023-08-30 15:09:44.942 [Eureka-EvictionTimer] INFO  c.n.e.r.AbstractInstanceRegistry - Running the evict task with compensationTime 0ms
2023-08-30 15:09:49.942 [Eureka-EvictionTimer] INFO  c.n.e.r.AbstractInstanceRegistry - Running the evict task with compensationTime 0ms
2023-08-30 15:09:54.942 [Eureka-EvictionTimer] INFO  c.n.e.r.AbstractInstanceRegistry - Running the evict task with compensationTime 0ms
2023-08-30 15:09:59.942 [Eureka-EvictionTimer] INFO  c.n.e.r.AbstractInstanceRegistry - Running the evict task with compensationTime 0ms
2023-08-30 15:10:04.942 [Eureka-EvictionTimer] INFO  c.n.e.r.AbstractInstanceRegistry - Running the evict task with compensationTime 0ms
2023-08-30 15:10:09.942 [Eureka-EvictionTimer] INFO  c.n.e.r.AbstractInstanceRegistry - Running the evict task with compensationTime 0ms
2023-08-30 15:10:14.942 [Eureka-EvictionTimer] INFO  c.n.e.r.AbstractInstanceRegistry - Running the evict task with compensationTime 0ms
2023-08-30 15:10:19.942 [Eureka-EvictionTimer] INFO  c.n.e.r.AbstractInstanceRegistry - Running the evict task with compensationTime 0ms
2023-08-30 15:10:24.942 [Eureka-EvictionTimer] INFO  c.n.e.r.AbstractInstanceRegistry - Running the evict task with compensationTime 0ms
2023-08-30 15:10:29.942 [Eureka-EvictionTimer] INFO  c.n.e.r.AbstractInstanceRegistry - Running the evict task with compensationTime 0ms
2023-08-30 15:10:34.942 [Eureka-EvictionTimer] INFO  c.n.e.r.AbstractInstanceRegistry - Running the evict task with compensationTime 0ms
2023-08-30 15:10:39.942 [Eureka-EvictionTimer] INFO  c.n.e.r.AbstractInstanceRegistry - Running the evict task with compensationTime 0ms
2023-08-30 15:10:44.942 [Eureka-EvictionTimer] INFO  c.n.e.r.AbstractInstanceRegistry - Running the evict task with compensationTime 0ms
2023-08-30 15:10:49.942 [Eureka-EvictionTimer] INFO  c.n.e.r.AbstractInstanceRegistry - Running the evict task with compensationTime 0ms
2023-08-30 15:10:54.942 [Eureka-EvictionTimer] INFO  c.n.e.r.AbstractInstanceRegistry - Running the evict task with compensationTime 0ms
2023-08-30 15:10:59.942 [Eureka-EvictionTimer] INFO  c.n.e.r.AbstractInstanceRegistry - Running the evict task with compensationTime 0ms
2023-08-30 15:11:04.942 [Eureka-EvictionTimer] INFO  c.n.e.r.AbstractInstanceRegistry - Running the evict task with compensationTime 0ms
2023-08-30 15:11:09.942 [Eureka-EvictionTimer] INFO  c.n.e.r.AbstractInstanceRegistry - Running the evict task with compensationTime 0ms
2023-08-30 15:11:14.942 [Eureka-EvictionTimer] INFO  c.n.e.r.AbstractInstanceRegistry - Running the evict task with compensationTime 0ms
2023-08-30 15:11:19.942 [Eureka-EvictionTimer] INFO  c.n.e.r.AbstractInstanceRegistry - Running the evict task with compensationTime 0ms
2023-08-30 15:11:24.942 [Eureka-EvictionTimer] INFO  c.n.e.r.AbstractInstanceRegistry - Running the evict task with compensationTime 0ms
2023-08-30 15:11:29.942 [Eureka-EvictionTimer] INFO  c.n.e.r.AbstractInstanceRegistry - Running the evict task with compensationTime 0ms
2023-08-30 15:11:34.942 [Eureka-EvictionTimer] INFO  c.n.e.r.AbstractInstanceRegistry - Running the evict task with compensationTime 0ms
2023-08-30 15:11:39.942 [Eureka-EvictionTimer] INFO  c.n.e.r.AbstractInstanceRegistry - Running the evict task with compensationTime 0ms
2023-08-30 15:11:44.942 [Eureka-EvictionTimer] INFO  c.n.e.r.AbstractInstanceRegistry - Running the evict task with compensationTime 0ms
2023-08-30 15:11:49.942 [Eureka-EvictionTimer] INFO  c.n.e.r.AbstractInstanceRegistry - Running the evict task with compensationTime 0ms
2023-08-30 15:11:54.942 [Eureka-EvictionTimer] INFO  c.n.e.r.AbstractInstanceRegistry - Running the evict task with compensationTime 0ms
2023-08-30 15:11:59.942 [Eureka-EvictionTimer] INFO  c.n.e.r.AbstractInstanceRegistry - Running the evict task with compensationTime 0ms
2023-08-30 15:12:04.955 [Eureka-EvictionTimer] INFO  c.n.e.r.AbstractInstanceRegistry - Running the evict task with compensationTime 12ms
2023-08-30 15:12:09.955 [Eureka-EvictionTimer] INFO  c.n.e.r.AbstractInstanceRegistry - Running the evict task with compensationTime 0ms
2023-08-30 15:12:14.955 [Eureka-EvictionTimer] INFO  c.n.e.r.AbstractInstanceRegistry - Running the evict task with compensationTime 0ms
2023-08-30 15:12:19.955 [Eureka-EvictionTimer] INFO  c.n.e.r.AbstractInstanceRegistry - Running the evict task with compensationTime 0ms
2023-08-30 15:12:24.955 [Eureka-EvictionTimer] INFO  c.n.e.r.AbstractInstanceRegistry - Running the evict task with compensationTime 0ms
2023-08-30 15:12:29.955 [Eureka-EvictionTimer] INFO  c.n.e.r.AbstractInstanceRegistry - Running the evict task with compensationTime 0ms
2023-08-30 15:12:34.955 [Eureka-EvictionTimer] INFO  c.n.e.r.AbstractInstanceRegistry - Running the evict task with compensationTime 0ms
2023-08-30 15:12:39.955 [Eureka-EvictionTimer] INFO  c.n.e.r.AbstractInstanceRegistry - Running the evict task with compensationTime 0ms
2023-08-30 15:12:44.955 [Eureka-EvictionTimer] INFO  c.n.e.r.AbstractInstanceRegistry - Running the evict task with compensationTime 0ms
2023-08-30 15:12:49.955 [Eureka-EvictionTimer] INFO  c.n.e.r.AbstractInstanceRegistry - Running the evict task with compensationTime 0ms
2023-08-30 15:12:54.955 [Eureka-EvictionTimer] INFO  c.n.e.r.AbstractInstanceRegistry - Running the evict task with compensationTime 0ms
2023-08-30 15:12:59.955 [Eureka-EvictionTimer] INFO  c.n.e.r.AbstractInstanceRegistry - Running the evict task with compensationTime 0ms
2023-08-30 15:13:04.955 [Eureka-EvictionTimer] INFO  c.n.e.r.AbstractInstanceRegistry - Running the evict task with compensationTime 0ms
2023-08-30 15:13:09.955 [Eureka-EvictionTimer] INFO  c.n.e.r.AbstractInstanceRegistry - Running the evict task with compensationTime 0ms
2023-08-30 15:13:14.955 [Eureka-EvictionTimer] INFO  c.n.e.r.AbstractInstanceRegistry - Running the evict task with compensationTime 0ms
2023-08-30 15:13:19.955 [Eureka-EvictionTimer] INFO  c.n.e.r.AbstractInstanceRegistry - Running the evict task with compensationTime 0ms
2023-08-30 15:13:24.955 [Eureka-EvictionTimer] INFO  c.n.e.r.AbstractInstanceRegistry - Running the evict task with compensationTime 0ms
2023-08-30 15:13:29.955 [Eureka-EvictionTimer] INFO  c.n.e.r.AbstractInstanceRegistry - Running the evict task with compensationTime 0ms
2023-08-30 15:13:34.955 [Eureka-EvictionTimer] INFO  c.n.e.r.AbstractInstanceRegistry - Running the evict task with compensationTime 0ms
2023-08-30 15:13:39.955 [Eureka-EvictionTimer] INFO  c.n.e.r.AbstractInstanceRegistry - Running the evict task with compensationTime 0ms
2023-08-30 15:13:44.955 [Eureka-EvictionTimer] INFO  c.n.e.r.AbstractInstanceRegistry - Running the evict task with compensationTime 0ms
2023-08-30 15:13:49.955 [Eureka-EvictionTimer] INFO  c.n.e.r.AbstractInstanceRegistry - Running the evict task with compensationTime 0ms
2023-08-30 15:13:54.955 [Eureka-EvictionTimer] INFO  c.n.e.r.AbstractInstanceRegistry - Running the evict task with compensationTime 0ms
2023-08-30 15:13:59.955 [Eureka-EvictionTimer] INFO  c.n.e.r.AbstractInstanceRegistry - Running the evict task with compensationTime 0ms
2023-08-30 15:14:04.955 [Eureka-EvictionTimer] INFO  c.n.e.r.AbstractInstanceRegistry - Running the evict task with compensationTime 0ms
2023-08-30 15:14:09.955 [Eureka-EvictionTimer] INFO  c.n.e.r.AbstractInstanceRegistry - Running the evict task with compensationTime 0ms
2023-08-30 15:14:14.955 [Eureka-EvictionTimer] INFO  c.n.e.r.AbstractInstanceRegistry - Running the evict task with compensationTime 0ms
2023-08-30 15:14:19.955 [Eureka-EvictionTimer] INFO  c.n.e.r.AbstractInstanceRegistry - Running the evict task with compensationTime 0ms
2023-08-30 15:14:24.955 [Eureka-EvictionTimer] INFO  c.n.e.r.AbstractInstanceRegistry - Running the evict task with compensationTime 0ms
2023-08-30 15:14:29.955 [Eureka-EvictionTimer] INFO  c.n.e.r.AbstractInstanceRegistry - Running the evict task with compensationTime 0ms
2023-08-30 15:14:34.955 [Eureka-EvictionTimer] INFO  c.n.e.r.AbstractInstanceRegistry - Running the evict task with compensationTime 0ms
2023-08-30 15:14:39.955 [Eureka-EvictionTimer] INFO  c.n.e.r.AbstractInstanceRegistry - Running the evict task with compensationTime 0ms
2023-08-30 15:14:44.955 [Eureka-EvictionTimer] INFO  c.n.e.r.AbstractInstanceRegistry - Running the evict task with compensationTime 0ms
2023-08-30 15:14:49.955 [Eureka-EvictionTimer] INFO  c.n.e.r.AbstractInstanceRegistry - Running the evict task with compensationTime 0ms
2023-08-30 15:14:54.955 [Eureka-EvictionTimer] INFO  c.n.e.r.AbstractInstanceRegistry - Running the evict task with compensationTime 0ms
2023-08-30 15:14:59.955 [Eureka-EvictionTimer] INFO  c.n.e.r.AbstractInstanceRegistry - Running the evict task with compensationTime 0ms
2023-08-30 15:15:04.955 [Eureka-EvictionTimer] INFO  c.n.e.r.AbstractInstanceRegistry - Running the evict task with compensationTime 0ms
2023-08-30 15:15:09.955 [Eureka-EvictionTimer] INFO  c.n.e.r.AbstractInstanceRegistry - Running the evict task with compensationTime 0ms
2023-08-30 15:15:14.955 [Eureka-EvictionTimer] INFO  c.n.e.r.AbstractInstanceRegistry - Running the evict task with compensationTime 0ms
2023-08-30 15:15:19.955 [Eureka-EvictionTimer] INFO  c.n.e.r.AbstractInstanceRegistry - Running the evict task with compensationTime 0ms
2023-08-30 15:15:24.955 [Eureka-EvictionTimer] INFO  c.n.e.r.AbstractInstanceRegistry - Running the evict task with compensationTime 0ms
2023-08-30 15:15:29.955 [Eureka-EvictionTimer] INFO  c.n.e.r.AbstractInstanceRegistry - Running the evict task with compensationTime 0ms
2023-08-30 15:15:34.955 [Eureka-EvictionTimer] INFO  c.n.e.r.AbstractInstanceRegistry - Running the evict task with compensationTime 0ms
2023-08-30 15:15:39.955 [Eureka-EvictionTimer] INFO  c.n.e.r.AbstractInstanceRegistry - Running the evict task with compensationTime 0ms
2023-08-30 15:15:44.955 [Eureka-EvictionTimer] INFO  c.n.e.r.AbstractInstanceRegistry - Running the evict task with compensationTime 0ms
2023-08-30 15:15:49.955 [Eureka-EvictionTimer] INFO  c.n.e.r.AbstractInstanceRegistry - Running the evict task with compensationTime 0ms
2023-08-30 15:15:54.859 [ReplicaAwareInstanceRegistry - RenewalThresholdUpdater] INFO  c.n.e.r.PeerAwareInstanceRegistryImpl - Current renewal threshold is : 0
2023-08-30 15:15:54.955 [Eureka-EvictionTimer] INFO  c.n.e.r.AbstractInstanceRegistry - Running the evict task with compensationTime 0ms
2023-08-30 15:15:59.955 [Eureka-EvictionTimer] INFO  c.n.e.r.AbstractInstanceRegistry - Running the evict task with compensationTime 0ms
2023-08-30 15:16:04.955 [Eureka-EvictionTimer] INFO  c.n.e.r.AbstractInstanceRegistry - Running the evict task with compensationTime 0ms
2023-08-30 15:16:09.955 [Eureka-EvictionTimer] INFO  c.n.e.r.AbstractInstanceRegistry - Running the evict task with compensationTime 0ms
2023-08-30 15:16:14.955 [Eureka-EvictionTimer] INFO  c.n.e.r.AbstractInstanceRegistry - Running the evict task with compensationTime 0ms
2023-08-30 15:16:19.955 [Eureka-EvictionTimer] INFO  c.n.e.r.AbstractInstanceRegistry - Running the evict task with compensationTime 0ms
2023-08-30 15:16:24.955 [Eureka-EvictionTimer] INFO  c.n.e.r.AbstractInstanceRegistry - Running the evict task with compensationTime 0ms
2023-08-30 15:16:29.955 [Eureka-EvictionTimer] INFO  c.n.e.r.AbstractInstanceRegistry - Running the evict task with compensationTime 0ms
2023-08-30 15:16:34.955 [Eureka-EvictionTimer] INFO  c.n.e.r.AbstractInstanceRegistry - Running the evict task with compensationTime 0ms
2023-08-30 15:16:39.955 [Eureka-EvictionTimer] INFO  c.n.e.r.AbstractInstanceRegistry - Running the evict task with compensationTime 0ms
2023-08-30 15:16:44.955 [Eureka-EvictionTimer] INFO  c.n.e.r.AbstractInstanceRegistry - Running the evict task with compensationTime 0ms
2023-08-30 15:16:49.955 [Eureka-EvictionTimer] INFO  c.n.e.r.AbstractInstanceRegistry - Running the evict task with compensationTime 0ms
2023-08-30 15:16:54.955 [Eureka-EvictionTimer] INFO  c.n.e.r.AbstractInstanceRegistry - Running the evict task with compensationTime 0ms
2023-08-30 15:16:59.955 [Eureka-EvictionTimer] INFO  c.n.e.r.AbstractInstanceRegistry - Running the evict task with compensationTime 0ms
2023-08-30 15:17:04.955 [Eureka-EvictionTimer] INFO  c.n.e.r.AbstractInstanceRegistry - Running the evict task with compensationTime 0ms
2023-08-30 15:17:09.955 [Eureka-EvictionTimer] INFO  c.n.e.r.AbstractInstanceRegistry - Running the evict task with compensationTime 0ms
2023-08-30 15:17:14.955 [Eureka-EvictionTimer] INFO  c.n.e.r.AbstractInstanceRegistry - Running the evict task with compensationTime 0ms
2023-08-30 15:17:19.955 [Eureka-EvictionTimer] INFO  c.n.e.r.AbstractInstanceRegistry - Running the evict task with compensationTime 0ms
2023-08-30 15:17:24.955 [Eureka-EvictionTimer] INFO  c.n.e.r.AbstractInstanceRegistry - Running the evict task with compensationTime 0ms
2023-08-30 15:17:29.955 [Eureka-EvictionTimer] INFO  c.n.e.r.AbstractInstanceRegistry - Running the evict task with compensationTime 0ms
2023-08-30 15:17:34.955 [Eureka-EvictionTimer] INFO  c.n.e.r.AbstractInstanceRegistry - Running the evict task with compensationTime 0ms
2023-08-30 15:17:39.955 [Eureka-EvictionTimer] INFO  c.n.e.r.AbstractInstanceRegistry - Running the evict task with compensationTime 0ms
2023-08-30 15:17:44.955 [Eureka-EvictionTimer] INFO  c.n.e.r.AbstractInstanceRegistry - Running the evict task with compensationTime 0ms
2023-08-30 15:17:49.955 [Eureka-EvictionTimer] INFO  c.n.e.r.AbstractInstanceRegistry - Running the evict task with compensationTime 0ms
2023-08-30 15:17:54.955 [Eureka-EvictionTimer] INFO  c.n.e.r.AbstractInstanceRegistry - Running the evict task with compensationTime 0ms
2023-08-30 15:17:59.955 [Eureka-EvictionTimer] INFO  c.n.e.r.AbstractInstanceRegistry - Running the evict task with compensationTime 0ms
2023-08-30 15:18:04.955 [Eureka-EvictionTimer] INFO  c.n.e.r.AbstractInstanceRegistry - Running the evict task with compensationTime 0ms
2023-08-30 15:18:09.955 [Eureka-EvictionTimer] INFO  c.n.e.r.AbstractInstanceRegistry - Running the evict task with compensationTime 0ms
2023-08-30 15:18:14.955 [Eureka-EvictionTimer] INFO  c.n.e.r.AbstractInstanceRegistry - Running the evict task with compensationTime 0ms
2023-08-30 15:18:19.955 [Eureka-EvictionTimer] INFO  c.n.e.r.AbstractInstanceRegistry - Running the evict task with compensationTime 0ms
2023-08-30 15:18:24.955 [Eureka-EvictionTimer] INFO  c.n.e.r.AbstractInstanceRegistry - Running the evict task with compensationTime 0ms
2023-08-30 15:18:29.955 [Eureka-EvictionTimer] INFO  c.n.e.r.AbstractInstanceRegistry - Running the evict task with compensationTime 0ms
2023-08-30 15:18:34.955 [Eureka-EvictionTimer] INFO  c.n.e.r.AbstractInstanceRegistry - Running the evict task with compensationTime 0ms
2023-08-30 15:18:39.955 [Eureka-EvictionTimer] INFO  c.n.e.r.AbstractInstanceRegistry - Running the evict task with compensationTime 0ms
2023-08-30 15:18:44.955 [Eureka-EvictionTimer] INFO  c.n.e.r.AbstractInstanceRegistry - Running the evict task with compensationTime 0ms
2023-08-30 15:18:49.955 [Eureka-EvictionTimer] INFO  c.n.e.r.AbstractInstanceRegistry - Running the evict task with compensationTime 0ms
2023-08-30 15:18:54.955 [Eureka-EvictionTimer] INFO  c.n.e.r.AbstractInstanceRegistry - Running the evict task with compensationTime 0ms
2023-08-30 15:18:59.955 [Eureka-EvictionTimer] INFO  c.n.e.r.AbstractInstanceRegistry - Running the evict task with compensationTime 0ms
2023-08-30 15:19:04.955 [Eureka-EvictionTimer] INFO  c.n.e.r.AbstractInstanceRegistry - Running the evict task with compensationTime 0ms
2023-08-30 15:19:09.955 [Eureka-EvictionTimer] INFO  c.n.e.r.AbstractInstanceRegistry - Running the evict task with compensationTime 0ms
2023-08-30 15:19:14.955 [Eureka-EvictionTimer] INFO  c.n.e.r.AbstractInstanceRegistry - Running the evict task with compensationTime 0ms
2023-08-30 15:19:19.955 [Eureka-EvictionTimer] INFO  c.n.e.r.AbstractInstanceRegistry - Running the evict task with compensationTime 0ms
2023-08-30 15:19:24.955 [Eureka-EvictionTimer] INFO  c.n.e.r.AbstractInstanceRegistry - Running the evict task with compensationTime 0ms
2023-08-30 15:19:29.955 [Eureka-EvictionTimer] INFO  c.n.e.r.AbstractInstanceRegistry - Running the evict task with compensationTime 0ms
2023-08-30 15:19:34.966 [Eureka-EvictionTimer] INFO  c.n.e.r.AbstractInstanceRegistry - Running the evict task with compensationTime 11ms
2023-08-30 15:19:39.966 [Eureka-EvictionTimer] INFO  c.n.e.r.AbstractInstanceRegistry - Running the evict task with compensationTime 0ms
2023-08-30 15:19:44.966 [Eureka-EvictionTimer] INFO  c.n.e.r.AbstractInstanceRegistry - Running the evict task with compensationTime 0ms
2023-08-30 15:19:49.966 [Eureka-EvictionTimer] INFO  c.n.e.r.AbstractInstanceRegistry - Running the evict task with compensationTime 0ms
2023-08-30 15:19:54.966 [Eureka-EvictionTimer] INFO  c.n.e.r.AbstractInstanceRegistry - Running the evict task with compensationTime 0ms
2023-08-30 15:19:59.966 [Eureka-EvictionTimer] INFO  c.n.e.r.AbstractInstanceRegistry - Running the evict task with compensationTime 0ms
2023-08-30 15:20:04.966 [Eureka-EvictionTimer] INFO  c.n.e.r.AbstractInstanceRegistry - Running the evict task with compensationTime 0ms
2023-08-30 15:20:09.966 [Eureka-EvictionTimer] INFO  c.n.e.r.AbstractInstanceRegistry - Running the evict task with compensationTime 0ms
2023-08-30 15:20:14.966 [Eureka-EvictionTimer] INFO  c.n.e.r.AbstractInstanceRegistry - Running the evict task with compensationTime 0ms
2023-08-30 15:20:19.966 [Eureka-EvictionTimer] INFO  c.n.e.r.AbstractInstanceRegistry - Running the evict task with compensationTime 0ms
2023-08-30 15:20:24.966 [Eureka-EvictionTimer] INFO  c.n.e.r.AbstractInstanceRegistry - Running the evict task with compensationTime 0ms
2023-08-30 15:20:29.966 [Eureka-EvictionTimer] INFO  c.n.e.r.AbstractInstanceRegistry - Running the evict task with compensationTime 0ms
2023-08-30 15:20:34.966 [Eureka-EvictionTimer] INFO  c.n.e.r.AbstractInstanceRegistry - Running the evict task with compensationTime 0ms
2023-08-30 15:20:39.966 [Eureka-EvictionTimer] INFO  c.n.e.r.AbstractInstanceRegistry - Running the evict task with compensationTime 0ms
2023-08-30 15:20:44.966 [Eureka-EvictionTimer] INFO  c.n.e.r.AbstractInstanceRegistry - Running the evict task with compensationTime 0ms
2023-08-30 15:20:49.966 [Eureka-EvictionTimer] INFO  c.n.e.r.AbstractInstanceRegistry - Running the evict task with compensationTime 0ms
2023-08-30 15:20:54.966 [Eureka-EvictionTimer] INFO  c.n.e.r.AbstractInstanceRegistry - Running the evict task with compensationTime 0ms
2023-08-30 15:20:59.966 [Eureka-EvictionTimer] INFO  c.n.e.r.AbstractInstanceRegistry - Running the evict task with compensationTime 0ms
2023-08-30 15:21:04.966 [Eureka-EvictionTimer] INFO  c.n.e.r.AbstractInstanceRegistry - Running the evict task with compensationTime 0ms
2023-08-30 15:21:09.966 [Eureka-EvictionTimer] INFO  c.n.e.r.AbstractInstanceRegistry - Running the evict task with compensationTime 0ms
2023-08-30 15:21:14.966 [Eureka-EvictionTimer] INFO  c.n.e.r.AbstractInstanceRegistry - Running the evict task with compensationTime 0ms
2023-08-30 15:21:19.966 [Eureka-EvictionTimer] INFO  c.n.e.r.AbstractInstanceRegistry - Running the evict task with compensationTime 0ms
2023-08-30 15:21:24.966 [Eureka-EvictionTimer] INFO  c.n.e.r.AbstractInstanceRegistry - Running the evict task with compensationTime 0ms
2023-08-30 15:21:29.966 [Eureka-EvictionTimer] INFO  c.n.e.r.AbstractInstanceRegistry - Running the evict task with compensationTime 0ms
2023-08-30 15:21:34.966 [Eureka-EvictionTimer] INFO  c.n.e.r.AbstractInstanceRegistry - Running the evict task with compensationTime 0ms
2023-08-30 15:21:39.966 [Eureka-EvictionTimer] INFO  c.n.e.r.AbstractInstanceRegistry - Running the evict task with compensationTime 0ms
2023-08-30 15:21:44.966 [Eureka-EvictionTimer] INFO  c.n.e.r.AbstractInstanceRegistry - Running the evict task with compensationTime 0ms
2023-08-30 15:21:49.966 [Eureka-EvictionTimer] INFO  c.n.e.r.AbstractInstanceRegistry - Running the evict task with compensationTime 0ms
2023-08-30 15:21:54.966 [Eureka-EvictionTimer] INFO  c.n.e.r.AbstractInstanceRegistry - Running the evict task with compensationTime 0ms
2023-08-30 15:21:59.966 [Eureka-EvictionTimer] INFO  c.n.e.r.AbstractInstanceRegistry - Running the evict task with compensationTime 0ms
2023-08-30 15:22:04.966 [Eureka-EvictionTimer] INFO  c.n.e.r.AbstractInstanceRegistry - Running the evict task with compensationTime 0ms
2023-08-30 15:22:09.966 [Eureka-EvictionTimer] INFO  c.n.e.r.AbstractInstanceRegistry - Running the evict task with compensationTime 0ms
2023-08-30 15:22:14.966 [Eureka-EvictionTimer] INFO  c.n.e.r.AbstractInstanceRegistry - Running the evict task with compensationTime 0ms
2023-08-30 15:22:19.966 [Eureka-EvictionTimer] INFO  c.n.e.r.AbstractInstanceRegistry - Running the evict task with compensationTime 0ms
2023-08-30 15:22:24.966 [Eureka-EvictionTimer] INFO  c.n.e.r.AbstractInstanceRegistry - Running the evict task with compensationTime 0ms
2023-08-30 15:22:29.966 [Eureka-EvictionTimer] INFO  c.n.e.r.AbstractInstanceRegistry - Running the evict task with compensationTime 0ms
2023-08-30 15:22:34.966 [Eureka-EvictionTimer] INFO  c.n.e.r.AbstractInstanceRegistry - Running the evict task with compensationTime 0ms
2023-08-30 15:22:39.966 [Eureka-EvictionTimer] INFO  c.n.e.r.AbstractInstanceRegistry - Running the evict task with compensationTime 0ms
2023-08-30 15:22:44.966 [Eureka-EvictionTimer] INFO  c.n.e.r.AbstractInstanceRegistry - Running the evict task with compensationTime 0ms
2023-08-30 15:22:49.966 [Eureka-EvictionTimer] INFO  c.n.e.r.AbstractInstanceRegistry - Running the evict task with compensationTime 0ms
2023-08-30 15:22:54.966 [Eureka-EvictionTimer] INFO  c.n.e.r.AbstractInstanceRegistry - Running the evict task with compensationTime 0ms
2023-08-30 15:22:59.966 [Eureka-EvictionTimer] INFO  c.n.e.r.AbstractInstanceRegistry - Running the evict task with compensationTime 0ms
2023-08-30 15:23:04.966 [Eureka-EvictionTimer] INFO  c.n.e.r.AbstractInstanceRegistry - Running the evict task with compensationTime 0ms
2023-08-30 15:23:09.966 [Eureka-EvictionTimer] INFO  c.n.e.r.AbstractInstanceRegistry - Running the evict task with compensationTime 0ms
2023-08-30 15:23:14.966 [Eureka-EvictionTimer] INFO  c.n.e.r.AbstractInstanceRegistry - Running the evict task with compensationTime 0ms
2023-08-30 15:23:19.966 [Eureka-EvictionTimer] INFO  c.n.e.r.AbstractInstanceRegistry - Running the evict task with compensationTime 0ms
2023-08-30 15:23:24.966 [Eureka-EvictionTimer] INFO  c.n.e.r.AbstractInstanceRegistry - Running the evict task with compensationTime 0ms
2023-08-30 15:23:29.966 [Eureka-EvictionTimer] INFO  c.n.e.r.AbstractInstanceRegistry - Running the evict task with compensationTime 0ms
2023-08-30 15:23:34.966 [Eureka-EvictionTimer] INFO  c.n.e.r.AbstractInstanceRegistry - Running the evict task with compensationTime 0ms
2023-08-30 15:23:39.966 [Eureka-EvictionTimer] INFO  c.n.e.r.AbstractInstanceRegistry - Running the evict task with compensationTime 0ms
2023-08-30 15:23:44.966 [Eureka-EvictionTimer] INFO  c.n.e.r.AbstractInstanceRegistry - Running the evict task with compensationTime 0ms
2023-08-30 15:23:49.966 [Eureka-EvictionTimer] INFO  c.n.e.r.AbstractInstanceRegistry - Running the evict task with compensationTime 0ms
2023-08-30 15:23:54.966 [Eureka-EvictionTimer] INFO  c.n.e.r.AbstractInstanceRegistry - Running the evict task with compensationTime 0ms
2023-08-30 15:23:59.966 [Eureka-EvictionTimer] INFO  c.n.e.r.AbstractInstanceRegistry - Running the evict task with compensationTime 0ms
2023-08-30 15:24:04.966 [Eureka-EvictionTimer] INFO  c.n.e.r.AbstractInstanceRegistry - Running the evict task with compensationTime 0ms
2023-08-30 15:24:09.966 [Eureka-EvictionTimer] INFO  c.n.e.r.AbstractInstanceRegistry - Running the evict task with compensationTime 0ms
2023-08-30 15:24:14.966 [Eureka-EvictionTimer] INFO  c.n.e.r.AbstractInstanceRegistry - Running the evict task with compensationTime 0ms
2023-08-30 15:24:19.966 [Eureka-EvictionTimer] INFO  c.n.e.r.AbstractInstanceRegistry - Running the evict task with compensationTime 0ms
2023-08-30 15:24:24.966 [Eureka-EvictionTimer] INFO  c.n.e.r.AbstractInstanceRegistry - Running the evict task with compensationTime 0ms
2023-08-30 15:24:29.966 [Eureka-EvictionTimer] INFO  c.n.e.r.AbstractInstanceRegistry - Running the evict task with compensationTime 0ms
2023-08-30 15:24:34.966 [Eureka-EvictionTimer] INFO  c.n.e.r.AbstractInstanceRegistry - Running the evict task with compensationTime 0ms
2023-08-30 15:24:39.966 [Eureka-EvictionTimer] INFO  c.n.e.r.AbstractInstanceRegistry - Running the evict task with compensationTime 0ms
2023-08-30 15:24:44.966 [Eureka-EvictionTimer] INFO  c.n.e.r.AbstractInstanceRegistry - Running the evict task with compensationTime 0ms
2023-08-30 15:24:49.966 [Eureka-EvictionTimer] INFO  c.n.e.r.AbstractInstanceRegistry - Running the evict task with compensationTime 0ms
2023-08-30 15:24:54.966 [Eureka-EvictionTimer] INFO  c.n.e.r.AbstractInstanceRegistry - Running the evict task with compensationTime 0ms
2023-08-30 15:24:59.966 [Eureka-EvictionTimer] INFO  c.n.e.r.AbstractInstanceRegistry - Running the evict task with compensationTime 0ms
2023-08-30 15:25:04.966 [Eureka-EvictionTimer] INFO  c.n.e.r.AbstractInstanceRegistry - Running the evict task with compensationTime 0ms
2023-08-30 15:25:09.966 [Eureka-EvictionTimer] INFO  c.n.e.r.AbstractInstanceRegistry - Running the evict task with compensationTime 0ms
2023-08-30 15:25:14.966 [Eureka-EvictionTimer] INFO  c.n.e.r.AbstractInstanceRegistry - Running the evict task with compensationTime 0ms
2023-08-30 15:25:19.966 [Eureka-EvictionTimer] INFO  c.n.e.r.AbstractInstanceRegistry - Running the evict task with compensationTime 0ms
2023-08-30 15:25:24.966 [Eureka-EvictionTimer] INFO  c.n.e.r.AbstractInstanceRegistry - Running the evict task with compensationTime 0ms
2023-08-30 15:25:29.966 [Eureka-EvictionTimer] INFO  c.n.e.r.AbstractInstanceRegistry - Running the evict task with compensationTime 0ms
2023-08-30 15:25:34.966 [Eureka-EvictionTimer] INFO  c.n.e.r.AbstractInstanceRegistry - Running the evict task with compensationTime 0ms
2023-08-30 15:25:39.966 [Eureka-EvictionTimer] INFO  c.n.e.r.AbstractInstanceRegistry - Running the evict task with compensationTime 0ms
2023-08-30 15:25:44.966 [Eureka-EvictionTimer] INFO  c.n.e.r.AbstractInstanceRegistry - Running the evict task with compensationTime 0ms
2023-08-30 15:25:49.966 [Eureka-EvictionTimer] INFO  c.n.e.r.AbstractInstanceRegistry - Running the evict task with compensationTime 0ms
2023-08-30 15:25:54.966 [Eureka-EvictionTimer] INFO  c.n.e.r.AbstractInstanceRegistry - Running the evict task with compensationTime 0ms
2023-08-30 15:25:59.966 [Eureka-EvictionTimer] INFO  c.n.e.r.AbstractInstanceRegistry - Running the evict task with compensationTime 0ms
2023-08-30 15:26:04.966 [Eureka-EvictionTimer] INFO  c.n.e.r.AbstractInstanceRegistry - Running the evict task with compensationTime 0ms
2023-08-30 15:26:09.966 [Eureka-EvictionTimer] INFO  c.n.e.r.AbstractInstanceRegistry - Running the evict task with compensationTime 0ms
2023-08-30 15:26:14.966 [Eureka-EvictionTimer] INFO  c.n.e.r.AbstractInstanceRegistry - Running the evict task with compensationTime 0ms
2023-08-30 15:26:19.966 [Eureka-EvictionTimer] INFO  c.n.e.r.AbstractInstanceRegistry - Running the evict task with compensationTime 0ms
2023-08-30 15:26:24.966 [Eureka-EvictionTimer] INFO  c.n.e.r.AbstractInstanceRegistry - Running the evict task with compensationTime 0ms
2023-08-30 15:26:29.966 [Eureka-EvictionTimer] INFO  c.n.e.r.AbstractInstanceRegistry - Running the evict task with compensationTime 0ms
2023-08-30 15:26:34.966 [Eureka-EvictionTimer] INFO  c.n.e.r.AbstractInstanceRegistry - Running the evict task with compensationTime 0ms
2023-08-30 15:26:39.966 [Eureka-EvictionTimer] INFO  c.n.e.r.AbstractInstanceRegistry - Running the evict task with compensationTime 0ms
2023-08-30 15:26:44.966 [Eureka-EvictionTimer] INFO  c.n.e.r.AbstractInstanceRegistry - Running the evict task with compensationTime 0ms
2023-08-30 15:26:49.966 [Eureka-EvictionTimer] INFO  c.n.e.r.AbstractInstanceRegistry - Running the evict task with compensationTime 0ms
2023-08-30 15:26:54.966 [Eureka-EvictionTimer] INFO  c.n.e.r.AbstractInstanceRegistry - Running the evict task with compensationTime 0ms
2023-08-30 15:26:59.966 [Eureka-EvictionTimer] INFO  c.n.e.r.AbstractInstanceRegistry - Running the evict task with compensationTime 0ms
2023-08-30 15:27:04.966 [Eureka-EvictionTimer] INFO  c.n.e.r.AbstractInstanceRegistry - Running the evict task with compensationTime 0ms
2023-08-30 15:27:09.966 [Eureka-EvictionTimer] INFO  c.n.e.r.AbstractInstanceRegistry - Running the evict task with compensationTime 0ms
2023-08-30 15:27:14.966 [Eureka-EvictionTimer] INFO  c.n.e.r.AbstractInstanceRegistry - Running the evict task with compensationTime 0ms
2023-08-30 15:27:19.966 [Eureka-EvictionTimer] INFO  c.n.e.r.AbstractInstanceRegistry - Running the evict task with compensationTime 0ms
2023-08-30 15:27:24.966 [Eureka-EvictionTimer] INFO  c.n.e.r.AbstractInstanceRegistry - Running the evict task with compensationTime 0ms
2023-08-30 15:27:29.966 [Eureka-EvictionTimer] INFO  c.n.e.r.AbstractInstanceRegistry - Running the evict task with compensationTime 0ms
2023-08-30 15:27:34.966 [Eureka-EvictionTimer] INFO  c.n.e.r.AbstractInstanceRegistry - Running the evict task with compensationTime 0ms
2023-08-30 15:27:39.966 [Eureka-EvictionTimer] INFO  c.n.e.r.AbstractInstanceRegistry - Running the evict task with compensationTime 0ms
2023-08-30 15:27:44.966 [Eureka-EvictionTimer] INFO  c.n.e.r.AbstractInstanceRegistry - Running the evict task with compensationTime 0ms
2023-08-30 15:27:49.966 [Eureka-EvictionTimer] INFO  c.n.e.r.AbstractInstanceRegistry - Running the evict task with compensationTime 0ms
2023-08-30 15:27:54.966 [Eureka-EvictionTimer] INFO  c.n.e.r.AbstractInstanceRegistry - Running the evict task with compensationTime 0ms
2023-08-30 15:27:59.966 [Eureka-EvictionTimer] INFO  c.n.e.r.AbstractInstanceRegistry - Running the evict task with compensationTime 0ms
2023-08-30 15:28:04.966 [Eureka-EvictionTimer] INFO  c.n.e.r.AbstractInstanceRegistry - Running the evict task with compensationTime 0ms
2023-08-30 15:28:09.966 [Eureka-EvictionTimer] INFO  c.n.e.r.AbstractInstanceRegistry - Running the evict task with compensationTime 0ms
2023-08-30 15:28:14.966 [Eureka-EvictionTimer] INFO  c.n.e.r.AbstractInstanceRegistry - Running the evict task with compensationTime 0ms
2023-08-30 15:28:19.966 [Eureka-EvictionTimer] INFO  c.n.e.r.AbstractInstanceRegistry - Running the evict task with compensationTime 0ms
2023-08-30 15:28:24.966 [Eureka-EvictionTimer] INFO  c.n.e.r.AbstractInstanceRegistry - Running the evict task with compensationTime 0ms
2023-08-30 15:28:29.966 [Eureka-EvictionTimer] INFO  c.n.e.r.AbstractInstanceRegistry - Running the evict task with compensationTime 0ms
2023-08-30 15:28:34.966 [Eureka-EvictionTimer] INFO  c.n.e.r.AbstractInstanceRegistry - Running the evict task with compensationTime 0ms
2023-08-30 15:28:39.966 [Eureka-EvictionTimer] INFO  c.n.e.r.AbstractInstanceRegistry - Running the evict task with compensationTime 0ms
2023-08-30 15:28:44.966 [Eureka-EvictionTimer] INFO  c.n.e.r.AbstractInstanceRegistry - Running the evict task with compensationTime 0ms
2023-08-30 15:28:49.966 [Eureka-EvictionTimer] INFO  c.n.e.r.AbstractInstanceRegistry - Running the evict task with compensationTime 0ms
2023-08-30 15:28:54.966 [Eureka-EvictionTimer] INFO  c.n.e.r.AbstractInstanceRegistry - Running the evict task with compensationTime 0ms
2023-08-30 15:28:59.966 [Eureka-EvictionTimer] INFO  c.n.e.r.AbstractInstanceRegistry - Running the evict task with compensationTime 0ms
2023-08-30 15:29:04.966 [Eureka-EvictionTimer] INFO  c.n.e.r.AbstractInstanceRegistry - Running the evict task with compensationTime 0ms
2023-08-30 15:29:09.966 [Eureka-EvictionTimer] INFO  c.n.e.r.AbstractInstanceRegistry - Running the evict task with compensationTime 0ms
2023-08-30 15:29:14.966 [Eureka-EvictionTimer] INFO  c.n.e.r.AbstractInstanceRegistry - Running the evict task with compensationTime 0ms
2023-08-30 15:29:19.966 [Eureka-EvictionTimer] INFO  c.n.e.r.AbstractInstanceRegistry - Running the evict task with compensationTime 0ms
2023-08-30 15:29:24.966 [Eureka-EvictionTimer] INFO  c.n.e.r.AbstractInstanceRegistry - Running the evict task with compensationTime 0ms
2023-08-30 15:29:29.966 [Eureka-EvictionTimer] INFO  c.n.e.r.AbstractInstanceRegistry - Running the evict task with compensationTime 0ms
2023-08-30 15:29:34.966 [Eureka-EvictionTimer] INFO  c.n.e.r.AbstractInstanceRegistry - Running the evict task with compensationTime 0ms
2023-08-30 15:29:39.966 [Eureka-EvictionTimer] INFO  c.n.e.r.AbstractInstanceRegistry - Running the evict task with compensationTime 0ms
2023-08-30 15:29:44.966 [Eureka-EvictionTimer] INFO  c.n.e.r.AbstractInstanceRegistry - Running the evict task with compensationTime 0ms
2023-08-30 15:29:49.966 [Eureka-EvictionTimer] INFO  c.n.e.r.AbstractInstanceRegistry - Running the evict task with compensationTime 0ms
2023-08-30 15:29:54.966 [Eureka-EvictionTimer] INFO  c.n.e.r.AbstractInstanceRegistry - Running the evict task with compensationTime 0ms
2023-08-30 15:29:59.966 [Eureka-EvictionTimer] INFO  c.n.e.r.AbstractInstanceRegistry - Running the evict task with compensationTime 0ms
2023-08-30 15:30:04.966 [Eureka-EvictionTimer] INFO  c.n.e.r.AbstractInstanceRegistry - Running the evict task with compensationTime 0ms
2023-08-30 15:30:09.966 [Eureka-EvictionTimer] INFO  c.n.e.r.AbstractInstanceRegistry - Running the evict task with compensationTime 0ms
2023-08-30 15:30:14.966 [Eureka-EvictionTimer] INFO  c.n.e.r.AbstractInstanceRegistry - Running the evict task with compensationTime 0ms
2023-08-30 15:30:19.966 [Eureka-EvictionTimer] INFO  c.n.e.r.AbstractInstanceRegistry - Running the evict task with compensationTime 0ms
2023-08-30 15:30:24.966 [Eureka-EvictionTimer] INFO  c.n.e.r.AbstractInstanceRegistry - Running the evict task with compensationTime 0ms
2023-08-30 15:30:29.966 [Eureka-EvictionTimer] INFO  c.n.e.r.AbstractInstanceRegistry - Running the evict task with compensationTime 0ms
2023-08-30 15:30:34.966 [Eureka-EvictionTimer] INFO  c.n.e.r.AbstractInstanceRegistry - Running the evict task with compensationTime 0ms
2023-08-30 15:30:39.966 [Eureka-EvictionTimer] INFO  c.n.e.r.AbstractInstanceRegistry - Running the evict task with compensationTime 0ms
2023-08-30 15:30:44.966 [Eureka-EvictionTimer] INFO  c.n.e.r.AbstractInstanceRegistry - Running the evict task with compensationTime 0ms
2023-08-30 15:30:49.966 [Eureka-EvictionTimer] INFO  c.n.e.r.AbstractInstanceRegistry - Running the evict task with compensationTime 0ms
2023-08-30 15:30:54.859 [ReplicaAwareInstanceRegistry - RenewalThresholdUpdater] INFO  c.n.e.r.PeerAwareInstanceRegistryImpl - Current renewal threshold is : 0
2023-08-30 15:30:54.966 [Eureka-EvictionTimer] INFO  c.n.e.r.AbstractInstanceRegistry - Running the evict task with compensationTime 0ms
2023-08-30 15:30:59.966 [Eureka-EvictionTimer] INFO  c.n.e.r.AbstractInstanceRegistry - Running the evict task with compensationTime 0ms
2023-08-30 15:31:04.966 [Eureka-EvictionTimer] INFO  c.n.e.r.AbstractInstanceRegistry - Running the evict task with compensationTime 0ms
2023-08-30 15:31:09.966 [Eureka-EvictionTimer] INFO  c.n.e.r.AbstractInstanceRegistry - Running the evict task with compensationTime 0ms
2023-08-30 15:31:14.966 [Eureka-EvictionTimer] INFO  c.n.e.r.AbstractInstanceRegistry - Running the evict task with compensationTime 0ms
2023-08-30 15:31:19.966 [Eureka-EvictionTimer] INFO  c.n.e.r.AbstractInstanceRegistry - Running the evict task with compensationTime 0ms
2023-08-30 15:31:24.966 [Eureka-EvictionTimer] INFO  c.n.e.r.AbstractInstanceRegistry - Running the evict task with compensationTime 0ms
2023-08-30 15:31:29.966 [Eureka-EvictionTimer] INFO  c.n.e.r.AbstractInstanceRegistry - Running the evict task with compensationTime 0ms
2023-08-30 15:31:34.966 [Eureka-EvictionTimer] INFO  c.n.e.r.AbstractInstanceRegistry - Running the evict task with compensationTime 0ms
2023-08-30 15:31:39.966 [Eureka-EvictionTimer] INFO  c.n.e.r.AbstractInstanceRegistry - Running the evict task with compensationTime 0ms
2023-08-30 15:31:44.966 [Eureka-EvictionTimer] INFO  c.n.e.r.AbstractInstanceRegistry - Running the evict task with compensationTime 0ms
2023-08-30 15:31:49.966 [Eureka-EvictionTimer] INFO  c.n.e.r.AbstractInstanceRegistry - Running the evict task with compensationTime 0ms
2023-08-30 15:31:54.966 [Eureka-EvictionTimer] INFO  c.n.e.r.AbstractInstanceRegistry - Running the evict task with compensationTime 0ms
2023-08-30 15:31:59.966 [Eureka-EvictionTimer] INFO  c.n.e.r.AbstractInstanceRegistry - Running the evict task with compensationTime 0ms
2023-08-30 15:32:04.966 [Eureka-EvictionTimer] INFO  c.n.e.r.AbstractInstanceRegistry - Running the evict task with compensationTime 0ms
2023-08-30 15:32:09.966 [Eureka-EvictionTimer] INFO  c.n.e.r.AbstractInstanceRegistry - Running the evict task with compensationTime 0ms
2023-08-30 15:32:14.966 [Eureka-EvictionTimer] INFO  c.n.e.r.AbstractInstanceRegistry - Running the evict task with compensationTime 0ms
2023-08-30 15:32:19.966 [Eureka-EvictionTimer] INFO  c.n.e.r.AbstractInstanceRegistry - Running the evict task with compensationTime 0ms
2023-08-30 15:32:24.966 [Eureka-EvictionTimer] INFO  c.n.e.r.AbstractInstanceRegistry - Running the evict task with compensationTime 0ms
2023-08-30 15:32:29.966 [Eureka-EvictionTimer] INFO  c.n.e.r.AbstractInstanceRegistry - Running the evict task with compensationTime 0ms
2023-08-30 15:32:34.966 [Eureka-EvictionTimer] INFO  c.n.e.r.AbstractInstanceRegistry - Running the evict task with compensationTime 0ms
2023-08-30 15:32:39.966 [Eureka-EvictionTimer] INFO  c.n.e.r.AbstractInstanceRegistry - Running the evict task with compensationTime 0ms
2023-08-30 15:32:44.966 [Eureka-EvictionTimer] INFO  c.n.e.r.AbstractInstanceRegistry - Running the evict task with compensationTime 0ms
2023-08-30 15:32:49.966 [Eureka-EvictionTimer] INFO  c.n.e.r.AbstractInstanceRegistry - Running the evict task with compensationTime 0ms
2023-08-30 15:32:54.966 [Eureka-EvictionTimer] INFO  c.n.e.r.AbstractInstanceRegistry - Running the evict task with compensationTime 0ms
2023-08-30 15:32:59.966 [Eureka-EvictionTimer] INFO  c.n.e.r.AbstractInstanceRegistry - Running the evict task with compensationTime 0ms
2023-08-30 15:33:04.966 [Eureka-EvictionTimer] INFO  c.n.e.r.AbstractInstanceRegistry - Running the evict task with compensationTime 0ms
2023-08-30 15:33:09.966 [Eureka-EvictionTimer] INFO  c.n.e.r.AbstractInstanceRegistry - Running the evict task with compensationTime 0ms
2023-08-30 15:33:14.966 [Eureka-EvictionTimer] INFO  c.n.e.r.AbstractInstanceRegistry - Running the evict task with compensationTime 0ms
2023-08-30 15:33:19.966 [Eureka-EvictionTimer] INFO  c.n.e.r.AbstractInstanceRegistry - Running the evict task with compensationTime 0ms
2023-08-30 15:33:24.966 [Eureka-EvictionTimer] INFO  c.n.e.r.AbstractInstanceRegistry - Running the evict task with compensationTime 0ms
2023-08-30 15:33:29.966 [Eureka-EvictionTimer] INFO  c.n.e.r.AbstractInstanceRegistry - Running the evict task with compensationTime 0ms
2023-08-30 15:33:34.966 [Eureka-EvictionTimer] INFO  c.n.e.r.AbstractInstanceRegistry - Running the evict task with compensationTime 0ms
2023-08-30 15:33:39.966 [Eureka-EvictionTimer] INFO  c.n.e.r.AbstractInstanceRegistry - Running the evict task with compensationTime 0ms
2023-08-30 15:33:44.966 [Eureka-EvictionTimer] INFO  c.n.e.r.AbstractInstanceRegistry - Running the evict task with compensationTime 0ms
2023-08-30 15:33:49.966 [Eureka-EvictionTimer] INFO  c.n.e.r.AbstractInstanceRegistry - Running the evict task with compensationTime 0ms
2023-08-30 15:33:54.966 [Eureka-EvictionTimer] INFO  c.n.e.r.AbstractInstanceRegistry - Running the evict task with compensationTime 0ms
2023-08-30 15:33:59.966 [Eureka-EvictionTimer] INFO  c.n.e.r.AbstractInstanceRegistry - Running the evict task with compensationTime 0ms
2023-08-30 15:34:04.966 [Eureka-EvictionTimer] INFO  c.n.e.r.AbstractInstanceRegistry - Running the evict task with compensationTime 0ms
2023-08-30 15:34:09.966 [Eureka-EvictionTimer] INFO  c.n.e.r.AbstractInstanceRegistry - Running the evict task with compensationTime 0ms
2023-08-30 15:34:14.966 [Eureka-EvictionTimer] INFO  c.n.e.r.AbstractInstanceRegistry - Running the evict task with compensationTime 0ms
2023-08-30 15:34:19.966 [Eureka-EvictionTimer] INFO  c.n.e.r.AbstractInstanceRegistry - Running the evict task with compensationTime 0ms
2023-08-30 15:34:24.966 [Eureka-EvictionTimer] INFO  c.n.e.r.AbstractInstanceRegistry - Running the evict task with compensationTime 0ms
2023-08-30 15:34:29.966 [Eureka-EvictionTimer] INFO  c.n.e.r.AbstractInstanceRegistry - Running the evict task with compensationTime 0ms
2023-08-30 15:34:34.966 [Eureka-EvictionTimer] INFO  c.n.e.r.AbstractInstanceRegistry - Running the evict task with compensationTime 0ms
2023-08-30 15:34:39.966 [Eureka-EvictionTimer] INFO  c.n.e.r.AbstractInstanceRegistry - Running the evict task with compensationTime 0ms
2023-08-30 15:34:44.966 [Eureka-EvictionTimer] INFO  c.n.e.r.AbstractInstanceRegistry - Running the evict task with compensationTime 0ms
2023-08-30 15:34:49.966 [Eureka-EvictionTimer] INFO  c.n.e.r.AbstractInstanceRegistry - Running the evict task with compensationTime 0ms
2023-08-30 15:34:54.966 [Eureka-EvictionTimer] INFO  c.n.e.r.AbstractInstanceRegistry - Running the evict task with compensationTime 0ms
2023-08-30 15:34:59.966 [Eureka-EvictionTimer] INFO  c.n.e.r.AbstractInstanceRegistry - Running the evict task with compensationTime 0ms
2023-08-30 15:35:04.966 [Eureka-EvictionTimer] INFO  c.n.e.r.AbstractInstanceRegistry - Running the evict task with compensationTime 0ms
2023-08-30 15:35:09.966 [Eureka-EvictionTimer] INFO  c.n.e.r.AbstractInstanceRegistry - Running the evict task with compensationTime 0ms
2023-08-30 15:35:14.966 [Eureka-EvictionTimer] INFO  c.n.e.r.AbstractInstanceRegistry - Running the evict task with compensationTime 0ms
2023-08-30 15:35:19.966 [Eureka-EvictionTimer] INFO  c.n.e.r.AbstractInstanceRegistry - Running the evict task with compensationTime 0ms
2023-08-30 15:35:24.966 [Eureka-EvictionTimer] INFO  c.n.e.r.AbstractInstanceRegistry - Running the evict task with compensationTime 0ms
2023-08-30 15:35:29.966 [Eureka-EvictionTimer] INFO  c.n.e.r.AbstractInstanceRegistry - Running the evict task with compensationTime 0ms
2023-08-30 15:35:34.966 [Eureka-EvictionTimer] INFO  c.n.e.r.AbstractInstanceRegistry - Running the evict task with compensationTime 0ms
2023-08-30 15:35:39.966 [Eureka-EvictionTimer] INFO  c.n.e.r.AbstractInstanceRegistry - Running the evict task with compensationTime 0ms
2023-08-30 15:35:44.966 [Eureka-EvictionTimer] INFO  c.n.e.r.AbstractInstanceRegistry - Running the evict task with compensationTime 0ms
2023-08-30 15:35:49.966 [Eureka-EvictionTimer] INFO  c.n.e.r.AbstractInstanceRegistry - Running the evict task with compensationTime 0ms
2023-08-30 15:35:54.966 [Eureka-EvictionTimer] INFO  c.n.e.r.AbstractInstanceRegistry - Running the evict task with compensationTime 0ms
2023-08-30 15:35:59.966 [Eureka-EvictionTimer] INFO  c.n.e.r.AbstractInstanceRegistry - Running the evict task with compensationTime 0ms
2023-08-30 15:36:04.966 [Eureka-EvictionTimer] INFO  c.n.e.r.AbstractInstanceRegistry - Running the evict task with compensationTime 0ms
2023-08-30 15:36:09.966 [Eureka-EvictionTimer] INFO  c.n.e.r.AbstractInstanceRegistry - Running the evict task with compensationTime 0ms
2023-08-30 15:36:14.966 [Eureka-EvictionTimer] INFO  c.n.e.r.AbstractInstanceRegistry - Running the evict task with compensationTime 0ms
2023-08-30 15:36:19.966 [Eureka-EvictionTimer] INFO  c.n.e.r.AbstractInstanceRegistry - Running the evict task with compensationTime 0ms
2023-08-30 15:36:24.966 [Eureka-EvictionTimer] INFO  c.n.e.r.AbstractInstanceRegistry - Running the evict task with compensationTime 0ms
2023-08-30 15:36:29.966 [Eureka-EvictionTimer] INFO  c.n.e.r.AbstractInstanceRegistry - Running the evict task with compensationTime 0ms
2023-08-30 15:36:34.966 [Eureka-EvictionTimer] INFO  c.n.e.r.AbstractInstanceRegistry - Running the evict task with compensationTime 0ms
2023-08-30 15:36:39.966 [Eureka-EvictionTimer] INFO  c.n.e.r.AbstractInstanceRegistry - Running the evict task with compensationTime 0ms
2023-08-30 15:36:44.966 [Eureka-EvictionTimer] INFO  c.n.e.r.AbstractInstanceRegistry - Running the evict task with compensationTime 0ms
2023-08-30 15:36:49.966 [Eureka-EvictionTimer] INFO  c.n.e.r.AbstractInstanceRegistry - Running the evict task with compensationTime 0ms
2023-08-30 15:36:54.966 [Eureka-EvictionTimer] INFO  c.n.e.r.AbstractInstanceRegistry - Running the evict task with compensationTime 0ms
2023-08-30 15:36:59.966 [Eureka-EvictionTimer] INFO  c.n.e.r.AbstractInstanceRegistry - Running the evict task with compensationTime 0ms
2023-08-30 15:37:04.966 [Eureka-EvictionTimer] INFO  c.n.e.r.AbstractInstanceRegistry - Running the evict task with compensationTime 0ms
2023-08-30 15:37:09.966 [Eureka-EvictionTimer] INFO  c.n.e.r.AbstractInstanceRegistry - Running the evict task with compensationTime 0ms
2023-08-30 15:37:14.966 [Eureka-EvictionTimer] INFO  c.n.e.r.AbstractInstanceRegistry - Running the evict task with compensationTime 0ms
2023-08-30 15:37:19.966 [Eureka-EvictionTimer] INFO  c.n.e.r.AbstractInstanceRegistry - Running the evict task with compensationTime 0ms
2023-08-30 15:37:24.966 [Eureka-EvictionTimer] INFO  c.n.e.r.AbstractInstanceRegistry - Running the evict task with compensationTime 0ms
2023-08-30 15:37:29.966 [Eureka-EvictionTimer] INFO  c.n.e.r.AbstractInstanceRegistry - Running the evict task with compensationTime 0ms
2023-08-30 15:37:34.966 [Eureka-EvictionTimer] INFO  c.n.e.r.AbstractInstanceRegistry - Running the evict task with compensationTime 0ms
2023-08-30 15:37:39.966 [Eureka-EvictionTimer] INFO  c.n.e.r.AbstractInstanceRegistry - Running the evict task with compensationTime 0ms
2023-08-30 15:37:44.966 [Eureka-EvictionTimer] INFO  c.n.e.r.AbstractInstanceRegistry - Running the evict task with compensationTime 0ms
2023-08-30 15:37:49.966 [Eureka-EvictionTimer] INFO  c.n.e.r.AbstractInstanceRegistry - Running the evict task with compensationTime 0ms
2023-08-30 15:37:54.966 [Eureka-EvictionTimer] INFO  c.n.e.r.AbstractInstanceRegistry - Running the evict task with compensationTime 0ms
2023-08-30 15:37:59.966 [Eureka-EvictionTimer] INFO  c.n.e.r.AbstractInstanceRegistry - Running the evict task with compensationTime 0ms
2023-08-30 15:38:04.966 [Eureka-EvictionTimer] INFO  c.n.e.r.AbstractInstanceRegistry - Running the evict task with compensationTime 0ms
2023-08-30 15:38:09.966 [Eureka-EvictionTimer] INFO  c.n.e.r.AbstractInstanceRegistry - Running the evict task with compensationTime 0ms
2023-08-30 15:38:14.966 [Eureka-EvictionTimer] INFO  c.n.e.r.AbstractInstanceRegistry - Running the evict task with compensationTime 0ms
2023-08-30 15:38:19.966 [Eureka-EvictionTimer] INFO  c.n.e.r.AbstractInstanceRegistry - Running the evict task with compensationTime 0ms
2023-08-30 15:38:24.966 [Eureka-EvictionTimer] INFO  c.n.e.r.AbstractInstanceRegistry - Running the evict task with compensationTime 0ms
2023-08-30 15:38:29.966 [Eureka-EvictionTimer] INFO  c.n.e.r.AbstractInstanceRegistry - Running the evict task with compensationTime 0ms
2023-08-30 15:38:34.966 [Eureka-EvictionTimer] INFO  c.n.e.r.AbstractInstanceRegistry - Running the evict task with compensationTime 0ms
2023-08-30 15:38:39.966 [Eureka-EvictionTimer] INFO  c.n.e.r.AbstractInstanceRegistry - Running the evict task with compensationTime 0ms
2023-08-30 15:38:44.966 [Eureka-EvictionTimer] INFO  c.n.e.r.AbstractInstanceRegistry - Running the evict task with compensationTime 0ms
2023-08-30 15:38:49.966 [Eureka-EvictionTimer] INFO  c.n.e.r.AbstractInstanceRegistry - Running the evict task with compensationTime 0ms
2023-08-30 15:38:54.966 [Eureka-EvictionTimer] INFO  c.n.e.r.AbstractInstanceRegistry - Running the evict task with compensationTime 0ms
2023-08-30 15:38:59.966 [Eureka-EvictionTimer] INFO  c.n.e.r.AbstractInstanceRegistry - Running the evict task with compensationTime 0ms
2023-08-30 15:39:04.966 [Eureka-EvictionTimer] INFO  c.n.e.r.AbstractInstanceRegistry - Running the evict task with compensationTime 0ms
2023-08-30 15:39:09.966 [Eureka-EvictionTimer] INFO  c.n.e.r.AbstractInstanceRegistry - Running the evict task with compensationTime 0ms
2023-08-30 15:39:14.966 [Eureka-EvictionTimer] INFO  c.n.e.r.AbstractInstanceRegistry - Running the evict task with compensationTime 0ms
2023-08-30 15:39:19.966 [Eureka-EvictionTimer] INFO  c.n.e.r.AbstractInstanceRegistry - Running the evict task with compensationTime 0ms
2023-08-30 15:39:24.966 [Eureka-EvictionTimer] INFO  c.n.e.r.AbstractInstanceRegistry - Running the evict task with compensationTime 0ms
2023-08-30 15:39:29.966 [Eureka-EvictionTimer] INFO  c.n.e.r.AbstractInstanceRegistry - Running the evict task with compensationTime 0ms
2023-08-30 15:39:34.966 [Eureka-EvictionTimer] INFO  c.n.e.r.AbstractInstanceRegistry - Running the evict task with compensationTime 0ms
2023-08-30 15:39:39.966 [Eureka-EvictionTimer] INFO  c.n.e.r.AbstractInstanceRegistry - Running the evict task with compensationTime 0ms
2023-08-30 15:39:44.966 [Eureka-EvictionTimer] INFO  c.n.e.r.AbstractInstanceRegistry - Running the evict task with compensationTime 0ms
2023-08-30 15:39:49.966 [Eureka-EvictionTimer] INFO  c.n.e.r.AbstractInstanceRegistry - Running the evict task with compensationTime 0ms
2023-08-30 15:39:54.966 [Eureka-EvictionTimer] INFO  c.n.e.r.AbstractInstanceRegistry - Running the evict task with compensationTime 0ms
2023-08-30 15:39:59.966 [Eureka-EvictionTimer] INFO  c.n.e.r.AbstractInstanceRegistry - Running the evict task with compensationTime 0ms
2023-08-30 15:40:04.966 [Eureka-EvictionTimer] INFO  c.n.e.r.AbstractInstanceRegistry - Running the evict task with compensationTime 0ms
2023-08-30 15:40:09.966 [Eureka-EvictionTimer] INFO  c.n.e.r.AbstractInstanceRegistry - Running the evict task with compensationTime 0ms
2023-08-30 15:40:14.966 [Eureka-EvictionTimer] INFO  c.n.e.r.AbstractInstanceRegistry - Running the evict task with compensationTime 0ms
2023-08-30 15:40:19.966 [Eureka-EvictionTimer] INFO  c.n.e.r.AbstractInstanceRegistry - Running the evict task with compensationTime 0ms
2023-08-30 15:40:24.966 [Eureka-EvictionTimer] INFO  c.n.e.r.AbstractInstanceRegistry - Running the evict task with compensationTime 0ms
2023-08-30 15:40:29.966 [Eureka-EvictionTimer] INFO  c.n.e.r.AbstractInstanceRegistry - Running the evict task with compensationTime 0ms
2023-08-30 15:40:34.966 [Eureka-EvictionTimer] INFO  c.n.e.r.AbstractInstanceRegistry - Running the evict task with compensationTime 0ms
2023-08-30 15:40:39.966 [Eureka-EvictionTimer] INFO  c.n.e.r.AbstractInstanceRegistry - Running the evict task with compensationTime 0ms
2023-08-30 15:40:44.966 [Eureka-EvictionTimer] INFO  c.n.e.r.AbstractInstanceRegistry - Running the evict task with compensationTime 0ms
2023-08-30 15:40:49.966 [Eureka-EvictionTimer] INFO  c.n.e.r.AbstractInstanceRegistry - Running the evict task with compensationTime 0ms
2023-08-30 15:40:54.966 [Eureka-EvictionTimer] INFO  c.n.e.r.AbstractInstanceRegistry - Running the evict task with compensationTime 0ms
2023-08-30 15:40:59.966 [Eureka-EvictionTimer] INFO  c.n.e.r.AbstractInstanceRegistry - Running the evict task with compensationTime 0ms
2023-08-30 15:41:04.966 [Eureka-EvictionTimer] INFO  c.n.e.r.AbstractInstanceRegistry - Running the evict task with compensationTime 0ms
2023-08-30 15:41:09.966 [Eureka-EvictionTimer] INFO  c.n.e.r.AbstractInstanceRegistry - Running the evict task with compensationTime 0ms
2023-08-30 15:41:14.966 [Eureka-EvictionTimer] INFO  c.n.e.r.AbstractInstanceRegistry - Running the evict task with compensationTime 0ms
2023-08-30 15:41:19.966 [Eureka-EvictionTimer] INFO  c.n.e.r.AbstractInstanceRegistry - Running the evict task with compensationTime 0ms
2023-08-30 15:41:24.966 [Eureka-EvictionTimer] INFO  c.n.e.r.AbstractInstanceRegistry - Running the evict task with compensationTime 0ms
2023-08-30 15:41:29.966 [Eureka-EvictionTimer] INFO  c.n.e.r.AbstractInstanceRegistry - Running the evict task with compensationTime 0ms
2023-08-30 15:41:34.966 [Eureka-EvictionTimer] INFO  c.n.e.r.AbstractInstanceRegistry - Running the evict task with compensationTime 0ms
2023-08-30 15:41:39.966 [Eureka-EvictionTimer] INFO  c.n.e.r.AbstractInstanceRegistry - Running the evict task with compensationTime 0ms
2023-08-30 15:41:44.966 [Eureka-EvictionTimer] INFO  c.n.e.r.AbstractInstanceRegistry - Running the evict task with compensationTime 0ms
2023-08-30 15:41:49.966 [Eureka-EvictionTimer] INFO  c.n.e.r.AbstractInstanceRegistry - Running the evict task with compensationTime 0ms
2023-08-30 15:41:54.966 [Eureka-EvictionTimer] INFO  c.n.e.r.AbstractInstanceRegistry - Running the evict task with compensationTime 0ms
2023-08-30 15:41:59.966 [Eureka-EvictionTimer] INFO  c.n.e.r.AbstractInstanceRegistry - Running the evict task with compensationTime 0ms
2023-08-30 15:42:04.966 [Eureka-EvictionTimer] INFO  c.n.e.r.AbstractInstanceRegistry - Running the evict task with compensationTime 0ms
2023-08-30 15:42:09.966 [Eureka-EvictionTimer] INFO  c.n.e.r.AbstractInstanceRegistry - Running the evict task with compensationTime 0ms
2023-08-30 15:42:14.966 [Eureka-EvictionTimer] INFO  c.n.e.r.AbstractInstanceRegistry - Running the evict task with compensationTime 0ms
2023-08-30 15:42:19.966 [Eureka-EvictionTimer] INFO  c.n.e.r.AbstractInstanceRegistry - Running the evict task with compensationTime 0ms
2023-08-30 15:42:24.966 [Eureka-EvictionTimer] INFO  c.n.e.r.AbstractInstanceRegistry - Running the evict task with compensationTime 0ms
2023-08-30 15:42:29.966 [Eureka-EvictionTimer] INFO  c.n.e.r.AbstractInstanceRegistry - Running the evict task with compensationTime 0ms
2023-08-30 15:42:34.966 [Eureka-EvictionTimer] INFO  c.n.e.r.AbstractInstanceRegistry - Running the evict task with compensationTime 0ms
2023-08-30 15:42:39.966 [Eureka-EvictionTimer] INFO  c.n.e.r.AbstractInstanceRegistry - Running the evict task with compensationTime 0ms
2023-08-30 15:42:44.966 [Eureka-EvictionTimer] INFO  c.n.e.r.AbstractInstanceRegistry - Running the evict task with compensationTime 0ms
2023-08-30 15:42:49.966 [Eureka-EvictionTimer] INFO  c.n.e.r.AbstractInstanceRegistry - Running the evict task with compensationTime 0ms
2023-08-30 15:42:54.966 [Eureka-EvictionTimer] INFO  c.n.e.r.AbstractInstanceRegistry - Running the evict task with compensationTime 0ms
2023-08-30 15:42:59.966 [Eureka-EvictionTimer] INFO  c.n.e.r.AbstractInstanceRegistry - Running the evict task with compensationTime 0ms
2023-08-30 15:43:04.966 [Eureka-EvictionTimer] INFO  c.n.e.r.AbstractInstanceRegistry - Running the evict task with compensationTime 0ms
2023-08-30 15:43:09.966 [Eureka-EvictionTimer] INFO  c.n.e.r.AbstractInstanceRegistry - Running the evict task with compensationTime 0ms
2023-08-30 15:43:14.966 [Eureka-EvictionTimer] INFO  c.n.e.r.AbstractInstanceRegistry - Running the evict task with compensationTime 0ms
2023-08-30 15:43:19.966 [Eureka-EvictionTimer] INFO  c.n.e.r.AbstractInstanceRegistry - Running the evict task with compensationTime 0ms
2023-08-30 15:43:24.966 [Eureka-EvictionTimer] INFO  c.n.e.r.AbstractInstanceRegistry - Running the evict task with compensationTime 0ms
2023-08-30 15:43:29.966 [Eureka-EvictionTimer] INFO  c.n.e.r.AbstractInstanceRegistry - Running the evict task with compensationTime 0ms
2023-08-30 15:43:34.966 [Eureka-EvictionTimer] INFO  c.n.e.r.AbstractInstanceRegistry - Running the evict task with compensationTime 0ms
2023-08-30 15:43:39.966 [Eureka-EvictionTimer] INFO  c.n.e.r.AbstractInstanceRegistry - Running the evict task with compensationTime 0ms
2023-08-30 15:43:44.966 [Eureka-EvictionTimer] INFO  c.n.e.r.AbstractInstanceRegistry - Running the evict task with compensationTime 0ms
2023-08-30 15:43:49.966 [Eureka-EvictionTimer] INFO  c.n.e.r.AbstractInstanceRegistry - Running the evict task with compensationTime 0ms
2023-08-30 15:43:54.966 [Eureka-EvictionTimer] INFO  c.n.e.r.AbstractInstanceRegistry - Running the evict task with compensationTime 0ms
2023-08-30 15:43:59.966 [Eureka-EvictionTimer] INFO  c.n.e.r.AbstractInstanceRegistry - Running the evict task with compensationTime 0ms
2023-08-30 15:44:04.966 [Eureka-EvictionTimer] INFO  c.n.e.r.AbstractInstanceRegistry - Running the evict task with compensationTime 0ms
2023-08-30 15:44:09.966 [Eureka-EvictionTimer] INFO  c.n.e.r.AbstractInstanceRegistry - Running the evict task with compensationTime 0ms
2023-08-30 15:44:14.966 [Eureka-EvictionTimer] INFO  c.n.e.r.AbstractInstanceRegistry - Running the evict task with compensationTime 0ms
2023-08-30 15:44:19.966 [Eureka-EvictionTimer] INFO  c.n.e.r.AbstractInstanceRegistry - Running the evict task with compensationTime 0ms
2023-08-30 15:44:24.966 [Eureka-EvictionTimer] INFO  c.n.e.r.AbstractInstanceRegistry - Running the evict task with compensationTime 0ms
2023-08-30 15:44:29.966 [Eureka-EvictionTimer] INFO  c.n.e.r.AbstractInstanceRegistry - Running the evict task with compensationTime 0ms
2023-08-30 15:44:34.966 [Eureka-EvictionTimer] INFO  c.n.e.r.AbstractInstanceRegistry - Running the evict task with compensationTime 0ms
2023-08-30 15:44:39.966 [Eureka-EvictionTimer] INFO  c.n.e.r.AbstractInstanceRegistry - Running the evict task with compensationTime 0ms
2023-08-30 15:44:44.966 [Eureka-EvictionTimer] INFO  c.n.e.r.AbstractInstanceRegistry - Running the evict task with compensationTime 0ms
2023-08-30 15:44:49.966 [Eureka-EvictionTimer] INFO  c.n.e.r.AbstractInstanceRegistry - Running the evict task with compensationTime 0ms
2023-08-30 15:44:54.966 [Eureka-EvictionTimer] INFO  c.n.e.r.AbstractInstanceRegistry - Running the evict task with compensationTime 0ms
2023-08-30 15:44:59.966 [Eureka-EvictionTimer] INFO  c.n.e.r.AbstractInstanceRegistry - Running the evict task with compensationTime 0ms
2023-08-30 15:45:04.966 [Eureka-EvictionTimer] INFO  c.n.e.r.AbstractInstanceRegistry - Running the evict task with compensationTime 0ms
2023-08-30 15:45:09.966 [Eureka-EvictionTimer] INFO  c.n.e.r.AbstractInstanceRegistry - Running the evict task with compensationTime 0ms
2023-08-30 15:45:14.966 [Eureka-EvictionTimer] INFO  c.n.e.r.AbstractInstanceRegistry - Running the evict task with compensationTime 0ms
2023-08-30 15:45:19.966 [Eureka-EvictionTimer] INFO  c.n.e.r.AbstractInstanceRegistry - Running the evict task with compensationTime 0ms
2023-08-30 15:45:24.966 [Eureka-EvictionTimer] INFO  c.n.e.r.AbstractInstanceRegistry - Running the evict task with compensationTime 0ms
2023-08-30 15:45:29.966 [Eureka-EvictionTimer] INFO  c.n.e.r.AbstractInstanceRegistry - Running the evict task with compensationTime 0ms
2023-08-30 15:45:34.966 [Eureka-EvictionTimer] INFO  c.n.e.r.AbstractInstanceRegistry - Running the evict task with compensationTime 0ms
2023-08-30 15:45:39.966 [Eureka-EvictionTimer] INFO  c.n.e.r.AbstractInstanceRegistry - Running the evict task with compensationTime 0ms
2023-08-30 15:45:44.966 [Eureka-EvictionTimer] INFO  c.n.e.r.AbstractInstanceRegistry - Running the evict task with compensationTime 0ms
2023-08-30 15:45:49.966 [Eureka-EvictionTimer] INFO  c.n.e.r.AbstractInstanceRegistry - Running the evict task with compensationTime 0ms
2023-08-30 15:45:54.859 [ReplicaAwareInstanceRegistry - RenewalThresholdUpdater] INFO  c.n.e.r.PeerAwareInstanceRegistryImpl - Current renewal threshold is : 0
2023-08-30 15:45:54.966 [Eureka-EvictionTimer] INFO  c.n.e.r.AbstractInstanceRegistry - Running the evict task with compensationTime 0ms
2023-08-30 15:45:59.966 [Eureka-EvictionTimer] INFO  c.n.e.r.AbstractInstanceRegistry - Running the evict task with compensationTime 0ms
2023-08-30 15:46:04.966 [Eureka-EvictionTimer] INFO  c.n.e.r.AbstractInstanceRegistry - Running the evict task with compensationTime 0ms
2023-08-30 15:46:09.966 [Eureka-EvictionTimer] INFO  c.n.e.r.AbstractInstanceRegistry - Running the evict task with compensationTime 0ms
2023-08-30 15:46:14.966 [Eureka-EvictionTimer] INFO  c.n.e.r.AbstractInstanceRegistry - Running the evict task with compensationTime 0ms
2023-08-30 15:46:19.966 [Eureka-EvictionTimer] INFO  c.n.e.r.AbstractInstanceRegistry - Running the evict task with compensationTime 0ms
2023-08-30 15:46:24.966 [Eureka-EvictionTimer] INFO  c.n.e.r.AbstractInstanceRegistry - Running the evict task with compensationTime 0ms
2023-08-30 15:46:29.966 [Eureka-EvictionTimer] INFO  c.n.e.r.AbstractInstanceRegistry - Running the evict task with compensationTime 0ms
2023-08-30 15:46:34.966 [Eureka-EvictionTimer] INFO  c.n.e.r.AbstractInstanceRegistry - Running the evict task with compensationTime 0ms
2023-08-30 15:46:39.966 [Eureka-EvictionTimer] INFO  c.n.e.r.AbstractInstanceRegistry - Running the evict task with compensationTime 0ms
2023-08-30 15:46:44.966 [Eureka-EvictionTimer] INFO  c.n.e.r.AbstractInstanceRegistry - Running the evict task with compensationTime 0ms
2023-08-30 15:46:49.966 [Eureka-EvictionTimer] INFO  c.n.e.r.AbstractInstanceRegistry - Running the evict task with compensationTime 0ms
2023-08-30 15:46:54.966 [Eureka-EvictionTimer] INFO  c.n.e.r.AbstractInstanceRegistry - Running the evict task with compensationTime 0ms
2023-08-30 15:46:59.966 [Eureka-EvictionTimer] INFO  c.n.e.r.AbstractInstanceRegistry - Running the evict task with compensationTime 0ms
2023-08-30 15:47:04.966 [Eureka-EvictionTimer] INFO  c.n.e.r.AbstractInstanceRegistry - Running the evict task with compensationTime 0ms
2023-08-30 15:47:09.966 [Eureka-EvictionTimer] INFO  c.n.e.r.AbstractInstanceRegistry - Running the evict task with compensationTime 0ms
2023-08-30 15:47:14.966 [Eureka-EvictionTimer] INFO  c.n.e.r.AbstractInstanceRegistry - Running the evict task with compensationTime 0ms
2023-08-30 15:47:19.966 [Eureka-EvictionTimer] INFO  c.n.e.r.AbstractInstanceRegistry - Running the evict task with compensationTime 0ms
2023-08-30 15:47:24.966 [Eureka-EvictionTimer] INFO  c.n.e.r.AbstractInstanceRegistry - Running the evict task with compensationTime 0ms
2023-08-30 15:47:29.966 [Eureka-EvictionTimer] INFO  c.n.e.r.AbstractInstanceRegistry - Running the evict task with compensationTime 0ms
2023-08-30 15:47:34.966 [Eureka-EvictionTimer] INFO  c.n.e.r.AbstractInstanceRegistry - Running the evict task with compensationTime 0ms
2023-08-30 15:47:39.966 [Eureka-EvictionTimer] INFO  c.n.e.r.AbstractInstanceRegistry - Running the evict task with compensationTime 0ms
2023-08-30 15:47:44.966 [Eureka-EvictionTimer] INFO  c.n.e.r.AbstractInstanceRegistry - Running the evict task with compensationTime 0ms
2023-08-30 15:47:49.966 [Eureka-EvictionTimer] INFO  c.n.e.r.AbstractInstanceRegistry - Running the evict task with compensationTime 0ms
2023-08-30 15:47:54.966 [Eureka-EvictionTimer] INFO  c.n.e.r.AbstractInstanceRegistry - Running the evict task with compensationTime 0ms
2023-08-30 15:47:59.966 [Eureka-EvictionTimer] INFO  c.n.e.r.AbstractInstanceRegistry - Running the evict task with compensationTime 0ms
2023-08-30 15:48:04.966 [Eureka-EvictionTimer] INFO  c.n.e.r.AbstractInstanceRegistry - Running the evict task with compensationTime 0ms
2023-08-30 15:48:09.966 [Eureka-EvictionTimer] INFO  c.n.e.r.AbstractInstanceRegistry - Running the evict task with compensationTime 0ms
2023-08-30 15:48:14.966 [Eureka-EvictionTimer] INFO  c.n.e.r.AbstractInstanceRegistry - Running the evict task with compensationTime 0ms
2023-08-30 15:48:19.966 [Eureka-EvictionTimer] INFO  c.n.e.r.AbstractInstanceRegistry - Running the evict task with compensationTime 0ms
2023-08-30 15:48:24.966 [Eureka-EvictionTimer] INFO  c.n.e.r.AbstractInstanceRegistry - Running the evict task with compensationTime 0ms
2023-08-30 15:48:29.966 [Eureka-EvictionTimer] INFO  c.n.e.r.AbstractInstanceRegistry - Running the evict task with compensationTime 0ms
2023-08-30 15:48:34.966 [Eureka-EvictionTimer] INFO  c.n.e.r.AbstractInstanceRegistry - Running the evict task with compensationTime 0ms
2023-08-30 15:48:39.966 [Eureka-EvictionTimer] INFO  c.n.e.r.AbstractInstanceRegistry - Running the evict task with compensationTime 0ms
2023-08-30 15:48:44.966 [Eureka-EvictionTimer] INFO  c.n.e.r.AbstractInstanceRegistry - Running the evict task with compensationTime 0ms
2023-08-30 15:48:49.966 [Eureka-EvictionTimer] INFO  c.n.e.r.AbstractInstanceRegistry - Running the evict task with compensationTime 0ms
2023-08-30 15:48:54.966 [Eureka-EvictionTimer] INFO  c.n.e.r.AbstractInstanceRegistry - Running the evict task with compensationTime 0ms
2023-08-30 15:48:59.966 [Eureka-EvictionTimer] INFO  c.n.e.r.AbstractInstanceRegistry - Running the evict task with compensationTime 0ms
2023-08-30 15:49:04.966 [Eureka-EvictionTimer] INFO  c.n.e.r.AbstractInstanceRegistry - Running the evict task with compensationTime 0ms
2023-08-30 15:49:09.966 [Eureka-EvictionTimer] INFO  c.n.e.r.AbstractInstanceRegistry - Running the evict task with compensationTime 0ms
2023-08-30 15:49:14.966 [Eureka-EvictionTimer] INFO  c.n.e.r.AbstractInstanceRegistry - Running the evict task with compensationTime 0ms
2023-08-30 15:49:19.966 [Eureka-EvictionTimer] INFO  c.n.e.r.AbstractInstanceRegistry - Running the evict task with compensationTime 0ms
2023-08-30 15:49:24.966 [Eureka-EvictionTimer] INFO  c.n.e.r.AbstractInstanceRegistry - Running the evict task with compensationTime 0ms
2023-08-30 15:49:29.966 [Eureka-EvictionTimer] INFO  c.n.e.r.AbstractInstanceRegistry - Running the evict task with compensationTime 0ms
2023-08-30 15:49:34.966 [Eureka-EvictionTimer] INFO  c.n.e.r.AbstractInstanceRegistry - Running the evict task with compensationTime 0ms
2023-08-30 15:49:39.966 [Eureka-EvictionTimer] INFO  c.n.e.r.AbstractInstanceRegistry - Running the evict task with compensationTime 0ms
2023-08-30 15:49:44.966 [Eureka-EvictionTimer] INFO  c.n.e.r.AbstractInstanceRegistry - Running the evict task with compensationTime 0ms
2023-08-30 15:49:49.966 [Eureka-EvictionTimer] INFO  c.n.e.r.AbstractInstanceRegistry - Running the evict task with compensationTime 0ms
2023-08-30 15:49:54.966 [Eureka-EvictionTimer] INFO  c.n.e.r.AbstractInstanceRegistry - Running the evict task with compensationTime 0ms
2023-08-30 15:49:59.966 [Eureka-EvictionTimer] INFO  c.n.e.r.AbstractInstanceRegistry - Running the evict task with compensationTime 0ms
2023-08-30 15:50:04.966 [Eureka-EvictionTimer] INFO  c.n.e.r.AbstractInstanceRegistry - Running the evict task with compensationTime 0ms
2023-08-30 15:50:09.966 [Eureka-EvictionTimer] INFO  c.n.e.r.AbstractInstanceRegistry - Running the evict task with compensationTime 0ms
2023-08-30 15:50:14.966 [Eureka-EvictionTimer] INFO  c.n.e.r.AbstractInstanceRegistry - Running the evict task with compensationTime 0ms
2023-08-30 15:50:19.966 [Eureka-EvictionTimer] INFO  c.n.e.r.AbstractInstanceRegistry - Running the evict task with compensationTime 0ms
2023-08-30 15:50:24.966 [Eureka-EvictionTimer] INFO  c.n.e.r.AbstractInstanceRegistry - Running the evict task with compensationTime 0ms
2023-08-30 15:50:29.966 [Eureka-EvictionTimer] INFO  c.n.e.r.AbstractInstanceRegistry - Running the evict task with compensationTime 0ms
2023-08-30 15:50:34.966 [Eureka-EvictionTimer] INFO  c.n.e.r.AbstractInstanceRegistry - Running the evict task with compensationTime 0ms
2023-08-30 15:50:39.966 [Eureka-EvictionTimer] INFO  c.n.e.r.AbstractInstanceRegistry - Running the evict task with compensationTime 0ms
2023-08-30 15:50:44.966 [Eureka-EvictionTimer] INFO  c.n.e.r.AbstractInstanceRegistry - Running the evict task with compensationTime 0ms
2023-08-30 15:50:49.966 [Eureka-EvictionTimer] INFO  c.n.e.r.AbstractInstanceRegistry - Running the evict task with compensationTime 0ms
2023-08-30 15:50:54.966 [Eureka-EvictionTimer] INFO  c.n.e.r.AbstractInstanceRegistry - Running the evict task with compensationTime 0ms
2023-08-30 15:50:59.966 [Eureka-EvictionTimer] INFO  c.n.e.r.AbstractInstanceRegistry - Running the evict task with compensationTime 0ms
2023-08-30 15:51:04.966 [Eureka-EvictionTimer] INFO  c.n.e.r.AbstractInstanceRegistry - Running the evict task with compensationTime 0ms
2023-08-30 15:51:09.966 [Eureka-EvictionTimer] INFO  c.n.e.r.AbstractInstanceRegistry - Running the evict task with compensationTime 0ms
2023-08-30 15:51:14.966 [Eureka-EvictionTimer] INFO  c.n.e.r.AbstractInstanceRegistry - Running the evict task with compensationTime 0ms
2023-08-30 15:51:19.966 [Eureka-EvictionTimer] INFO  c.n.e.r.AbstractInstanceRegistry - Running the evict task with compensationTime 0ms
2023-08-30 15:51:24.966 [Eureka-EvictionTimer] INFO  c.n.e.r.AbstractInstanceRegistry - Running the evict task with compensationTime 0ms
2023-08-30 15:51:29.966 [Eureka-EvictionTimer] INFO  c.n.e.r.AbstractInstanceRegistry - Running the evict task with compensationTime 0ms
2023-08-30 15:51:34.966 [Eureka-EvictionTimer] INFO  c.n.e.r.AbstractInstanceRegistry - Running the evict task with compensationTime 0ms
2023-08-30 15:51:39.966 [Eureka-EvictionTimer] INFO  c.n.e.r.AbstractInstanceRegistry - Running the evict task with compensationTime 0ms
2023-08-30 15:51:44.966 [Eureka-EvictionTimer] INFO  c.n.e.r.AbstractInstanceRegistry - Running the evict task with compensationTime 0ms
2023-08-30 15:51:49.966 [Eureka-EvictionTimer] INFO  c.n.e.r.AbstractInstanceRegistry - Running the evict task with compensationTime 0ms
2023-08-30 15:51:54.966 [Eureka-EvictionTimer] INFO  c.n.e.r.AbstractInstanceRegistry - Running the evict task with compensationTime 0ms
2023-08-30 15:51:59.966 [Eureka-EvictionTimer] INFO  c.n.e.r.AbstractInstanceRegistry - Running the evict task with compensationTime 0ms
2023-08-30 15:52:04.966 [Eureka-EvictionTimer] INFO  c.n.e.r.AbstractInstanceRegistry - Running the evict task with compensationTime 0ms
2023-08-30 15:52:09.966 [Eureka-EvictionTimer] INFO  c.n.e.r.AbstractInstanceRegistry - Running the evict task with compensationTime 0ms
2023-08-30 15:52:14.966 [Eureka-EvictionTimer] INFO  c.n.e.r.AbstractInstanceRegistry - Running the evict task with compensationTime 0ms
2023-08-30 15:52:19.966 [Eureka-EvictionTimer] INFO  c.n.e.r.AbstractInstanceRegistry - Running the evict task with compensationTime 0ms
2023-08-30 15:52:24.966 [Eureka-EvictionTimer] INFO  c.n.e.r.AbstractInstanceRegistry - Running the evict task with compensationTime 0ms
2023-08-30 15:52:29.966 [Eureka-EvictionTimer] INFO  c.n.e.r.AbstractInstanceRegistry - Running the evict task with compensationTime 0ms
2023-08-30 15:52:34.966 [Eureka-EvictionTimer] INFO  c.n.e.r.AbstractInstanceRegistry - Running the evict task with compensationTime 0ms
2023-08-30 15:52:39.966 [Eureka-EvictionTimer] INFO  c.n.e.r.AbstractInstanceRegistry - Running the evict task with compensationTime 0ms
2023-08-30 15:52:44.966 [Eureka-EvictionTimer] INFO  c.n.e.r.AbstractInstanceRegistry - Running the evict task with compensationTime 0ms
2023-08-30 15:52:49.966 [Eureka-EvictionTimer] INFO  c.n.e.r.AbstractInstanceRegistry - Running the evict task with compensationTime 0ms
2023-08-30 15:52:54.966 [Eureka-EvictionTimer] INFO  c.n.e.r.AbstractInstanceRegistry - Running the evict task with compensationTime 0ms
2023-08-30 15:52:59.966 [Eureka-EvictionTimer] INFO  c.n.e.r.AbstractInstanceRegistry - Running the evict task with compensationTime 0ms
2023-08-30 15:53:04.966 [Eureka-EvictionTimer] INFO  c.n.e.r.AbstractInstanceRegistry - Running the evict task with compensationTime 0ms
2023-08-30 15:53:09.966 [Eureka-EvictionTimer] INFO  c.n.e.r.AbstractInstanceRegistry - Running the evict task with compensationTime 0ms
2023-08-30 15:53:14.966 [Eureka-EvictionTimer] INFO  c.n.e.r.AbstractInstanceRegistry - Running the evict task with compensationTime 0ms
2023-08-30 15:53:14.966 [Eureka-EvictionTimer] INFO  c.n.e.r.AbstractInstanceRegistry - Evicting 1 items (expired=1, evictionLimit=1)
2023-08-30 15:53:14.967 [Eureka-EvictionTimer] INFO  c.n.e.r.AbstractInstanceRegistry - Cancelled instance ONTOLOGY/DESKTOP-U30NBNG:ontology:36002 (replication=false)
2023-08-30 15:53:19.966 [Eureka-EvictionTimer] INFO  c.n.e.r.AbstractInstanceRegistry - Running the evict task with compensationTime 0ms
2023-08-30 15:53:24.966 [Eureka-EvictionTimer] INFO  c.n.e.r.AbstractInstanceRegistry - Running the evict task with compensationTime 0ms
2023-08-30 15:53:29.966 [Eureka-EvictionTimer] INFO  c.n.e.r.AbstractInstanceRegistry - Running the evict task with compensationTime 0ms
2023-08-30 15:53:34.966 [Eureka-EvictionTimer] INFO  c.n.e.r.AbstractInstanceRegistry - Running the evict task with compensationTime 0ms
2023-08-30 15:53:39.966 [Eureka-EvictionTimer] INFO  c.n.e.r.AbstractInstanceRegistry - Running the evict task with compensationTime 0ms
2023-08-30 15:53:44.966 [Eureka-EvictionTimer] INFO  c.n.e.r.AbstractInstanceRegistry - Running the evict task with compensationTime 0ms
2023-08-30 15:53:49.966 [Eureka-EvictionTimer] INFO  c.n.e.r.AbstractInstanceRegistry - Running the evict task with compensationTime 0ms
2023-08-30 15:53:54.966 [Eureka-EvictionTimer] INFO  c.n.e.r.AbstractInstanceRegistry - Running the evict task with compensationTime 0ms
2023-08-30 15:53:59.966 [Eureka-EvictionTimer] INFO  c.n.e.r.AbstractInstanceRegistry - Running the evict task with compensationTime 0ms
2023-08-30 15:54:04.966 [Eureka-EvictionTimer] INFO  c.n.e.r.AbstractInstanceRegistry - Running the evict task with compensationTime 0ms
2023-08-30 15:54:09.966 [Eureka-EvictionTimer] INFO  c.n.e.r.AbstractInstanceRegistry - Running the evict task with compensationTime 0ms
2023-08-30 15:54:14.966 [Eureka-EvictionTimer] INFO  c.n.e.r.AbstractInstanceRegistry - Running the evict task with compensationTime 0ms
2023-08-30 15:54:19.966 [Eureka-EvictionTimer] INFO  c.n.e.r.AbstractInstanceRegistry - Running the evict task with compensationTime 0ms
2023-08-30 15:54:24.966 [Eureka-EvictionTimer] INFO  c.n.e.r.AbstractInstanceRegistry - Running the evict task with compensationTime 0ms
2023-08-30 15:54:29.966 [Eureka-EvictionTimer] INFO  c.n.e.r.AbstractInstanceRegistry - Running the evict task with compensationTime 0ms
2023-08-30 15:54:34.966 [Eureka-EvictionTimer] INFO  c.n.e.r.AbstractInstanceRegistry - Running the evict task with compensationTime 0ms
2023-08-30 15:54:39.966 [Eureka-EvictionTimer] INFO  c.n.e.r.AbstractInstanceRegistry - Running the evict task with compensationTime 0ms
2023-08-30 15:54:44.966 [Eureka-EvictionTimer] INFO  c.n.e.r.AbstractInstanceRegistry - Running the evict task with compensationTime 0ms
2023-08-30 15:54:49.966 [Eureka-EvictionTimer] INFO  c.n.e.r.AbstractInstanceRegistry - Running the evict task with compensationTime 0ms
2023-08-30 15:54:54.966 [Eureka-EvictionTimer] INFO  c.n.e.r.AbstractInstanceRegistry - Running the evict task with compensationTime 0ms
2023-08-30 15:54:59.966 [Eureka-EvictionTimer] INFO  c.n.e.r.AbstractInstanceRegistry - Running the evict task with compensationTime 0ms
2023-08-30 15:55:04.966 [Eureka-EvictionTimer] INFO  c.n.e.r.AbstractInstanceRegistry - Running the evict task with compensationTime 0ms
2023-08-30 15:55:09.966 [Eureka-EvictionTimer] INFO  c.n.e.r.AbstractInstanceRegistry - Running the evict task with compensationTime 0ms
2023-08-30 15:55:14.966 [Eureka-EvictionTimer] INFO  c.n.e.r.AbstractInstanceRegistry - Running the evict task with compensationTime 0ms
2023-08-30 15:55:19.966 [Eureka-EvictionTimer] INFO  c.n.e.r.AbstractInstanceRegistry - Running the evict task with compensationTime 0ms
2023-08-30 15:55:24.966 [Eureka-EvictionTimer] INFO  c.n.e.r.AbstractInstanceRegistry - Running the evict task with compensationTime 0ms
2023-08-30 15:55:29.966 [Eureka-EvictionTimer] INFO  c.n.e.r.AbstractInstanceRegistry - Running the evict task with compensationTime 0ms
2023-08-30 15:55:34.966 [Eureka-EvictionTimer] INFO  c.n.e.r.AbstractInstanceRegistry - Running the evict task with compensationTime 0ms
2023-08-30 15:55:39.966 [Eureka-EvictionTimer] INFO  c.n.e.r.AbstractInstanceRegistry - Running the evict task with compensationTime 0ms
2023-08-30 15:55:44.966 [Eureka-EvictionTimer] INFO  c.n.e.r.AbstractInstanceRegistry - Running the evict task with compensationTime 0ms
2023-08-30 15:55:49.966 [Eureka-EvictionTimer] INFO  c.n.e.r.AbstractInstanceRegistry - Running the evict task with compensationTime 0ms
2023-08-30 15:55:54.966 [Eureka-EvictionTimer] INFO  c.n.e.r.AbstractInstanceRegistry - Running the evict task with compensationTime 0ms
2023-08-30 15:55:59.966 [Eureka-EvictionTimer] INFO  c.n.e.r.AbstractInstanceRegistry - Running the evict task with compensationTime 0ms
2023-08-30 15:56:04.966 [Eureka-EvictionTimer] INFO  c.n.e.r.AbstractInstanceRegistry - Running the evict task with compensationTime 0ms
2023-08-30 15:56:09.966 [Eureka-EvictionTimer] INFO  c.n.e.r.AbstractInstanceRegistry - Running the evict task with compensationTime 0ms
2023-08-30 15:56:14.966 [Eureka-EvictionTimer] INFO  c.n.e.r.AbstractInstanceRegistry - Running the evict task with compensationTime 0ms
2023-08-30 15:56:19.966 [Eureka-EvictionTimer] INFO  c.n.e.r.AbstractInstanceRegistry - Running the evict task with compensationTime 0ms
2023-08-30 15:56:24.966 [Eureka-EvictionTimer] INFO  c.n.e.r.AbstractInstanceRegistry - Running the evict task with compensationTime 0ms
2023-08-30 15:56:29.966 [Eureka-EvictionTimer] INFO  c.n.e.r.AbstractInstanceRegistry - Running the evict task with compensationTime 0ms
2023-08-30 15:56:34.966 [Eureka-EvictionTimer] INFO  c.n.e.r.AbstractInstanceRegistry - Running the evict task with compensationTime 0ms
2023-08-30 15:56:39.966 [Eureka-EvictionTimer] INFO  c.n.e.r.AbstractInstanceRegistry - Running the evict task with compensationTime 0ms
2023-08-30 15:56:44.966 [Eureka-EvictionTimer] INFO  c.n.e.r.AbstractInstanceRegistry - Running the evict task with compensationTime 0ms
2023-08-30 15:56:49.966 [Eureka-EvictionTimer] INFO  c.n.e.r.AbstractInstanceRegistry - Running the evict task with compensationTime 0ms
2023-08-30 15:56:54.966 [Eureka-EvictionTimer] INFO  c.n.e.r.AbstractInstanceRegistry - Running the evict task with compensationTime 0ms
2023-08-30 15:56:59.966 [Eureka-EvictionTimer] INFO  c.n.e.r.AbstractInstanceRegistry - Running the evict task with compensationTime 0ms
2023-08-30 15:57:04.966 [Eureka-EvictionTimer] INFO  c.n.e.r.AbstractInstanceRegistry - Running the evict task with compensationTime 0ms
2023-08-30 15:57:09.966 [Eureka-EvictionTimer] INFO  c.n.e.r.AbstractInstanceRegistry - Running the evict task with compensationTime 0ms
2023-08-30 15:57:14.966 [Eureka-EvictionTimer] INFO  c.n.e.r.AbstractInstanceRegistry - Running the evict task with compensationTime 0ms
2023-08-30 15:57:19.966 [Eureka-EvictionTimer] INFO  c.n.e.r.AbstractInstanceRegistry - Running the evict task with compensationTime 0ms
2023-08-30 15:57:24.966 [Eureka-EvictionTimer] INFO  c.n.e.r.AbstractInstanceRegistry - Running the evict task with compensationTime 0ms
2023-08-30 15:57:29.966 [Eureka-EvictionTimer] INFO  c.n.e.r.AbstractInstanceRegistry - Running the evict task with compensationTime 0ms
2023-08-30 15:57:34.966 [Eureka-EvictionTimer] INFO  c.n.e.r.AbstractInstanceRegistry - Running the evict task with compensationTime 0ms
2023-08-30 15:57:39.966 [Eureka-EvictionTimer] INFO  c.n.e.r.AbstractInstanceRegistry - Running the evict task with compensationTime 0ms
2023-08-30 15:57:44.966 [Eureka-EvictionTimer] INFO  c.n.e.r.AbstractInstanceRegistry - Running the evict task with compensationTime 0ms
2023-08-30 15:57:49.966 [Eureka-EvictionTimer] INFO  c.n.e.r.AbstractInstanceRegistry - Running the evict task with compensationTime 0ms
2023-08-30 15:57:54.966 [Eureka-EvictionTimer] INFO  c.n.e.r.AbstractInstanceRegistry - Running the evict task with compensationTime 0ms
2023-08-30 15:57:59.966 [Eureka-EvictionTimer] INFO  c.n.e.r.AbstractInstanceRegistry - Running the evict task with compensationTime 0ms
2023-08-30 15:58:04.966 [Eureka-EvictionTimer] INFO  c.n.e.r.AbstractInstanceRegistry - Running the evict task with compensationTime 0ms
2023-08-30 15:58:09.966 [Eureka-EvictionTimer] INFO  c.n.e.r.AbstractInstanceRegistry - Running the evict task with compensationTime 0ms
2023-08-30 15:58:14.966 [Eureka-EvictionTimer] INFO  c.n.e.r.AbstractInstanceRegistry - Running the evict task with compensationTime 0ms
2023-08-30 15:58:19.966 [Eureka-EvictionTimer] INFO  c.n.e.r.AbstractInstanceRegistry - Running the evict task with compensationTime 0ms
2023-08-30 15:58:24.966 [Eureka-EvictionTimer] INFO  c.n.e.r.AbstractInstanceRegistry - Running the evict task with compensationTime 0ms
2023-08-30 15:58:29.966 [Eureka-EvictionTimer] INFO  c.n.e.r.AbstractInstanceRegistry - Running the evict task with compensationTime 0ms
2023-08-30 15:58:34.966 [Eureka-EvictionTimer] INFO  c.n.e.r.AbstractInstanceRegistry - Running the evict task with compensationTime 0ms
2023-08-30 15:58:39.966 [Eureka-EvictionTimer] INFO  c.n.e.r.AbstractInstanceRegistry - Running the evict task with compensationTime 0ms
2023-08-30 15:58:44.966 [Eureka-EvictionTimer] INFO  c.n.e.r.AbstractInstanceRegistry - Running the evict task with compensationTime 0ms
2023-08-30 15:58:49.966 [Eureka-EvictionTimer] INFO  c.n.e.r.AbstractInstanceRegistry - Running the evict task with compensationTime 0ms
2023-08-30 15:58:54.966 [Eureka-EvictionTimer] INFO  c.n.e.r.AbstractInstanceRegistry - Running the evict task with compensationTime 0ms
2023-08-30 15:58:59.966 [Eureka-EvictionTimer] INFO  c.n.e.r.AbstractInstanceRegistry - Running the evict task with compensationTime 0ms
2023-08-30 15:59:04.966 [Eureka-EvictionTimer] INFO  c.n.e.r.AbstractInstanceRegistry - Running the evict task with compensationTime 0ms
2023-08-30 15:59:09.966 [Eureka-EvictionTimer] INFO  c.n.e.r.AbstractInstanceRegistry - Running the evict task with compensationTime 0ms
2023-08-30 15:59:14.966 [Eureka-EvictionTimer] INFO  c.n.e.r.AbstractInstanceRegistry - Running the evict task with compensationTime 0ms
2023-08-30 15:59:19.966 [Eureka-EvictionTimer] INFO  c.n.e.r.AbstractInstanceRegistry - Running the evict task with compensationTime 0ms
2023-08-30 15:59:24.966 [Eureka-EvictionTimer] INFO  c.n.e.r.AbstractInstanceRegistry - Running the evict task with compensationTime 0ms
2023-08-30 15:59:29.966 [Eureka-EvictionTimer] INFO  c.n.e.r.AbstractInstanceRegistry - Running the evict task with compensationTime 0ms
2023-08-30 15:59:34.966 [Eureka-EvictionTimer] INFO  c.n.e.r.AbstractInstanceRegistry - Running the evict task with compensationTime 0ms
2023-08-30 15:59:39.966 [Eureka-EvictionTimer] INFO  c.n.e.r.AbstractInstanceRegistry - Running the evict task with compensationTime 0ms
2023-08-30 15:59:44.966 [Eureka-EvictionTimer] INFO  c.n.e.r.AbstractInstanceRegistry - Running the evict task with compensationTime 0ms
2023-08-30 15:59:49.966 [Eureka-EvictionTimer] INFO  c.n.e.r.AbstractInstanceRegistry - Running the evict task with compensationTime 0ms
2023-08-30 15:59:54.966 [Eureka-EvictionTimer] INFO  c.n.e.r.AbstractInstanceRegistry - Running the evict task with compensationTime 0ms
2023-08-30 15:59:59.966 [Eureka-EvictionTimer] INFO  c.n.e.r.AbstractInstanceRegistry - Running the evict task with compensationTime 0ms
2023-08-30 16:00:04.966 [Eureka-EvictionTimer] INFO  c.n.e.r.AbstractInstanceRegistry - Running the evict task with compensationTime 0ms
2023-08-30 16:00:09.966 [Eureka-EvictionTimer] INFO  c.n.e.r.AbstractInstanceRegistry - Running the evict task with compensationTime 0ms
2023-08-30 16:00:14.966 [Eureka-EvictionTimer] INFO  c.n.e.r.AbstractInstanceRegistry - Running the evict task with compensationTime 0ms
2023-08-30 16:00:19.966 [Eureka-EvictionTimer] INFO  c.n.e.r.AbstractInstanceRegistry - Running the evict task with compensationTime 0ms
2023-08-30 16:00:24.966 [Eureka-EvictionTimer] INFO  c.n.e.r.AbstractInstanceRegistry - Running the evict task with compensationTime 0ms
2023-08-30 16:00:29.966 [Eureka-EvictionTimer] INFO  c.n.e.r.AbstractInstanceRegistry - Running the evict task with compensationTime 0ms
2023-08-30 16:00:34.966 [Eureka-EvictionTimer] INFO  c.n.e.r.AbstractInstanceRegistry - Running the evict task with compensationTime 0ms
2023-08-30 16:00:39.966 [Eureka-EvictionTimer] INFO  c.n.e.r.AbstractInstanceRegistry - Running the evict task with compensationTime 0ms
2023-08-30 16:00:44.966 [Eureka-EvictionTimer] INFO  c.n.e.r.AbstractInstanceRegistry - Running the evict task with compensationTime 0ms
2023-08-30 16:00:49.966 [Eureka-EvictionTimer] INFO  c.n.e.r.AbstractInstanceRegistry - Running the evict task with compensationTime 0ms
2023-08-30 16:00:54.859 [ReplicaAwareInstanceRegistry - RenewalThresholdUpdater] INFO  c.n.e.r.PeerAwareInstanceRegistryImpl - Current renewal threshold is : 0
2023-08-30 16:00:54.966 [Eureka-EvictionTimer] INFO  c.n.e.r.AbstractInstanceRegistry - Running the evict task with compensationTime 0ms
2023-08-30 16:00:59.966 [Eureka-EvictionTimer] INFO  c.n.e.r.AbstractInstanceRegistry - Running the evict task with compensationTime 0ms
2023-08-30 16:01:04.966 [Eureka-EvictionTimer] INFO  c.n.e.r.AbstractInstanceRegistry - Running the evict task with compensationTime 0ms
2023-08-30 16:01:09.966 [Eureka-EvictionTimer] INFO  c.n.e.r.AbstractInstanceRegistry - Running the evict task with compensationTime 0ms
2023-08-30 16:01:14.966 [Eureka-EvictionTimer] INFO  c.n.e.r.AbstractInstanceRegistry - Running the evict task with compensationTime 0ms
2023-08-30 16:01:19.966 [Eureka-EvictionTimer] INFO  c.n.e.r.AbstractInstanceRegistry - Running the evict task with compensationTime 0ms
2023-08-30 16:01:24.966 [Eureka-EvictionTimer] INFO  c.n.e.r.AbstractInstanceRegistry - Running the evict task with compensationTime 0ms
2023-08-30 16:01:29.966 [Eureka-EvictionTimer] INFO  c.n.e.r.AbstractInstanceRegistry - Running the evict task with compensationTime 0ms
2023-08-30 16:01:34.966 [Eureka-EvictionTimer] INFO  c.n.e.r.AbstractInstanceRegistry - Running the evict task with compensationTime 0ms
2023-08-30 16:01:39.966 [Eureka-EvictionTimer] INFO  c.n.e.r.AbstractInstanceRegistry - Running the evict task with compensationTime 0ms
2023-08-30 16:01:44.966 [Eureka-EvictionTimer] INFO  c.n.e.r.AbstractInstanceRegistry - Running the evict task with compensationTime 0ms
2023-08-30 16:01:49.966 [Eureka-EvictionTimer] INFO  c.n.e.r.AbstractInstanceRegistry - Running the evict task with compensationTime 0ms
2023-08-30 16:01:54.966 [Eureka-EvictionTimer] INFO  c.n.e.r.AbstractInstanceRegistry - Running the evict task with compensationTime 0ms
2023-08-30 16:01:59.966 [Eureka-EvictionTimer] INFO  c.n.e.r.AbstractInstanceRegistry - Running the evict task with compensationTime 0ms
2023-08-30 16:02:04.966 [Eureka-EvictionTimer] INFO  c.n.e.r.AbstractInstanceRegistry - Running the evict task with compensationTime 0ms
2023-08-30 16:02:09.966 [Eureka-EvictionTimer] INFO  c.n.e.r.AbstractInstanceRegistry - Running the evict task with compensationTime 0ms
2023-08-30 16:02:14.966 [Eureka-EvictionTimer] INFO  c.n.e.r.AbstractInstanceRegistry - Running the evict task with compensationTime 0ms
2023-08-30 16:02:19.966 [Eureka-EvictionTimer] INFO  c.n.e.r.AbstractInstanceRegistry - Running the evict task with compensationTime 0ms
2023-08-30 16:02:24.966 [Eureka-EvictionTimer] INFO  c.n.e.r.AbstractInstanceRegistry - Running the evict task with compensationTime 0ms
2023-08-30 16:02:29.966 [Eureka-EvictionTimer] INFO  c.n.e.r.AbstractInstanceRegistry - Running the evict task with compensationTime 0ms
2023-08-30 16:02:34.966 [Eureka-EvictionTimer] INFO  c.n.e.r.AbstractInstanceRegistry - Running the evict task with compensationTime 0ms
2023-08-30 16:02:39.966 [Eureka-EvictionTimer] INFO  c.n.e.r.AbstractInstanceRegistry - Running the evict task with compensationTime 0ms
2023-08-30 16:02:44.966 [Eureka-EvictionTimer] INFO  c.n.e.r.AbstractInstanceRegistry - Running the evict task with compensationTime 0ms
2023-08-30 16:02:49.966 [Eureka-EvictionTimer] INFO  c.n.e.r.AbstractInstanceRegistry - Running the evict task with compensationTime 0ms
2023-08-30 16:02:54.966 [Eureka-EvictionTimer] INFO  c.n.e.r.AbstractInstanceRegistry - Running the evict task with compensationTime 0ms
2023-08-30 16:02:59.966 [Eureka-EvictionTimer] INFO  c.n.e.r.AbstractInstanceRegistry - Running the evict task with compensationTime 0ms
2023-08-30 16:03:04.966 [Eureka-EvictionTimer] INFO  c.n.e.r.AbstractInstanceRegistry - Running the evict task with compensationTime 0ms
2023-08-30 16:03:09.966 [Eureka-EvictionTimer] INFO  c.n.e.r.AbstractInstanceRegistry - Running the evict task with compensationTime 0ms
2023-08-30 16:03:14.966 [Eureka-EvictionTimer] INFO  c.n.e.r.AbstractInstanceRegistry - Running the evict task with compensationTime 0ms
2023-08-30 16:03:19.966 [Eureka-EvictionTimer] INFO  c.n.e.r.AbstractInstanceRegistry - Running the evict task with compensationTime 0ms
2023-08-30 16:03:24.966 [Eureka-EvictionTimer] INFO  c.n.e.r.AbstractInstanceRegistry - Running the evict task with compensationTime 0ms
2023-08-30 16:03:29.966 [Eureka-EvictionTimer] INFO  c.n.e.r.AbstractInstanceRegistry - Running the evict task with compensationTime 0ms
2023-08-30 16:03:34.966 [Eureka-EvictionTimer] INFO  c.n.e.r.AbstractInstanceRegistry - Running the evict task with compensationTime 0ms
2023-08-30 16:03:39.966 [Eureka-EvictionTimer] INFO  c.n.e.r.AbstractInstanceRegistry - Running the evict task with compensationTime 0ms
2023-08-30 16:03:44.966 [Eureka-EvictionTimer] INFO  c.n.e.r.AbstractInstanceRegistry - Running the evict task with compensationTime 0ms
2023-08-30 16:03:49.966 [Eureka-EvictionTimer] INFO  c.n.e.r.AbstractInstanceRegistry - Running the evict task with compensationTime 0ms
2023-08-30 16:03:54.966 [Eureka-EvictionTimer] INFO  c.n.e.r.AbstractInstanceRegistry - Running the evict task with compensationTime 0ms
2023-08-30 16:03:59.966 [Eureka-EvictionTimer] INFO  c.n.e.r.AbstractInstanceRegistry - Running the evict task with compensationTime 0ms
2023-08-30 16:04:04.966 [Eureka-EvictionTimer] INFO  c.n.e.r.AbstractInstanceRegistry - Running the evict task with compensationTime 0ms
2023-08-30 16:04:09.966 [Eureka-EvictionTimer] INFO  c.n.e.r.AbstractInstanceRegistry - Running the evict task with compensationTime 0ms
2023-08-30 16:04:14.966 [Eureka-EvictionTimer] INFO  c.n.e.r.AbstractInstanceRegistry - Running the evict task with compensationTime 0ms
2023-08-30 16:04:19.966 [Eureka-EvictionTimer] INFO  c.n.e.r.AbstractInstanceRegistry - Running the evict task with compensationTime 0ms
2023-08-30 16:04:24.966 [Eureka-EvictionTimer] INFO  c.n.e.r.AbstractInstanceRegistry - Running the evict task with compensationTime 0ms
2023-08-30 16:04:29.966 [Eureka-EvictionTimer] INFO  c.n.e.r.AbstractInstanceRegistry - Running the evict task with compensationTime 0ms
2023-08-30 16:04:34.966 [Eureka-EvictionTimer] INFO  c.n.e.r.AbstractInstanceRegistry - Running the evict task with compensationTime 0ms
2023-08-30 16:04:39.966 [Eureka-EvictionTimer] INFO  c.n.e.r.AbstractInstanceRegistry - Running the evict task with compensationTime 0ms
2023-08-30 16:04:44.966 [Eureka-EvictionTimer] INFO  c.n.e.r.AbstractInstanceRegistry - Running the evict task with compensationTime 0ms
2023-08-30 16:04:49.966 [Eureka-EvictionTimer] INFO  c.n.e.r.AbstractInstanceRegistry - Running the evict task with compensationTime 0ms
2023-08-30 16:04:54.966 [Eureka-EvictionTimer] INFO  c.n.e.r.AbstractInstanceRegistry - Running the evict task with compensationTime 0ms
2023-08-30 16:04:59.966 [Eureka-EvictionTimer] INFO  c.n.e.r.AbstractInstanceRegistry - Running the evict task with compensationTime 0ms
2023-08-30 16:05:04.966 [Eureka-EvictionTimer] INFO  c.n.e.r.AbstractInstanceRegistry - Running the evict task with compensationTime 0ms
2023-08-30 16:05:09.966 [Eureka-EvictionTimer] INFO  c.n.e.r.AbstractInstanceRegistry - Running the evict task with compensationTime 0ms
2023-08-30 16:05:14.966 [Eureka-EvictionTimer] INFO  c.n.e.r.AbstractInstanceRegistry - Running the evict task with compensationTime 0ms
2023-08-30 16:05:19.966 [Eureka-EvictionTimer] INFO  c.n.e.r.AbstractInstanceRegistry - Running the evict task with compensationTime 0ms
2023-08-30 16:05:24.966 [Eureka-EvictionTimer] INFO  c.n.e.r.AbstractInstanceRegistry - Running the evict task with compensationTime 0ms
2023-08-30 16:05:29.966 [Eureka-EvictionTimer] INFO  c.n.e.r.AbstractInstanceRegistry - Running the evict task with compensationTime 0ms
2023-08-30 16:05:34.966 [Eureka-EvictionTimer] INFO  c.n.e.r.AbstractInstanceRegistry - Running the evict task with compensationTime 0ms
2023-08-30 16:05:39.966 [Eureka-EvictionTimer] INFO  c.n.e.r.AbstractInstanceRegistry - Running the evict task with compensationTime 0ms
2023-08-30 16:05:44.966 [Eureka-EvictionTimer] INFO  c.n.e.r.AbstractInstanceRegistry - Running the evict task with compensationTime 0ms
2023-08-30 16:05:49.966 [Eureka-EvictionTimer] INFO  c.n.e.r.AbstractInstanceRegistry - Running the evict task with compensationTime 0ms
2023-08-30 16:05:54.966 [Eureka-EvictionTimer] INFO  c.n.e.r.AbstractInstanceRegistry - Running the evict task with compensationTime 0ms
2023-08-30 16:05:59.966 [Eureka-EvictionTimer] INFO  c.n.e.r.AbstractInstanceRegistry - Running the evict task with compensationTime 0ms
2023-08-30 16:06:04.966 [Eureka-EvictionTimer] INFO  c.n.e.r.AbstractInstanceRegistry - Running the evict task with compensationTime 0ms
2023-08-30 16:06:09.966 [Eureka-EvictionTimer] INFO  c.n.e.r.AbstractInstanceRegistry - Running the evict task with compensationTime 0ms
2023-08-30 16:06:14.966 [Eureka-EvictionTimer] INFO  c.n.e.r.AbstractInstanceRegistry - Running the evict task with compensationTime 0ms
2023-08-30 16:06:19.966 [Eureka-EvictionTimer] INFO  c.n.e.r.AbstractInstanceRegistry - Running the evict task with compensationTime 0ms
2023-08-30 16:06:24.966 [Eureka-EvictionTimer] INFO  c.n.e.r.AbstractInstanceRegistry - Running the evict task with compensationTime 0ms
2023-08-30 16:06:29.966 [Eureka-EvictionTimer] INFO  c.n.e.r.AbstractInstanceRegistry - Running the evict task with compensationTime 0ms
2023-08-30 16:06:34.966 [Eureka-EvictionTimer] INFO  c.n.e.r.AbstractInstanceRegistry - Running the evict task with compensationTime 0ms
2023-08-30 16:06:39.966 [Eureka-EvictionTimer] INFO  c.n.e.r.AbstractInstanceRegistry - Running the evict task with compensationTime 0ms
2023-08-30 16:06:44.966 [Eureka-EvictionTimer] INFO  c.n.e.r.AbstractInstanceRegistry - Running the evict task with compensationTime 0ms
2023-08-30 16:06:49.966 [Eureka-EvictionTimer] INFO  c.n.e.r.AbstractInstanceRegistry - Running the evict task with compensationTime 0ms
2023-08-30 16:06:54.966 [Eureka-EvictionTimer] INFO  c.n.e.r.AbstractInstanceRegistry - Running the evict task with compensationTime 0ms
2023-08-30 16:06:59.966 [Eureka-EvictionTimer] INFO  c.n.e.r.AbstractInstanceRegistry - Running the evict task with compensationTime 0ms
2023-08-30 16:07:04.966 [Eureka-EvictionTimer] INFO  c.n.e.r.AbstractInstanceRegistry - Running the evict task with compensationTime 0ms
2023-08-30 16:07:09.966 [Eureka-EvictionTimer] INFO  c.n.e.r.AbstractInstanceRegistry - Running the evict task with compensationTime 0ms
2023-08-30 16:07:14.966 [Eureka-EvictionTimer] INFO  c.n.e.r.AbstractInstanceRegistry - Running the evict task with compensationTime 0ms
2023-08-30 16:07:19.966 [Eureka-EvictionTimer] INFO  c.n.e.r.AbstractInstanceRegistry - Running the evict task with compensationTime 0ms
2023-08-30 16:07:24.966 [Eureka-EvictionTimer] INFO  c.n.e.r.AbstractInstanceRegistry - Running the evict task with compensationTime 0ms
2023-08-30 16:07:29.966 [Eureka-EvictionTimer] INFO  c.n.e.r.AbstractInstanceRegistry - Running the evict task with compensationTime 0ms
2023-08-30 16:07:34.966 [Eureka-EvictionTimer] INFO  c.n.e.r.AbstractInstanceRegistry - Running the evict task with compensationTime 0ms
2023-08-30 16:07:39.966 [Eureka-EvictionTimer] INFO  c.n.e.r.AbstractInstanceRegistry - Running the evict task with compensationTime 0ms
2023-08-30 16:07:44.966 [Eureka-EvictionTimer] INFO  c.n.e.r.AbstractInstanceRegistry - Running the evict task with compensationTime 0ms
2023-08-30 16:07:49.966 [Eureka-EvictionTimer] INFO  c.n.e.r.AbstractInstanceRegistry - Running the evict task with compensationTime 0ms
2023-08-30 16:07:54.966 [Eureka-EvictionTimer] INFO  c.n.e.r.AbstractInstanceRegistry - Running the evict task with compensationTime 0ms
2023-08-30 16:07:59.966 [Eureka-EvictionTimer] INFO  c.n.e.r.AbstractInstanceRegistry - Running the evict task with compensationTime 0ms
2023-08-30 16:08:04.966 [Eureka-EvictionTimer] INFO  c.n.e.r.AbstractInstanceRegistry - Running the evict task with compensationTime 0ms
2023-08-30 16:08:09.966 [Eureka-EvictionTimer] INFO  c.n.e.r.AbstractInstanceRegistry - Running the evict task with compensationTime 0ms
2023-08-30 16:08:14.966 [Eureka-EvictionTimer] INFO  c.n.e.r.AbstractInstanceRegistry - Running the evict task with compensationTime 0ms
2023-08-30 16:08:19.966 [Eureka-EvictionTimer] INFO  c.n.e.r.AbstractInstanceRegistry - Running the evict task with compensationTime 0ms
2023-08-30 16:08:24.966 [Eureka-EvictionTimer] INFO  c.n.e.r.AbstractInstanceRegistry - Running the evict task with compensationTime 0ms
2023-08-30 16:08:29.966 [Eureka-EvictionTimer] INFO  c.n.e.r.AbstractInstanceRegistry - Running the evict task with compensationTime 0ms
2023-08-30 16:08:34.966 [Eureka-EvictionTimer] INFO  c.n.e.r.AbstractInstanceRegistry - Running the evict task with compensationTime 0ms
2023-08-30 16:08:39.966 [Eureka-EvictionTimer] INFO  c.n.e.r.AbstractInstanceRegistry - Running the evict task with compensationTime 0ms
2023-08-30 16:08:44.966 [Eureka-EvictionTimer] INFO  c.n.e.r.AbstractInstanceRegistry - Running the evict task with compensationTime 0ms
2023-08-30 16:08:49.966 [Eureka-EvictionTimer] INFO  c.n.e.r.AbstractInstanceRegistry - Running the evict task with compensationTime 0ms
2023-08-30 16:08:54.966 [Eureka-EvictionTimer] INFO  c.n.e.r.AbstractInstanceRegistry - Running the evict task with compensationTime 0ms
2023-08-30 16:08:59.966 [Eureka-EvictionTimer] INFO  c.n.e.r.AbstractInstanceRegistry - Running the evict task with compensationTime 0ms
2023-08-30 16:09:04.966 [Eureka-EvictionTimer] INFO  c.n.e.r.AbstractInstanceRegistry - Running the evict task with compensationTime 0ms
2023-08-30 16:09:09.966 [Eureka-EvictionTimer] INFO  c.n.e.r.AbstractInstanceRegistry - Running the evict task with compensationTime 0ms
2023-08-30 16:09:14.966 [Eureka-EvictionTimer] INFO  c.n.e.r.AbstractInstanceRegistry - Running the evict task with compensationTime 0ms
2023-08-30 16:09:19.966 [Eureka-EvictionTimer] INFO  c.n.e.r.AbstractInstanceRegistry - Running the evict task with compensationTime 0ms
2023-08-30 16:09:24.966 [Eureka-EvictionTimer] INFO  c.n.e.r.AbstractInstanceRegistry - Running the evict task with compensationTime 0ms
2023-08-30 16:09:29.966 [Eureka-EvictionTimer] INFO  c.n.e.r.AbstractInstanceRegistry - Running the evict task with compensationTime 0ms
2023-08-30 16:09:34.966 [Eureka-EvictionTimer] INFO  c.n.e.r.AbstractInstanceRegistry - Running the evict task with compensationTime 0ms
2023-08-30 16:09:39.966 [Eureka-EvictionTimer] INFO  c.n.e.r.AbstractInstanceRegistry - Running the evict task with compensationTime 0ms
2023-08-30 16:09:44.966 [Eureka-EvictionTimer] INFO  c.n.e.r.AbstractInstanceRegistry - Running the evict task with compensationTime 0ms
2023-08-30 16:09:49.966 [Eureka-EvictionTimer] INFO  c.n.e.r.AbstractInstanceRegistry - Running the evict task with compensationTime 0ms
2023-08-30 16:09:54.966 [Eureka-EvictionTimer] INFO  c.n.e.r.AbstractInstanceRegistry - Running the evict task with compensationTime 0ms
2023-08-30 16:09:59.966 [Eureka-EvictionTimer] INFO  c.n.e.r.AbstractInstanceRegistry - Running the evict task with compensationTime 0ms
2023-08-30 16:10:04.966 [Eureka-EvictionTimer] INFO  c.n.e.r.AbstractInstanceRegistry - Running the evict task with compensationTime 0ms
2023-08-30 16:10:09.966 [Eureka-EvictionTimer] INFO  c.n.e.r.AbstractInstanceRegistry - Running the evict task with compensationTime 0ms
2023-08-30 16:10:14.966 [Eureka-EvictionTimer] INFO  c.n.e.r.AbstractInstanceRegistry - Running the evict task with compensationTime 0ms
2023-08-30 16:10:19.966 [Eureka-EvictionTimer] INFO  c.n.e.r.AbstractInstanceRegistry - Running the evict task with compensationTime 0ms
2023-08-30 16:10:24.966 [Eureka-EvictionTimer] INFO  c.n.e.r.AbstractInstanceRegistry - Running the evict task with compensationTime 0ms
2023-08-30 16:10:29.966 [Eureka-EvictionTimer] INFO  c.n.e.r.AbstractInstanceRegistry - Running the evict task with compensationTime 0ms
2023-08-30 16:10:34.966 [Eureka-EvictionTimer] INFO  c.n.e.r.AbstractInstanceRegistry - Running the evict task with compensationTime 0ms
2023-08-30 16:10:39.966 [Eureka-EvictionTimer] INFO  c.n.e.r.AbstractInstanceRegistry - Running the evict task with compensationTime 0ms
2023-08-30 16:10:44.966 [Eureka-EvictionTimer] INFO  c.n.e.r.AbstractInstanceRegistry - Running the evict task with compensationTime 0ms
2023-08-30 16:10:49.966 [Eureka-EvictionTimer] INFO  c.n.e.r.AbstractInstanceRegistry - Running the evict task with compensationTime 0ms
2023-08-30 16:10:54.966 [Eureka-EvictionTimer] INFO  c.n.e.r.AbstractInstanceRegistry - Running the evict task with compensationTime 0ms
2023-08-30 16:10:59.966 [Eureka-EvictionTimer] INFO  c.n.e.r.AbstractInstanceRegistry - Running the evict task with compensationTime 0ms
2023-08-30 16:11:04.966 [Eureka-EvictionTimer] INFO  c.n.e.r.AbstractInstanceRegistry - Running the evict task with compensationTime 0ms
2023-08-30 16:11:09.966 [Eureka-EvictionTimer] INFO  c.n.e.r.AbstractInstanceRegistry - Running the evict task with compensationTime 0ms
2023-08-30 16:11:14.966 [Eureka-EvictionTimer] INFO  c.n.e.r.AbstractInstanceRegistry - Running the evict task with compensationTime 0ms
2023-08-30 16:11:19.966 [Eureka-EvictionTimer] INFO  c.n.e.r.AbstractInstanceRegistry - Running the evict task with compensationTime 0ms
2023-08-30 16:11:24.966 [Eureka-EvictionTimer] INFO  c.n.e.r.AbstractInstanceRegistry - Running the evict task with compensationTime 0ms
2023-08-30 16:11:28.603 [http-nio-36000-exec-7] INFO  c.n.e.r.AbstractInstanceRegistry - Registered instance ONTOLOGY/DESKTOP-U30NBNG:ontology:36002 with status UP (replication=false)
2023-08-30 16:11:29.966 [Eureka-EvictionTimer] INFO  c.n.e.r.AbstractInstanceRegistry - Running the evict task with compensationTime 0ms
2023-08-30 16:11:34.966 [Eureka-EvictionTimer] INFO  c.n.e.r.AbstractInstanceRegistry - Running the evict task with compensationTime 0ms
2023-08-30 16:11:39.966 [Eureka-EvictionTimer] INFO  c.n.e.r.AbstractInstanceRegistry - Running the evict task with compensationTime 0ms
2023-08-30 16:11:44.966 [Eureka-EvictionTimer] INFO  c.n.e.r.AbstractInstanceRegistry - Running the evict task with compensationTime 0ms
2023-08-30 16:11:49.966 [Eureka-EvictionTimer] INFO  c.n.e.r.AbstractInstanceRegistry - Running the evict task with compensationTime 0ms
2023-08-30 16:11:54.966 [Eureka-EvictionTimer] INFO  c.n.e.r.AbstractInstanceRegistry - Running the evict task with compensationTime 0ms
2023-08-30 16:11:59.966 [Eureka-EvictionTimer] INFO  c.n.e.r.AbstractInstanceRegistry - Running the evict task with compensationTime 0ms
2023-08-30 16:12:04.966 [Eureka-EvictionTimer] INFO  c.n.e.r.AbstractInstanceRegistry - Running the evict task with compensationTime 0ms
2023-08-30 16:12:09.966 [Eureka-EvictionTimer] INFO  c.n.e.r.AbstractInstanceRegistry - Running the evict task with compensationTime 0ms
2023-08-30 16:12:14.966 [Eureka-EvictionTimer] INFO  c.n.e.r.AbstractInstanceRegistry - Running the evict task with compensationTime 0ms
2023-08-30 16:12:19.966 [Eureka-EvictionTimer] INFO  c.n.e.r.AbstractInstanceRegistry - Running the evict task with compensationTime 0ms
2023-08-30 16:12:24.966 [Eureka-EvictionTimer] INFO  c.n.e.r.AbstractInstanceRegistry - Running the evict task with compensationTime 0ms
2023-08-30 16:12:29.966 [Eureka-EvictionTimer] INFO  c.n.e.r.AbstractInstanceRegistry - Running the evict task with compensationTime 0ms
2023-08-30 16:12:34.966 [Eureka-EvictionTimer] INFO  c.n.e.r.AbstractInstanceRegistry - Running the evict task with compensationTime 0ms
2023-08-30 16:12:39.966 [Eureka-EvictionTimer] INFO  c.n.e.r.AbstractInstanceRegistry - Running the evict task with compensationTime 0ms
2023-08-30 16:12:39.966 [Eureka-EvictionTimer] INFO  c.n.e.r.AbstractInstanceRegistry - Evicting 1 items (expired=1, evictionLimit=1)
2023-08-30 16:12:39.966 [Eureka-EvictionTimer] INFO  c.n.e.r.AbstractInstanceRegistry - Cancelled instance ONTOLOGY/DESKTOP-U30NBNG:ontology:36002 (replication=false)
2023-08-30 16:12:44.966 [Eureka-EvictionTimer] INFO  c.n.e.r.AbstractInstanceRegistry - Running the evict task with compensationTime 0ms
2023-08-30 16:12:49.966 [Eureka-EvictionTimer] INFO  c.n.e.r.AbstractInstanceRegistry - Running the evict task with compensationTime 0ms
2023-08-30 16:12:54.966 [Eureka-EvictionTimer] INFO  c.n.e.r.AbstractInstanceRegistry - Running the evict task with compensationTime 0ms
2023-08-30 16:12:59.966 [Eureka-EvictionTimer] INFO  c.n.e.r.AbstractInstanceRegistry - Running the evict task with compensationTime 0ms
2023-08-30 16:13:04.966 [Eureka-EvictionTimer] INFO  c.n.e.r.AbstractInstanceRegistry - Running the evict task with compensationTime 0ms
2023-08-30 16:13:09.966 [Eureka-EvictionTimer] INFO  c.n.e.r.AbstractInstanceRegistry - Running the evict task with compensationTime 0ms
2023-08-30 16:13:14.966 [Eureka-EvictionTimer] INFO  c.n.e.r.AbstractInstanceRegistry - Running the evict task with compensationTime 0ms
2023-08-30 16:13:19.966 [Eureka-EvictionTimer] INFO  c.n.e.r.AbstractInstanceRegistry - Running the evict task with compensationTime 0ms
2023-08-30 16:13:24.966 [Eureka-EvictionTimer] INFO  c.n.e.r.AbstractInstanceRegistry - Running the evict task with compensationTime 0ms
2023-08-30 16:13:29.966 [Eureka-EvictionTimer] INFO  c.n.e.r.AbstractInstanceRegistry - Running the evict task with compensationTime 0ms
2023-08-30 16:13:34.966 [Eureka-EvictionTimer] INFO  c.n.e.r.AbstractInstanceRegistry - Running the evict task with compensationTime 0ms
2023-08-30 16:13:39.966 [Eureka-EvictionTimer] INFO  c.n.e.r.AbstractInstanceRegistry - Running the evict task with compensationTime 0ms
2023-08-30 16:13:44.966 [Eureka-EvictionTimer] INFO  c.n.e.r.AbstractInstanceRegistry - Running the evict task with compensationTime 0ms
2023-08-30 16:13:49.966 [Eureka-EvictionTimer] INFO  c.n.e.r.AbstractInstanceRegistry - Running the evict task with compensationTime 0ms
2023-08-30 16:13:54.966 [Eureka-EvictionTimer] INFO  c.n.e.r.AbstractInstanceRegistry - Running the evict task with compensationTime 0ms
2023-08-30 16:13:59.966 [Eureka-EvictionTimer] INFO  c.n.e.r.AbstractInstanceRegistry - Running the evict task with compensationTime 0ms
2023-08-30 16:14:04.966 [Eureka-EvictionTimer] INFO  c.n.e.r.AbstractInstanceRegistry - Running the evict task with compensationTime 0ms
2023-08-30 16:14:09.966 [Eureka-EvictionTimer] INFO  c.n.e.r.AbstractInstanceRegistry - Running the evict task with compensationTime 0ms
2023-08-30 16:14:14.966 [Eureka-EvictionTimer] INFO  c.n.e.r.AbstractInstanceRegistry - Running the evict task with compensationTime 0ms
2023-08-30 16:14:19.966 [Eureka-EvictionTimer] INFO  c.n.e.r.AbstractInstanceRegistry - Running the evict task with compensationTime 0ms
2023-08-30 16:14:24.966 [Eureka-EvictionTimer] INFO  c.n.e.r.AbstractInstanceRegistry - Running the evict task with compensationTime 0ms
2023-08-30 16:14:25.901 [http-nio-36000-exec-10] INFO  c.n.e.r.AbstractInstanceRegistry - Registered instance ONTOLOGY/DESKTOP-U30NBNG:ontology:36002 with status UP (replication=false)
2023-08-30 16:14:29.966 [Eureka-EvictionTimer] INFO  c.n.e.r.AbstractInstanceRegistry - Running the evict task with compensationTime 0ms
2023-08-30 16:14:34.966 [Eureka-EvictionTimer] INFO  c.n.e.r.AbstractInstanceRegistry - Running the evict task with compensationTime 0ms
2023-08-30 16:14:39.966 [Eureka-EvictionTimer] INFO  c.n.e.r.AbstractInstanceRegistry - Running the evict task with compensationTime 0ms
2023-08-30 16:14:44.966 [Eureka-EvictionTimer] INFO  c.n.e.r.AbstractInstanceRegistry - Running the evict task with compensationTime 0ms
2023-08-30 16:14:49.966 [Eureka-EvictionTimer] INFO  c.n.e.r.AbstractInstanceRegistry - Running the evict task with compensationTime 0ms
2023-08-30 16:14:54.966 [Eureka-EvictionTimer] INFO  c.n.e.r.AbstractInstanceRegistry - Running the evict task with compensationTime 0ms
2023-08-30 16:14:59.966 [Eureka-EvictionTimer] INFO  c.n.e.r.AbstractInstanceRegistry - Running the evict task with compensationTime 0ms
2023-08-30 16:15:04.966 [Eureka-EvictionTimer] INFO  c.n.e.r.AbstractInstanceRegistry - Running the evict task with compensationTime 0ms
2023-08-30 16:15:09.966 [Eureka-EvictionTimer] INFO  c.n.e.r.AbstractInstanceRegistry - Running the evict task with compensationTime 0ms
2023-08-30 16:15:14.966 [Eureka-EvictionTimer] INFO  c.n.e.r.AbstractInstanceRegistry - Running the evict task with compensationTime 0ms
2023-08-30 16:15:19.966 [Eureka-EvictionTimer] INFO  c.n.e.r.AbstractInstanceRegistry - Running the evict task with compensationTime 0ms
2023-08-30 16:15:24.966 [Eureka-EvictionTimer] INFO  c.n.e.r.AbstractInstanceRegistry - Running the evict task with compensationTime 0ms
2023-08-30 16:15:29.966 [Eureka-EvictionTimer] INFO  c.n.e.r.AbstractInstanceRegistry - Running the evict task with compensationTime 0ms
2023-08-30 16:15:34.966 [Eureka-EvictionTimer] INFO  c.n.e.r.AbstractInstanceRegistry - Running the evict task with compensationTime 0ms
2023-08-30 16:15:34.966 [Eureka-EvictionTimer] INFO  c.n.e.r.AbstractInstanceRegistry - Evicting 1 items (expired=1, evictionLimit=1)
2023-08-30 16:15:34.966 [Eureka-EvictionTimer] INFO  c.n.e.r.AbstractInstanceRegistry - Cancelled instance ONTOLOGY/DESKTOP-U30NBNG:ontology:36002 (replication=false)
2023-08-30 16:15:39.966 [Eureka-EvictionTimer] INFO  c.n.e.r.AbstractInstanceRegistry - Running the evict task with compensationTime 0ms
2023-08-30 16:15:44.966 [Eureka-EvictionTimer] INFO  c.n.e.r.AbstractInstanceRegistry - Running the evict task with compensationTime 0ms
2023-08-30 16:15:49.966 [Eureka-EvictionTimer] INFO  c.n.e.r.AbstractInstanceRegistry - Running the evict task with compensationTime 0ms
2023-08-30 16:15:54.859 [ReplicaAwareInstanceRegistry - RenewalThresholdUpdater] INFO  c.n.e.r.PeerAwareInstanceRegistryImpl - Current renewal threshold is : 0
2023-08-30 16:15:54.966 [Eureka-EvictionTimer] INFO  c.n.e.r.AbstractInstanceRegistry - Running the evict task with compensationTime 0ms
2023-08-30 16:15:59.966 [Eureka-EvictionTimer] INFO  c.n.e.r.AbstractInstanceRegistry - Running the evict task with compensationTime 0ms
2023-08-30 16:16:02.814 [http-nio-36000-exec-1] INFO  c.n.e.r.AbstractInstanceRegistry - Registered instance ONTOLOGY/DESKTOP-U30NBNG:ontology:36002 with status UP (replication=false)
2023-08-30 16:16:04.966 [Eureka-EvictionTimer] INFO  c.n.e.r.AbstractInstanceRegistry - Running the evict task with compensationTime 0ms
2023-08-30 16:16:09.966 [Eureka-EvictionTimer] INFO  c.n.e.r.AbstractInstanceRegistry - Running the evict task with compensationTime 0ms
2023-08-30 16:16:14.966 [Eureka-EvictionTimer] INFO  c.n.e.r.AbstractInstanceRegistry - Running the evict task with compensationTime 0ms
2023-08-30 16:16:19.966 [Eureka-EvictionTimer] INFO  c.n.e.r.AbstractInstanceRegistry - Running the evict task with compensationTime 0ms
2023-08-30 16:16:24.966 [Eureka-EvictionTimer] INFO  c.n.e.r.AbstractInstanceRegistry - Running the evict task with compensationTime 0ms
2023-08-30 16:16:29.966 [Eureka-EvictionTimer] INFO  c.n.e.r.AbstractInstanceRegistry - Running the evict task with compensationTime 0ms
2023-08-30 16:16:34.966 [Eureka-EvictionTimer] INFO  c.n.e.r.AbstractInstanceRegistry - Running the evict task with compensationTime 0ms
2023-08-30 16:16:39.966 [Eureka-EvictionTimer] INFO  c.n.e.r.AbstractInstanceRegistry - Running the evict task with compensationTime 0ms
2023-08-30 16:16:44.966 [Eureka-EvictionTimer] INFO  c.n.e.r.AbstractInstanceRegistry - Running the evict task with compensationTime 0ms
2023-08-30 16:16:49.966 [Eureka-EvictionTimer] INFO  c.n.e.r.AbstractInstanceRegistry - Running the evict task with compensationTime 0ms
2023-08-30 16:16:54.966 [Eureka-EvictionTimer] INFO  c.n.e.r.AbstractInstanceRegistry - Running the evict task with compensationTime 0ms
2023-08-30 16:16:59.966 [Eureka-EvictionTimer] INFO  c.n.e.r.AbstractInstanceRegistry - Running the evict task with compensationTime 0ms
2023-08-30 16:17:04.966 [Eureka-EvictionTimer] INFO  c.n.e.r.AbstractInstanceRegistry - Running the evict task with compensationTime 0ms
2023-08-30 16:17:09.966 [Eureka-EvictionTimer] INFO  c.n.e.r.AbstractInstanceRegistry - Running the evict task with compensationTime 0ms
2023-08-30 16:17:14.966 [Eureka-EvictionTimer] INFO  c.n.e.r.AbstractInstanceRegistry - Running the evict task with compensationTime 0ms
2023-08-30 16:17:19.966 [Eureka-EvictionTimer] INFO  c.n.e.r.AbstractInstanceRegistry - Running the evict task with compensationTime 0ms
2023-08-30 16:17:24.966 [Eureka-EvictionTimer] INFO  c.n.e.r.AbstractInstanceRegistry - Running the evict task with compensationTime 0ms
2023-08-30 16:17:29.966 [Eureka-EvictionTimer] INFO  c.n.e.r.AbstractInstanceRegistry - Running the evict task with compensationTime 0ms
2023-08-30 16:17:31.320 [http-nio-36000-exec-8] INFO  c.n.e.r.AbstractInstanceRegistry - Registered instance ONTOLOGY/DESKTOP-U30NBNG:ontology:36002 with status UP (replication=false)
2023-08-30 16:17:34.966 [Eureka-EvictionTimer] INFO  c.n.e.r.AbstractInstanceRegistry - Running the evict task with compensationTime 0ms
2023-08-30 16:17:39.966 [Eureka-EvictionTimer] INFO  c.n.e.r.AbstractInstanceRegistry - Running the evict task with compensationTime 0ms
2023-08-30 16:17:44.966 [Eureka-EvictionTimer] INFO  c.n.e.r.AbstractInstanceRegistry - Running the evict task with compensationTime 0ms
2023-08-30 16:17:49.967 [Eureka-EvictionTimer] INFO  c.n.e.r.AbstractInstanceRegistry - Running the evict task with compensationTime 1ms
2023-08-30 16:17:54.967 [Eureka-EvictionTimer] INFO  c.n.e.r.AbstractInstanceRegistry - Running the evict task with compensationTime 0ms
2023-08-30 16:17:59.967 [Eureka-EvictionTimer] INFO  c.n.e.r.AbstractInstanceRegistry - Running the evict task with compensationTime 0ms
2023-08-30 16:18:04.967 [Eureka-EvictionTimer] INFO  c.n.e.r.AbstractInstanceRegistry - Running the evict task with compensationTime 0ms
2023-08-30 16:18:09.967 [Eureka-EvictionTimer] INFO  c.n.e.r.AbstractInstanceRegistry - Running the evict task with compensationTime 0ms
2023-08-30 16:18:14.967 [Eureka-EvictionTimer] INFO  c.n.e.r.AbstractInstanceRegistry - Running the evict task with compensationTime 0ms
2023-08-30 16:18:19.967 [Eureka-EvictionTimer] INFO  c.n.e.r.AbstractInstanceRegistry - Running the evict task with compensationTime 0ms
2023-08-30 16:18:24.967 [Eureka-EvictionTimer] INFO  c.n.e.r.AbstractInstanceRegistry - Running the evict task with compensationTime 0ms
2023-08-30 16:18:29.967 [Eureka-EvictionTimer] INFO  c.n.e.r.AbstractInstanceRegistry - Running the evict task with compensationTime 0ms
2023-08-30 16:18:34.967 [Eureka-EvictionTimer] INFO  c.n.e.r.AbstractInstanceRegistry - Running the evict task with compensationTime 0ms
2023-08-30 16:18:39.967 [Eureka-EvictionTimer] INFO  c.n.e.r.AbstractInstanceRegistry - Running the evict task with compensationTime 0ms
2023-08-30 16:18:44.967 [Eureka-EvictionTimer] INFO  c.n.e.r.AbstractInstanceRegistry - Running the evict task with compensationTime 0ms
2023-08-30 16:18:49.967 [Eureka-EvictionTimer] INFO  c.n.e.r.AbstractInstanceRegistry - Running the evict task with compensationTime 0ms
2023-08-30 16:18:54.967 [Eureka-EvictionTimer] INFO  c.n.e.r.AbstractInstanceRegistry - Running the evict task with compensationTime 0ms
2023-08-30 16:18:59.967 [Eureka-EvictionTimer] INFO  c.n.e.r.AbstractInstanceRegistry - Running the evict task with compensationTime 0ms
2023-08-30 16:19:04.967 [Eureka-EvictionTimer] INFO  c.n.e.r.AbstractInstanceRegistry - Running the evict task with compensationTime 0ms
2023-08-30 16:19:09.967 [Eureka-EvictionTimer] INFO  c.n.e.r.AbstractInstanceRegistry - Running the evict task with compensationTime 0ms
2023-08-30 16:19:14.967 [Eureka-EvictionTimer] INFO  c.n.e.r.AbstractInstanceRegistry - Running the evict task with compensationTime 0ms
2023-08-30 16:19:19.967 [Eureka-EvictionTimer] INFO  c.n.e.r.AbstractInstanceRegistry - Running the evict task with compensationTime 0ms
2023-08-30 16:19:24.967 [Eureka-EvictionTimer] INFO  c.n.e.r.AbstractInstanceRegistry - Running the evict task with compensationTime 0ms
2023-08-30 16:19:29.967 [Eureka-EvictionTimer] INFO  c.n.e.r.AbstractInstanceRegistry - Running the evict task with compensationTime 0ms
2023-08-30 16:19:34.967 [Eureka-EvictionTimer] INFO  c.n.e.r.AbstractInstanceRegistry - Running the evict task with compensationTime 0ms
2023-08-30 16:19:39.967 [Eureka-EvictionTimer] INFO  c.n.e.r.AbstractInstanceRegistry - Running the evict task with compensationTime 0ms
2023-08-30 16:19:44.967 [Eureka-EvictionTimer] INFO  c.n.e.r.AbstractInstanceRegistry - Running the evict task with compensationTime 0ms
2023-08-30 16:19:49.967 [Eureka-EvictionTimer] INFO  c.n.e.r.AbstractInstanceRegistry - Running the evict task with compensationTime 0ms
2023-08-30 16:19:54.967 [Eureka-EvictionTimer] INFO  c.n.e.r.AbstractInstanceRegistry - Running the evict task with compensationTime 0ms
2023-08-30 16:19:59.967 [Eureka-EvictionTimer] INFO  c.n.e.r.AbstractInstanceRegistry - Running the evict task with compensationTime 0ms
2023-08-30 16:20:04.967 [Eureka-EvictionTimer] INFO  c.n.e.r.AbstractInstanceRegistry - Running the evict task with compensationTime 0ms
2023-08-30 16:20:09.967 [Eureka-EvictionTimer] INFO  c.n.e.r.AbstractInstanceRegistry - Running the evict task with compensationTime 0ms
2023-08-30 16:20:14.967 [Eureka-EvictionTimer] INFO  c.n.e.r.AbstractInstanceRegistry - Running the evict task with compensationTime 0ms
2023-08-30 16:20:19.967 [Eureka-EvictionTimer] INFO  c.n.e.r.AbstractInstanceRegistry - Running the evict task with compensationTime 0ms
2023-08-30 16:20:24.967 [Eureka-EvictionTimer] INFO  c.n.e.r.AbstractInstanceRegistry - Running the evict task with compensationTime 0ms
2023-08-30 16:20:29.967 [Eureka-EvictionTimer] INFO  c.n.e.r.AbstractInstanceRegistry - Running the evict task with compensationTime 0ms
2023-08-30 16:20:34.967 [Eureka-EvictionTimer] INFO  c.n.e.r.AbstractInstanceRegistry - Running the evict task with compensationTime 0ms
2023-08-30 16:20:39.967 [Eureka-EvictionTimer] INFO  c.n.e.r.AbstractInstanceRegistry - Running the evict task with compensationTime 0ms
2023-08-30 16:20:44.967 [Eureka-EvictionTimer] INFO  c.n.e.r.AbstractInstanceRegistry - Running the evict task with compensationTime 0ms
2023-08-30 16:20:49.967 [Eureka-EvictionTimer] INFO  c.n.e.r.AbstractInstanceRegistry - Running the evict task with compensationTime 0ms
2023-08-30 16:20:54.967 [Eureka-EvictionTimer] INFO  c.n.e.r.AbstractInstanceRegistry - Running the evict task with compensationTime 0ms
2023-08-30 16:20:59.967 [Eureka-EvictionTimer] INFO  c.n.e.r.AbstractInstanceRegistry - Running the evict task with compensationTime 0ms
2023-08-30 16:21:04.967 [Eureka-EvictionTimer] INFO  c.n.e.r.AbstractInstanceRegistry - Running the evict task with compensationTime 0ms
2023-08-30 16:21:09.967 [Eureka-EvictionTimer] INFO  c.n.e.r.AbstractInstanceRegistry - Running the evict task with compensationTime 0ms
2023-08-30 16:21:14.967 [Eureka-EvictionTimer] INFO  c.n.e.r.AbstractInstanceRegistry - Running the evict task with compensationTime 0ms
2023-08-30 16:21:19.967 [Eureka-EvictionTimer] INFO  c.n.e.r.AbstractInstanceRegistry - Running the evict task with compensationTime 0ms
2023-08-30 16:21:24.967 [Eureka-EvictionTimer] INFO  c.n.e.r.AbstractInstanceRegistry - Running the evict task with compensationTime 0ms
2023-08-30 16:21:29.967 [Eureka-EvictionTimer] INFO  c.n.e.r.AbstractInstanceRegistry - Running the evict task with compensationTime 0ms
2023-08-30 16:21:34.967 [Eureka-EvictionTimer] INFO  c.n.e.r.AbstractInstanceRegistry - Running the evict task with compensationTime 0ms
2023-08-30 16:21:39.967 [Eureka-EvictionTimer] INFO  c.n.e.r.AbstractInstanceRegistry - Running the evict task with compensationTime 0ms
2023-08-30 16:21:44.967 [Eureka-EvictionTimer] INFO  c.n.e.r.AbstractInstanceRegistry - Running the evict task with compensationTime 0ms
2023-08-30 16:21:49.967 [Eureka-EvictionTimer] INFO  c.n.e.r.AbstractInstanceRegistry - Running the evict task with compensationTime 0ms
2023-08-30 16:21:54.967 [Eureka-EvictionTimer] INFO  c.n.e.r.AbstractInstanceRegistry - Running the evict task with compensationTime 0ms
2023-08-30 16:21:59.967 [Eureka-EvictionTimer] INFO  c.n.e.r.AbstractInstanceRegistry - Running the evict task with compensationTime 0ms
2023-08-30 16:22:04.967 [Eureka-EvictionTimer] INFO  c.n.e.r.AbstractInstanceRegistry - Running the evict task with compensationTime 0ms
2023-08-30 16:22:09.967 [Eureka-EvictionTimer] INFO  c.n.e.r.AbstractInstanceRegistry - Running the evict task with compensationTime 0ms
2023-08-30 16:22:14.967 [Eureka-EvictionTimer] INFO  c.n.e.r.AbstractInstanceRegistry - Running the evict task with compensationTime 0ms
2023-08-30 16:22:19.967 [Eureka-EvictionTimer] INFO  c.n.e.r.AbstractInstanceRegistry - Running the evict task with compensationTime 0ms
2023-08-30 16:22:24.967 [Eureka-EvictionTimer] INFO  c.n.e.r.AbstractInstanceRegistry - Running the evict task with compensationTime 0ms
2023-08-30 16:22:29.967 [Eureka-EvictionTimer] INFO  c.n.e.r.AbstractInstanceRegistry - Running the evict task with compensationTime 0ms
2023-08-30 16:22:34.967 [Eureka-EvictionTimer] INFO  c.n.e.r.AbstractInstanceRegistry - Running the evict task with compensationTime 0ms
2023-08-30 16:22:39.967 [Eureka-EvictionTimer] INFO  c.n.e.r.AbstractInstanceRegistry - Running the evict task with compensationTime 0ms
2023-08-30 16:22:44.967 [Eureka-EvictionTimer] INFO  c.n.e.r.AbstractInstanceRegistry - Running the evict task with compensationTime 0ms
2023-08-30 16:22:49.967 [Eureka-EvictionTimer] INFO  c.n.e.r.AbstractInstanceRegistry - Running the evict task with compensationTime 0ms
2023-08-30 16:22:54.967 [Eureka-EvictionTimer] INFO  c.n.e.r.AbstractInstanceRegistry - Running the evict task with compensationTime 0ms
2023-08-30 16:22:59.967 [Eureka-EvictionTimer] INFO  c.n.e.r.AbstractInstanceRegistry - Running the evict task with compensationTime 0ms
2023-08-30 16:23:04.967 [Eureka-EvictionTimer] INFO  c.n.e.r.AbstractInstanceRegistry - Running the evict task with compensationTime 0ms
2023-08-30 16:23:09.967 [Eureka-EvictionTimer] INFO  c.n.e.r.AbstractInstanceRegistry - Running the evict task with compensationTime 0ms
2023-08-30 16:23:14.967 [Eureka-EvictionTimer] INFO  c.n.e.r.AbstractInstanceRegistry - Running the evict task with compensationTime 0ms
2023-08-30 16:23:19.967 [Eureka-EvictionTimer] INFO  c.n.e.r.AbstractInstanceRegistry - Running the evict task with compensationTime 0ms
2023-08-30 16:23:24.967 [Eureka-EvictionTimer] INFO  c.n.e.r.AbstractInstanceRegistry - Running the evict task with compensationTime 0ms
2023-08-30 16:23:29.967 [Eureka-EvictionTimer] INFO  c.n.e.r.AbstractInstanceRegistry - Running the evict task with compensationTime 0ms
2023-08-30 16:23:34.967 [Eureka-EvictionTimer] INFO  c.n.e.r.AbstractInstanceRegistry - Running the evict task with compensationTime 0ms
2023-08-30 16:23:39.967 [Eureka-EvictionTimer] INFO  c.n.e.r.AbstractInstanceRegistry - Running the evict task with compensationTime 0ms
2023-08-30 16:23:44.967 [Eureka-EvictionTimer] INFO  c.n.e.r.AbstractInstanceRegistry - Running the evict task with compensationTime 0ms
2023-08-30 16:23:49.967 [Eureka-EvictionTimer] INFO  c.n.e.r.AbstractInstanceRegistry - Running the evict task with compensationTime 0ms
2023-08-30 16:23:54.967 [Eureka-EvictionTimer] INFO  c.n.e.r.AbstractInstanceRegistry - Running the evict task with compensationTime 0ms
2023-08-30 16:23:59.967 [Eureka-EvictionTimer] INFO  c.n.e.r.AbstractInstanceRegistry - Running the evict task with compensationTime 0ms
2023-08-30 16:24:04.967 [Eureka-EvictionTimer] INFO  c.n.e.r.AbstractInstanceRegistry - Running the evict task with compensationTime 0ms
2023-08-30 16:24:09.967 [Eureka-EvictionTimer] INFO  c.n.e.r.AbstractInstanceRegistry - Running the evict task with compensationTime 0ms
2023-08-30 16:24:14.967 [Eureka-EvictionTimer] INFO  c.n.e.r.AbstractInstanceRegistry - Running the evict task with compensationTime 0ms
2023-08-30 16:24:19.967 [Eureka-EvictionTimer] INFO  c.n.e.r.AbstractInstanceRegistry - Running the evict task with compensationTime 0ms
2023-08-30 16:24:24.967 [Eureka-EvictionTimer] INFO  c.n.e.r.AbstractInstanceRegistry - Running the evict task with compensationTime 0ms
2023-08-30 16:24:29.967 [Eureka-EvictionTimer] INFO  c.n.e.r.AbstractInstanceRegistry - Running the evict task with compensationTime 0ms
2023-08-30 16:24:34.967 [Eureka-EvictionTimer] INFO  c.n.e.r.AbstractInstanceRegistry - Running the evict task with compensationTime 0ms
2023-08-30 16:24:39.967 [Eureka-EvictionTimer] INFO  c.n.e.r.AbstractInstanceRegistry - Running the evict task with compensationTime 0ms
2023-08-30 16:24:44.967 [Eureka-EvictionTimer] INFO  c.n.e.r.AbstractInstanceRegistry - Running the evict task with compensationTime 0ms
2023-08-30 16:24:49.967 [Eureka-EvictionTimer] INFO  c.n.e.r.AbstractInstanceRegistry - Running the evict task with compensationTime 0ms
2023-08-30 16:24:54.967 [Eureka-EvictionTimer] INFO  c.n.e.r.AbstractInstanceRegistry - Running the evict task with compensationTime 0ms
2023-08-30 16:24:59.967 [Eureka-EvictionTimer] INFO  c.n.e.r.AbstractInstanceRegistry - Running the evict task with compensationTime 0ms
2023-08-30 16:25:04.967 [Eureka-EvictionTimer] INFO  c.n.e.r.AbstractInstanceRegistry - Running the evict task with compensationTime 0ms
2023-08-30 16:25:09.967 [Eureka-EvictionTimer] INFO  c.n.e.r.AbstractInstanceRegistry - Running the evict task with compensationTime 0ms
2023-08-30 16:25:14.967 [Eureka-EvictionTimer] INFO  c.n.e.r.AbstractInstanceRegistry - Running the evict task with compensationTime 0ms
2023-08-30 16:25:19.967 [Eureka-EvictionTimer] INFO  c.n.e.r.AbstractInstanceRegistry - Running the evict task with compensationTime 0ms
2023-08-30 16:25:24.967 [Eureka-EvictionTimer] INFO  c.n.e.r.AbstractInstanceRegistry - Running the evict task with compensationTime 0ms
2023-08-30 16:25:29.967 [Eureka-EvictionTimer] INFO  c.n.e.r.AbstractInstanceRegistry - Running the evict task with compensationTime 0ms
2023-08-30 16:25:34.967 [Eureka-EvictionTimer] INFO  c.n.e.r.AbstractInstanceRegistry - Running the evict task with compensationTime 0ms
2023-08-30 16:25:39.967 [Eureka-EvictionTimer] INFO  c.n.e.r.AbstractInstanceRegistry - Running the evict task with compensationTime 0ms
2023-08-30 16:25:44.967 [Eureka-EvictionTimer] INFO  c.n.e.r.AbstractInstanceRegistry - Running the evict task with compensationTime 0ms
2023-08-30 16:25:49.967 [Eureka-EvictionTimer] INFO  c.n.e.r.AbstractInstanceRegistry - Running the evict task with compensationTime 0ms
2023-08-30 16:25:54.967 [Eureka-EvictionTimer] INFO  c.n.e.r.AbstractInstanceRegistry - Running the evict task with compensationTime 0ms
2023-08-30 16:25:59.967 [Eureka-EvictionTimer] INFO  c.n.e.r.AbstractInstanceRegistry - Running the evict task with compensationTime 0ms
2023-08-30 16:26:04.967 [Eureka-EvictionTimer] INFO  c.n.e.r.AbstractInstanceRegistry - Running the evict task with compensationTime 0ms
2023-08-30 16:26:09.967 [Eureka-EvictionTimer] INFO  c.n.e.r.AbstractInstanceRegistry - Running the evict task with compensationTime 0ms
2023-08-30 16:26:14.967 [Eureka-EvictionTimer] INFO  c.n.e.r.AbstractInstanceRegistry - Running the evict task with compensationTime 0ms
2023-08-30 16:26:19.967 [Eureka-EvictionTimer] INFO  c.n.e.r.AbstractInstanceRegistry - Running the evict task with compensationTime 0ms
2023-08-30 16:26:24.967 [Eureka-EvictionTimer] INFO  c.n.e.r.AbstractInstanceRegistry - Running the evict task with compensationTime 0ms
2023-08-30 16:26:29.967 [Eureka-EvictionTimer] INFO  c.n.e.r.AbstractInstanceRegistry - Running the evict task with compensationTime 0ms
2023-08-30 16:26:34.967 [Eureka-EvictionTimer] INFO  c.n.e.r.AbstractInstanceRegistry - Running the evict task with compensationTime 0ms
2023-08-30 16:26:39.967 [Eureka-EvictionTimer] INFO  c.n.e.r.AbstractInstanceRegistry - Running the evict task with compensationTime 0ms
2023-08-30 16:26:44.967 [Eureka-EvictionTimer] INFO  c.n.e.r.AbstractInstanceRegistry - Running the evict task with compensationTime 0ms
2023-08-30 16:26:49.967 [Eureka-EvictionTimer] INFO  c.n.e.r.AbstractInstanceRegistry - Running the evict task with compensationTime 0ms
2023-08-30 16:26:54.967 [Eureka-EvictionTimer] INFO  c.n.e.r.AbstractInstanceRegistry - Running the evict task with compensationTime 0ms
2023-08-30 16:26:59.967 [Eureka-EvictionTimer] INFO  c.n.e.r.AbstractInstanceRegistry - Running the evict task with compensationTime 0ms
2023-08-30 16:27:04.967 [Eureka-EvictionTimer] INFO  c.n.e.r.AbstractInstanceRegistry - Running the evict task with compensationTime 0ms
2023-08-30 16:27:09.967 [Eureka-EvictionTimer] INFO  c.n.e.r.AbstractInstanceRegistry - Running the evict task with compensationTime 0ms
2023-08-30 16:27:14.967 [Eureka-EvictionTimer] INFO  c.n.e.r.AbstractInstanceRegistry - Running the evict task with compensationTime 0ms
2023-08-30 16:27:19.967 [Eureka-EvictionTimer] INFO  c.n.e.r.AbstractInstanceRegistry - Running the evict task with compensationTime 0ms
2023-08-30 16:27:24.967 [Eureka-EvictionTimer] INFO  c.n.e.r.AbstractInstanceRegistry - Running the evict task with compensationTime 0ms
2023-08-30 16:27:29.967 [Eureka-EvictionTimer] INFO  c.n.e.r.AbstractInstanceRegistry - Running the evict task with compensationTime 0ms
2023-08-30 16:27:34.967 [Eureka-EvictionTimer] INFO  c.n.e.r.AbstractInstanceRegistry - Running the evict task with compensationTime 0ms
2023-08-30 16:27:39.967 [Eureka-EvictionTimer] INFO  c.n.e.r.AbstractInstanceRegistry - Running the evict task with compensationTime 0ms
2023-08-30 16:27:44.967 [Eureka-EvictionTimer] INFO  c.n.e.r.AbstractInstanceRegistry - Running the evict task with compensationTime 0ms
2023-08-30 16:27:49.967 [Eureka-EvictionTimer] INFO  c.n.e.r.AbstractInstanceRegistry - Running the evict task with compensationTime 0ms
2023-08-30 16:27:54.967 [Eureka-EvictionTimer] INFO  c.n.e.r.AbstractInstanceRegistry - Running the evict task with compensationTime 0ms
2023-08-30 16:27:59.967 [Eureka-EvictionTimer] INFO  c.n.e.r.AbstractInstanceRegistry - Running the evict task with compensationTime 0ms
2023-08-30 16:28:04.967 [Eureka-EvictionTimer] INFO  c.n.e.r.AbstractInstanceRegistry - Running the evict task with compensationTime 0ms
2023-08-30 16:28:09.967 [Eureka-EvictionTimer] INFO  c.n.e.r.AbstractInstanceRegistry - Running the evict task with compensationTime 0ms
2023-08-30 16:28:14.967 [Eureka-EvictionTimer] INFO  c.n.e.r.AbstractInstanceRegistry - Running the evict task with compensationTime 0ms
2023-08-30 16:28:19.967 [Eureka-EvictionTimer] INFO  c.n.e.r.AbstractInstanceRegistry - Running the evict task with compensationTime 0ms
2023-08-30 16:28:24.967 [Eureka-EvictionTimer] INFO  c.n.e.r.AbstractInstanceRegistry - Running the evict task with compensationTime 0ms
2023-08-30 16:28:29.967 [Eureka-EvictionTimer] INFO  c.n.e.r.AbstractInstanceRegistry - Running the evict task with compensationTime 0ms
2023-08-30 16:28:34.967 [Eureka-EvictionTimer] INFO  c.n.e.r.AbstractInstanceRegistry - Running the evict task with compensationTime 0ms
2023-08-30 16:28:39.967 [Eureka-EvictionTimer] INFO  c.n.e.r.AbstractInstanceRegistry - Running the evict task with compensationTime 0ms
2023-08-30 16:28:44.967 [Eureka-EvictionTimer] INFO  c.n.e.r.AbstractInstanceRegistry - Running the evict task with compensationTime 0ms
2023-08-30 16:28:49.967 [Eureka-EvictionTimer] INFO  c.n.e.r.AbstractInstanceRegistry - Running the evict task with compensationTime 0ms
2023-08-30 16:28:54.967 [Eureka-EvictionTimer] INFO  c.n.e.r.AbstractInstanceRegistry - Running the evict task with compensationTime 0ms
2023-08-30 16:28:59.967 [Eureka-EvictionTimer] INFO  c.n.e.r.AbstractInstanceRegistry - Running the evict task with compensationTime 0ms
2023-08-30 16:29:04.967 [Eureka-EvictionTimer] INFO  c.n.e.r.AbstractInstanceRegistry - Running the evict task with compensationTime 0ms
2023-08-30 16:29:09.967 [Eureka-EvictionTimer] INFO  c.n.e.r.AbstractInstanceRegistry - Running the evict task with compensationTime 0ms
2023-08-30 16:29:14.967 [Eureka-EvictionTimer] INFO  c.n.e.r.AbstractInstanceRegistry - Running the evict task with compensationTime 0ms
2023-08-30 16:29:19.967 [Eureka-EvictionTimer] INFO  c.n.e.r.AbstractInstanceRegistry - Running the evict task with compensationTime 0ms
2023-08-30 16:29:24.967 [Eureka-EvictionTimer] INFO  c.n.e.r.AbstractInstanceRegistry - Running the evict task with compensationTime 0ms
2023-08-30 16:29:29.967 [Eureka-EvictionTimer] INFO  c.n.e.r.AbstractInstanceRegistry - Running the evict task with compensationTime 0ms
2023-08-30 16:29:34.967 [Eureka-EvictionTimer] INFO  c.n.e.r.AbstractInstanceRegistry - Running the evict task with compensationTime 0ms
2023-08-30 16:29:39.967 [Eureka-EvictionTimer] INFO  c.n.e.r.AbstractInstanceRegistry - Running the evict task with compensationTime 0ms
2023-08-30 16:29:44.967 [Eureka-EvictionTimer] INFO  c.n.e.r.AbstractInstanceRegistry - Running the evict task with compensationTime 0ms
2023-08-30 16:29:49.967 [Eureka-EvictionTimer] INFO  c.n.e.r.AbstractInstanceRegistry - Running the evict task with compensationTime 0ms
2023-08-30 16:29:54.967 [Eureka-EvictionTimer] INFO  c.n.e.r.AbstractInstanceRegistry - Running the evict task with compensationTime 0ms
2023-08-30 16:29:59.967 [Eureka-EvictionTimer] INFO  c.n.e.r.AbstractInstanceRegistry - Running the evict task with compensationTime 0ms
2023-08-30 16:30:04.967 [Eureka-EvictionTimer] INFO  c.n.e.r.AbstractInstanceRegistry - Running the evict task with compensationTime 0ms
2023-08-30 16:30:09.967 [Eureka-EvictionTimer] INFO  c.n.e.r.AbstractInstanceRegistry - Running the evict task with compensationTime 0ms
2023-08-30 16:30:14.967 [Eureka-EvictionTimer] INFO  c.n.e.r.AbstractInstanceRegistry - Running the evict task with compensationTime 0ms
2023-08-30 16:30:19.967 [Eureka-EvictionTimer] INFO  c.n.e.r.AbstractInstanceRegistry - Running the evict task with compensationTime 0ms
2023-08-30 16:30:24.967 [Eureka-EvictionTimer] INFO  c.n.e.r.AbstractInstanceRegistry - Running the evict task with compensationTime 0ms
2023-08-30 16:30:29.967 [Eureka-EvictionTimer] INFO  c.n.e.r.AbstractInstanceRegistry - Running the evict task with compensationTime 0ms
2023-08-30 16:30:34.967 [Eureka-EvictionTimer] INFO  c.n.e.r.AbstractInstanceRegistry - Running the evict task with compensationTime 0ms
2023-08-30 16:30:39.967 [Eureka-EvictionTimer] INFO  c.n.e.r.AbstractInstanceRegistry - Running the evict task with compensationTime 0ms
2023-08-30 16:30:44.967 [Eureka-EvictionTimer] INFO  c.n.e.r.AbstractInstanceRegistry - Running the evict task with compensationTime 0ms
2023-08-30 16:30:49.967 [Eureka-EvictionTimer] INFO  c.n.e.r.AbstractInstanceRegistry - Running the evict task with compensationTime 0ms
2023-08-30 16:30:54.859 [ReplicaAwareInstanceRegistry - RenewalThresholdUpdater] INFO  c.n.e.r.PeerAwareInstanceRegistryImpl - Current renewal threshold is : 0
2023-08-30 16:30:54.967 [Eureka-EvictionTimer] INFO  c.n.e.r.AbstractInstanceRegistry - Running the evict task with compensationTime 0ms
2023-08-30 16:30:59.967 [Eureka-EvictionTimer] INFO  c.n.e.r.AbstractInstanceRegistry - Running the evict task with compensationTime 0ms
2023-08-30 16:31:04.967 [Eureka-EvictionTimer] INFO  c.n.e.r.AbstractInstanceRegistry - Running the evict task with compensationTime 0ms
2023-08-30 16:31:09.967 [Eureka-EvictionTimer] INFO  c.n.e.r.AbstractInstanceRegistry - Running the evict task with compensationTime 0ms
2023-08-30 16:31:14.967 [Eureka-EvictionTimer] INFO  c.n.e.r.AbstractInstanceRegistry - Running the evict task with compensationTime 0ms
2023-08-30 16:31:19.967 [Eureka-EvictionTimer] INFO  c.n.e.r.AbstractInstanceRegistry - Running the evict task with compensationTime 0ms
2023-08-30 16:31:24.967 [Eureka-EvictionTimer] INFO  c.n.e.r.AbstractInstanceRegistry - Running the evict task with compensationTime 0ms
2023-08-30 16:31:29.967 [Eureka-EvictionTimer] INFO  c.n.e.r.AbstractInstanceRegistry - Running the evict task with compensationTime 0ms
2023-08-30 16:31:34.967 [Eureka-EvictionTimer] INFO  c.n.e.r.AbstractInstanceRegistry - Running the evict task with compensationTime 0ms
2023-08-30 16:31:39.967 [Eureka-EvictionTimer] INFO  c.n.e.r.AbstractInstanceRegistry - Running the evict task with compensationTime 0ms
2023-08-30 16:31:44.967 [Eureka-EvictionTimer] INFO  c.n.e.r.AbstractInstanceRegistry - Running the evict task with compensationTime 0ms
2023-08-30 16:31:49.967 [Eureka-EvictionTimer] INFO  c.n.e.r.AbstractInstanceRegistry - Running the evict task with compensationTime 0ms
2023-08-30 16:31:54.967 [Eureka-EvictionTimer] INFO  c.n.e.r.AbstractInstanceRegistry - Running the evict task with compensationTime 0ms
2023-08-30 16:31:59.967 [Eureka-EvictionTimer] INFO  c.n.e.r.AbstractInstanceRegistry - Running the evict task with compensationTime 0ms
2023-08-30 16:32:04.967 [Eureka-EvictionTimer] INFO  c.n.e.r.AbstractInstanceRegistry - Running the evict task with compensationTime 0ms
2023-08-30 16:32:09.967 [Eureka-EvictionTimer] INFO  c.n.e.r.AbstractInstanceRegistry - Running the evict task with compensationTime 0ms
2023-08-30 16:32:14.967 [Eureka-EvictionTimer] INFO  c.n.e.r.AbstractInstanceRegistry - Running the evict task with compensationTime 0ms
2023-08-30 16:32:19.967 [Eureka-EvictionTimer] INFO  c.n.e.r.AbstractInstanceRegistry - Running the evict task with compensationTime 0ms
2023-08-30 16:32:24.967 [Eureka-EvictionTimer] INFO  c.n.e.r.AbstractInstanceRegistry - Running the evict task with compensationTime 0ms
2023-08-30 16:32:29.967 [Eureka-EvictionTimer] INFO  c.n.e.r.AbstractInstanceRegistry - Running the evict task with compensationTime 0ms
2023-08-30 16:32:34.994 [Eureka-EvictionTimer] INFO  c.n.e.r.AbstractInstanceRegistry - Running the evict task with compensationTime 27ms
2023-08-30 16:32:39.994 [Eureka-EvictionTimer] INFO  c.n.e.r.AbstractInstanceRegistry - Running the evict task with compensationTime 0ms
2023-08-30 16:32:44.994 [Eureka-EvictionTimer] INFO  c.n.e.r.AbstractInstanceRegistry - Running the evict task with compensationTime 0ms
2023-08-30 16:32:49.994 [Eureka-EvictionTimer] INFO  c.n.e.r.AbstractInstanceRegistry - Running the evict task with compensationTime 0ms
2023-08-30 16:32:54.994 [Eureka-EvictionTimer] INFO  c.n.e.r.AbstractInstanceRegistry - Running the evict task with compensationTime 0ms
2023-08-30 16:32:59.994 [Eureka-EvictionTimer] INFO  c.n.e.r.AbstractInstanceRegistry - Running the evict task with compensationTime 0ms
2023-08-30 16:33:04.994 [Eureka-EvictionTimer] INFO  c.n.e.r.AbstractInstanceRegistry - Running the evict task with compensationTime 0ms
2023-08-30 16:33:09.994 [Eureka-EvictionTimer] INFO  c.n.e.r.AbstractInstanceRegistry - Running the evict task with compensationTime 0ms
2023-08-30 16:33:14.994 [Eureka-EvictionTimer] INFO  c.n.e.r.AbstractInstanceRegistry - Running the evict task with compensationTime 0ms
2023-08-30 16:33:19.994 [Eureka-EvictionTimer] INFO  c.n.e.r.AbstractInstanceRegistry - Running the evict task with compensationTime 0ms
2023-08-30 16:33:24.994 [Eureka-EvictionTimer] INFO  c.n.e.r.AbstractInstanceRegistry - Running the evict task with compensationTime 0ms
2023-08-30 16:33:29.994 [Eureka-EvictionTimer] INFO  c.n.e.r.AbstractInstanceRegistry - Running the evict task with compensationTime 0ms
2023-08-30 16:33:34.994 [Eureka-EvictionTimer] INFO  c.n.e.r.AbstractInstanceRegistry - Running the evict task with compensationTime 0ms
2023-08-30 16:33:39.994 [Eureka-EvictionTimer] INFO  c.n.e.r.AbstractInstanceRegistry - Running the evict task with compensationTime 0ms
2023-08-30 16:33:44.994 [Eureka-EvictionTimer] INFO  c.n.e.r.AbstractInstanceRegistry - Running the evict task with compensationTime 0ms
2023-08-30 16:33:49.994 [Eureka-EvictionTimer] INFO  c.n.e.r.AbstractInstanceRegistry - Running the evict task with compensationTime 0ms
2023-08-30 16:33:54.994 [Eureka-EvictionTimer] INFO  c.n.e.r.AbstractInstanceRegistry - Running the evict task with compensationTime 0ms
2023-08-30 16:33:59.994 [Eureka-EvictionTimer] INFO  c.n.e.r.AbstractInstanceRegistry - Running the evict task with compensationTime 0ms
2023-08-30 16:34:04.994 [Eureka-EvictionTimer] INFO  c.n.e.r.AbstractInstanceRegistry - Running the evict task with compensationTime 0ms
2023-08-30 16:34:09.994 [Eureka-EvictionTimer] INFO  c.n.e.r.AbstractInstanceRegistry - Running the evict task with compensationTime 0ms
2023-08-30 16:34:14.994 [Eureka-EvictionTimer] INFO  c.n.e.r.AbstractInstanceRegistry - Running the evict task with compensationTime 0ms
2023-08-30 16:34:19.994 [Eureka-EvictionTimer] INFO  c.n.e.r.AbstractInstanceRegistry - Running the evict task with compensationTime 0ms
2023-08-30 16:34:24.994 [Eureka-EvictionTimer] INFO  c.n.e.r.AbstractInstanceRegistry - Running the evict task with compensationTime 0ms
2023-08-30 16:34:29.994 [Eureka-EvictionTimer] INFO  c.n.e.r.AbstractInstanceRegistry - Running the evict task with compensationTime 0ms
2023-08-30 16:34:34.994 [Eureka-EvictionTimer] INFO  c.n.e.r.AbstractInstanceRegistry - Running the evict task with compensationTime 0ms
2023-08-30 16:34:39.994 [Eureka-EvictionTimer] INFO  c.n.e.r.AbstractInstanceRegistry - Running the evict task with compensationTime 0ms
2023-08-30 16:34:44.994 [Eureka-EvictionTimer] INFO  c.n.e.r.AbstractInstanceRegistry - Running the evict task with compensationTime 0ms
2023-08-30 16:34:49.994 [Eureka-EvictionTimer] INFO  c.n.e.r.AbstractInstanceRegistry - Running the evict task with compensationTime 0ms
2023-08-30 16:34:54.994 [Eureka-EvictionTimer] INFO  c.n.e.r.AbstractInstanceRegistry - Running the evict task with compensationTime 0ms
2023-08-30 16:34:59.994 [Eureka-EvictionTimer] INFO  c.n.e.r.AbstractInstanceRegistry - Running the evict task with compensationTime 0ms
2023-08-30 16:35:04.994 [Eureka-EvictionTimer] INFO  c.n.e.r.AbstractInstanceRegistry - Running the evict task with compensationTime 0ms
2023-08-30 16:35:09.994 [Eureka-EvictionTimer] INFO  c.n.e.r.AbstractInstanceRegistry - Running the evict task with compensationTime 0ms
2023-08-30 16:35:14.994 [Eureka-EvictionTimer] INFO  c.n.e.r.AbstractInstanceRegistry - Running the evict task with compensationTime 0ms
2023-08-30 16:35:19.994 [Eureka-EvictionTimer] INFO  c.n.e.r.AbstractInstanceRegistry - Running the evict task with compensationTime 0ms
2023-08-30 16:35:24.994 [Eureka-EvictionTimer] INFO  c.n.e.r.AbstractInstanceRegistry - Running the evict task with compensationTime 0ms
2023-08-30 16:35:29.994 [Eureka-EvictionTimer] INFO  c.n.e.r.AbstractInstanceRegistry - Running the evict task with compensationTime 0ms
2023-08-30 16:35:34.994 [Eureka-EvictionTimer] INFO  c.n.e.r.AbstractInstanceRegistry - Running the evict task with compensationTime 0ms
2023-08-30 16:35:39.994 [Eureka-EvictionTimer] INFO  c.n.e.r.AbstractInstanceRegistry - Running the evict task with compensationTime 0ms
2023-08-30 16:35:44.994 [Eureka-EvictionTimer] INFO  c.n.e.r.AbstractInstanceRegistry - Running the evict task with compensationTime 0ms
2023-08-30 16:35:49.994 [Eureka-EvictionTimer] INFO  c.n.e.r.AbstractInstanceRegistry - Running the evict task with compensationTime 0ms
2023-08-30 16:35:54.994 [Eureka-EvictionTimer] INFO  c.n.e.r.AbstractInstanceRegistry - Running the evict task with compensationTime 0ms
2023-08-30 16:35:59.994 [Eureka-EvictionTimer] INFO  c.n.e.r.AbstractInstanceRegistry - Running the evict task with compensationTime 0ms
2023-08-30 16:36:04.994 [Eureka-EvictionTimer] INFO  c.n.e.r.AbstractInstanceRegistry - Running the evict task with compensationTime 0ms
2023-08-30 16:36:09.994 [Eureka-EvictionTimer] INFO  c.n.e.r.AbstractInstanceRegistry - Running the evict task with compensationTime 0ms
2023-08-30 16:36:14.994 [Eureka-EvictionTimer] INFO  c.n.e.r.AbstractInstanceRegistry - Running the evict task with compensationTime 0ms
2023-08-30 16:36:19.994 [Eureka-EvictionTimer] INFO  c.n.e.r.AbstractInstanceRegistry - Running the evict task with compensationTime 0ms
2023-08-30 16:36:24.994 [Eureka-EvictionTimer] INFO  c.n.e.r.AbstractInstanceRegistry - Running the evict task with compensationTime 0ms
2023-08-30 16:36:29.994 [Eureka-EvictionTimer] INFO  c.n.e.r.AbstractInstanceRegistry - Running the evict task with compensationTime 0ms
2023-08-30 16:36:34.994 [Eureka-EvictionTimer] INFO  c.n.e.r.AbstractInstanceRegistry - Running the evict task with compensationTime 0ms
2023-08-30 16:36:39.994 [Eureka-EvictionTimer] INFO  c.n.e.r.AbstractInstanceRegistry - Running the evict task with compensationTime 0ms
2023-08-30 16:36:44.994 [Eureka-EvictionTimer] INFO  c.n.e.r.AbstractInstanceRegistry - Running the evict task with compensationTime 0ms
2023-08-30 16:36:49.994 [Eureka-EvictionTimer] INFO  c.n.e.r.AbstractInstanceRegistry - Running the evict task with compensationTime 0ms
2023-08-30 16:36:54.994 [Eureka-EvictionTimer] INFO  c.n.e.r.AbstractInstanceRegistry - Running the evict task with compensationTime 0ms
2023-08-30 16:36:59.994 [Eureka-EvictionTimer] INFO  c.n.e.r.AbstractInstanceRegistry - Running the evict task with compensationTime 0ms
2023-08-30 16:37:04.994 [Eureka-EvictionTimer] INFO  c.n.e.r.AbstractInstanceRegistry - Running the evict task with compensationTime 0ms
2023-08-30 16:37:09.994 [Eureka-EvictionTimer] INFO  c.n.e.r.AbstractInstanceRegistry - Running the evict task with compensationTime 0ms
2023-08-30 16:37:14.994 [Eureka-EvictionTimer] INFO  c.n.e.r.AbstractInstanceRegistry - Running the evict task with compensationTime 0ms
2023-08-30 16:37:19.994 [Eureka-EvictionTimer] INFO  c.n.e.r.AbstractInstanceRegistry - Running the evict task with compensationTime 0ms
2023-08-30 16:37:24.994 [Eureka-EvictionTimer] INFO  c.n.e.r.AbstractInstanceRegistry - Running the evict task with compensationTime 0ms
2023-08-30 16:37:29.994 [Eureka-EvictionTimer] INFO  c.n.e.r.AbstractInstanceRegistry - Running the evict task with compensationTime 0ms
2023-08-30 16:37:34.994 [Eureka-EvictionTimer] INFO  c.n.e.r.AbstractInstanceRegistry - Running the evict task with compensationTime 0ms
2023-08-30 16:37:39.994 [Eureka-EvictionTimer] INFO  c.n.e.r.AbstractInstanceRegistry - Running the evict task with compensationTime 0ms
2023-08-30 16:37:44.994 [Eureka-EvictionTimer] INFO  c.n.e.r.AbstractInstanceRegistry - Running the evict task with compensationTime 0ms
2023-08-30 16:37:49.994 [Eureka-EvictionTimer] INFO  c.n.e.r.AbstractInstanceRegistry - Running the evict task with compensationTime 0ms
2023-08-30 16:37:54.994 [Eureka-EvictionTimer] INFO  c.n.e.r.AbstractInstanceRegistry - Running the evict task with compensationTime 0ms
2023-08-30 16:37:59.994 [Eureka-EvictionTimer] INFO  c.n.e.r.AbstractInstanceRegistry - Running the evict task with compensationTime 0ms
2023-08-30 16:38:04.994 [Eureka-EvictionTimer] INFO  c.n.e.r.AbstractInstanceRegistry - Running the evict task with compensationTime 0ms
2023-08-30 16:38:09.994 [Eureka-EvictionTimer] INFO  c.n.e.r.AbstractInstanceRegistry - Running the evict task with compensationTime 0ms
2023-08-30 16:38:14.994 [Eureka-EvictionTimer] INFO  c.n.e.r.AbstractInstanceRegistry - Running the evict task with compensationTime 0ms
2023-08-30 16:38:19.994 [Eureka-EvictionTimer] INFO  c.n.e.r.AbstractInstanceRegistry - Running the evict task with compensationTime 0ms
2023-08-30 16:38:24.994 [Eureka-EvictionTimer] INFO  c.n.e.r.AbstractInstanceRegistry - Running the evict task with compensationTime 0ms
2023-08-30 16:38:29.994 [Eureka-EvictionTimer] INFO  c.n.e.r.AbstractInstanceRegistry - Running the evict task with compensationTime 0ms
2023-08-30 16:38:34.994 [Eureka-EvictionTimer] INFO  c.n.e.r.AbstractInstanceRegistry - Running the evict task with compensationTime 0ms
2023-08-30 16:38:39.994 [Eureka-EvictionTimer] INFO  c.n.e.r.AbstractInstanceRegistry - Running the evict task with compensationTime 0ms
2023-08-30 16:38:44.994 [Eureka-EvictionTimer] INFO  c.n.e.r.AbstractInstanceRegistry - Running the evict task with compensationTime 0ms
2023-08-30 16:38:49.994 [Eureka-EvictionTimer] INFO  c.n.e.r.AbstractInstanceRegistry - Running the evict task with compensationTime 0ms
2023-08-30 16:38:54.994 [Eureka-EvictionTimer] INFO  c.n.e.r.AbstractInstanceRegistry - Running the evict task with compensationTime 0ms
2023-08-30 16:38:59.994 [Eureka-EvictionTimer] INFO  c.n.e.r.AbstractInstanceRegistry - Running the evict task with compensationTime 0ms
2023-08-30 16:39:04.994 [Eureka-EvictionTimer] INFO  c.n.e.r.AbstractInstanceRegistry - Running the evict task with compensationTime 0ms
2023-08-30 16:39:09.994 [Eureka-EvictionTimer] INFO  c.n.e.r.AbstractInstanceRegistry - Running the evict task with compensationTime 0ms
2023-08-30 16:39:14.994 [Eureka-EvictionTimer] INFO  c.n.e.r.AbstractInstanceRegistry - Running the evict task with compensationTime 0ms
2023-08-30 16:39:19.994 [Eureka-EvictionTimer] INFO  c.n.e.r.AbstractInstanceRegistry - Running the evict task with compensationTime 0ms
2023-08-30 16:39:24.994 [Eureka-EvictionTimer] INFO  c.n.e.r.AbstractInstanceRegistry - Running the evict task with compensationTime 0ms
2023-08-30 16:39:29.994 [Eureka-EvictionTimer] INFO  c.n.e.r.AbstractInstanceRegistry - Running the evict task with compensationTime 0ms
2023-08-30 16:39:34.994 [Eureka-EvictionTimer] INFO  c.n.e.r.AbstractInstanceRegistry - Running the evict task with compensationTime 0ms
2023-08-30 16:39:39.994 [Eureka-EvictionTimer] INFO  c.n.e.r.AbstractInstanceRegistry - Running the evict task with compensationTime 0ms
2023-08-30 16:39:44.994 [Eureka-EvictionTimer] INFO  c.n.e.r.AbstractInstanceRegistry - Running the evict task with compensationTime 0ms
2023-08-30 16:39:49.994 [Eureka-EvictionTimer] INFO  c.n.e.r.AbstractInstanceRegistry - Running the evict task with compensationTime 0ms
2023-08-30 16:39:54.994 [Eureka-EvictionTimer] INFO  c.n.e.r.AbstractInstanceRegistry - Running the evict task with compensationTime 0ms
2023-08-30 16:39:59.994 [Eureka-EvictionTimer] INFO  c.n.e.r.AbstractInstanceRegistry - Running the evict task with compensationTime 0ms
2023-08-30 16:40:04.994 [Eureka-EvictionTimer] INFO  c.n.e.r.AbstractInstanceRegistry - Running the evict task with compensationTime 0ms
2023-08-30 16:40:09.994 [Eureka-EvictionTimer] INFO  c.n.e.r.AbstractInstanceRegistry - Running the evict task with compensationTime 0ms
2023-08-30 16:40:14.994 [Eureka-EvictionTimer] INFO  c.n.e.r.AbstractInstanceRegistry - Running the evict task with compensationTime 0ms
2023-08-30 16:40:19.994 [Eureka-EvictionTimer] INFO  c.n.e.r.AbstractInstanceRegistry - Running the evict task with compensationTime 0ms
2023-08-30 16:40:24.994 [Eureka-EvictionTimer] INFO  c.n.e.r.AbstractInstanceRegistry - Running the evict task with compensationTime 0ms
2023-08-30 16:40:29.994 [Eureka-EvictionTimer] INFO  c.n.e.r.AbstractInstanceRegistry - Running the evict task with compensationTime 0ms
2023-08-30 16:40:34.994 [Eureka-EvictionTimer] INFO  c.n.e.r.AbstractInstanceRegistry - Running the evict task with compensationTime 0ms
2023-08-30 16:40:39.994 [Eureka-EvictionTimer] INFO  c.n.e.r.AbstractInstanceRegistry - Running the evict task with compensationTime 0ms
2023-08-30 16:40:44.994 [Eureka-EvictionTimer] INFO  c.n.e.r.AbstractInstanceRegistry - Running the evict task with compensationTime 0ms
2023-08-30 16:40:49.994 [Eureka-EvictionTimer] INFO  c.n.e.r.AbstractInstanceRegistry - Running the evict task with compensationTime 0ms
2023-08-30 16:40:54.994 [Eureka-EvictionTimer] INFO  c.n.e.r.AbstractInstanceRegistry - Running the evict task with compensationTime 0ms
2023-08-30 16:40:59.994 [Eureka-EvictionTimer] INFO  c.n.e.r.AbstractInstanceRegistry - Running the evict task with compensationTime 0ms
2023-08-30 16:41:04.994 [Eureka-EvictionTimer] INFO  c.n.e.r.AbstractInstanceRegistry - Running the evict task with compensationTime 0ms
2023-08-30 16:41:09.994 [Eureka-EvictionTimer] INFO  c.n.e.r.AbstractInstanceRegistry - Running the evict task with compensationTime 0ms
2023-08-30 16:41:14.994 [Eureka-EvictionTimer] INFO  c.n.e.r.AbstractInstanceRegistry - Running the evict task with compensationTime 0ms
2023-08-30 16:41:19.994 [Eureka-EvictionTimer] INFO  c.n.e.r.AbstractInstanceRegistry - Running the evict task with compensationTime 0ms
2023-08-30 16:41:24.994 [Eureka-EvictionTimer] INFO  c.n.e.r.AbstractInstanceRegistry - Running the evict task with compensationTime 0ms
2023-08-30 16:41:29.994 [Eureka-EvictionTimer] INFO  c.n.e.r.AbstractInstanceRegistry - Running the evict task with compensationTime 0ms
2023-08-30 16:41:34.994 [Eureka-EvictionTimer] INFO  c.n.e.r.AbstractInstanceRegistry - Running the evict task with compensationTime 0ms
2023-08-30 16:41:39.994 [Eureka-EvictionTimer] INFO  c.n.e.r.AbstractInstanceRegistry - Running the evict task with compensationTime 0ms
2023-08-30 16:41:44.994 [Eureka-EvictionTimer] INFO  c.n.e.r.AbstractInstanceRegistry - Running the evict task with compensationTime 0ms
2023-08-30 16:41:49.994 [Eureka-EvictionTimer] INFO  c.n.e.r.AbstractInstanceRegistry - Running the evict task with compensationTime 0ms
2023-08-30 16:41:54.994 [Eureka-EvictionTimer] INFO  c.n.e.r.AbstractInstanceRegistry - Running the evict task with compensationTime 0ms
2023-08-30 16:41:59.994 [Eureka-EvictionTimer] INFO  c.n.e.r.AbstractInstanceRegistry - Running the evict task with compensationTime 0ms
2023-08-30 16:42:04.994 [Eureka-EvictionTimer] INFO  c.n.e.r.AbstractInstanceRegistry - Running the evict task with compensationTime 0ms
2023-08-30 16:42:09.994 [Eureka-EvictionTimer] INFO  c.n.e.r.AbstractInstanceRegistry - Running the evict task with compensationTime 0ms
2023-08-30 16:42:14.994 [Eureka-EvictionTimer] INFO  c.n.e.r.AbstractInstanceRegistry - Running the evict task with compensationTime 0ms
2023-08-30 16:42:19.994 [Eureka-EvictionTimer] INFO  c.n.e.r.AbstractInstanceRegistry - Running the evict task with compensationTime 0ms
2023-08-30 16:42:24.994 [Eureka-EvictionTimer] INFO  c.n.e.r.AbstractInstanceRegistry - Running the evict task with compensationTime 0ms
2023-08-30 16:42:29.994 [Eureka-EvictionTimer] INFO  c.n.e.r.AbstractInstanceRegistry - Running the evict task with compensationTime 0ms
2023-08-30 16:42:34.994 [Eureka-EvictionTimer] INFO  c.n.e.r.AbstractInstanceRegistry - Running the evict task with compensationTime 0ms
2023-08-30 16:42:39.994 [Eureka-EvictionTimer] INFO  c.n.e.r.AbstractInstanceRegistry - Running the evict task with compensationTime 0ms
2023-08-30 16:42:44.994 [Eureka-EvictionTimer] INFO  c.n.e.r.AbstractInstanceRegistry - Running the evict task with compensationTime 0ms
2023-08-30 16:42:49.994 [Eureka-EvictionTimer] INFO  c.n.e.r.AbstractInstanceRegistry - Running the evict task with compensationTime 0ms
2023-08-30 16:42:54.994 [Eureka-EvictionTimer] INFO  c.n.e.r.AbstractInstanceRegistry - Running the evict task with compensationTime 0ms
2023-08-30 16:42:59.994 [Eureka-EvictionTimer] INFO  c.n.e.r.AbstractInstanceRegistry - Running the evict task with compensationTime 0ms
2023-08-30 16:43:04.994 [Eureka-EvictionTimer] INFO  c.n.e.r.AbstractInstanceRegistry - Running the evict task with compensationTime 0ms
2023-08-30 16:43:09.994 [Eureka-EvictionTimer] INFO  c.n.e.r.AbstractInstanceRegistry - Running the evict task with compensationTime 0ms
2023-08-30 16:43:14.994 [Eureka-EvictionTimer] INFO  c.n.e.r.AbstractInstanceRegistry - Running the evict task with compensationTime 0ms
2023-08-30 16:43:19.994 [Eureka-EvictionTimer] INFO  c.n.e.r.AbstractInstanceRegistry - Running the evict task with compensationTime 0ms
2023-08-30 16:43:24.994 [Eureka-EvictionTimer] INFO  c.n.e.r.AbstractInstanceRegistry - Running the evict task with compensationTime 0ms
2023-08-30 16:43:29.994 [Eureka-EvictionTimer] INFO  c.n.e.r.AbstractInstanceRegistry - Running the evict task with compensationTime 0ms
2023-08-30 16:43:34.994 [Eureka-EvictionTimer] INFO  c.n.e.r.AbstractInstanceRegistry - Running the evict task with compensationTime 0ms
2023-08-30 16:43:39.994 [Eureka-EvictionTimer] INFO  c.n.e.r.AbstractInstanceRegistry - Running the evict task with compensationTime 0ms
2023-08-30 16:43:44.994 [Eureka-EvictionTimer] INFO  c.n.e.r.AbstractInstanceRegistry - Running the evict task with compensationTime 0ms
2023-08-30 16:43:49.994 [Eureka-EvictionTimer] INFO  c.n.e.r.AbstractInstanceRegistry - Running the evict task with compensationTime 0ms
2023-08-30 16:43:54.994 [Eureka-EvictionTimer] INFO  c.n.e.r.AbstractInstanceRegistry - Running the evict task with compensationTime 0ms
2023-08-30 16:43:59.994 [Eureka-EvictionTimer] INFO  c.n.e.r.AbstractInstanceRegistry - Running the evict task with compensationTime 0ms
2023-08-30 16:44:04.994 [Eureka-EvictionTimer] INFO  c.n.e.r.AbstractInstanceRegistry - Running the evict task with compensationTime 0ms
2023-08-30 16:44:09.994 [Eureka-EvictionTimer] INFO  c.n.e.r.AbstractInstanceRegistry - Running the evict task with compensationTime 0ms
2023-08-30 16:44:14.994 [Eureka-EvictionTimer] INFO  c.n.e.r.AbstractInstanceRegistry - Running the evict task with compensationTime 0ms
2023-08-30 16:44:19.994 [Eureka-EvictionTimer] INFO  c.n.e.r.AbstractInstanceRegistry - Running the evict task with compensationTime 0ms
2023-08-30 16:44:24.994 [Eureka-EvictionTimer] INFO  c.n.e.r.AbstractInstanceRegistry - Running the evict task with compensationTime 0ms
2023-08-30 16:44:29.994 [Eureka-EvictionTimer] INFO  c.n.e.r.AbstractInstanceRegistry - Running the evict task with compensationTime 0ms
2023-08-30 16:44:34.994 [Eureka-EvictionTimer] INFO  c.n.e.r.AbstractInstanceRegistry - Running the evict task with compensationTime 0ms
2023-08-30 16:44:39.994 [Eureka-EvictionTimer] INFO  c.n.e.r.AbstractInstanceRegistry - Running the evict task with compensationTime 0ms
2023-08-30 16:44:44.994 [Eureka-EvictionTimer] INFO  c.n.e.r.AbstractInstanceRegistry - Running the evict task with compensationTime 0ms
2023-08-30 16:44:49.994 [Eureka-EvictionTimer] INFO  c.n.e.r.AbstractInstanceRegistry - Running the evict task with compensationTime 0ms
2023-08-30 16:44:54.994 [Eureka-EvictionTimer] INFO  c.n.e.r.AbstractInstanceRegistry - Running the evict task with compensationTime 0ms
2023-08-30 16:44:59.994 [Eureka-EvictionTimer] INFO  c.n.e.r.AbstractInstanceRegistry - Running the evict task with compensationTime 0ms
2023-08-30 16:45:04.994 [Eureka-EvictionTimer] INFO  c.n.e.r.AbstractInstanceRegistry - Running the evict task with compensationTime 0ms
2023-08-30 16:45:09.994 [Eureka-EvictionTimer] INFO  c.n.e.r.AbstractInstanceRegistry - Running the evict task with compensationTime 0ms
2023-08-30 16:45:14.994 [Eureka-EvictionTimer] INFO  c.n.e.r.AbstractInstanceRegistry - Running the evict task with compensationTime 0ms
2023-08-30 16:45:19.994 [Eureka-EvictionTimer] INFO  c.n.e.r.AbstractInstanceRegistry - Running the evict task with compensationTime 0ms
2023-08-30 16:45:24.994 [Eureka-EvictionTimer] INFO  c.n.e.r.AbstractInstanceRegistry - Running the evict task with compensationTime 0ms
2023-08-30 16:45:29.994 [Eureka-EvictionTimer] INFO  c.n.e.r.AbstractInstanceRegistry - Running the evict task with compensationTime 0ms
2023-08-30 16:45:34.994 [Eureka-EvictionTimer] INFO  c.n.e.r.AbstractInstanceRegistry - Running the evict task with compensationTime 0ms
2023-08-30 16:45:39.994 [Eureka-EvictionTimer] INFO  c.n.e.r.AbstractInstanceRegistry - Running the evict task with compensationTime 0ms
2023-08-30 16:45:44.994 [Eureka-EvictionTimer] INFO  c.n.e.r.AbstractInstanceRegistry - Running the evict task with compensationTime 0ms
2023-08-30 16:45:49.994 [Eureka-EvictionTimer] INFO  c.n.e.r.AbstractInstanceRegistry - Running the evict task with compensationTime 0ms
2023-08-30 16:45:54.859 [ReplicaAwareInstanceRegistry - RenewalThresholdUpdater] INFO  c.n.e.r.PeerAwareInstanceRegistryImpl - Current renewal threshold is : 0
2023-08-30 16:45:54.994 [Eureka-EvictionTimer] INFO  c.n.e.r.AbstractInstanceRegistry - Running the evict task with compensationTime 0ms
2023-08-30 16:45:59.994 [Eureka-EvictionTimer] INFO  c.n.e.r.AbstractInstanceRegistry - Running the evict task with compensationTime 0ms
2023-08-30 16:46:04.994 [Eureka-EvictionTimer] INFO  c.n.e.r.AbstractInstanceRegistry - Running the evict task with compensationTime 0ms
2023-08-30 16:46:09.994 [Eureka-EvictionTimer] INFO  c.n.e.r.AbstractInstanceRegistry - Running the evict task with compensationTime 0ms
2023-08-30 16:46:14.994 [Eureka-EvictionTimer] INFO  c.n.e.r.AbstractInstanceRegistry - Running the evict task with compensationTime 0ms
2023-08-30 16:46:19.994 [Eureka-EvictionTimer] INFO  c.n.e.r.AbstractInstanceRegistry - Running the evict task with compensationTime 0ms
2023-08-30 16:46:24.994 [Eureka-EvictionTimer] INFO  c.n.e.r.AbstractInstanceRegistry - Running the evict task with compensationTime 0ms
2023-08-30 16:46:29.994 [Eureka-EvictionTimer] INFO  c.n.e.r.AbstractInstanceRegistry - Running the evict task with compensationTime 0ms
2023-08-30 16:46:34.994 [Eureka-EvictionTimer] INFO  c.n.e.r.AbstractInstanceRegistry - Running the evict task with compensationTime 0ms
2023-08-30 16:46:39.994 [Eureka-EvictionTimer] INFO  c.n.e.r.AbstractInstanceRegistry - Running the evict task with compensationTime 0ms
2023-08-30 16:46:44.994 [Eureka-EvictionTimer] INFO  c.n.e.r.AbstractInstanceRegistry - Running the evict task with compensationTime 0ms
2023-08-30 16:46:49.994 [Eureka-EvictionTimer] INFO  c.n.e.r.AbstractInstanceRegistry - Running the evict task with compensationTime 0ms
2023-08-30 16:46:54.994 [Eureka-EvictionTimer] INFO  c.n.e.r.AbstractInstanceRegistry - Running the evict task with compensationTime 0ms
2023-08-30 16:46:59.994 [Eureka-EvictionTimer] INFO  c.n.e.r.AbstractInstanceRegistry - Running the evict task with compensationTime 0ms
2023-08-30 16:47:04.994 [Eureka-EvictionTimer] INFO  c.n.e.r.AbstractInstanceRegistry - Running the evict task with compensationTime 0ms
2023-08-30 16:47:09.994 [Eureka-EvictionTimer] INFO  c.n.e.r.AbstractInstanceRegistry - Running the evict task with compensationTime 0ms
2023-08-30 16:47:14.994 [Eureka-EvictionTimer] INFO  c.n.e.r.AbstractInstanceRegistry - Running the evict task with compensationTime 0ms
2023-08-30 16:47:19.994 [Eureka-EvictionTimer] INFO  c.n.e.r.AbstractInstanceRegistry - Running the evict task with compensationTime 0ms
2023-08-30 16:47:24.994 [Eureka-EvictionTimer] INFO  c.n.e.r.AbstractInstanceRegistry - Running the evict task with compensationTime 0ms
2023-08-30 16:47:29.994 [Eureka-EvictionTimer] INFO  c.n.e.r.AbstractInstanceRegistry - Running the evict task with compensationTime 0ms
2023-08-30 16:47:34.994 [Eureka-EvictionTimer] INFO  c.n.e.r.AbstractInstanceRegistry - Running the evict task with compensationTime 0ms
2023-08-30 16:47:39.994 [Eureka-EvictionTimer] INFO  c.n.e.r.AbstractInstanceRegistry - Running the evict task with compensationTime 0ms
2023-08-30 16:47:44.994 [Eureka-EvictionTimer] INFO  c.n.e.r.AbstractInstanceRegistry - Running the evict task with compensationTime 0ms
2023-08-30 16:47:49.994 [Eureka-EvictionTimer] INFO  c.n.e.r.AbstractInstanceRegistry - Running the evict task with compensationTime 0ms
2023-08-30 16:47:54.994 [Eureka-EvictionTimer] INFO  c.n.e.r.AbstractInstanceRegistry - Running the evict task with compensationTime 0ms
2023-08-30 16:47:59.994 [Eureka-EvictionTimer] INFO  c.n.e.r.AbstractInstanceRegistry - Running the evict task with compensationTime 0ms
2023-08-30 16:48:04.994 [Eureka-EvictionTimer] INFO  c.n.e.r.AbstractInstanceRegistry - Running the evict task with compensationTime 0ms
2023-08-30 16:48:09.994 [Eureka-EvictionTimer] INFO  c.n.e.r.AbstractInstanceRegistry - Running the evict task with compensationTime 0ms
2023-08-30 16:48:14.994 [Eureka-EvictionTimer] INFO  c.n.e.r.AbstractInstanceRegistry - Running the evict task with compensationTime 0ms
2023-08-30 16:48:19.994 [Eureka-EvictionTimer] INFO  c.n.e.r.AbstractInstanceRegistry - Running the evict task with compensationTime 0ms
2023-08-30 16:48:24.994 [Eureka-EvictionTimer] INFO  c.n.e.r.AbstractInstanceRegistry - Running the evict task with compensationTime 0ms
2023-08-30 16:48:29.994 [Eureka-EvictionTimer] INFO  c.n.e.r.AbstractInstanceRegistry - Running the evict task with compensationTime 0ms
2023-08-30 16:48:34.994 [Eureka-EvictionTimer] INFO  c.n.e.r.AbstractInstanceRegistry - Running the evict task with compensationTime 0ms
2023-08-30 16:48:39.994 [Eureka-EvictionTimer] INFO  c.n.e.r.AbstractInstanceRegistry - Running the evict task with compensationTime 0ms
2023-08-30 16:48:44.994 [Eureka-EvictionTimer] INFO  c.n.e.r.AbstractInstanceRegistry - Running the evict task with compensationTime 0ms
2023-08-30 16:48:49.994 [Eureka-EvictionTimer] INFO  c.n.e.r.AbstractInstanceRegistry - Running the evict task with compensationTime 0ms
2023-08-30 16:48:54.994 [Eureka-EvictionTimer] INFO  c.n.e.r.AbstractInstanceRegistry - Running the evict task with compensationTime 0ms
2023-08-30 16:48:59.994 [Eureka-EvictionTimer] INFO  c.n.e.r.AbstractInstanceRegistry - Running the evict task with compensationTime 0ms
2023-08-30 16:49:04.994 [Eureka-EvictionTimer] INFO  c.n.e.r.AbstractInstanceRegistry - Running the evict task with compensationTime 0ms
2023-08-30 16:49:09.994 [Eureka-EvictionTimer] INFO  c.n.e.r.AbstractInstanceRegistry - Running the evict task with compensationTime 0ms
2023-08-30 16:49:14.994 [Eureka-EvictionTimer] INFO  c.n.e.r.AbstractInstanceRegistry - Running the evict task with compensationTime 0ms
2023-08-30 16:49:19.994 [Eureka-EvictionTimer] INFO  c.n.e.r.AbstractInstanceRegistry - Running the evict task with compensationTime 0ms
2023-08-30 16:49:24.994 [Eureka-EvictionTimer] INFO  c.n.e.r.AbstractInstanceRegistry - Running the evict task with compensationTime 0ms
2023-08-30 16:49:29.994 [Eureka-EvictionTimer] INFO  c.n.e.r.AbstractInstanceRegistry - Running the evict task with compensationTime 0ms
2023-08-30 16:49:34.994 [Eureka-EvictionTimer] INFO  c.n.e.r.AbstractInstanceRegistry - Running the evict task with compensationTime 0ms
2023-08-30 16:49:39.994 [Eureka-EvictionTimer] INFO  c.n.e.r.AbstractInstanceRegistry - Running the evict task with compensationTime 0ms
2023-08-30 16:49:44.994 [Eureka-EvictionTimer] INFO  c.n.e.r.AbstractInstanceRegistry - Running the evict task with compensationTime 0ms
2023-08-30 16:49:49.994 [Eureka-EvictionTimer] INFO  c.n.e.r.AbstractInstanceRegistry - Running the evict task with compensationTime 0ms
2023-08-30 16:49:54.994 [Eureka-EvictionTimer] INFO  c.n.e.r.AbstractInstanceRegistry - Running the evict task with compensationTime 0ms
2023-08-30 16:49:59.994 [Eureka-EvictionTimer] INFO  c.n.e.r.AbstractInstanceRegistry - Running the evict task with compensationTime 0ms
2023-08-30 16:50:04.994 [Eureka-EvictionTimer] INFO  c.n.e.r.AbstractInstanceRegistry - Running the evict task with compensationTime 0ms
2023-08-30 16:50:09.994 [Eureka-EvictionTimer] INFO  c.n.e.r.AbstractInstanceRegistry - Running the evict task with compensationTime 0ms
2023-08-30 16:50:14.994 [Eureka-EvictionTimer] INFO  c.n.e.r.AbstractInstanceRegistry - Running the evict task with compensationTime 0ms
2023-08-30 16:50:19.994 [Eureka-EvictionTimer] INFO  c.n.e.r.AbstractInstanceRegistry - Running the evict task with compensationTime 0ms
2023-08-30 16:50:24.994 [Eureka-EvictionTimer] INFO  c.n.e.r.AbstractInstanceRegistry - Running the evict task with compensationTime 0ms
2023-08-30 16:50:29.994 [Eureka-EvictionTimer] INFO  c.n.e.r.AbstractInstanceRegistry - Running the evict task with compensationTime 0ms
2023-08-30 16:50:34.994 [Eureka-EvictionTimer] INFO  c.n.e.r.AbstractInstanceRegistry - Running the evict task with compensationTime 0ms
2023-08-30 16:50:39.994 [Eureka-EvictionTimer] INFO  c.n.e.r.AbstractInstanceRegistry - Running the evict task with compensationTime 0ms
2023-08-30 16:50:44.994 [Eureka-EvictionTimer] INFO  c.n.e.r.AbstractInstanceRegistry - Running the evict task with compensationTime 0ms
2023-08-30 16:50:49.994 [Eureka-EvictionTimer] INFO  c.n.e.r.AbstractInstanceRegistry - Running the evict task with compensationTime 0ms
2023-08-30 16:50:54.994 [Eureka-EvictionTimer] INFO  c.n.e.r.AbstractInstanceRegistry - Running the evict task with compensationTime 0ms
2023-08-30 16:50:59.994 [Eureka-EvictionTimer] INFO  c.n.e.r.AbstractInstanceRegistry - Running the evict task with compensationTime 0ms
2023-08-30 16:51:04.994 [Eureka-EvictionTimer] INFO  c.n.e.r.AbstractInstanceRegistry - Running the evict task with compensationTime 0ms
2023-08-30 16:51:09.994 [Eureka-EvictionTimer] INFO  c.n.e.r.AbstractInstanceRegistry - Running the evict task with compensationTime 0ms
2023-08-30 16:51:14.994 [Eureka-EvictionTimer] INFO  c.n.e.r.AbstractInstanceRegistry - Running the evict task with compensationTime 0ms
2023-08-30 16:51:19.994 [Eureka-EvictionTimer] INFO  c.n.e.r.AbstractInstanceRegistry - Running the evict task with compensationTime 0ms
2023-08-30 16:51:24.994 [Eureka-EvictionTimer] INFO  c.n.e.r.AbstractInstanceRegistry - Running the evict task with compensationTime 0ms
2023-08-30 16:51:29.994 [Eureka-EvictionTimer] INFO  c.n.e.r.AbstractInstanceRegistry - Running the evict task with compensationTime 0ms
2023-08-30 16:51:34.994 [Eureka-EvictionTimer] INFO  c.n.e.r.AbstractInstanceRegistry - Running the evict task with compensationTime 0ms
2023-08-30 16:51:39.994 [Eureka-EvictionTimer] INFO  c.n.e.r.AbstractInstanceRegistry - Running the evict task with compensationTime 0ms
2023-08-30 16:51:44.994 [Eureka-EvictionTimer] INFO  c.n.e.r.AbstractInstanceRegistry - Running the evict task with compensationTime 0ms
2023-08-30 16:51:49.994 [Eureka-EvictionTimer] INFO  c.n.e.r.AbstractInstanceRegistry - Running the evict task with compensationTime 0ms
2023-08-30 16:51:54.994 [Eureka-EvictionTimer] INFO  c.n.e.r.AbstractInstanceRegistry - Running the evict task with compensationTime 0ms
2023-08-30 16:51:59.994 [Eureka-EvictionTimer] INFO  c.n.e.r.AbstractInstanceRegistry - Running the evict task with compensationTime 0ms
2023-08-30 16:52:04.994 [Eureka-EvictionTimer] INFO  c.n.e.r.AbstractInstanceRegistry - Running the evict task with compensationTime 0ms
2023-08-30 16:52:09.994 [Eureka-EvictionTimer] INFO  c.n.e.r.AbstractInstanceRegistry - Running the evict task with compensationTime 0ms
2023-08-30 16:52:14.994 [Eureka-EvictionTimer] INFO  c.n.e.r.AbstractInstanceRegistry - Running the evict task with compensationTime 0ms
2023-08-30 16:52:19.994 [Eureka-EvictionTimer] INFO  c.n.e.r.AbstractInstanceRegistry - Running the evict task with compensationTime 0ms
2023-08-30 16:52:24.994 [Eureka-EvictionTimer] INFO  c.n.e.r.AbstractInstanceRegistry - Running the evict task with compensationTime 0ms
2023-08-30 16:52:29.994 [Eureka-EvictionTimer] INFO  c.n.e.r.AbstractInstanceRegistry - Running the evict task with compensationTime 0ms
2023-08-30 16:52:34.994 [Eureka-EvictionTimer] INFO  c.n.e.r.AbstractInstanceRegistry - Running the evict task with compensationTime 0ms
2023-08-30 16:52:39.994 [Eureka-EvictionTimer] INFO  c.n.e.r.AbstractInstanceRegistry - Running the evict task with compensationTime 0ms
2023-08-30 16:52:44.994 [Eureka-EvictionTimer] INFO  c.n.e.r.AbstractInstanceRegistry - Running the evict task with compensationTime 0ms
2023-08-30 16:52:49.994 [Eureka-EvictionTimer] INFO  c.n.e.r.AbstractInstanceRegistry - Running the evict task with compensationTime 0ms
2023-08-30 16:52:54.994 [Eureka-EvictionTimer] INFO  c.n.e.r.AbstractInstanceRegistry - Running the evict task with compensationTime 0ms
2023-08-30 16:52:59.994 [Eureka-EvictionTimer] INFO  c.n.e.r.AbstractInstanceRegistry - Running the evict task with compensationTime 0ms
2023-08-30 16:53:04.994 [Eureka-EvictionTimer] INFO  c.n.e.r.AbstractInstanceRegistry - Running the evict task with compensationTime 0ms
2023-08-30 16:53:09.994 [Eureka-EvictionTimer] INFO  c.n.e.r.AbstractInstanceRegistry - Running the evict task with compensationTime 0ms
2023-08-30 16:53:14.994 [Eureka-EvictionTimer] INFO  c.n.e.r.AbstractInstanceRegistry - Running the evict task with compensationTime 0ms
2023-08-30 16:53:19.994 [Eureka-EvictionTimer] INFO  c.n.e.r.AbstractInstanceRegistry - Running the evict task with compensationTime 0ms
2023-08-30 16:53:24.994 [Eureka-EvictionTimer] INFO  c.n.e.r.AbstractInstanceRegistry - Running the evict task with compensationTime 0ms
2023-08-30 16:53:29.994 [Eureka-EvictionTimer] INFO  c.n.e.r.AbstractInstanceRegistry - Running the evict task with compensationTime 0ms
2023-08-30 16:53:34.994 [Eureka-EvictionTimer] INFO  c.n.e.r.AbstractInstanceRegistry - Running the evict task with compensationTime 0ms
2023-08-30 16:53:39.994 [Eureka-EvictionTimer] INFO  c.n.e.r.AbstractInstanceRegistry - Running the evict task with compensationTime 0ms
2023-08-30 16:53:44.994 [Eureka-EvictionTimer] INFO  c.n.e.r.AbstractInstanceRegistry - Running the evict task with compensationTime 0ms
2023-08-30 16:53:49.994 [Eureka-EvictionTimer] INFO  c.n.e.r.AbstractInstanceRegistry - Running the evict task with compensationTime 0ms
2023-08-30 16:53:54.994 [Eureka-EvictionTimer] INFO  c.n.e.r.AbstractInstanceRegistry - Running the evict task with compensationTime 0ms
2023-08-30 16:53:59.994 [Eureka-EvictionTimer] INFO  c.n.e.r.AbstractInstanceRegistry - Running the evict task with compensationTime 0ms
2023-08-30 16:54:04.994 [Eureka-EvictionTimer] INFO  c.n.e.r.AbstractInstanceRegistry - Running the evict task with compensationTime 0ms
2023-08-30 16:54:09.994 [Eureka-EvictionTimer] INFO  c.n.e.r.AbstractInstanceRegistry - Running the evict task with compensationTime 0ms
2023-08-30 16:54:14.994 [Eureka-EvictionTimer] INFO  c.n.e.r.AbstractInstanceRegistry - Running the evict task with compensationTime 0ms
2023-08-30 16:54:19.994 [Eureka-EvictionTimer] INFO  c.n.e.r.AbstractInstanceRegistry - Running the evict task with compensationTime 0ms
2023-08-30 16:54:24.994 [Eureka-EvictionTimer] INFO  c.n.e.r.AbstractInstanceRegistry - Running the evict task with compensationTime 0ms
2023-08-30 16:54:29.994 [Eureka-EvictionTimer] INFO  c.n.e.r.AbstractInstanceRegistry - Running the evict task with compensationTime 0ms
2023-08-30 16:54:34.994 [Eureka-EvictionTimer] INFO  c.n.e.r.AbstractInstanceRegistry - Running the evict task with compensationTime 0ms
2023-08-30 16:54:39.994 [Eureka-EvictionTimer] INFO  c.n.e.r.AbstractInstanceRegistry - Running the evict task with compensationTime 0ms
2023-08-30 16:54:44.994 [Eureka-EvictionTimer] INFO  c.n.e.r.AbstractInstanceRegistry - Running the evict task with compensationTime 0ms
2023-08-30 16:54:49.994 [Eureka-EvictionTimer] INFO  c.n.e.r.AbstractInstanceRegistry - Running the evict task with compensationTime 0ms
2023-08-30 16:54:54.994 [Eureka-EvictionTimer] INFO  c.n.e.r.AbstractInstanceRegistry - Running the evict task with compensationTime 0ms
2023-08-30 16:54:59.994 [Eureka-EvictionTimer] INFO  c.n.e.r.AbstractInstanceRegistry - Running the evict task with compensationTime 0ms
2023-08-30 16:55:04.994 [Eureka-EvictionTimer] INFO  c.n.e.r.AbstractInstanceRegistry - Running the evict task with compensationTime 0ms
2023-08-30 16:55:09.994 [Eureka-EvictionTimer] INFO  c.n.e.r.AbstractInstanceRegistry - Running the evict task with compensationTime 0ms
2023-08-30 16:55:14.994 [Eureka-EvictionTimer] INFO  c.n.e.r.AbstractInstanceRegistry - Running the evict task with compensationTime 0ms
2023-08-30 16:55:19.994 [Eureka-EvictionTimer] INFO  c.n.e.r.AbstractInstanceRegistry - Running the evict task with compensationTime 0ms
2023-08-30 16:55:24.994 [Eureka-EvictionTimer] INFO  c.n.e.r.AbstractInstanceRegistry - Running the evict task with compensationTime 0ms
2023-08-30 16:55:29.994 [Eureka-EvictionTimer] INFO  c.n.e.r.AbstractInstanceRegistry - Running the evict task with compensationTime 0ms
2023-08-30 16:55:34.994 [Eureka-EvictionTimer] INFO  c.n.e.r.AbstractInstanceRegistry - Running the evict task with compensationTime 0ms
2023-08-30 16:55:39.994 [Eureka-EvictionTimer] INFO  c.n.e.r.AbstractInstanceRegistry - Running the evict task with compensationTime 0ms
2023-08-30 16:55:44.994 [Eureka-EvictionTimer] INFO  c.n.e.r.AbstractInstanceRegistry - Running the evict task with compensationTime 0ms
2023-08-30 16:55:49.994 [Eureka-EvictionTimer] INFO  c.n.e.r.AbstractInstanceRegistry - Running the evict task with compensationTime 0ms
2023-08-30 16:55:54.994 [Eureka-EvictionTimer] INFO  c.n.e.r.AbstractInstanceRegistry - Running the evict task with compensationTime 0ms
2023-08-30 16:55:59.994 [Eureka-EvictionTimer] INFO  c.n.e.r.AbstractInstanceRegistry - Running the evict task with compensationTime 0ms
2023-08-30 16:56:04.994 [Eureka-EvictionTimer] INFO  c.n.e.r.AbstractInstanceRegistry - Running the evict task with compensationTime 0ms
2023-08-30 16:56:09.994 [Eureka-EvictionTimer] INFO  c.n.e.r.AbstractInstanceRegistry - Running the evict task with compensationTime 0ms
2023-08-30 16:56:14.994 [Eureka-EvictionTimer] INFO  c.n.e.r.AbstractInstanceRegistry - Running the evict task with compensationTime 0ms
2023-08-30 16:56:19.994 [Eureka-EvictionTimer] INFO  c.n.e.r.AbstractInstanceRegistry - Running the evict task with compensationTime 0ms
2023-08-30 16:56:24.994 [Eureka-EvictionTimer] INFO  c.n.e.r.AbstractInstanceRegistry - Running the evict task with compensationTime 0ms
2023-08-30 16:56:29.994 [Eureka-EvictionTimer] INFO  c.n.e.r.AbstractInstanceRegistry - Running the evict task with compensationTime 0ms
2023-08-30 16:56:34.994 [Eureka-EvictionTimer] INFO  c.n.e.r.AbstractInstanceRegistry - Running the evict task with compensationTime 0ms
2023-08-30 16:56:39.994 [Eureka-EvictionTimer] INFO  c.n.e.r.AbstractInstanceRegistry - Running the evict task with compensationTime 0ms
2023-08-30 16:56:44.994 [Eureka-EvictionTimer] INFO  c.n.e.r.AbstractInstanceRegistry - Running the evict task with compensationTime 0ms
2023-08-30 16:56:49.994 [Eureka-EvictionTimer] INFO  c.n.e.r.AbstractInstanceRegistry - Running the evict task with compensationTime 0ms
2023-08-30 16:56:54.994 [Eureka-EvictionTimer] INFO  c.n.e.r.AbstractInstanceRegistry - Running the evict task with compensationTime 0ms
2023-08-30 16:56:59.994 [Eureka-EvictionTimer] INFO  c.n.e.r.AbstractInstanceRegistry - Running the evict task with compensationTime 0ms
2023-08-30 16:57:04.994 [Eureka-EvictionTimer] INFO  c.n.e.r.AbstractInstanceRegistry - Running the evict task with compensationTime 0ms
2023-08-30 16:57:09.994 [Eureka-EvictionTimer] INFO  c.n.e.r.AbstractInstanceRegistry - Running the evict task with compensationTime 0ms
2023-08-30 16:57:14.994 [Eureka-EvictionTimer] INFO  c.n.e.r.AbstractInstanceRegistry - Running the evict task with compensationTime 0ms
2023-08-30 16:57:19.994 [Eureka-EvictionTimer] INFO  c.n.e.r.AbstractInstanceRegistry - Running the evict task with compensationTime 0ms
2023-08-30 16:57:24.994 [Eureka-EvictionTimer] INFO  c.n.e.r.AbstractInstanceRegistry - Running the evict task with compensationTime 0ms
2023-08-30 16:57:29.994 [Eureka-EvictionTimer] INFO  c.n.e.r.AbstractInstanceRegistry - Running the evict task with compensationTime 0ms
2023-08-30 16:57:34.994 [Eureka-EvictionTimer] INFO  c.n.e.r.AbstractInstanceRegistry - Running the evict task with compensationTime 0ms
2023-08-30 16:57:39.994 [Eureka-EvictionTimer] INFO  c.n.e.r.AbstractInstanceRegistry - Running the evict task with compensationTime 0ms
2023-08-30 16:57:44.994 [Eureka-EvictionTimer] INFO  c.n.e.r.AbstractInstanceRegistry - Running the evict task with compensationTime 0ms
2023-08-30 16:57:49.994 [Eureka-EvictionTimer] INFO  c.n.e.r.AbstractInstanceRegistry - Running the evict task with compensationTime 0ms
2023-08-30 16:57:54.994 [Eureka-EvictionTimer] INFO  c.n.e.r.AbstractInstanceRegistry - Running the evict task with compensationTime 0ms
2023-08-30 16:57:59.994 [Eureka-EvictionTimer] INFO  c.n.e.r.AbstractInstanceRegistry - Running the evict task with compensationTime 0ms
2023-08-30 16:58:04.994 [Eureka-EvictionTimer] INFO  c.n.e.r.AbstractInstanceRegistry - Running the evict task with compensationTime 0ms
2023-08-30 16:58:09.994 [Eureka-EvictionTimer] INFO  c.n.e.r.AbstractInstanceRegistry - Running the evict task with compensationTime 0ms
2023-08-30 16:58:14.994 [Eureka-EvictionTimer] INFO  c.n.e.r.AbstractInstanceRegistry - Running the evict task with compensationTime 0ms
2023-08-30 16:58:19.994 [Eureka-EvictionTimer] INFO  c.n.e.r.AbstractInstanceRegistry - Running the evict task with compensationTime 0ms
2023-08-30 16:58:24.994 [Eureka-EvictionTimer] INFO  c.n.e.r.AbstractInstanceRegistry - Running the evict task with compensationTime 0ms
2023-08-30 16:58:29.994 [Eureka-EvictionTimer] INFO  c.n.e.r.AbstractInstanceRegistry - Running the evict task with compensationTime 0ms
2023-08-30 16:58:34.994 [Eureka-EvictionTimer] INFO  c.n.e.r.AbstractInstanceRegistry - Running the evict task with compensationTime 0ms
2023-08-30 16:58:39.994 [Eureka-EvictionTimer] INFO  c.n.e.r.AbstractInstanceRegistry - Running the evict task with compensationTime 0ms
2023-08-30 16:58:44.994 [Eureka-EvictionTimer] INFO  c.n.e.r.AbstractInstanceRegistry - Running the evict task with compensationTime 0ms
2023-08-30 16:58:49.994 [Eureka-EvictionTimer] INFO  c.n.e.r.AbstractInstanceRegistry - Running the evict task with compensationTime 0ms
2023-08-30 16:58:54.994 [Eureka-EvictionTimer] INFO  c.n.e.r.AbstractInstanceRegistry - Running the evict task with compensationTime 0ms
2023-08-30 16:58:59.994 [Eureka-EvictionTimer] INFO  c.n.e.r.AbstractInstanceRegistry - Running the evict task with compensationTime 0ms
2023-08-30 16:59:04.994 [Eureka-EvictionTimer] INFO  c.n.e.r.AbstractInstanceRegistry - Running the evict task with compensationTime 0ms
2023-08-30 16:59:09.994 [Eureka-EvictionTimer] INFO  c.n.e.r.AbstractInstanceRegistry - Running the evict task with compensationTime 0ms
2023-08-30 16:59:14.994 [Eureka-EvictionTimer] INFO  c.n.e.r.AbstractInstanceRegistry - Running the evict task with compensationTime 0ms
2023-08-30 16:59:19.994 [Eureka-EvictionTimer] INFO  c.n.e.r.AbstractInstanceRegistry - Running the evict task with compensationTime 0ms
2023-08-30 16:59:24.994 [Eureka-EvictionTimer] INFO  c.n.e.r.AbstractInstanceRegistry - Running the evict task with compensationTime 0ms
2023-08-30 16:59:29.994 [Eureka-EvictionTimer] INFO  c.n.e.r.AbstractInstanceRegistry - Running the evict task with compensationTime 0ms
2023-08-30 16:59:34.994 [Eureka-EvictionTimer] INFO  c.n.e.r.AbstractInstanceRegistry - Running the evict task with compensationTime 0ms
2023-08-30 16:59:39.994 [Eureka-EvictionTimer] INFO  c.n.e.r.AbstractInstanceRegistry - Running the evict task with compensationTime 0ms
2023-08-30 16:59:44.994 [Eureka-EvictionTimer] INFO  c.n.e.r.AbstractInstanceRegistry - Running the evict task with compensationTime 0ms
2023-08-30 16:59:49.994 [Eureka-EvictionTimer] INFO  c.n.e.r.AbstractInstanceRegistry - Running the evict task with compensationTime 0ms
2023-08-30 16:59:54.994 [Eureka-EvictionTimer] INFO  c.n.e.r.AbstractInstanceRegistry - Running the evict task with compensationTime 0ms
2023-08-30 16:59:59.994 [Eureka-EvictionTimer] INFO  c.n.e.r.AbstractInstanceRegistry - Running the evict task with compensationTime 0ms
2023-08-30 17:00:04.994 [Eureka-EvictionTimer] INFO  c.n.e.r.AbstractInstanceRegistry - Running the evict task with compensationTime 0ms
2023-08-30 17:00:09.994 [Eureka-EvictionTimer] INFO  c.n.e.r.AbstractInstanceRegistry - Running the evict task with compensationTime 0ms
2023-08-30 17:00:14.994 [Eureka-EvictionTimer] INFO  c.n.e.r.AbstractInstanceRegistry - Running the evict task with compensationTime 0ms
2023-08-30 17:00:19.994 [Eureka-EvictionTimer] INFO  c.n.e.r.AbstractInstanceRegistry - Running the evict task with compensationTime 0ms
2023-08-30 17:00:24.994 [Eureka-EvictionTimer] INFO  c.n.e.r.AbstractInstanceRegistry - Running the evict task with compensationTime 0ms
2023-08-30 17:00:29.994 [Eureka-EvictionTimer] INFO  c.n.e.r.AbstractInstanceRegistry - Running the evict task with compensationTime 0ms
2023-08-30 17:00:34.994 [Eureka-EvictionTimer] INFO  c.n.e.r.AbstractInstanceRegistry - Running the evict task with compensationTime 0ms
2023-08-30 17:00:39.994 [Eureka-EvictionTimer] INFO  c.n.e.r.AbstractInstanceRegistry - Running the evict task with compensationTime 0ms
2023-08-30 17:00:44.994 [Eureka-EvictionTimer] INFO  c.n.e.r.AbstractInstanceRegistry - Running the evict task with compensationTime 0ms
2023-08-30 17:00:49.994 [Eureka-EvictionTimer] INFO  c.n.e.r.AbstractInstanceRegistry - Running the evict task with compensationTime 0ms
2023-08-30 17:00:54.859 [ReplicaAwareInstanceRegistry - RenewalThresholdUpdater] INFO  c.n.e.r.PeerAwareInstanceRegistryImpl - Current renewal threshold is : 0
2023-08-30 17:00:54.994 [Eureka-EvictionTimer] INFO  c.n.e.r.AbstractInstanceRegistry - Running the evict task with compensationTime 0ms
2023-08-30 17:00:59.994 [Eureka-EvictionTimer] INFO  c.n.e.r.AbstractInstanceRegistry - Running the evict task with compensationTime 0ms
2023-08-30 17:01:04.994 [Eureka-EvictionTimer] INFO  c.n.e.r.AbstractInstanceRegistry - Running the evict task with compensationTime 0ms
2023-08-30 17:01:09.994 [Eureka-EvictionTimer] INFO  c.n.e.r.AbstractInstanceRegistry - Running the evict task with compensationTime 0ms
2023-08-30 17:01:14.994 [Eureka-EvictionTimer] INFO  c.n.e.r.AbstractInstanceRegistry - Running the evict task with compensationTime 0ms
2023-08-30 17:01:19.994 [Eureka-EvictionTimer] INFO  c.n.e.r.AbstractInstanceRegistry - Running the evict task with compensationTime 0ms
2023-08-30 17:01:24.994 [Eureka-EvictionTimer] INFO  c.n.e.r.AbstractInstanceRegistry - Running the evict task with compensationTime 0ms
2023-08-30 17:01:29.994 [Eureka-EvictionTimer] INFO  c.n.e.r.AbstractInstanceRegistry - Running the evict task with compensationTime 0ms
2023-08-30 17:01:34.994 [Eureka-EvictionTimer] INFO  c.n.e.r.AbstractInstanceRegistry - Running the evict task with compensationTime 0ms
2023-08-30 17:01:39.994 [Eureka-EvictionTimer] INFO  c.n.e.r.AbstractInstanceRegistry - Running the evict task with compensationTime 0ms
2023-08-30 17:01:44.994 [Eureka-EvictionTimer] INFO  c.n.e.r.AbstractInstanceRegistry - Running the evict task with compensationTime 0ms
2023-08-30 17:01:49.994 [Eureka-EvictionTimer] INFO  c.n.e.r.AbstractInstanceRegistry - Running the evict task with compensationTime 0ms
2023-08-30 17:01:54.994 [Eureka-EvictionTimer] INFO  c.n.e.r.AbstractInstanceRegistry - Running the evict task with compensationTime 0ms
2023-08-30 17:01:59.994 [Eureka-EvictionTimer] INFO  c.n.e.r.AbstractInstanceRegistry - Running the evict task with compensationTime 0ms
2023-08-30 17:02:04.994 [Eureka-EvictionTimer] INFO  c.n.e.r.AbstractInstanceRegistry - Running the evict task with compensationTime 0ms
2023-08-30 17:02:09.994 [Eureka-EvictionTimer] INFO  c.n.e.r.AbstractInstanceRegistry - Running the evict task with compensationTime 0ms
2023-08-30 17:02:14.994 [Eureka-EvictionTimer] INFO  c.n.e.r.AbstractInstanceRegistry - Running the evict task with compensationTime 0ms
2023-08-30 17:02:19.994 [Eureka-EvictionTimer] INFO  c.n.e.r.AbstractInstanceRegistry - Running the evict task with compensationTime 0ms
2023-08-30 17:02:24.994 [Eureka-EvictionTimer] INFO  c.n.e.r.AbstractInstanceRegistry - Running the evict task with compensationTime 0ms
2023-08-30 17:02:29.994 [Eureka-EvictionTimer] INFO  c.n.e.r.AbstractInstanceRegistry - Running the evict task with compensationTime 0ms
2023-08-30 17:02:34.994 [Eureka-EvictionTimer] INFO  c.n.e.r.AbstractInstanceRegistry - Running the evict task with compensationTime 0ms
2023-08-30 17:02:39.994 [Eureka-EvictionTimer] INFO  c.n.e.r.AbstractInstanceRegistry - Running the evict task with compensationTime 0ms
2023-08-30 17:02:44.994 [Eureka-EvictionTimer] INFO  c.n.e.r.AbstractInstanceRegistry - Running the evict task with compensationTime 0ms
2023-08-30 17:02:49.994 [Eureka-EvictionTimer] INFO  c.n.e.r.AbstractInstanceRegistry - Running the evict task with compensationTime 0ms
2023-08-30 17:02:54.994 [Eureka-EvictionTimer] INFO  c.n.e.r.AbstractInstanceRegistry - Running the evict task with compensationTime 0ms
2023-08-30 17:02:59.994 [Eureka-EvictionTimer] INFO  c.n.e.r.AbstractInstanceRegistry - Running the evict task with compensationTime 0ms
2023-08-30 17:03:04.994 [Eureka-EvictionTimer] INFO  c.n.e.r.AbstractInstanceRegistry - Running the evict task with compensationTime 0ms
2023-08-30 17:03:09.994 [Eureka-EvictionTimer] INFO  c.n.e.r.AbstractInstanceRegistry - Running the evict task with compensationTime 0ms
2023-08-30 17:03:14.994 [Eureka-EvictionTimer] INFO  c.n.e.r.AbstractInstanceRegistry - Running the evict task with compensationTime 0ms
2023-08-30 17:03:19.994 [Eureka-EvictionTimer] INFO  c.n.e.r.AbstractInstanceRegistry - Running the evict task with compensationTime 0ms
2023-08-30 17:03:24.994 [Eureka-EvictionTimer] INFO  c.n.e.r.AbstractInstanceRegistry - Running the evict task with compensationTime 0ms
2023-08-30 17:03:29.994 [Eureka-EvictionTimer] INFO  c.n.e.r.AbstractInstanceRegistry - Running the evict task with compensationTime 0ms
2023-08-30 17:03:34.994 [Eureka-EvictionTimer] INFO  c.n.e.r.AbstractInstanceRegistry - Running the evict task with compensationTime 0ms
2023-08-30 17:03:39.994 [Eureka-EvictionTimer] INFO  c.n.e.r.AbstractInstanceRegistry - Running the evict task with compensationTime 0ms
2023-08-30 17:03:44.994 [Eureka-EvictionTimer] INFO  c.n.e.r.AbstractInstanceRegistry - Running the evict task with compensationTime 0ms
2023-08-30 17:03:49.994 [Eureka-EvictionTimer] INFO  c.n.e.r.AbstractInstanceRegistry - Running the evict task with compensationTime 0ms
2023-08-30 17:03:54.994 [Eureka-EvictionTimer] INFO  c.n.e.r.AbstractInstanceRegistry - Running the evict task with compensationTime 0ms
2023-08-30 17:03:59.994 [Eureka-EvictionTimer] INFO  c.n.e.r.AbstractInstanceRegistry - Running the evict task with compensationTime 0ms
2023-08-30 17:04:04.994 [Eureka-EvictionTimer] INFO  c.n.e.r.AbstractInstanceRegistry - Running the evict task with compensationTime 0ms
2023-08-30 17:04:09.994 [Eureka-EvictionTimer] INFO  c.n.e.r.AbstractInstanceRegistry - Running the evict task with compensationTime 0ms
2023-08-30 17:04:14.994 [Eureka-EvictionTimer] INFO  c.n.e.r.AbstractInstanceRegistry - Running the evict task with compensationTime 0ms
2023-08-30 17:04:19.994 [Eureka-EvictionTimer] INFO  c.n.e.r.AbstractInstanceRegistry - Running the evict task with compensationTime 0ms
2023-08-30 17:04:24.994 [Eureka-EvictionTimer] INFO  c.n.e.r.AbstractInstanceRegistry - Running the evict task with compensationTime 0ms
2023-08-30 17:04:29.994 [Eureka-EvictionTimer] INFO  c.n.e.r.AbstractInstanceRegistry - Running the evict task with compensationTime 0ms
2023-08-30 17:04:34.994 [Eureka-EvictionTimer] INFO  c.n.e.r.AbstractInstanceRegistry - Running the evict task with compensationTime 0ms
2023-08-30 17:04:39.994 [Eureka-EvictionTimer] INFO  c.n.e.r.AbstractInstanceRegistry - Running the evict task with compensationTime 0ms
2023-08-30 17:04:44.994 [Eureka-EvictionTimer] INFO  c.n.e.r.AbstractInstanceRegistry - Running the evict task with compensationTime 0ms
2023-08-30 17:04:49.994 [Eureka-EvictionTimer] INFO  c.n.e.r.AbstractInstanceRegistry - Running the evict task with compensationTime 0ms
2023-08-30 17:04:54.994 [Eureka-EvictionTimer] INFO  c.n.e.r.AbstractInstanceRegistry - Running the evict task with compensationTime 0ms
2023-08-30 17:04:59.994 [Eureka-EvictionTimer] INFO  c.n.e.r.AbstractInstanceRegistry - Running the evict task with compensationTime 0ms
2023-08-30 17:05:04.994 [Eureka-EvictionTimer] INFO  c.n.e.r.AbstractInstanceRegistry - Running the evict task with compensationTime 0ms
2023-08-30 17:05:09.994 [Eureka-EvictionTimer] INFO  c.n.e.r.AbstractInstanceRegistry - Running the evict task with compensationTime 0ms
2023-08-30 17:05:14.994 [Eureka-EvictionTimer] INFO  c.n.e.r.AbstractInstanceRegistry - Running the evict task with compensationTime 0ms
2023-08-30 17:05:19.994 [Eureka-EvictionTimer] INFO  c.n.e.r.AbstractInstanceRegistry - Running the evict task with compensationTime 0ms
2023-08-30 17:05:24.994 [Eureka-EvictionTimer] INFO  c.n.e.r.AbstractInstanceRegistry - Running the evict task with compensationTime 0ms
2023-08-30 17:05:29.994 [Eureka-EvictionTimer] INFO  c.n.e.r.AbstractInstanceRegistry - Running the evict task with compensationTime 0ms
2023-08-30 17:05:34.994 [Eureka-EvictionTimer] INFO  c.n.e.r.AbstractInstanceRegistry - Running the evict task with compensationTime 0ms
2023-08-30 17:05:39.994 [Eureka-EvictionTimer] INFO  c.n.e.r.AbstractInstanceRegistry - Running the evict task with compensationTime 0ms
2023-08-30 17:05:44.994 [Eureka-EvictionTimer] INFO  c.n.e.r.AbstractInstanceRegistry - Running the evict task with compensationTime 0ms
2023-08-30 17:05:49.994 [Eureka-EvictionTimer] INFO  c.n.e.r.AbstractInstanceRegistry - Running the evict task with compensationTime 0ms
2023-08-30 17:05:54.994 [Eureka-EvictionTimer] INFO  c.n.e.r.AbstractInstanceRegistry - Running the evict task with compensationTime 0ms
2023-08-30 17:05:59.994 [Eureka-EvictionTimer] INFO  c.n.e.r.AbstractInstanceRegistry - Running the evict task with compensationTime 0ms
2023-08-30 17:06:04.994 [Eureka-EvictionTimer] INFO  c.n.e.r.AbstractInstanceRegistry - Running the evict task with compensationTime 0ms
2023-08-30 17:06:09.994 [Eureka-EvictionTimer] INFO  c.n.e.r.AbstractInstanceRegistry - Running the evict task with compensationTime 0ms
2023-08-30 17:06:14.994 [Eureka-EvictionTimer] INFO  c.n.e.r.AbstractInstanceRegistry - Running the evict task with compensationTime 0ms
2023-08-30 17:06:19.994 [Eureka-EvictionTimer] INFO  c.n.e.r.AbstractInstanceRegistry - Running the evict task with compensationTime 0ms
2023-08-30 17:06:24.994 [Eureka-EvictionTimer] INFO  c.n.e.r.AbstractInstanceRegistry - Running the evict task with compensationTime 0ms
2023-08-30 17:06:29.994 [Eureka-EvictionTimer] INFO  c.n.e.r.AbstractInstanceRegistry - Running the evict task with compensationTime 0ms
2023-08-30 17:06:34.994 [Eureka-EvictionTimer] INFO  c.n.e.r.AbstractInstanceRegistry - Running the evict task with compensationTime 0ms
2023-08-30 17:06:39.994 [Eureka-EvictionTimer] INFO  c.n.e.r.AbstractInstanceRegistry - Running the evict task with compensationTime 0ms
2023-08-30 17:06:44.994 [Eureka-EvictionTimer] INFO  c.n.e.r.AbstractInstanceRegistry - Running the evict task with compensationTime 0ms
2023-08-30 17:06:49.994 [Eureka-EvictionTimer] INFO  c.n.e.r.AbstractInstanceRegistry - Running the evict task with compensationTime 0ms
2023-08-30 17:06:54.994 [Eureka-EvictionTimer] INFO  c.n.e.r.AbstractInstanceRegistry - Running the evict task with compensationTime 0ms
2023-08-30 17:06:59.994 [Eureka-EvictionTimer] INFO  c.n.e.r.AbstractInstanceRegistry - Running the evict task with compensationTime 0ms
2023-08-30 17:07:04.994 [Eureka-EvictionTimer] INFO  c.n.e.r.AbstractInstanceRegistry - Running the evict task with compensationTime 0ms
2023-08-30 17:07:09.994 [Eureka-EvictionTimer] INFO  c.n.e.r.AbstractInstanceRegistry - Running the evict task with compensationTime 0ms
2023-08-30 17:07:14.994 [Eureka-EvictionTimer] INFO  c.n.e.r.AbstractInstanceRegistry - Running the evict task with compensationTime 0ms
2023-08-30 17:07:19.994 [Eureka-EvictionTimer] INFO  c.n.e.r.AbstractInstanceRegistry - Running the evict task with compensationTime 0ms
2023-08-30 17:07:24.994 [Eureka-EvictionTimer] INFO  c.n.e.r.AbstractInstanceRegistry - Running the evict task with compensationTime 0ms
2023-08-30 17:07:29.994 [Eureka-EvictionTimer] INFO  c.n.e.r.AbstractInstanceRegistry - Running the evict task with compensationTime 0ms
2023-08-30 17:07:34.994 [Eureka-EvictionTimer] INFO  c.n.e.r.AbstractInstanceRegistry - Running the evict task with compensationTime 0ms
2023-08-30 17:07:39.994 [Eureka-EvictionTimer] INFO  c.n.e.r.AbstractInstanceRegistry - Running the evict task with compensationTime 0ms
2023-08-30 17:07:44.994 [Eureka-EvictionTimer] INFO  c.n.e.r.AbstractInstanceRegistry - Running the evict task with compensationTime 0ms
2023-08-30 17:07:49.994 [Eureka-EvictionTimer] INFO  c.n.e.r.AbstractInstanceRegistry - Running the evict task with compensationTime 0ms
2023-08-30 17:07:54.994 [Eureka-EvictionTimer] INFO  c.n.e.r.AbstractInstanceRegistry - Running the evict task with compensationTime 0ms
2023-08-30 17:07:59.994 [Eureka-EvictionTimer] INFO  c.n.e.r.AbstractInstanceRegistry - Running the evict task with compensationTime 0ms
2023-08-30 17:08:04.994 [Eureka-EvictionTimer] INFO  c.n.e.r.AbstractInstanceRegistry - Running the evict task with compensationTime 0ms
2023-08-30 17:08:09.994 [Eureka-EvictionTimer] INFO  c.n.e.r.AbstractInstanceRegistry - Running the evict task with compensationTime 0ms
2023-08-30 17:08:14.994 [Eureka-EvictionTimer] INFO  c.n.e.r.AbstractInstanceRegistry - Running the evict task with compensationTime 0ms
2023-08-30 17:08:19.994 [Eureka-EvictionTimer] INFO  c.n.e.r.AbstractInstanceRegistry - Running the evict task with compensationTime 0ms
2023-08-30 17:08:24.994 [Eureka-EvictionTimer] INFO  c.n.e.r.AbstractInstanceRegistry - Running the evict task with compensationTime 0ms
2023-08-30 17:08:29.994 [Eureka-EvictionTimer] INFO  c.n.e.r.AbstractInstanceRegistry - Running the evict task with compensationTime 0ms
2023-08-30 17:08:34.994 [Eureka-EvictionTimer] INFO  c.n.e.r.AbstractInstanceRegistry - Running the evict task with compensationTime 0ms
2023-08-30 17:08:39.994 [Eureka-EvictionTimer] INFO  c.n.e.r.AbstractInstanceRegistry - Running the evict task with compensationTime 0ms
2023-08-30 17:08:44.994 [Eureka-EvictionTimer] INFO  c.n.e.r.AbstractInstanceRegistry - Running the evict task with compensationTime 0ms
2023-08-30 17:08:49.994 [Eureka-EvictionTimer] INFO  c.n.e.r.AbstractInstanceRegistry - Running the evict task with compensationTime 0ms
2023-08-30 17:08:54.994 [Eureka-EvictionTimer] INFO  c.n.e.r.AbstractInstanceRegistry - Running the evict task with compensationTime 0ms
2023-08-30 17:08:59.994 [Eureka-EvictionTimer] INFO  c.n.e.r.AbstractInstanceRegistry - Running the evict task with compensationTime 0ms
2023-08-30 17:09:04.994 [Eureka-EvictionTimer] INFO  c.n.e.r.AbstractInstanceRegistry - Running the evict task with compensationTime 0ms
2023-08-30 17:09:09.994 [Eureka-EvictionTimer] INFO  c.n.e.r.AbstractInstanceRegistry - Running the evict task with compensationTime 0ms
2023-08-30 17:09:14.994 [Eureka-EvictionTimer] INFO  c.n.e.r.AbstractInstanceRegistry - Running the evict task with compensationTime 0ms
2023-08-30 17:09:19.994 [Eureka-EvictionTimer] INFO  c.n.e.r.AbstractInstanceRegistry - Running the evict task with compensationTime 0ms
2023-08-30 17:09:24.994 [Eureka-EvictionTimer] INFO  c.n.e.r.AbstractInstanceRegistry - Running the evict task with compensationTime 0ms
2023-08-30 17:09:29.994 [Eureka-EvictionTimer] INFO  c.n.e.r.AbstractInstanceRegistry - Running the evict task with compensationTime 0ms
2023-08-30 17:09:34.994 [Eureka-EvictionTimer] INFO  c.n.e.r.AbstractInstanceRegistry - Running the evict task with compensationTime 0ms
2023-08-30 17:09:39.994 [Eureka-EvictionTimer] INFO  c.n.e.r.AbstractInstanceRegistry - Running the evict task with compensationTime 0ms
2023-08-30 17:09:44.994 [Eureka-EvictionTimer] INFO  c.n.e.r.AbstractInstanceRegistry - Running the evict task with compensationTime 0ms
2023-08-30 17:09:49.994 [Eureka-EvictionTimer] INFO  c.n.e.r.AbstractInstanceRegistry - Running the evict task with compensationTime 0ms
2023-08-30 17:09:54.994 [Eureka-EvictionTimer] INFO  c.n.e.r.AbstractInstanceRegistry - Running the evict task with compensationTime 0ms
2023-08-30 17:09:59.994 [Eureka-EvictionTimer] INFO  c.n.e.r.AbstractInstanceRegistry - Running the evict task with compensationTime 0ms
2023-08-30 17:10:04.994 [Eureka-EvictionTimer] INFO  c.n.e.r.AbstractInstanceRegistry - Running the evict task with compensationTime 0ms
2023-08-30 17:10:09.994 [Eureka-EvictionTimer] INFO  c.n.e.r.AbstractInstanceRegistry - Running the evict task with compensationTime 0ms
2023-08-30 17:10:14.994 [Eureka-EvictionTimer] INFO  c.n.e.r.AbstractInstanceRegistry - Running the evict task with compensationTime 0ms
2023-08-30 17:10:19.994 [Eureka-EvictionTimer] INFO  c.n.e.r.AbstractInstanceRegistry - Running the evict task with compensationTime 0ms
2023-08-30 17:10:24.994 [Eureka-EvictionTimer] INFO  c.n.e.r.AbstractInstanceRegistry - Running the evict task with compensationTime 0ms
2023-08-30 17:10:29.994 [Eureka-EvictionTimer] INFO  c.n.e.r.AbstractInstanceRegistry - Running the evict task with compensationTime 0ms
2023-08-30 17:10:34.994 [Eureka-EvictionTimer] INFO  c.n.e.r.AbstractInstanceRegistry - Running the evict task with compensationTime 0ms
2023-08-30 17:10:39.994 [Eureka-EvictionTimer] INFO  c.n.e.r.AbstractInstanceRegistry - Running the evict task with compensationTime 0ms
2023-08-30 17:10:44.994 [Eureka-EvictionTimer] INFO  c.n.e.r.AbstractInstanceRegistry - Running the evict task with compensationTime 0ms
2023-08-30 17:10:49.994 [Eureka-EvictionTimer] INFO  c.n.e.r.AbstractInstanceRegistry - Running the evict task with compensationTime 0ms
2023-08-30 17:10:54.994 [Eureka-EvictionTimer] INFO  c.n.e.r.AbstractInstanceRegistry - Running the evict task with compensationTime 0ms
2023-08-30 17:10:59.994 [Eureka-EvictionTimer] INFO  c.n.e.r.AbstractInstanceRegistry - Running the evict task with compensationTime 0ms
2023-08-30 17:11:04.994 [Eureka-EvictionTimer] INFO  c.n.e.r.AbstractInstanceRegistry - Running the evict task with compensationTime 0ms
2023-08-30 17:11:09.994 [Eureka-EvictionTimer] INFO  c.n.e.r.AbstractInstanceRegistry - Running the evict task with compensationTime 0ms
2023-08-30 17:11:14.994 [Eureka-EvictionTimer] INFO  c.n.e.r.AbstractInstanceRegistry - Running the evict task with compensationTime 0ms
2023-08-30 17:11:19.994 [Eureka-EvictionTimer] INFO  c.n.e.r.AbstractInstanceRegistry - Running the evict task with compensationTime 0ms
2023-08-30 17:11:24.994 [Eureka-EvictionTimer] INFO  c.n.e.r.AbstractInstanceRegistry - Running the evict task with compensationTime 0ms
2023-08-30 17:11:29.994 [Eureka-EvictionTimer] INFO  c.n.e.r.AbstractInstanceRegistry - Running the evict task with compensationTime 0ms
2023-08-30 17:11:34.994 [Eureka-EvictionTimer] INFO  c.n.e.r.AbstractInstanceRegistry - Running the evict task with compensationTime 0ms
2023-08-30 17:11:39.994 [Eureka-EvictionTimer] INFO  c.n.e.r.AbstractInstanceRegistry - Running the evict task with compensationTime 0ms
2023-08-30 17:11:44.994 [Eureka-EvictionTimer] INFO  c.n.e.r.AbstractInstanceRegistry - Running the evict task with compensationTime 0ms
2023-08-30 17:11:49.994 [Eureka-EvictionTimer] INFO  c.n.e.r.AbstractInstanceRegistry - Running the evict task with compensationTime 0ms
2023-08-30 17:11:54.994 [Eureka-EvictionTimer] INFO  c.n.e.r.AbstractInstanceRegistry - Running the evict task with compensationTime 0ms
2023-08-30 17:11:59.994 [Eureka-EvictionTimer] INFO  c.n.e.r.AbstractInstanceRegistry - Running the evict task with compensationTime 0ms
2023-08-30 17:12:04.994 [Eureka-EvictionTimer] INFO  c.n.e.r.AbstractInstanceRegistry - Running the evict task with compensationTime 0ms
2023-08-30 17:12:09.994 [Eureka-EvictionTimer] INFO  c.n.e.r.AbstractInstanceRegistry - Running the evict task with compensationTime 0ms
2023-08-30 17:12:14.994 [Eureka-EvictionTimer] INFO  c.n.e.r.AbstractInstanceRegistry - Running the evict task with compensationTime 0ms
2023-08-30 17:12:19.994 [Eureka-EvictionTimer] INFO  c.n.e.r.AbstractInstanceRegistry - Running the evict task with compensationTime 0ms
2023-08-30 17:12:24.994 [Eureka-EvictionTimer] INFO  c.n.e.r.AbstractInstanceRegistry - Running the evict task with compensationTime 0ms
2023-08-30 17:12:29.994 [Eureka-EvictionTimer] INFO  c.n.e.r.AbstractInstanceRegistry - Running the evict task with compensationTime 0ms
2023-08-30 17:12:34.994 [Eureka-EvictionTimer] INFO  c.n.e.r.AbstractInstanceRegistry - Running the evict task with compensationTime 0ms
2023-08-30 17:12:39.994 [Eureka-EvictionTimer] INFO  c.n.e.r.AbstractInstanceRegistry - Running the evict task with compensationTime 0ms
2023-08-30 17:12:44.994 [Eureka-EvictionTimer] INFO  c.n.e.r.AbstractInstanceRegistry - Running the evict task with compensationTime 0ms
2023-08-30 17:12:49.994 [Eureka-EvictionTimer] INFO  c.n.e.r.AbstractInstanceRegistry - Running the evict task with compensationTime 0ms
2023-08-30 17:12:54.994 [Eureka-EvictionTimer] INFO  c.n.e.r.AbstractInstanceRegistry - Running the evict task with compensationTime 0ms
2023-08-30 17:12:59.994 [Eureka-EvictionTimer] INFO  c.n.e.r.AbstractInstanceRegistry - Running the evict task with compensationTime 0ms
2023-08-30 17:13:04.994 [Eureka-EvictionTimer] INFO  c.n.e.r.AbstractInstanceRegistry - Running the evict task with compensationTime 0ms
2023-08-30 17:13:09.994 [Eureka-EvictionTimer] INFO  c.n.e.r.AbstractInstanceRegistry - Running the evict task with compensationTime 0ms
2023-08-30 17:13:14.994 [Eureka-EvictionTimer] INFO  c.n.e.r.AbstractInstanceRegistry - Running the evict task with compensationTime 0ms
2023-08-30 17:13:19.994 [Eureka-EvictionTimer] INFO  c.n.e.r.AbstractInstanceRegistry - Running the evict task with compensationTime 0ms
2023-08-30 17:13:24.994 [Eureka-EvictionTimer] INFO  c.n.e.r.AbstractInstanceRegistry - Running the evict task with compensationTime 0ms
2023-08-30 17:13:29.994 [Eureka-EvictionTimer] INFO  c.n.e.r.AbstractInstanceRegistry - Running the evict task with compensationTime 0ms
2023-08-30 17:13:34.994 [Eureka-EvictionTimer] INFO  c.n.e.r.AbstractInstanceRegistry - Running the evict task with compensationTime 0ms
2023-08-30 17:13:39.994 [Eureka-EvictionTimer] INFO  c.n.e.r.AbstractInstanceRegistry - Running the evict task with compensationTime 0ms
2023-08-30 17:13:44.994 [Eureka-EvictionTimer] INFO  c.n.e.r.AbstractInstanceRegistry - Running the evict task with compensationTime 0ms
2023-08-30 17:13:49.994 [Eureka-EvictionTimer] INFO  c.n.e.r.AbstractInstanceRegistry - Running the evict task with compensationTime 0ms
2023-08-30 17:13:54.994 [Eureka-EvictionTimer] INFO  c.n.e.r.AbstractInstanceRegistry - Running the evict task with compensationTime 0ms
2023-08-30 17:13:59.994 [Eureka-EvictionTimer] INFO  c.n.e.r.AbstractInstanceRegistry - Running the evict task with compensationTime 0ms
2023-08-30 17:14:04.994 [Eureka-EvictionTimer] INFO  c.n.e.r.AbstractInstanceRegistry - Running the evict task with compensationTime 0ms
2023-08-30 17:14:09.994 [Eureka-EvictionTimer] INFO  c.n.e.r.AbstractInstanceRegistry - Running the evict task with compensationTime 0ms
2023-08-30 17:14:14.994 [Eureka-EvictionTimer] INFO  c.n.e.r.AbstractInstanceRegistry - Running the evict task with compensationTime 0ms
2023-08-30 17:14:19.994 [Eureka-EvictionTimer] INFO  c.n.e.r.AbstractInstanceRegistry - Running the evict task with compensationTime 0ms
2023-08-30 17:14:24.994 [Eureka-EvictionTimer] INFO  c.n.e.r.AbstractInstanceRegistry - Running the evict task with compensationTime 0ms
2023-08-30 17:14:29.994 [Eureka-EvictionTimer] INFO  c.n.e.r.AbstractInstanceRegistry - Running the evict task with compensationTime 0ms
2023-08-30 17:14:34.994 [Eureka-EvictionTimer] INFO  c.n.e.r.AbstractInstanceRegistry - Running the evict task with compensationTime 0ms
2023-08-30 17:14:39.994 [Eureka-EvictionTimer] INFO  c.n.e.r.AbstractInstanceRegistry - Running the evict task with compensationTime 0ms
2023-08-30 17:14:44.994 [Eureka-EvictionTimer] INFO  c.n.e.r.AbstractInstanceRegistry - Running the evict task with compensationTime 0ms
2023-08-30 17:14:49.994 [Eureka-EvictionTimer] INFO  c.n.e.r.AbstractInstanceRegistry - Running the evict task with compensationTime 0ms
2023-08-30 17:14:54.994 [Eureka-EvictionTimer] INFO  c.n.e.r.AbstractInstanceRegistry - Running the evict task with compensationTime 0ms
2023-08-30 17:14:59.994 [Eureka-EvictionTimer] INFO  c.n.e.r.AbstractInstanceRegistry - Running the evict task with compensationTime 0ms
2023-08-30 17:15:04.994 [Eureka-EvictionTimer] INFO  c.n.e.r.AbstractInstanceRegistry - Running the evict task with compensationTime 0ms
2023-08-30 17:15:09.994 [Eureka-EvictionTimer] INFO  c.n.e.r.AbstractInstanceRegistry - Running the evict task with compensationTime 0ms
2023-08-30 17:15:14.994 [Eureka-EvictionTimer] INFO  c.n.e.r.AbstractInstanceRegistry - Running the evict task with compensationTime 0ms
2023-08-30 17:15:19.994 [Eureka-EvictionTimer] INFO  c.n.e.r.AbstractInstanceRegistry - Running the evict task with compensationTime 0ms
2023-08-30 17:15:24.994 [Eureka-EvictionTimer] INFO  c.n.e.r.AbstractInstanceRegistry - Running the evict task with compensationTime 0ms
2023-08-30 17:15:29.994 [Eureka-EvictionTimer] INFO  c.n.e.r.AbstractInstanceRegistry - Running the evict task with compensationTime 0ms
2023-08-30 17:15:34.994 [Eureka-EvictionTimer] INFO  c.n.e.r.AbstractInstanceRegistry - Running the evict task with compensationTime 0ms
2023-08-30 17:15:39.994 [Eureka-EvictionTimer] INFO  c.n.e.r.AbstractInstanceRegistry - Running the evict task with compensationTime 0ms
2023-08-30 17:15:44.994 [Eureka-EvictionTimer] INFO  c.n.e.r.AbstractInstanceRegistry - Running the evict task with compensationTime 0ms
2023-08-30 17:15:49.994 [Eureka-EvictionTimer] INFO  c.n.e.r.AbstractInstanceRegistry - Running the evict task with compensationTime 0ms
2023-08-30 17:15:54.859 [ReplicaAwareInstanceRegistry - RenewalThresholdUpdater] INFO  c.n.e.r.PeerAwareInstanceRegistryImpl - Current renewal threshold is : 0
2023-08-30 17:15:54.994 [Eureka-EvictionTimer] INFO  c.n.e.r.AbstractInstanceRegistry - Running the evict task with compensationTime 0ms
2023-08-30 17:15:59.994 [Eureka-EvictionTimer] INFO  c.n.e.r.AbstractInstanceRegistry - Running the evict task with compensationTime 0ms
2023-08-30 17:16:04.994 [Eureka-EvictionTimer] INFO  c.n.e.r.AbstractInstanceRegistry - Running the evict task with compensationTime 0ms
2023-08-30 17:16:09.994 [Eureka-EvictionTimer] INFO  c.n.e.r.AbstractInstanceRegistry - Running the evict task with compensationTime 0ms
2023-08-30 17:16:14.994 [Eureka-EvictionTimer] INFO  c.n.e.r.AbstractInstanceRegistry - Running the evict task with compensationTime 0ms
2023-08-30 17:16:19.994 [Eureka-EvictionTimer] INFO  c.n.e.r.AbstractInstanceRegistry - Running the evict task with compensationTime 0ms
2023-08-30 17:16:24.994 [Eureka-EvictionTimer] INFO  c.n.e.r.AbstractInstanceRegistry - Running the evict task with compensationTime 0ms
2023-08-30 17:16:29.994 [Eureka-EvictionTimer] INFO  c.n.e.r.AbstractInstanceRegistry - Running the evict task with compensationTime 0ms
2023-08-30 17:16:34.994 [Eureka-EvictionTimer] INFO  c.n.e.r.AbstractInstanceRegistry - Running the evict task with compensationTime 0ms
2023-08-30 17:16:39.994 [Eureka-EvictionTimer] INFO  c.n.e.r.AbstractInstanceRegistry - Running the evict task with compensationTime 0ms
2023-08-30 17:16:44.994 [Eureka-EvictionTimer] INFO  c.n.e.r.AbstractInstanceRegistry - Running the evict task with compensationTime 0ms
2023-08-30 17:16:49.994 [Eureka-EvictionTimer] INFO  c.n.e.r.AbstractInstanceRegistry - Running the evict task with compensationTime 0ms
2023-08-30 17:16:54.994 [Eureka-EvictionTimer] INFO  c.n.e.r.AbstractInstanceRegistry - Running the evict task with compensationTime 0ms
2023-08-30 17:16:59.994 [Eureka-EvictionTimer] INFO  c.n.e.r.AbstractInstanceRegistry - Running the evict task with compensationTime 0ms
2023-08-30 17:17:04.994 [Eureka-EvictionTimer] INFO  c.n.e.r.AbstractInstanceRegistry - Running the evict task with compensationTime 0ms
2023-08-30 17:17:09.994 [Eureka-EvictionTimer] INFO  c.n.e.r.AbstractInstanceRegistry - Running the evict task with compensationTime 0ms
2023-08-30 17:17:14.994 [Eureka-EvictionTimer] INFO  c.n.e.r.AbstractInstanceRegistry - Running the evict task with compensationTime 0ms
2023-08-30 17:17:19.994 [Eureka-EvictionTimer] INFO  c.n.e.r.AbstractInstanceRegistry - Running the evict task with compensationTime 0ms
2023-08-30 17:17:24.994 [Eureka-EvictionTimer] INFO  c.n.e.r.AbstractInstanceRegistry - Running the evict task with compensationTime 0ms
2023-08-30 17:17:29.994 [Eureka-EvictionTimer] INFO  c.n.e.r.AbstractInstanceRegistry - Running the evict task with compensationTime 0ms
2023-08-30 17:17:34.994 [Eureka-EvictionTimer] INFO  c.n.e.r.AbstractInstanceRegistry - Running the evict task with compensationTime 0ms
2023-08-30 17:17:39.994 [Eureka-EvictionTimer] INFO  c.n.e.r.AbstractInstanceRegistry - Running the evict task with compensationTime 0ms
2023-08-30 17:17:44.994 [Eureka-EvictionTimer] INFO  c.n.e.r.AbstractInstanceRegistry - Running the evict task with compensationTime 0ms
2023-08-30 17:17:49.994 [Eureka-EvictionTimer] INFO  c.n.e.r.AbstractInstanceRegistry - Running the evict task with compensationTime 0ms
2023-08-30 17:17:54.994 [Eureka-EvictionTimer] INFO  c.n.e.r.AbstractInstanceRegistry - Running the evict task with compensationTime 0ms
2023-08-30 17:17:59.994 [Eureka-EvictionTimer] INFO  c.n.e.r.AbstractInstanceRegistry - Running the evict task with compensationTime 0ms
2023-08-30 17:18:04.994 [Eureka-EvictionTimer] INFO  c.n.e.r.AbstractInstanceRegistry - Running the evict task with compensationTime 0ms
2023-08-30 17:18:09.994 [Eureka-EvictionTimer] INFO  c.n.e.r.AbstractInstanceRegistry - Running the evict task with compensationTime 0ms
2023-08-30 17:18:14.994 [Eureka-EvictionTimer] INFO  c.n.e.r.AbstractInstanceRegistry - Running the evict task with compensationTime 0ms
2023-08-30 17:18:19.994 [Eureka-EvictionTimer] INFO  c.n.e.r.AbstractInstanceRegistry - Running the evict task with compensationTime 0ms
2023-08-30 17:18:24.994 [Eureka-EvictionTimer] INFO  c.n.e.r.AbstractInstanceRegistry - Running the evict task with compensationTime 0ms
2023-08-30 17:18:29.994 [Eureka-EvictionTimer] INFO  c.n.e.r.AbstractInstanceRegistry - Running the evict task with compensationTime 0ms
2023-08-30 17:18:34.994 [Eureka-EvictionTimer] INFO  c.n.e.r.AbstractInstanceRegistry - Running the evict task with compensationTime 0ms
2023-08-30 17:18:39.994 [Eureka-EvictionTimer] INFO  c.n.e.r.AbstractInstanceRegistry - Running the evict task with compensationTime 0ms
2023-08-30 17:18:44.994 [Eureka-EvictionTimer] INFO  c.n.e.r.AbstractInstanceRegistry - Running the evict task with compensationTime 0ms
2023-08-30 17:18:49.994 [Eureka-EvictionTimer] INFO  c.n.e.r.AbstractInstanceRegistry - Running the evict task with compensationTime 0ms
2023-08-30 17:18:54.994 [Eureka-EvictionTimer] INFO  c.n.e.r.AbstractInstanceRegistry - Running the evict task with compensationTime 0ms
2023-08-30 17:18:59.994 [Eureka-EvictionTimer] INFO  c.n.e.r.AbstractInstanceRegistry - Running the evict task with compensationTime 0ms
2023-08-30 17:19:04.994 [Eureka-EvictionTimer] INFO  c.n.e.r.AbstractInstanceRegistry - Running the evict task with compensationTime 0ms
2023-08-30 17:19:09.994 [Eureka-EvictionTimer] INFO  c.n.e.r.AbstractInstanceRegistry - Running the evict task with compensationTime 0ms
2023-08-30 17:19:14.996 [Eureka-EvictionTimer] INFO  c.n.e.r.AbstractInstanceRegistry - Running the evict task with compensationTime 2ms
2023-08-30 17:19:19.996 [Eureka-EvictionTimer] INFO  c.n.e.r.AbstractInstanceRegistry - Running the evict task with compensationTime 0ms
2023-08-30 17:19:24.996 [Eureka-EvictionTimer] INFO  c.n.e.r.AbstractInstanceRegistry - Running the evict task with compensationTime 0ms
2023-08-30 17:19:29.996 [Eureka-EvictionTimer] INFO  c.n.e.r.AbstractInstanceRegistry - Running the evict task with compensationTime 0ms
2023-08-30 17:19:34.996 [Eureka-EvictionTimer] INFO  c.n.e.r.AbstractInstanceRegistry - Running the evict task with compensationTime 0ms
2023-08-30 17:19:39.996 [Eureka-EvictionTimer] INFO  c.n.e.r.AbstractInstanceRegistry - Running the evict task with compensationTime 0ms
2023-08-30 17:19:44.996 [Eureka-EvictionTimer] INFO  c.n.e.r.AbstractInstanceRegistry - Running the evict task with compensationTime 0ms
2023-08-30 17:19:49.996 [Eureka-EvictionTimer] INFO  c.n.e.r.AbstractInstanceRegistry - Running the evict task with compensationTime 0ms
2023-08-30 17:19:54.996 [Eureka-EvictionTimer] INFO  c.n.e.r.AbstractInstanceRegistry - Running the evict task with compensationTime 0ms
2023-08-30 17:19:59.996 [Eureka-EvictionTimer] INFO  c.n.e.r.AbstractInstanceRegistry - Running the evict task with compensationTime 0ms
2023-08-30 17:20:04.996 [Eureka-EvictionTimer] INFO  c.n.e.r.AbstractInstanceRegistry - Running the evict task with compensationTime 0ms
2023-08-30 17:20:09.996 [Eureka-EvictionTimer] INFO  c.n.e.r.AbstractInstanceRegistry - Running the evict task with compensationTime 0ms
2023-08-30 17:20:14.996 [Eureka-EvictionTimer] INFO  c.n.e.r.AbstractInstanceRegistry - Running the evict task with compensationTime 0ms
2023-08-30 17:20:19.996 [Eureka-EvictionTimer] INFO  c.n.e.r.AbstractInstanceRegistry - Running the evict task with compensationTime 0ms
2023-08-30 17:20:24.996 [Eureka-EvictionTimer] INFO  c.n.e.r.AbstractInstanceRegistry - Running the evict task with compensationTime 0ms
2023-08-30 17:20:29.996 [Eureka-EvictionTimer] INFO  c.n.e.r.AbstractInstanceRegistry - Running the evict task with compensationTime 0ms
2023-08-30 17:20:34.996 [Eureka-EvictionTimer] INFO  c.n.e.r.AbstractInstanceRegistry - Running the evict task with compensationTime 0ms
2023-08-30 17:20:39.996 [Eureka-EvictionTimer] INFO  c.n.e.r.AbstractInstanceRegistry - Running the evict task with compensationTime 0ms
2023-08-30 17:20:44.996 [Eureka-EvictionTimer] INFO  c.n.e.r.AbstractInstanceRegistry - Running the evict task with compensationTime 0ms
2023-08-30 17:20:49.996 [Eureka-EvictionTimer] INFO  c.n.e.r.AbstractInstanceRegistry - Running the evict task with compensationTime 0ms
2023-08-30 17:20:54.996 [Eureka-EvictionTimer] INFO  c.n.e.r.AbstractInstanceRegistry - Running the evict task with compensationTime 0ms
2023-08-30 17:20:59.996 [Eureka-EvictionTimer] INFO  c.n.e.r.AbstractInstanceRegistry - Running the evict task with compensationTime 0ms
2023-08-30 17:21:04.996 [Eureka-EvictionTimer] INFO  c.n.e.r.AbstractInstanceRegistry - Running the evict task with compensationTime 0ms
2023-08-30 17:21:09.996 [Eureka-EvictionTimer] INFO  c.n.e.r.AbstractInstanceRegistry - Running the evict task with compensationTime 0ms
2023-08-30 17:21:14.996 [Eureka-EvictionTimer] INFO  c.n.e.r.AbstractInstanceRegistry - Running the evict task with compensationTime 0ms
2023-08-30 17:21:19.996 [Eureka-EvictionTimer] INFO  c.n.e.r.AbstractInstanceRegistry - Running the evict task with compensationTime 0ms
2023-08-30 17:21:24.996 [Eureka-EvictionTimer] INFO  c.n.e.r.AbstractInstanceRegistry - Running the evict task with compensationTime 0ms
2023-08-30 17:21:29.996 [Eureka-EvictionTimer] INFO  c.n.e.r.AbstractInstanceRegistry - Running the evict task with compensationTime 0ms
2023-08-30 17:21:34.996 [Eureka-EvictionTimer] INFO  c.n.e.r.AbstractInstanceRegistry - Running the evict task with compensationTime 0ms
2023-08-30 17:21:39.996 [Eureka-EvictionTimer] INFO  c.n.e.r.AbstractInstanceRegistry - Running the evict task with compensationTime 0ms
2023-08-30 17:21:44.996 [Eureka-EvictionTimer] INFO  c.n.e.r.AbstractInstanceRegistry - Running the evict task with compensationTime 0ms
2023-08-30 17:21:49.996 [Eureka-EvictionTimer] INFO  c.n.e.r.AbstractInstanceRegistry - Running the evict task with compensationTime 0ms
2023-08-30 17:21:54.996 [Eureka-EvictionTimer] INFO  c.n.e.r.AbstractInstanceRegistry - Running the evict task with compensationTime 0ms
2023-08-30 17:21:59.996 [Eureka-EvictionTimer] INFO  c.n.e.r.AbstractInstanceRegistry - Running the evict task with compensationTime 0ms
2023-08-30 17:22:04.996 [Eureka-EvictionTimer] INFO  c.n.e.r.AbstractInstanceRegistry - Running the evict task with compensationTime 0ms
2023-08-30 17:22:09.996 [Eureka-EvictionTimer] INFO  c.n.e.r.AbstractInstanceRegistry - Running the evict task with compensationTime 0ms
2023-08-30 17:22:14.996 [Eureka-EvictionTimer] INFO  c.n.e.r.AbstractInstanceRegistry - Running the evict task with compensationTime 0ms
2023-08-30 17:22:19.996 [Eureka-EvictionTimer] INFO  c.n.e.r.AbstractInstanceRegistry - Running the evict task with compensationTime 0ms
2023-08-30 17:22:24.996 [Eureka-EvictionTimer] INFO  c.n.e.r.AbstractInstanceRegistry - Running the evict task with compensationTime 0ms
2023-08-30 17:22:29.996 [Eureka-EvictionTimer] INFO  c.n.e.r.AbstractInstanceRegistry - Running the evict task with compensationTime 0ms
2023-08-30 17:22:34.996 [Eureka-EvictionTimer] INFO  c.n.e.r.AbstractInstanceRegistry - Running the evict task with compensationTime 0ms
2023-08-30 17:22:39.996 [Eureka-EvictionTimer] INFO  c.n.e.r.AbstractInstanceRegistry - Running the evict task with compensationTime 0ms
2023-08-30 17:22:44.996 [Eureka-EvictionTimer] INFO  c.n.e.r.AbstractInstanceRegistry - Running the evict task with compensationTime 0ms
2023-08-30 17:22:49.996 [Eureka-EvictionTimer] INFO  c.n.e.r.AbstractInstanceRegistry - Running the evict task with compensationTime 0ms
2023-08-30 17:22:54.996 [Eureka-EvictionTimer] INFO  c.n.e.r.AbstractInstanceRegistry - Running the evict task with compensationTime 0ms
2023-08-30 17:22:59.996 [Eureka-EvictionTimer] INFO  c.n.e.r.AbstractInstanceRegistry - Running the evict task with compensationTime 0ms
2023-08-30 17:23:04.996 [Eureka-EvictionTimer] INFO  c.n.e.r.AbstractInstanceRegistry - Running the evict task with compensationTime 0ms
2023-08-30 17:23:09.996 [Eureka-EvictionTimer] INFO  c.n.e.r.AbstractInstanceRegistry - Running the evict task with compensationTime 0ms
2023-08-30 17:23:14.996 [Eureka-EvictionTimer] INFO  c.n.e.r.AbstractInstanceRegistry - Running the evict task with compensationTime 0ms
2023-08-30 17:23:19.996 [Eureka-EvictionTimer] INFO  c.n.e.r.AbstractInstanceRegistry - Running the evict task with compensationTime 0ms
2023-08-30 17:23:24.996 [Eureka-EvictionTimer] INFO  c.n.e.r.AbstractInstanceRegistry - Running the evict task with compensationTime 0ms
2023-08-30 17:23:29.996 [Eureka-EvictionTimer] INFO  c.n.e.r.AbstractInstanceRegistry - Running the evict task with compensationTime 0ms
2023-08-30 17:23:34.996 [Eureka-EvictionTimer] INFO  c.n.e.r.AbstractInstanceRegistry - Running the evict task with compensationTime 0ms
2023-08-30 17:23:39.996 [Eureka-EvictionTimer] INFO  c.n.e.r.AbstractInstanceRegistry - Running the evict task with compensationTime 0ms
2023-08-30 17:23:44.996 [Eureka-EvictionTimer] INFO  c.n.e.r.AbstractInstanceRegistry - Running the evict task with compensationTime 0ms
2023-08-30 17:23:49.996 [Eureka-EvictionTimer] INFO  c.n.e.r.AbstractInstanceRegistry - Running the evict task with compensationTime 0ms
2023-08-30 17:23:54.996 [Eureka-EvictionTimer] INFO  c.n.e.r.AbstractInstanceRegistry - Running the evict task with compensationTime 0ms
2023-08-30 17:23:59.996 [Eureka-EvictionTimer] INFO  c.n.e.r.AbstractInstanceRegistry - Running the evict task with compensationTime 0ms
2023-08-30 17:24:04.996 [Eureka-EvictionTimer] INFO  c.n.e.r.AbstractInstanceRegistry - Running the evict task with compensationTime 0ms
2023-08-30 17:24:09.996 [Eureka-EvictionTimer] INFO  c.n.e.r.AbstractInstanceRegistry - Running the evict task with compensationTime 0ms
2023-08-30 17:24:14.996 [Eureka-EvictionTimer] INFO  c.n.e.r.AbstractInstanceRegistry - Running the evict task with compensationTime 0ms
2023-08-30 17:24:19.996 [Eureka-EvictionTimer] INFO  c.n.e.r.AbstractInstanceRegistry - Running the evict task with compensationTime 0ms
2023-08-30 17:24:24.996 [Eureka-EvictionTimer] INFO  c.n.e.r.AbstractInstanceRegistry - Running the evict task with compensationTime 0ms
2023-08-30 17:24:29.996 [Eureka-EvictionTimer] INFO  c.n.e.r.AbstractInstanceRegistry - Running the evict task with compensationTime 0ms
2023-08-30 17:24:34.996 [Eureka-EvictionTimer] INFO  c.n.e.r.AbstractInstanceRegistry - Running the evict task with compensationTime 0ms
2023-08-30 17:24:39.996 [Eureka-EvictionTimer] INFO  c.n.e.r.AbstractInstanceRegistry - Running the evict task with compensationTime 0ms
2023-08-30 17:24:44.996 [Eureka-EvictionTimer] INFO  c.n.e.r.AbstractInstanceRegistry - Running the evict task with compensationTime 0ms
2023-08-30 17:24:49.996 [Eureka-EvictionTimer] INFO  c.n.e.r.AbstractInstanceRegistry - Running the evict task with compensationTime 0ms
2023-08-30 17:24:54.996 [Eureka-EvictionTimer] INFO  c.n.e.r.AbstractInstanceRegistry - Running the evict task with compensationTime 0ms
2023-08-30 17:24:59.996 [Eureka-EvictionTimer] INFO  c.n.e.r.AbstractInstanceRegistry - Running the evict task with compensationTime 0ms
2023-08-30 17:25:04.996 [Eureka-EvictionTimer] INFO  c.n.e.r.AbstractInstanceRegistry - Running the evict task with compensationTime 0ms
2023-08-30 17:25:09.996 [Eureka-EvictionTimer] INFO  c.n.e.r.AbstractInstanceRegistry - Running the evict task with compensationTime 0ms
2023-08-30 17:25:14.996 [Eureka-EvictionTimer] INFO  c.n.e.r.AbstractInstanceRegistry - Running the evict task with compensationTime 0ms
2023-08-30 17:25:19.996 [Eureka-EvictionTimer] INFO  c.n.e.r.AbstractInstanceRegistry - Running the evict task with compensationTime 0ms
2023-08-30 17:25:24.996 [Eureka-EvictionTimer] INFO  c.n.e.r.AbstractInstanceRegistry - Running the evict task with compensationTime 0ms
2023-08-30 17:25:29.996 [Eureka-EvictionTimer] INFO  c.n.e.r.AbstractInstanceRegistry - Running the evict task with compensationTime 0ms
2023-08-30 17:25:34.996 [Eureka-EvictionTimer] INFO  c.n.e.r.AbstractInstanceRegistry - Running the evict task with compensationTime 0ms
2023-08-30 17:25:39.996 [Eureka-EvictionTimer] INFO  c.n.e.r.AbstractInstanceRegistry - Running the evict task with compensationTime 0ms
2023-08-30 17:25:44.996 [Eureka-EvictionTimer] INFO  c.n.e.r.AbstractInstanceRegistry - Running the evict task with compensationTime 0ms
2023-08-30 17:25:49.996 [Eureka-EvictionTimer] INFO  c.n.e.r.AbstractInstanceRegistry - Running the evict task with compensationTime 0ms
2023-08-30 17:25:54.996 [Eureka-EvictionTimer] INFO  c.n.e.r.AbstractInstanceRegistry - Running the evict task with compensationTime 0ms
2023-08-30 17:25:59.996 [Eureka-EvictionTimer] INFO  c.n.e.r.AbstractInstanceRegistry - Running the evict task with compensationTime 0ms
2023-08-30 17:26:04.996 [Eureka-EvictionTimer] INFO  c.n.e.r.AbstractInstanceRegistry - Running the evict task with compensationTime 0ms
2023-08-30 17:26:09.996 [Eureka-EvictionTimer] INFO  c.n.e.r.AbstractInstanceRegistry - Running the evict task with compensationTime 0ms
2023-08-30 17:26:14.996 [Eureka-EvictionTimer] INFO  c.n.e.r.AbstractInstanceRegistry - Running the evict task with compensationTime 0ms
2023-08-30 17:26:19.996 [Eureka-EvictionTimer] INFO  c.n.e.r.AbstractInstanceRegistry - Running the evict task with compensationTime 0ms
2023-08-30 17:26:24.996 [Eureka-EvictionTimer] INFO  c.n.e.r.AbstractInstanceRegistry - Running the evict task with compensationTime 0ms
2023-08-30 17:26:29.996 [Eureka-EvictionTimer] INFO  c.n.e.r.AbstractInstanceRegistry - Running the evict task with compensationTime 0ms
2023-08-30 17:26:34.996 [Eureka-EvictionTimer] INFO  c.n.e.r.AbstractInstanceRegistry - Running the evict task with compensationTime 0ms
2023-08-30 17:26:39.996 [Eureka-EvictionTimer] INFO  c.n.e.r.AbstractInstanceRegistry - Running the evict task with compensationTime 0ms
2023-08-30 17:26:44.996 [Eureka-EvictionTimer] INFO  c.n.e.r.AbstractInstanceRegistry - Running the evict task with compensationTime 0ms
2023-08-30 17:26:49.996 [Eureka-EvictionTimer] INFO  c.n.e.r.AbstractInstanceRegistry - Running the evict task with compensationTime 0ms
2023-08-30 17:26:54.996 [Eureka-EvictionTimer] INFO  c.n.e.r.AbstractInstanceRegistry - Running the evict task with compensationTime 0ms
2023-08-30 17:26:59.996 [Eureka-EvictionTimer] INFO  c.n.e.r.AbstractInstanceRegistry - Running the evict task with compensationTime 0ms
2023-08-30 17:27:04.996 [Eureka-EvictionTimer] INFO  c.n.e.r.AbstractInstanceRegistry - Running the evict task with compensationTime 0ms
2023-08-30 17:27:09.996 [Eureka-EvictionTimer] INFO  c.n.e.r.AbstractInstanceRegistry - Running the evict task with compensationTime 0ms
2023-08-30 17:27:14.996 [Eureka-EvictionTimer] INFO  c.n.e.r.AbstractInstanceRegistry - Running the evict task with compensationTime 0ms
2023-08-30 17:27:19.996 [Eureka-EvictionTimer] INFO  c.n.e.r.AbstractInstanceRegistry - Running the evict task with compensationTime 0ms
2023-08-30 17:27:24.996 [Eureka-EvictionTimer] INFO  c.n.e.r.AbstractInstanceRegistry - Running the evict task with compensationTime 0ms
2023-08-30 17:27:29.996 [Eureka-EvictionTimer] INFO  c.n.e.r.AbstractInstanceRegistry - Running the evict task with compensationTime 0ms
2023-08-30 17:27:34.996 [Eureka-EvictionTimer] INFO  c.n.e.r.AbstractInstanceRegistry - Running the evict task with compensationTime 0ms
2023-08-30 17:27:39.996 [Eureka-EvictionTimer] INFO  c.n.e.r.AbstractInstanceRegistry - Running the evict task with compensationTime 0ms
2023-08-30 17:27:44.996 [Eureka-EvictionTimer] INFO  c.n.e.r.AbstractInstanceRegistry - Running the evict task with compensationTime 0ms
2023-08-30 17:27:49.996 [Eureka-EvictionTimer] INFO  c.n.e.r.AbstractInstanceRegistry - Running the evict task with compensationTime 0ms
2023-08-30 17:27:54.996 [Eureka-EvictionTimer] INFO  c.n.e.r.AbstractInstanceRegistry - Running the evict task with compensationTime 0ms
2023-08-30 17:27:59.996 [Eureka-EvictionTimer] INFO  c.n.e.r.AbstractInstanceRegistry - Running the evict task with compensationTime 0ms
2023-08-30 17:28:04.996 [Eureka-EvictionTimer] INFO  c.n.e.r.AbstractInstanceRegistry - Running the evict task with compensationTime 0ms
2023-08-30 17:28:09.996 [Eureka-EvictionTimer] INFO  c.n.e.r.AbstractInstanceRegistry - Running the evict task with compensationTime 0ms
2023-08-30 17:28:14.996 [Eureka-EvictionTimer] INFO  c.n.e.r.AbstractInstanceRegistry - Running the evict task with compensationTime 0ms
2023-08-30 17:28:19.996 [Eureka-EvictionTimer] INFO  c.n.e.r.AbstractInstanceRegistry - Running the evict task with compensationTime 0ms
2023-08-30 17:28:24.996 [Eureka-EvictionTimer] INFO  c.n.e.r.AbstractInstanceRegistry - Running the evict task with compensationTime 0ms
2023-08-30 17:28:29.996 [Eureka-EvictionTimer] INFO  c.n.e.r.AbstractInstanceRegistry - Running the evict task with compensationTime 0ms
2023-08-30 17:28:34.996 [Eureka-EvictionTimer] INFO  c.n.e.r.AbstractInstanceRegistry - Running the evict task with compensationTime 0ms
2023-08-30 17:28:39.996 [Eureka-EvictionTimer] INFO  c.n.e.r.AbstractInstanceRegistry - Running the evict task with compensationTime 0ms
2023-08-30 17:28:44.996 [Eureka-EvictionTimer] INFO  c.n.e.r.AbstractInstanceRegistry - Running the evict task with compensationTime 0ms
2023-08-30 17:28:49.996 [Eureka-EvictionTimer] INFO  c.n.e.r.AbstractInstanceRegistry - Running the evict task with compensationTime 0ms
2023-08-30 17:28:54.996 [Eureka-EvictionTimer] INFO  c.n.e.r.AbstractInstanceRegistry - Running the evict task with compensationTime 0ms
2023-08-30 17:28:59.996 [Eureka-EvictionTimer] INFO  c.n.e.r.AbstractInstanceRegistry - Running the evict task with compensationTime 0ms
2023-08-30 17:29:04.996 [Eureka-EvictionTimer] INFO  c.n.e.r.AbstractInstanceRegistry - Running the evict task with compensationTime 0ms
2023-08-30 17:29:09.996 [Eureka-EvictionTimer] INFO  c.n.e.r.AbstractInstanceRegistry - Running the evict task with compensationTime 0ms
2023-08-30 17:29:14.996 [Eureka-EvictionTimer] INFO  c.n.e.r.AbstractInstanceRegistry - Running the evict task with compensationTime 0ms
2023-08-30 17:29:19.996 [Eureka-EvictionTimer] INFO  c.n.e.r.AbstractInstanceRegistry - Running the evict task with compensationTime 0ms
2023-08-30 17:29:24.996 [Eureka-EvictionTimer] INFO  c.n.e.r.AbstractInstanceRegistry - Running the evict task with compensationTime 0ms
2023-08-30 17:29:29.996 [Eureka-EvictionTimer] INFO  c.n.e.r.AbstractInstanceRegistry - Running the evict task with compensationTime 0ms
2023-08-30 17:29:34.996 [Eureka-EvictionTimer] INFO  c.n.e.r.AbstractInstanceRegistry - Running the evict task with compensationTime 0ms
2023-08-30 17:29:39.996 [Eureka-EvictionTimer] INFO  c.n.e.r.AbstractInstanceRegistry - Running the evict task with compensationTime 0ms
2023-08-30 17:29:44.996 [Eureka-EvictionTimer] INFO  c.n.e.r.AbstractInstanceRegistry - Running the evict task with compensationTime 0ms
2023-08-30 17:29:49.996 [Eureka-EvictionTimer] INFO  c.n.e.r.AbstractInstanceRegistry - Running the evict task with compensationTime 0ms
2023-08-30 17:29:54.996 [Eureka-EvictionTimer] INFO  c.n.e.r.AbstractInstanceRegistry - Running the evict task with compensationTime 0ms
2023-08-30 17:29:59.996 [Eureka-EvictionTimer] INFO  c.n.e.r.AbstractInstanceRegistry - Running the evict task with compensationTime 0ms
2023-08-30 17:30:04.996 [Eureka-EvictionTimer] INFO  c.n.e.r.AbstractInstanceRegistry - Running the evict task with compensationTime 0ms
2023-08-30 17:30:09.996 [Eureka-EvictionTimer] INFO  c.n.e.r.AbstractInstanceRegistry - Running the evict task with compensationTime 0ms
2023-08-30 17:30:14.996 [Eureka-EvictionTimer] INFO  c.n.e.r.AbstractInstanceRegistry - Running the evict task with compensationTime 0ms
2023-08-30 17:30:19.996 [Eureka-EvictionTimer] INFO  c.n.e.r.AbstractInstanceRegistry - Running the evict task with compensationTime 0ms
2023-08-30 17:30:24.996 [Eureka-EvictionTimer] INFO  c.n.e.r.AbstractInstanceRegistry - Running the evict task with compensationTime 0ms
2023-08-30 17:30:29.996 [Eureka-EvictionTimer] INFO  c.n.e.r.AbstractInstanceRegistry - Running the evict task with compensationTime 0ms
2023-08-30 17:30:34.996 [Eureka-EvictionTimer] INFO  c.n.e.r.AbstractInstanceRegistry - Running the evict task with compensationTime 0ms
2023-08-30 17:30:39.996 [Eureka-EvictionTimer] INFO  c.n.e.r.AbstractInstanceRegistry - Running the evict task with compensationTime 0ms
2023-08-30 17:30:44.996 [Eureka-EvictionTimer] INFO  c.n.e.r.AbstractInstanceRegistry - Running the evict task with compensationTime 0ms
2023-08-30 17:30:49.996 [Eureka-EvictionTimer] INFO  c.n.e.r.AbstractInstanceRegistry - Running the evict task with compensationTime 0ms
2023-08-30 17:30:54.859 [ReplicaAwareInstanceRegistry - RenewalThresholdUpdater] INFO  c.n.e.r.PeerAwareInstanceRegistryImpl - Current renewal threshold is : 0
2023-08-30 17:30:54.996 [Eureka-EvictionTimer] INFO  c.n.e.r.AbstractInstanceRegistry - Running the evict task with compensationTime 0ms
2023-08-30 17:30:59.996 [Eureka-EvictionTimer] INFO  c.n.e.r.AbstractInstanceRegistry - Running the evict task with compensationTime 0ms
2023-08-30 17:31:04.996 [Eureka-EvictionTimer] INFO  c.n.e.r.AbstractInstanceRegistry - Running the evict task with compensationTime 0ms
2023-08-30 17:31:09.996 [Eureka-EvictionTimer] INFO  c.n.e.r.AbstractInstanceRegistry - Running the evict task with compensationTime 0ms
2023-08-30 17:31:14.996 [Eureka-EvictionTimer] INFO  c.n.e.r.AbstractInstanceRegistry - Running the evict task with compensationTime 0ms
2023-08-30 17:31:19.996 [Eureka-EvictionTimer] INFO  c.n.e.r.AbstractInstanceRegistry - Running the evict task with compensationTime 0ms
2023-08-30 17:31:24.996 [Eureka-EvictionTimer] INFO  c.n.e.r.AbstractInstanceRegistry - Running the evict task with compensationTime 0ms
2023-08-30 17:31:29.996 [Eureka-EvictionTimer] INFO  c.n.e.r.AbstractInstanceRegistry - Running the evict task with compensationTime 0ms
2023-08-30 17:31:34.996 [Eureka-EvictionTimer] INFO  c.n.e.r.AbstractInstanceRegistry - Running the evict task with compensationTime 0ms
2023-08-30 17:31:39.996 [Eureka-EvictionTimer] INFO  c.n.e.r.AbstractInstanceRegistry - Running the evict task with compensationTime 0ms
2023-08-30 17:31:44.996 [Eureka-EvictionTimer] INFO  c.n.e.r.AbstractInstanceRegistry - Running the evict task with compensationTime 0ms
2023-08-30 17:31:49.996 [Eureka-EvictionTimer] INFO  c.n.e.r.AbstractInstanceRegistry - Running the evict task with compensationTime 0ms
2023-08-30 17:31:54.996 [Eureka-EvictionTimer] INFO  c.n.e.r.AbstractInstanceRegistry - Running the evict task with compensationTime 0ms
2023-08-30 17:31:59.996 [Eureka-EvictionTimer] INFO  c.n.e.r.AbstractInstanceRegistry - Running the evict task with compensationTime 0ms
2023-08-30 17:32:04.996 [Eureka-EvictionTimer] INFO  c.n.e.r.AbstractInstanceRegistry - Running the evict task with compensationTime 0ms
2023-08-30 17:32:09.996 [Eureka-EvictionTimer] INFO  c.n.e.r.AbstractInstanceRegistry - Running the evict task with compensationTime 0ms
2023-08-30 17:32:14.996 [Eureka-EvictionTimer] INFO  c.n.e.r.AbstractInstanceRegistry - Running the evict task with compensationTime 0ms
2023-08-30 17:32:19.996 [Eureka-EvictionTimer] INFO  c.n.e.r.AbstractInstanceRegistry - Running the evict task with compensationTime 0ms
2023-08-30 17:32:24.996 [Eureka-EvictionTimer] INFO  c.n.e.r.AbstractInstanceRegistry - Running the evict task with compensationTime 0ms
2023-08-30 17:32:29.996 [Eureka-EvictionTimer] INFO  c.n.e.r.AbstractInstanceRegistry - Running the evict task with compensationTime 0ms
2023-08-30 17:32:34.996 [Eureka-EvictionTimer] INFO  c.n.e.r.AbstractInstanceRegistry - Running the evict task with compensationTime 0ms
2023-08-30 17:32:39.996 [Eureka-EvictionTimer] INFO  c.n.e.r.AbstractInstanceRegistry - Running the evict task with compensationTime 0ms
2023-08-30 17:32:44.996 [Eureka-EvictionTimer] INFO  c.n.e.r.AbstractInstanceRegistry - Running the evict task with compensationTime 0ms
2023-08-30 17:32:49.996 [Eureka-EvictionTimer] INFO  c.n.e.r.AbstractInstanceRegistry - Running the evict task with compensationTime 0ms
2023-08-30 17:32:54.996 [Eureka-EvictionTimer] INFO  c.n.e.r.AbstractInstanceRegistry - Running the evict task with compensationTime 0ms
2023-08-30 17:32:59.996 [Eureka-EvictionTimer] INFO  c.n.e.r.AbstractInstanceRegistry - Running the evict task with compensationTime 0ms
2023-08-30 17:33:04.996 [Eureka-EvictionTimer] INFO  c.n.e.r.AbstractInstanceRegistry - Running the evict task with compensationTime 0ms
2023-08-30 17:33:09.996 [Eureka-EvictionTimer] INFO  c.n.e.r.AbstractInstanceRegistry - Running the evict task with compensationTime 0ms
2023-08-30 17:33:14.996 [Eureka-EvictionTimer] INFO  c.n.e.r.AbstractInstanceRegistry - Running the evict task with compensationTime 0ms
2023-08-30 17:33:19.996 [Eureka-EvictionTimer] INFO  c.n.e.r.AbstractInstanceRegistry - Running the evict task with compensationTime 0ms
2023-08-30 17:33:24.996 [Eureka-EvictionTimer] INFO  c.n.e.r.AbstractInstanceRegistry - Running the evict task with compensationTime 0ms
2023-08-30 17:33:29.996 [Eureka-EvictionTimer] INFO  c.n.e.r.AbstractInstanceRegistry - Running the evict task with compensationTime 0ms
2023-08-30 17:33:34.996 [Eureka-EvictionTimer] INFO  c.n.e.r.AbstractInstanceRegistry - Running the evict task with compensationTime 0ms
2023-08-30 17:33:39.996 [Eureka-EvictionTimer] INFO  c.n.e.r.AbstractInstanceRegistry - Running the evict task with compensationTime 0ms
2023-08-30 17:33:44.996 [Eureka-EvictionTimer] INFO  c.n.e.r.AbstractInstanceRegistry - Running the evict task with compensationTime 0ms
2023-08-30 17:33:49.996 [Eureka-EvictionTimer] INFO  c.n.e.r.AbstractInstanceRegistry - Running the evict task with compensationTime 0ms
2023-08-30 17:33:54.996 [Eureka-EvictionTimer] INFO  c.n.e.r.AbstractInstanceRegistry - Running the evict task with compensationTime 0ms
2023-08-30 17:33:59.996 [Eureka-EvictionTimer] INFO  c.n.e.r.AbstractInstanceRegistry - Running the evict task with compensationTime 0ms
2023-08-30 17:34:04.996 [Eureka-EvictionTimer] INFO  c.n.e.r.AbstractInstanceRegistry - Running the evict task with compensationTime 0ms
2023-08-30 17:34:09.996 [Eureka-EvictionTimer] INFO  c.n.e.r.AbstractInstanceRegistry - Running the evict task with compensationTime 0ms
2023-08-30 17:34:14.996 [Eureka-EvictionTimer] INFO  c.n.e.r.AbstractInstanceRegistry - Running the evict task with compensationTime 0ms
2023-08-30 17:34:19.996 [Eureka-EvictionTimer] INFO  c.n.e.r.AbstractInstanceRegistry - Running the evict task with compensationTime 0ms
2023-08-30 17:34:24.996 [Eureka-EvictionTimer] INFO  c.n.e.r.AbstractInstanceRegistry - Running the evict task with compensationTime 0ms
2023-08-30 17:34:29.996 [Eureka-EvictionTimer] INFO  c.n.e.r.AbstractInstanceRegistry - Running the evict task with compensationTime 0ms
2023-08-30 17:34:34.996 [Eureka-EvictionTimer] INFO  c.n.e.r.AbstractInstanceRegistry - Running the evict task with compensationTime 0ms
2023-08-30 17:34:39.996 [Eureka-EvictionTimer] INFO  c.n.e.r.AbstractInstanceRegistry - Running the evict task with compensationTime 0ms
2023-08-30 17:34:44.996 [Eureka-EvictionTimer] INFO  c.n.e.r.AbstractInstanceRegistry - Running the evict task with compensationTime 0ms
2023-08-30 17:34:49.996 [Eureka-EvictionTimer] INFO  c.n.e.r.AbstractInstanceRegistry - Running the evict task with compensationTime 0ms
2023-08-30 17:34:54.996 [Eureka-EvictionTimer] INFO  c.n.e.r.AbstractInstanceRegistry - Running the evict task with compensationTime 0ms
2023-08-30 17:34:59.996 [Eureka-EvictionTimer] INFO  c.n.e.r.AbstractInstanceRegistry - Running the evict task with compensationTime 0ms
2023-08-30 17:35:04.996 [Eureka-EvictionTimer] INFO  c.n.e.r.AbstractInstanceRegistry - Running the evict task with compensationTime 0ms
2023-08-30 17:35:09.996 [Eureka-EvictionTimer] INFO  c.n.e.r.AbstractInstanceRegistry - Running the evict task with compensationTime 0ms
2023-08-30 17:35:14.996 [Eureka-EvictionTimer] INFO  c.n.e.r.AbstractInstanceRegistry - Running the evict task with compensationTime 0ms
2023-08-30 17:35:19.996 [Eureka-EvictionTimer] INFO  c.n.e.r.AbstractInstanceRegistry - Running the evict task with compensationTime 0ms
2023-08-30 17:35:24.996 [Eureka-EvictionTimer] INFO  c.n.e.r.AbstractInstanceRegistry - Running the evict task with compensationTime 0ms
2023-08-30 17:35:29.996 [Eureka-EvictionTimer] INFO  c.n.e.r.AbstractInstanceRegistry - Running the evict task with compensationTime 0ms
2023-08-30 17:35:34.996 [Eureka-EvictionTimer] INFO  c.n.e.r.AbstractInstanceRegistry - Running the evict task with compensationTime 0ms
2023-08-30 17:35:39.996 [Eureka-EvictionTimer] INFO  c.n.e.r.AbstractInstanceRegistry - Running the evict task with compensationTime 0ms
2023-08-30 17:35:44.996 [Eureka-EvictionTimer] INFO  c.n.e.r.AbstractInstanceRegistry - Running the evict task with compensationTime 0ms
2023-08-30 17:35:49.996 [Eureka-EvictionTimer] INFO  c.n.e.r.AbstractInstanceRegistry - Running the evict task with compensationTime 0ms
2023-08-30 17:35:54.996 [Eureka-EvictionTimer] INFO  c.n.e.r.AbstractInstanceRegistry - Running the evict task with compensationTime 0ms
2023-08-30 17:35:59.996 [Eureka-EvictionTimer] INFO  c.n.e.r.AbstractInstanceRegistry - Running the evict task with compensationTime 0ms
2023-08-30 17:36:04.996 [Eureka-EvictionTimer] INFO  c.n.e.r.AbstractInstanceRegistry - Running the evict task with compensationTime 0ms
2023-08-30 17:36:09.996 [Eureka-EvictionTimer] INFO  c.n.e.r.AbstractInstanceRegistry - Running the evict task with compensationTime 0ms
2023-08-30 17:36:14.996 [Eureka-EvictionTimer] INFO  c.n.e.r.AbstractInstanceRegistry - Running the evict task with compensationTime 0ms
2023-08-30 17:36:19.996 [Eureka-EvictionTimer] INFO  c.n.e.r.AbstractInstanceRegistry - Running the evict task with compensationTime 0ms
2023-08-30 17:36:24.996 [Eureka-EvictionTimer] INFO  c.n.e.r.AbstractInstanceRegistry - Running the evict task with compensationTime 0ms
2023-08-30 17:36:29.996 [Eureka-EvictionTimer] INFO  c.n.e.r.AbstractInstanceRegistry - Running the evict task with compensationTime 0ms
2023-08-30 17:36:34.996 [Eureka-EvictionTimer] INFO  c.n.e.r.AbstractInstanceRegistry - Running the evict task with compensationTime 0ms
2023-08-30 17:36:39.996 [Eureka-EvictionTimer] INFO  c.n.e.r.AbstractInstanceRegistry - Running the evict task with compensationTime 0ms
2023-08-30 17:36:44.996 [Eureka-EvictionTimer] INFO  c.n.e.r.AbstractInstanceRegistry - Running the evict task with compensationTime 0ms
2023-08-30 17:36:49.996 [Eureka-EvictionTimer] INFO  c.n.e.r.AbstractInstanceRegistry - Running the evict task with compensationTime 0ms
2023-08-30 17:36:54.996 [Eureka-EvictionTimer] INFO  c.n.e.r.AbstractInstanceRegistry - Running the evict task with compensationTime 0ms
2023-08-30 17:36:59.996 [Eureka-EvictionTimer] INFO  c.n.e.r.AbstractInstanceRegistry - Running the evict task with compensationTime 0ms
2023-08-30 17:37:04.996 [Eureka-EvictionTimer] INFO  c.n.e.r.AbstractInstanceRegistry - Running the evict task with compensationTime 0ms
2023-08-30 17:37:09.996 [Eureka-EvictionTimer] INFO  c.n.e.r.AbstractInstanceRegistry - Running the evict task with compensationTime 0ms
2023-08-30 17:37:14.996 [Eureka-EvictionTimer] INFO  c.n.e.r.AbstractInstanceRegistry - Running the evict task with compensationTime 0ms
2023-08-30 17:37:19.996 [Eureka-EvictionTimer] INFO  c.n.e.r.AbstractInstanceRegistry - Running the evict task with compensationTime 0ms
2023-08-30 17:37:24.996 [Eureka-EvictionTimer] INFO  c.n.e.r.AbstractInstanceRegistry - Running the evict task with compensationTime 0ms
2023-08-30 17:37:29.996 [Eureka-EvictionTimer] INFO  c.n.e.r.AbstractInstanceRegistry - Running the evict task with compensationTime 0ms
2023-08-30 17:37:34.996 [Eureka-EvictionTimer] INFO  c.n.e.r.AbstractInstanceRegistry - Running the evict task with compensationTime 0ms
2023-08-30 17:37:39.996 [Eureka-EvictionTimer] INFO  c.n.e.r.AbstractInstanceRegistry - Running the evict task with compensationTime 0ms
2023-08-30 17:37:44.996 [Eureka-EvictionTimer] INFO  c.n.e.r.AbstractInstanceRegistry - Running the evict task with compensationTime 0ms
2023-08-30 17:37:49.996 [Eureka-EvictionTimer] INFO  c.n.e.r.AbstractInstanceRegistry - Running the evict task with compensationTime 0ms
2023-08-30 17:37:54.996 [Eureka-EvictionTimer] INFO  c.n.e.r.AbstractInstanceRegistry - Running the evict task with compensationTime 0ms
2023-08-30 17:37:59.996 [Eureka-EvictionTimer] INFO  c.n.e.r.AbstractInstanceRegistry - Running the evict task with compensationTime 0ms
2023-08-30 17:38:04.996 [Eureka-EvictionTimer] INFO  c.n.e.r.AbstractInstanceRegistry - Running the evict task with compensationTime 0ms
2023-08-30 17:38:09.996 [Eureka-EvictionTimer] INFO  c.n.e.r.AbstractInstanceRegistry - Running the evict task with compensationTime 0ms
2023-08-30 17:38:14.996 [Eureka-EvictionTimer] INFO  c.n.e.r.AbstractInstanceRegistry - Running the evict task with compensationTime 0ms
2023-08-30 17:38:19.996 [Eureka-EvictionTimer] INFO  c.n.e.r.AbstractInstanceRegistry - Running the evict task with compensationTime 0ms
2023-08-30 17:38:24.996 [Eureka-EvictionTimer] INFO  c.n.e.r.AbstractInstanceRegistry - Running the evict task with compensationTime 0ms
2023-08-30 17:38:29.996 [Eureka-EvictionTimer] INFO  c.n.e.r.AbstractInstanceRegistry - Running the evict task with compensationTime 0ms
2023-08-30 17:38:34.996 [Eureka-EvictionTimer] INFO  c.n.e.r.AbstractInstanceRegistry - Running the evict task with compensationTime 0ms
2023-08-30 17:38:39.996 [Eureka-EvictionTimer] INFO  c.n.e.r.AbstractInstanceRegistry - Running the evict task with compensationTime 0ms
2023-08-30 17:38:44.996 [Eureka-EvictionTimer] INFO  c.n.e.r.AbstractInstanceRegistry - Running the evict task with compensationTime 0ms
2023-08-30 17:38:49.996 [Eureka-EvictionTimer] INFO  c.n.e.r.AbstractInstanceRegistry - Running the evict task with compensationTime 0ms
2023-08-30 17:38:54.996 [Eureka-EvictionTimer] INFO  c.n.e.r.AbstractInstanceRegistry - Running the evict task with compensationTime 0ms
2023-08-30 17:38:59.996 [Eureka-EvictionTimer] INFO  c.n.e.r.AbstractInstanceRegistry - Running the evict task with compensationTime 0ms
2023-08-30 17:39:04.996 [Eureka-EvictionTimer] INFO  c.n.e.r.AbstractInstanceRegistry - Running the evict task with compensationTime 0ms
2023-08-30 17:39:09.996 [Eureka-EvictionTimer] INFO  c.n.e.r.AbstractInstanceRegistry - Running the evict task with compensationTime 0ms
2023-08-30 17:39:14.996 [Eureka-EvictionTimer] INFO  c.n.e.r.AbstractInstanceRegistry - Running the evict task with compensationTime 0ms
2023-08-30 17:39:19.996 [Eureka-EvictionTimer] INFO  c.n.e.r.AbstractInstanceRegistry - Running the evict task with compensationTime 0ms
2023-08-30 17:39:24.996 [Eureka-EvictionTimer] INFO  c.n.e.r.AbstractInstanceRegistry - Running the evict task with compensationTime 0ms
2023-08-30 17:39:29.996 [Eureka-EvictionTimer] INFO  c.n.e.r.AbstractInstanceRegistry - Running the evict task with compensationTime 0ms
2023-08-30 17:39:34.996 [Eureka-EvictionTimer] INFO  c.n.e.r.AbstractInstanceRegistry - Running the evict task with compensationTime 0ms
2023-08-30 17:39:39.996 [Eureka-EvictionTimer] INFO  c.n.e.r.AbstractInstanceRegistry - Running the evict task with compensationTime 0ms
2023-08-30 17:39:44.996 [Eureka-EvictionTimer] INFO  c.n.e.r.AbstractInstanceRegistry - Running the evict task with compensationTime 0ms
2023-08-30 17:39:49.996 [Eureka-EvictionTimer] INFO  c.n.e.r.AbstractInstanceRegistry - Running the evict task with compensationTime 0ms
2023-08-30 17:39:54.996 [Eureka-EvictionTimer] INFO  c.n.e.r.AbstractInstanceRegistry - Running the evict task with compensationTime 0ms
2023-08-30 17:39:59.996 [Eureka-EvictionTimer] INFO  c.n.e.r.AbstractInstanceRegistry - Running the evict task with compensationTime 0ms
2023-08-30 17:40:04.996 [Eureka-EvictionTimer] INFO  c.n.e.r.AbstractInstanceRegistry - Running the evict task with compensationTime 0ms
2023-08-30 17:40:09.996 [Eureka-EvictionTimer] INFO  c.n.e.r.AbstractInstanceRegistry - Running the evict task with compensationTime 0ms
2023-08-30 17:40:14.996 [Eureka-EvictionTimer] INFO  c.n.e.r.AbstractInstanceRegistry - Running the evict task with compensationTime 0ms
2023-08-30 17:40:19.996 [Eureka-EvictionTimer] INFO  c.n.e.r.AbstractInstanceRegistry - Running the evict task with compensationTime 0ms
2023-08-30 17:40:24.996 [Eureka-EvictionTimer] INFO  c.n.e.r.AbstractInstanceRegistry - Running the evict task with compensationTime 0ms
2023-08-30 17:40:29.996 [Eureka-EvictionTimer] INFO  c.n.e.r.AbstractInstanceRegistry - Running the evict task with compensationTime 0ms
2023-08-30 17:40:34.996 [Eureka-EvictionTimer] INFO  c.n.e.r.AbstractInstanceRegistry - Running the evict task with compensationTime 0ms
2023-08-30 17:40:39.996 [Eureka-EvictionTimer] INFO  c.n.e.r.AbstractInstanceRegistry - Running the evict task with compensationTime 0ms
2023-08-30 17:40:44.996 [Eureka-EvictionTimer] INFO  c.n.e.r.AbstractInstanceRegistry - Running the evict task with compensationTime 0ms
2023-08-30 17:40:49.996 [Eureka-EvictionTimer] INFO  c.n.e.r.AbstractInstanceRegistry - Running the evict task with compensationTime 0ms
2023-08-30 17:40:54.996 [Eureka-EvictionTimer] INFO  c.n.e.r.AbstractInstanceRegistry - Running the evict task with compensationTime 0ms
2023-08-30 17:40:59.996 [Eureka-EvictionTimer] INFO  c.n.e.r.AbstractInstanceRegistry - Running the evict task with compensationTime 0ms
2023-08-30 17:41:04.996 [Eureka-EvictionTimer] INFO  c.n.e.r.AbstractInstanceRegistry - Running the evict task with compensationTime 0ms
2023-08-30 17:41:09.996 [Eureka-EvictionTimer] INFO  c.n.e.r.AbstractInstanceRegistry - Running the evict task with compensationTime 0ms
2023-08-30 17:41:14.996 [Eureka-EvictionTimer] INFO  c.n.e.r.AbstractInstanceRegistry - Running the evict task with compensationTime 0ms
2023-08-30 17:41:19.996 [Eureka-EvictionTimer] INFO  c.n.e.r.AbstractInstanceRegistry - Running the evict task with compensationTime 0ms
2023-08-30 17:41:24.996 [Eureka-EvictionTimer] INFO  c.n.e.r.AbstractInstanceRegistry - Running the evict task with compensationTime 0ms
2023-08-30 17:41:29.996 [Eureka-EvictionTimer] INFO  c.n.e.r.AbstractInstanceRegistry - Running the evict task with compensationTime 0ms
2023-08-30 17:41:34.996 [Eureka-EvictionTimer] INFO  c.n.e.r.AbstractInstanceRegistry - Running the evict task with compensationTime 0ms
2023-08-30 17:41:39.996 [Eureka-EvictionTimer] INFO  c.n.e.r.AbstractInstanceRegistry - Running the evict task with compensationTime 0ms
2023-08-30 17:41:44.996 [Eureka-EvictionTimer] INFO  c.n.e.r.AbstractInstanceRegistry - Running the evict task with compensationTime 0ms
2023-08-30 17:41:49.996 [Eureka-EvictionTimer] INFO  c.n.e.r.AbstractInstanceRegistry - Running the evict task with compensationTime 0ms
2023-08-30 17:41:54.996 [Eureka-EvictionTimer] INFO  c.n.e.r.AbstractInstanceRegistry - Running the evict task with compensationTime 0ms
2023-08-30 17:41:59.996 [Eureka-EvictionTimer] INFO  c.n.e.r.AbstractInstanceRegistry - Running the evict task with compensationTime 0ms
2023-08-30 17:42:04.996 [Eureka-EvictionTimer] INFO  c.n.e.r.AbstractInstanceRegistry - Running the evict task with compensationTime 0ms
2023-08-30 17:42:09.996 [Eureka-EvictionTimer] INFO  c.n.e.r.AbstractInstanceRegistry - Running the evict task with compensationTime 0ms
2023-08-30 17:42:14.996 [Eureka-EvictionTimer] INFO  c.n.e.r.AbstractInstanceRegistry - Running the evict task with compensationTime 0ms
2023-08-30 17:42:19.996 [Eureka-EvictionTimer] INFO  c.n.e.r.AbstractInstanceRegistry - Running the evict task with compensationTime 0ms
2023-08-30 17:42:24.996 [Eureka-EvictionTimer] INFO  c.n.e.r.AbstractInstanceRegistry - Running the evict task with compensationTime 0ms
2023-08-30 17:42:29.996 [Eureka-EvictionTimer] INFO  c.n.e.r.AbstractInstanceRegistry - Running the evict task with compensationTime 0ms
2023-08-30 17:42:34.996 [Eureka-EvictionTimer] INFO  c.n.e.r.AbstractInstanceRegistry - Running the evict task with compensationTime 0ms
2023-08-30 17:42:39.996 [Eureka-EvictionTimer] INFO  c.n.e.r.AbstractInstanceRegistry - Running the evict task with compensationTime 0ms
2023-08-30 17:42:44.996 [Eureka-EvictionTimer] INFO  c.n.e.r.AbstractInstanceRegistry - Running the evict task with compensationTime 0ms
2023-08-30 17:42:49.996 [Eureka-EvictionTimer] INFO  c.n.e.r.AbstractInstanceRegistry - Running the evict task with compensationTime 0ms
2023-08-30 17:42:54.996 [Eureka-EvictionTimer] INFO  c.n.e.r.AbstractInstanceRegistry - Running the evict task with compensationTime 0ms
2023-08-30 17:42:59.996 [Eureka-EvictionTimer] INFO  c.n.e.r.AbstractInstanceRegistry - Running the evict task with compensationTime 0ms
2023-08-30 17:43:04.996 [Eureka-EvictionTimer] INFO  c.n.e.r.AbstractInstanceRegistry - Running the evict task with compensationTime 0ms
2023-08-30 17:43:09.996 [Eureka-EvictionTimer] INFO  c.n.e.r.AbstractInstanceRegistry - Running the evict task with compensationTime 0ms
2023-08-30 17:43:14.996 [Eureka-EvictionTimer] INFO  c.n.e.r.AbstractInstanceRegistry - Running the evict task with compensationTime 0ms
2023-08-30 17:43:19.996 [Eureka-EvictionTimer] INFO  c.n.e.r.AbstractInstanceRegistry - Running the evict task with compensationTime 0ms
2023-08-30 17:43:24.996 [Eureka-EvictionTimer] INFO  c.n.e.r.AbstractInstanceRegistry - Running the evict task with compensationTime 0ms
2023-08-30 17:43:29.996 [Eureka-EvictionTimer] INFO  c.n.e.r.AbstractInstanceRegistry - Running the evict task with compensationTime 0ms
2023-08-30 17:43:34.996 [Eureka-EvictionTimer] INFO  c.n.e.r.AbstractInstanceRegistry - Running the evict task with compensationTime 0ms
2023-08-30 17:43:39.996 [Eureka-EvictionTimer] INFO  c.n.e.r.AbstractInstanceRegistry - Running the evict task with compensationTime 0ms
2023-08-30 17:43:44.996 [Eureka-EvictionTimer] INFO  c.n.e.r.AbstractInstanceRegistry - Running the evict task with compensationTime 0ms
2023-08-30 17:43:49.996 [Eureka-EvictionTimer] INFO  c.n.e.r.AbstractInstanceRegistry - Running the evict task with compensationTime 0ms
2023-08-30 17:43:54.996 [Eureka-EvictionTimer] INFO  c.n.e.r.AbstractInstanceRegistry - Running the evict task with compensationTime 0ms
2023-08-30 17:43:59.996 [Eureka-EvictionTimer] INFO  c.n.e.r.AbstractInstanceRegistry - Running the evict task with compensationTime 0ms
2023-08-30 17:44:04.996 [Eureka-EvictionTimer] INFO  c.n.e.r.AbstractInstanceRegistry - Running the evict task with compensationTime 0ms
2023-08-30 17:44:09.996 [Eureka-EvictionTimer] INFO  c.n.e.r.AbstractInstanceRegistry - Running the evict task with compensationTime 0ms
2023-08-30 17:44:14.996 [Eureka-EvictionTimer] INFO  c.n.e.r.AbstractInstanceRegistry - Running the evict task with compensationTime 0ms
2023-08-30 17:44:19.996 [Eureka-EvictionTimer] INFO  c.n.e.r.AbstractInstanceRegistry - Running the evict task with compensationTime 0ms
2023-08-30 17:44:24.996 [Eureka-EvictionTimer] INFO  c.n.e.r.AbstractInstanceRegistry - Running the evict task with compensationTime 0ms
2023-08-30 17:44:29.996 [Eureka-EvictionTimer] INFO  c.n.e.r.AbstractInstanceRegistry - Running the evict task with compensationTime 0ms
2023-08-30 17:44:34.996 [Eureka-EvictionTimer] INFO  c.n.e.r.AbstractInstanceRegistry - Running the evict task with compensationTime 0ms
2023-08-30 17:44:39.996 [Eureka-EvictionTimer] INFO  c.n.e.r.AbstractInstanceRegistry - Running the evict task with compensationTime 0ms
2023-08-30 17:44:44.996 [Eureka-EvictionTimer] INFO  c.n.e.r.AbstractInstanceRegistry - Running the evict task with compensationTime 0ms
2023-08-30 17:44:49.996 [Eureka-EvictionTimer] INFO  c.n.e.r.AbstractInstanceRegistry - Running the evict task with compensationTime 0ms
2023-08-30 17:44:54.996 [Eureka-EvictionTimer] INFO  c.n.e.r.AbstractInstanceRegistry - Running the evict task with compensationTime 0ms
2023-08-30 17:44:59.996 [Eureka-EvictionTimer] INFO  c.n.e.r.AbstractInstanceRegistry - Running the evict task with compensationTime 0ms
2023-08-30 17:45:04.996 [Eureka-EvictionTimer] INFO  c.n.e.r.AbstractInstanceRegistry - Running the evict task with compensationTime 0ms
2023-08-30 17:45:09.996 [Eureka-EvictionTimer] INFO  c.n.e.r.AbstractInstanceRegistry - Running the evict task with compensationTime 0ms
2023-08-30 17:45:14.996 [Eureka-EvictionTimer] INFO  c.n.e.r.AbstractInstanceRegistry - Running the evict task with compensationTime 0ms
2023-08-30 17:45:19.996 [Eureka-EvictionTimer] INFO  c.n.e.r.AbstractInstanceRegistry - Running the evict task with compensationTime 0ms
2023-08-30 17:45:24.996 [Eureka-EvictionTimer] INFO  c.n.e.r.AbstractInstanceRegistry - Running the evict task with compensationTime 0ms
2023-08-30 17:45:29.996 [Eureka-EvictionTimer] INFO  c.n.e.r.AbstractInstanceRegistry - Running the evict task with compensationTime 0ms
2023-08-30 17:45:34.996 [Eureka-EvictionTimer] INFO  c.n.e.r.AbstractInstanceRegistry - Running the evict task with compensationTime 0ms
2023-08-30 17:45:39.996 [Eureka-EvictionTimer] INFO  c.n.e.r.AbstractInstanceRegistry - Running the evict task with compensationTime 0ms
2023-08-30 17:45:44.996 [Eureka-EvictionTimer] INFO  c.n.e.r.AbstractInstanceRegistry - Running the evict task with compensationTime 0ms
2023-08-30 17:45:49.996 [Eureka-EvictionTimer] INFO  c.n.e.r.AbstractInstanceRegistry - Running the evict task with compensationTime 0ms
2023-08-30 17:45:54.859 [ReplicaAwareInstanceRegistry - RenewalThresholdUpdater] INFO  c.n.e.r.PeerAwareInstanceRegistryImpl - Current renewal threshold is : 0
2023-08-30 17:45:54.996 [Eureka-EvictionTimer] INFO  c.n.e.r.AbstractInstanceRegistry - Running the evict task with compensationTime 0ms
2023-08-30 17:45:59.996 [Eureka-EvictionTimer] INFO  c.n.e.r.AbstractInstanceRegistry - Running the evict task with compensationTime 0ms
2023-08-30 17:46:04.996 [Eureka-EvictionTimer] INFO  c.n.e.r.AbstractInstanceRegistry - Running the evict task with compensationTime 0ms
2023-08-30 17:46:09.996 [Eureka-EvictionTimer] INFO  c.n.e.r.AbstractInstanceRegistry - Running the evict task with compensationTime 0ms
2023-08-30 17:46:14.996 [Eureka-EvictionTimer] INFO  c.n.e.r.AbstractInstanceRegistry - Running the evict task with compensationTime 0ms
2023-08-30 17:46:19.996 [Eureka-EvictionTimer] INFO  c.n.e.r.AbstractInstanceRegistry - Running the evict task with compensationTime 0ms
2023-08-30 17:46:24.996 [Eureka-EvictionTimer] INFO  c.n.e.r.AbstractInstanceRegistry - Running the evict task with compensationTime 0ms
2023-08-30 17:46:29.996 [Eureka-EvictionTimer] INFO  c.n.e.r.AbstractInstanceRegistry - Running the evict task with compensationTime 0ms
2023-08-30 17:46:34.996 [Eureka-EvictionTimer] INFO  c.n.e.r.AbstractInstanceRegistry - Running the evict task with compensationTime 0ms
2023-08-30 17:46:39.996 [Eureka-EvictionTimer] INFO  c.n.e.r.AbstractInstanceRegistry - Running the evict task with compensationTime 0ms
2023-08-30 17:46:44.996 [Eureka-EvictionTimer] INFO  c.n.e.r.AbstractInstanceRegistry - Running the evict task with compensationTime 0ms
2023-08-30 17:46:49.996 [Eureka-EvictionTimer] INFO  c.n.e.r.AbstractInstanceRegistry - Running the evict task with compensationTime 0ms
2023-08-30 17:46:54.996 [Eureka-EvictionTimer] INFO  c.n.e.r.AbstractInstanceRegistry - Running the evict task with compensationTime 0ms
2023-08-30 17:46:59.996 [Eureka-EvictionTimer] INFO  c.n.e.r.AbstractInstanceRegistry - Running the evict task with compensationTime 0ms
2023-08-30 17:47:04.996 [Eureka-EvictionTimer] INFO  c.n.e.r.AbstractInstanceRegistry - Running the evict task with compensationTime 0ms
2023-08-30 17:47:09.996 [Eureka-EvictionTimer] INFO  c.n.e.r.AbstractInstanceRegistry - Running the evict task with compensationTime 0ms
2023-08-30 17:47:14.996 [Eureka-EvictionTimer] INFO  c.n.e.r.AbstractInstanceRegistry - Running the evict task with compensationTime 0ms
2023-08-30 17:47:19.996 [Eureka-EvictionTimer] INFO  c.n.e.r.AbstractInstanceRegistry - Running the evict task with compensationTime 0ms
2023-08-30 17:47:24.996 [Eureka-EvictionTimer] INFO  c.n.e.r.AbstractInstanceRegistry - Running the evict task with compensationTime 0ms
2023-08-30 17:47:29.996 [Eureka-EvictionTimer] INFO  c.n.e.r.AbstractInstanceRegistry - Running the evict task with compensationTime 0ms
2023-08-30 17:47:34.996 [Eureka-EvictionTimer] INFO  c.n.e.r.AbstractInstanceRegistry - Running the evict task with compensationTime 0ms
2023-08-30 17:47:39.996 [Eureka-EvictionTimer] INFO  c.n.e.r.AbstractInstanceRegistry - Running the evict task with compensationTime 0ms
2023-08-30 17:47:44.996 [Eureka-EvictionTimer] INFO  c.n.e.r.AbstractInstanceRegistry - Running the evict task with compensationTime 0ms
2023-08-30 17:47:49.996 [Eureka-EvictionTimer] INFO  c.n.e.r.AbstractInstanceRegistry - Running the evict task with compensationTime 0ms
2023-08-30 17:47:54.996 [Eureka-EvictionTimer] INFO  c.n.e.r.AbstractInstanceRegistry - Running the evict task with compensationTime 0ms
2023-08-30 17:47:59.996 [Eureka-EvictionTimer] INFO  c.n.e.r.AbstractInstanceRegistry - Running the evict task with compensationTime 0ms
2023-08-30 17:48:04.996 [Eureka-EvictionTimer] INFO  c.n.e.r.AbstractInstanceRegistry - Running the evict task with compensationTime 0ms
2023-08-30 17:48:09.996 [Eureka-EvictionTimer] INFO  c.n.e.r.AbstractInstanceRegistry - Running the evict task with compensationTime 0ms
2023-08-30 17:48:14.996 [Eureka-EvictionTimer] INFO  c.n.e.r.AbstractInstanceRegistry - Running the evict task with compensationTime 0ms
2023-08-30 17:48:19.996 [Eureka-EvictionTimer] INFO  c.n.e.r.AbstractInstanceRegistry - Running the evict task with compensationTime 0ms
2023-08-30 17:48:24.996 [Eureka-EvictionTimer] INFO  c.n.e.r.AbstractInstanceRegistry - Running the evict task with compensationTime 0ms
2023-08-30 17:48:29.996 [Eureka-EvictionTimer] INFO  c.n.e.r.AbstractInstanceRegistry - Running the evict task with compensationTime 0ms
2023-08-30 17:48:34.996 [Eureka-EvictionTimer] INFO  c.n.e.r.AbstractInstanceRegistry - Running the evict task with compensationTime 0ms
2023-08-30 17:48:39.996 [Eureka-EvictionTimer] INFO  c.n.e.r.AbstractInstanceRegistry - Running the evict task with compensationTime 0ms
2023-08-30 17:48:44.996 [Eureka-EvictionTimer] INFO  c.n.e.r.AbstractInstanceRegistry - Running the evict task with compensationTime 0ms
2023-08-30 17:48:49.996 [Eureka-EvictionTimer] INFO  c.n.e.r.AbstractInstanceRegistry - Running the evict task with compensationTime 0ms
2023-08-30 17:48:54.996 [Eureka-EvictionTimer] INFO  c.n.e.r.AbstractInstanceRegistry - Running the evict task with compensationTime 0ms
2023-08-30 17:48:59.996 [Eureka-EvictionTimer] INFO  c.n.e.r.AbstractInstanceRegistry - Running the evict task with compensationTime 0ms
2023-08-30 17:49:04.996 [Eureka-EvictionTimer] INFO  c.n.e.r.AbstractInstanceRegistry - Running the evict task with compensationTime 0ms
2023-08-30 17:49:09.996 [Eureka-EvictionTimer] INFO  c.n.e.r.AbstractInstanceRegistry - Running the evict task with compensationTime 0ms
2023-08-30 17:49:14.996 [Eureka-EvictionTimer] INFO  c.n.e.r.AbstractInstanceRegistry - Running the evict task with compensationTime 0ms
2023-08-30 17:49:19.996 [Eureka-EvictionTimer] INFO  c.n.e.r.AbstractInstanceRegistry - Running the evict task with compensationTime 0ms
2023-08-30 17:49:24.996 [Eureka-EvictionTimer] INFO  c.n.e.r.AbstractInstanceRegistry - Running the evict task with compensationTime 0ms
2023-08-30 17:49:29.996 [Eureka-EvictionTimer] INFO  c.n.e.r.AbstractInstanceRegistry - Running the evict task with compensationTime 0ms
2023-08-30 17:49:34.996 [Eureka-EvictionTimer] INFO  c.n.e.r.AbstractInstanceRegistry - Running the evict task with compensationTime 0ms
2023-08-30 17:49:39.996 [Eureka-EvictionTimer] INFO  c.n.e.r.AbstractInstanceRegistry - Running the evict task with compensationTime 0ms
2023-08-30 17:49:44.996 [Eureka-EvictionTimer] INFO  c.n.e.r.AbstractInstanceRegistry - Running the evict task with compensationTime 0ms
2023-08-30 17:49:49.996 [Eureka-EvictionTimer] INFO  c.n.e.r.AbstractInstanceRegistry - Running the evict task with compensationTime 0ms
2023-08-30 17:49:54.996 [Eureka-EvictionTimer] INFO  c.n.e.r.AbstractInstanceRegistry - Running the evict task with compensationTime 0ms
2023-08-30 17:49:59.996 [Eureka-EvictionTimer] INFO  c.n.e.r.AbstractInstanceRegistry - Running the evict task with compensationTime 0ms
2023-08-30 17:50:04.996 [Eureka-EvictionTimer] INFO  c.n.e.r.AbstractInstanceRegistry - Running the evict task with compensationTime 0ms
2023-08-30 17:50:09.996 [Eureka-EvictionTimer] INFO  c.n.e.r.AbstractInstanceRegistry - Running the evict task with compensationTime 0ms
2023-08-30 17:50:14.996 [Eureka-EvictionTimer] INFO  c.n.e.r.AbstractInstanceRegistry - Running the evict task with compensationTime 0ms
2023-08-30 17:50:19.996 [Eureka-EvictionTimer] INFO  c.n.e.r.AbstractInstanceRegistry - Running the evict task with compensationTime 0ms
2023-08-30 17:50:24.996 [Eureka-EvictionTimer] INFO  c.n.e.r.AbstractInstanceRegistry - Running the evict task with compensationTime 0ms
2023-08-30 17:50:29.996 [Eureka-EvictionTimer] INFO  c.n.e.r.AbstractInstanceRegistry - Running the evict task with compensationTime 0ms
2023-08-30 17:50:34.996 [Eureka-EvictionTimer] INFO  c.n.e.r.AbstractInstanceRegistry - Running the evict task with compensationTime 0ms
2023-08-30 17:50:39.996 [Eureka-EvictionTimer] INFO  c.n.e.r.AbstractInstanceRegistry - Running the evict task with compensationTime 0ms
2023-08-30 17:50:44.996 [Eureka-EvictionTimer] INFO  c.n.e.r.AbstractInstanceRegistry - Running the evict task with compensationTime 0ms
2023-08-30 17:50:49.996 [Eureka-EvictionTimer] INFO  c.n.e.r.AbstractInstanceRegistry - Running the evict task with compensationTime 0ms
2023-08-30 17:50:54.996 [Eureka-EvictionTimer] INFO  c.n.e.r.AbstractInstanceRegistry - Running the evict task with compensationTime 0ms
2023-08-30 17:50:59.996 [Eureka-EvictionTimer] INFO  c.n.e.r.AbstractInstanceRegistry - Running the evict task with compensationTime 0ms
2023-08-30 17:51:04.996 [Eureka-EvictionTimer] INFO  c.n.e.r.AbstractInstanceRegistry - Running the evict task with compensationTime 0ms
2023-08-30 17:51:09.996 [Eureka-EvictionTimer] INFO  c.n.e.r.AbstractInstanceRegistry - Running the evict task with compensationTime 0ms
2023-08-30 17:51:14.996 [Eureka-EvictionTimer] INFO  c.n.e.r.AbstractInstanceRegistry - Running the evict task with compensationTime 0ms
2023-08-30 17:51:19.996 [Eureka-EvictionTimer] INFO  c.n.e.r.AbstractInstanceRegistry - Running the evict task with compensationTime 0ms
2023-08-30 17:51:24.996 [Eureka-EvictionTimer] INFO  c.n.e.r.AbstractInstanceRegistry - Running the evict task with compensationTime 0ms
2023-08-30 17:51:29.996 [Eureka-EvictionTimer] INFO  c.n.e.r.AbstractInstanceRegistry - Running the evict task with compensationTime 0ms
2023-08-30 17:51:34.996 [Eureka-EvictionTimer] INFO  c.n.e.r.AbstractInstanceRegistry - Running the evict task with compensationTime 0ms
2023-08-30 17:51:39.996 [Eureka-EvictionTimer] INFO  c.n.e.r.AbstractInstanceRegistry - Running the evict task with compensationTime 0ms
2023-08-30 17:51:44.996 [Eureka-EvictionTimer] INFO  c.n.e.r.AbstractInstanceRegistry - Running the evict task with compensationTime 0ms
2023-08-30 17:51:49.996 [Eureka-EvictionTimer] INFO  c.n.e.r.AbstractInstanceRegistry - Running the evict task with compensationTime 0ms
2023-08-30 17:51:54.996 [Eureka-EvictionTimer] INFO  c.n.e.r.AbstractInstanceRegistry - Running the evict task with compensationTime 0ms
2023-08-30 17:51:59.996 [Eureka-EvictionTimer] INFO  c.n.e.r.AbstractInstanceRegistry - Running the evict task with compensationTime 0ms
2023-08-30 17:52:04.996 [Eureka-EvictionTimer] INFO  c.n.e.r.AbstractInstanceRegistry - Running the evict task with compensationTime 0ms
2023-08-30 17:52:09.996 [Eureka-EvictionTimer] INFO  c.n.e.r.AbstractInstanceRegistry - Running the evict task with compensationTime 0ms
2023-08-30 17:52:14.996 [Eureka-EvictionTimer] INFO  c.n.e.r.AbstractInstanceRegistry - Running the evict task with compensationTime 0ms
2023-08-30 17:52:19.996 [Eureka-EvictionTimer] INFO  c.n.e.r.AbstractInstanceRegistry - Running the evict task with compensationTime 0ms
2023-08-30 17:52:24.996 [Eureka-EvictionTimer] INFO  c.n.e.r.AbstractInstanceRegistry - Running the evict task with compensationTime 0ms
2023-08-30 17:52:29.996 [Eureka-EvictionTimer] INFO  c.n.e.r.AbstractInstanceRegistry - Running the evict task with compensationTime 0ms
2023-08-30 17:52:34.996 [Eureka-EvictionTimer] INFO  c.n.e.r.AbstractInstanceRegistry - Running the evict task with compensationTime 0ms
2023-08-30 17:52:39.996 [Eureka-EvictionTimer] INFO  c.n.e.r.AbstractInstanceRegistry - Running the evict task with compensationTime 0ms
2023-08-30 17:52:44.996 [Eureka-EvictionTimer] INFO  c.n.e.r.AbstractInstanceRegistry - Running the evict task with compensationTime 0ms
2023-08-30 17:52:49.996 [Eureka-EvictionTimer] INFO  c.n.e.r.AbstractInstanceRegistry - Running the evict task with compensationTime 0ms
2023-08-30 17:52:54.996 [Eureka-EvictionTimer] INFO  c.n.e.r.AbstractInstanceRegistry - Running the evict task with compensationTime 0ms
2023-08-30 17:52:59.996 [Eureka-EvictionTimer] INFO  c.n.e.r.AbstractInstanceRegistry - Running the evict task with compensationTime 0ms
2023-08-30 17:53:04.996 [Eureka-EvictionTimer] INFO  c.n.e.r.AbstractInstanceRegistry - Running the evict task with compensationTime 0ms
2023-08-30 17:53:09.996 [Eureka-EvictionTimer] INFO  c.n.e.r.AbstractInstanceRegistry - Running the evict task with compensationTime 0ms
2023-08-30 17:53:14.996 [Eureka-EvictionTimer] INFO  c.n.e.r.AbstractInstanceRegistry - Running the evict task with compensationTime 0ms
2023-08-30 17:53:19.996 [Eureka-EvictionTimer] INFO  c.n.e.r.AbstractInstanceRegistry - Running the evict task with compensationTime 0ms
2023-08-30 17:53:24.996 [Eureka-EvictionTimer] INFO  c.n.e.r.AbstractInstanceRegistry - Running the evict task with compensationTime 0ms
2023-08-30 17:53:29.996 [Eureka-EvictionTimer] INFO  c.n.e.r.AbstractInstanceRegistry - Running the evict task with compensationTime 0ms
2023-08-30 17:53:34.996 [Eureka-EvictionTimer] INFO  c.n.e.r.AbstractInstanceRegistry - Running the evict task with compensationTime 0ms
2023-08-30 17:53:39.996 [Eureka-EvictionTimer] INFO  c.n.e.r.AbstractInstanceRegistry - Running the evict task with compensationTime 0ms
2023-08-30 17:53:44.996 [Eureka-EvictionTimer] INFO  c.n.e.r.AbstractInstanceRegistry - Running the evict task with compensationTime 0ms
2023-08-30 17:53:49.996 [Eureka-EvictionTimer] INFO  c.n.e.r.AbstractInstanceRegistry - Running the evict task with compensationTime 0ms
2023-08-30 17:53:54.996 [Eureka-EvictionTimer] INFO  c.n.e.r.AbstractInstanceRegistry - Running the evict task with compensationTime 0ms
2023-08-30 17:53:59.996 [Eureka-EvictionTimer] INFO  c.n.e.r.AbstractInstanceRegistry - Running the evict task with compensationTime 0ms
2023-08-30 17:54:04.996 [Eureka-EvictionTimer] INFO  c.n.e.r.AbstractInstanceRegistry - Running the evict task with compensationTime 0ms
2023-08-30 17:54:09.996 [Eureka-EvictionTimer] INFO  c.n.e.r.AbstractInstanceRegistry - Running the evict task with compensationTime 0ms
2023-08-30 17:54:14.996 [Eureka-EvictionTimer] INFO  c.n.e.r.AbstractInstanceRegistry - Running the evict task with compensationTime 0ms
2023-08-30 17:54:19.996 [Eureka-EvictionTimer] INFO  c.n.e.r.AbstractInstanceRegistry - Running the evict task with compensationTime 0ms
2023-08-30 17:54:24.996 [Eureka-EvictionTimer] INFO  c.n.e.r.AbstractInstanceRegistry - Running the evict task with compensationTime 0ms
2023-08-30 17:54:29.996 [Eureka-EvictionTimer] INFO  c.n.e.r.AbstractInstanceRegistry - Running the evict task with compensationTime 0ms
2023-08-30 17:54:34.996 [Eureka-EvictionTimer] INFO  c.n.e.r.AbstractInstanceRegistry - Running the evict task with compensationTime 0ms
2023-08-30 17:54:39.996 [Eureka-EvictionTimer] INFO  c.n.e.r.AbstractInstanceRegistry - Running the evict task with compensationTime 0ms
2023-08-30 17:54:44.996 [Eureka-EvictionTimer] INFO  c.n.e.r.AbstractInstanceRegistry - Running the evict task with compensationTime 0ms
2023-08-30 17:54:49.996 [Eureka-EvictionTimer] INFO  c.n.e.r.AbstractInstanceRegistry - Running the evict task with compensationTime 0ms
2023-08-30 17:54:54.996 [Eureka-EvictionTimer] INFO  c.n.e.r.AbstractInstanceRegistry - Running the evict task with compensationTime 0ms
2023-08-30 17:54:59.996 [Eureka-EvictionTimer] INFO  c.n.e.r.AbstractInstanceRegistry - Running the evict task with compensationTime 0ms
2023-08-30 17:55:04.996 [Eureka-EvictionTimer] INFO  c.n.e.r.AbstractInstanceRegistry - Running the evict task with compensationTime 0ms
2023-08-30 17:55:09.996 [Eureka-EvictionTimer] INFO  c.n.e.r.AbstractInstanceRegistry - Running the evict task with compensationTime 0ms
2023-08-30 17:55:14.996 [Eureka-EvictionTimer] INFO  c.n.e.r.AbstractInstanceRegistry - Running the evict task with compensationTime 0ms
2023-08-30 17:55:19.996 [Eureka-EvictionTimer] INFO  c.n.e.r.AbstractInstanceRegistry - Running the evict task with compensationTime 0ms
2023-08-30 17:55:24.996 [Eureka-EvictionTimer] INFO  c.n.e.r.AbstractInstanceRegistry - Running the evict task with compensationTime 0ms
2023-08-30 17:55:29.996 [Eureka-EvictionTimer] INFO  c.n.e.r.AbstractInstanceRegistry - Running the evict task with compensationTime 0ms
2023-08-30 17:55:34.996 [Eureka-EvictionTimer] INFO  c.n.e.r.AbstractInstanceRegistry - Running the evict task with compensationTime 0ms
2023-08-30 17:55:39.996 [Eureka-EvictionTimer] INFO  c.n.e.r.AbstractInstanceRegistry - Running the evict task with compensationTime 0ms
2023-08-30 17:55:44.996 [Eureka-EvictionTimer] INFO  c.n.e.r.AbstractInstanceRegistry - Running the evict task with compensationTime 0ms
2023-08-30 17:55:49.996 [Eureka-EvictionTimer] INFO  c.n.e.r.AbstractInstanceRegistry - Running the evict task with compensationTime 0ms
2023-08-30 17:55:54.996 [Eureka-EvictionTimer] INFO  c.n.e.r.AbstractInstanceRegistry - Running the evict task with compensationTime 0ms
2023-08-30 17:55:59.996 [Eureka-EvictionTimer] INFO  c.n.e.r.AbstractInstanceRegistry - Running the evict task with compensationTime 0ms
2023-08-30 17:56:04.996 [Eureka-EvictionTimer] INFO  c.n.e.r.AbstractInstanceRegistry - Running the evict task with compensationTime 0ms
2023-08-30 17:56:09.996 [Eureka-EvictionTimer] INFO  c.n.e.r.AbstractInstanceRegistry - Running the evict task with compensationTime 0ms
2023-08-30 17:56:14.996 [Eureka-EvictionTimer] INFO  c.n.e.r.AbstractInstanceRegistry - Running the evict task with compensationTime 0ms
2023-08-30 17:56:19.996 [Eureka-EvictionTimer] INFO  c.n.e.r.AbstractInstanceRegistry - Running the evict task with compensationTime 0ms
2023-08-30 17:56:24.996 [Eureka-EvictionTimer] INFO  c.n.e.r.AbstractInstanceRegistry - Running the evict task with compensationTime 0ms
2023-08-30 17:56:29.996 [Eureka-EvictionTimer] INFO  c.n.e.r.AbstractInstanceRegistry - Running the evict task with compensationTime 0ms
2023-08-30 17:56:34.996 [Eureka-EvictionTimer] INFO  c.n.e.r.AbstractInstanceRegistry - Running the evict task with compensationTime 0ms
2023-08-30 17:56:39.996 [Eureka-EvictionTimer] INFO  c.n.e.r.AbstractInstanceRegistry - Running the evict task with compensationTime 0ms
2023-08-30 17:56:44.996 [Eureka-EvictionTimer] INFO  c.n.e.r.AbstractInstanceRegistry - Running the evict task with compensationTime 0ms
2023-08-30 17:56:49.996 [Eureka-EvictionTimer] INFO  c.n.e.r.AbstractInstanceRegistry - Running the evict task with compensationTime 0ms
2023-08-30 17:56:54.996 [Eureka-EvictionTimer] INFO  c.n.e.r.AbstractInstanceRegistry - Running the evict task with compensationTime 0ms
2023-08-30 17:56:59.996 [Eureka-EvictionTimer] INFO  c.n.e.r.AbstractInstanceRegistry - Running the evict task with compensationTime 0ms
2023-08-30 17:57:04.996 [Eureka-EvictionTimer] INFO  c.n.e.r.AbstractInstanceRegistry - Running the evict task with compensationTime 0ms
2023-08-30 17:57:09.996 [Eureka-EvictionTimer] INFO  c.n.e.r.AbstractInstanceRegistry - Running the evict task with compensationTime 0ms
2023-08-30 17:57:14.996 [Eureka-EvictionTimer] INFO  c.n.e.r.AbstractInstanceRegistry - Running the evict task with compensationTime 0ms
2023-08-30 17:57:19.996 [Eureka-EvictionTimer] INFO  c.n.e.r.AbstractInstanceRegistry - Running the evict task with compensationTime 0ms
2023-08-30 17:57:24.996 [Eureka-EvictionTimer] INFO  c.n.e.r.AbstractInstanceRegistry - Running the evict task with compensationTime 0ms
2023-08-30 17:57:29.996 [Eureka-EvictionTimer] INFO  c.n.e.r.AbstractInstanceRegistry - Running the evict task with compensationTime 0ms
2023-08-30 17:57:34.996 [Eureka-EvictionTimer] INFO  c.n.e.r.AbstractInstanceRegistry - Running the evict task with compensationTime 0ms
2023-08-30 17:57:39.996 [Eureka-EvictionTimer] INFO  c.n.e.r.AbstractInstanceRegistry - Running the evict task with compensationTime 0ms
2023-08-30 17:57:44.996 [Eureka-EvictionTimer] INFO  c.n.e.r.AbstractInstanceRegistry - Running the evict task with compensationTime 0ms
2023-08-30 17:57:49.996 [Eureka-EvictionTimer] INFO  c.n.e.r.AbstractInstanceRegistry - Running the evict task with compensationTime 0ms
2023-08-30 17:57:54.996 [Eureka-EvictionTimer] INFO  c.n.e.r.AbstractInstanceRegistry - Running the evict task with compensationTime 0ms
2023-08-30 17:57:59.996 [Eureka-EvictionTimer] INFO  c.n.e.r.AbstractInstanceRegistry - Running the evict task with compensationTime 0ms
2023-08-30 17:58:04.996 [Eureka-EvictionTimer] INFO  c.n.e.r.AbstractInstanceRegistry - Running the evict task with compensationTime 0ms
2023-08-30 17:58:09.996 [Eureka-EvictionTimer] INFO  c.n.e.r.AbstractInstanceRegistry - Running the evict task with compensationTime 0ms
2023-08-30 17:58:14.996 [Eureka-EvictionTimer] INFO  c.n.e.r.AbstractInstanceRegistry - Running the evict task with compensationTime 0ms
2023-08-30 17:58:19.996 [Eureka-EvictionTimer] INFO  c.n.e.r.AbstractInstanceRegistry - Running the evict task with compensationTime 0ms
2023-08-30 17:58:24.996 [Eureka-EvictionTimer] INFO  c.n.e.r.AbstractInstanceRegistry - Running the evict task with compensationTime 0ms
2023-08-30 17:58:29.996 [Eureka-EvictionTimer] INFO  c.n.e.r.AbstractInstanceRegistry - Running the evict task with compensationTime 0ms
2023-08-30 17:58:34.996 [Eureka-EvictionTimer] INFO  c.n.e.r.AbstractInstanceRegistry - Running the evict task with compensationTime 0ms
2023-08-30 17:58:39.996 [Eureka-EvictionTimer] INFO  c.n.e.r.AbstractInstanceRegistry - Running the evict task with compensationTime 0ms
2023-08-30 17:58:44.996 [Eureka-EvictionTimer] INFO  c.n.e.r.AbstractInstanceRegistry - Running the evict task with compensationTime 0ms
2023-08-30 17:58:49.996 [Eureka-EvictionTimer] INFO  c.n.e.r.AbstractInstanceRegistry - Running the evict task with compensationTime 0ms
2023-08-30 17:58:54.996 [Eureka-EvictionTimer] INFO  c.n.e.r.AbstractInstanceRegistry - Running the evict task with compensationTime 0ms
2023-08-30 17:58:59.996 [Eureka-EvictionTimer] INFO  c.n.e.r.AbstractInstanceRegistry - Running the evict task with compensationTime 0ms
2023-08-30 17:59:04.996 [Eureka-EvictionTimer] INFO  c.n.e.r.AbstractInstanceRegistry - Running the evict task with compensationTime 0ms
2023-08-30 17:59:09.996 [Eureka-EvictionTimer] INFO  c.n.e.r.AbstractInstanceRegistry - Running the evict task with compensationTime 0ms
2023-08-30 17:59:14.996 [Eureka-EvictionTimer] INFO  c.n.e.r.AbstractInstanceRegistry - Running the evict task with compensationTime 0ms
2023-08-30 17:59:19.996 [Eureka-EvictionTimer] INFO  c.n.e.r.AbstractInstanceRegistry - Running the evict task with compensationTime 0ms
2023-08-30 17:59:24.996 [Eureka-EvictionTimer] INFO  c.n.e.r.AbstractInstanceRegistry - Running the evict task with compensationTime 0ms
2023-08-30 17:59:29.996 [Eureka-EvictionTimer] INFO  c.n.e.r.AbstractInstanceRegistry - Running the evict task with compensationTime 0ms
2023-08-30 17:59:34.996 [Eureka-EvictionTimer] INFO  c.n.e.r.AbstractInstanceRegistry - Running the evict task with compensationTime 0ms
2023-08-30 17:59:39.996 [Eureka-EvictionTimer] INFO  c.n.e.r.AbstractInstanceRegistry - Running the evict task with compensationTime 0ms
2023-08-30 17:59:44.996 [Eureka-EvictionTimer] INFO  c.n.e.r.AbstractInstanceRegistry - Running the evict task with compensationTime 0ms
2023-08-30 17:59:49.996 [Eureka-EvictionTimer] INFO  c.n.e.r.AbstractInstanceRegistry - Running the evict task with compensationTime 0ms
2023-08-30 17:59:54.996 [Eureka-EvictionTimer] INFO  c.n.e.r.AbstractInstanceRegistry - Running the evict task with compensationTime 0ms
2023-08-30 17:59:59.996 [Eureka-EvictionTimer] INFO  c.n.e.r.AbstractInstanceRegistry - Running the evict task with compensationTime 0ms
2023-08-30 18:00:04.996 [Eureka-EvictionTimer] INFO  c.n.e.r.AbstractInstanceRegistry - Running the evict task with compensationTime 0ms
2023-08-30 18:00:09.996 [Eureka-EvictionTimer] INFO  c.n.e.r.AbstractInstanceRegistry - Running the evict task with compensationTime 0ms
2023-08-30 18:00:14.996 [Eureka-EvictionTimer] INFO  c.n.e.r.AbstractInstanceRegistry - Running the evict task with compensationTime 0ms
2023-08-30 18:00:19.996 [Eureka-EvictionTimer] INFO  c.n.e.r.AbstractInstanceRegistry - Running the evict task with compensationTime 0ms
2023-08-30 18:00:24.996 [Eureka-EvictionTimer] INFO  c.n.e.r.AbstractInstanceRegistry - Running the evict task with compensationTime 0ms
2023-08-30 18:00:29.996 [Eureka-EvictionTimer] INFO  c.n.e.r.AbstractInstanceRegistry - Running the evict task with compensationTime 0ms
2023-08-30 18:00:34.996 [Eureka-EvictionTimer] INFO  c.n.e.r.AbstractInstanceRegistry - Running the evict task with compensationTime 0ms
2023-08-30 18:00:39.996 [Eureka-EvictionTimer] INFO  c.n.e.r.AbstractInstanceRegistry - Running the evict task with compensationTime 0ms
2023-08-30 18:00:44.996 [Eureka-EvictionTimer] INFO  c.n.e.r.AbstractInstanceRegistry - Running the evict task with compensationTime 0ms
2023-08-30 18:00:49.996 [Eureka-EvictionTimer] INFO  c.n.e.r.AbstractInstanceRegistry - Running the evict task with compensationTime 0ms
2023-08-30 18:00:54.859 [ReplicaAwareInstanceRegistry - RenewalThresholdUpdater] INFO  c.n.e.r.PeerAwareInstanceRegistryImpl - Current renewal threshold is : 0
2023-08-30 18:00:54.996 [Eureka-EvictionTimer] INFO  c.n.e.r.AbstractInstanceRegistry - Running the evict task with compensationTime 0ms
2023-08-30 18:00:59.996 [Eureka-EvictionTimer] INFO  c.n.e.r.AbstractInstanceRegistry - Running the evict task with compensationTime 0ms
2023-08-30 18:01:04.996 [Eureka-EvictionTimer] INFO  c.n.e.r.AbstractInstanceRegistry - Running the evict task with compensationTime 0ms
2023-08-30 18:01:09.996 [Eureka-EvictionTimer] INFO  c.n.e.r.AbstractInstanceRegistry - Running the evict task with compensationTime 0ms
2023-08-30 18:01:14.996 [Eureka-EvictionTimer] INFO  c.n.e.r.AbstractInstanceRegistry - Running the evict task with compensationTime 0ms
2023-08-30 18:01:19.996 [Eureka-EvictionTimer] INFO  c.n.e.r.AbstractInstanceRegistry - Running the evict task with compensationTime 0ms
2023-08-30 18:01:24.996 [Eureka-EvictionTimer] INFO  c.n.e.r.AbstractInstanceRegistry - Running the evict task with compensationTime 0ms
2023-08-30 18:01:29.996 [Eureka-EvictionTimer] INFO  c.n.e.r.AbstractInstanceRegistry - Running the evict task with compensationTime 0ms
2023-08-30 18:01:34.996 [Eureka-EvictionTimer] INFO  c.n.e.r.AbstractInstanceRegistry - Running the evict task with compensationTime 0ms
2023-08-30 18:01:39.996 [Eureka-EvictionTimer] INFO  c.n.e.r.AbstractInstanceRegistry - Running the evict task with compensationTime 0ms
2023-08-30 18:01:44.996 [Eureka-EvictionTimer] INFO  c.n.e.r.AbstractInstanceRegistry - Running the evict task with compensationTime 0ms
2023-08-30 18:01:49.996 [Eureka-EvictionTimer] INFO  c.n.e.r.AbstractInstanceRegistry - Running the evict task with compensationTime 0ms
2023-08-30 18:01:54.996 [Eureka-EvictionTimer] INFO  c.n.e.r.AbstractInstanceRegistry - Running the evict task with compensationTime 0ms
2023-08-30 18:01:59.996 [Eureka-EvictionTimer] INFO  c.n.e.r.AbstractInstanceRegistry - Running the evict task with compensationTime 0ms
2023-08-30 18:02:04.996 [Eureka-EvictionTimer] INFO  c.n.e.r.AbstractInstanceRegistry - Running the evict task with compensationTime 0ms
2023-08-30 18:02:09.996 [Eureka-EvictionTimer] INFO  c.n.e.r.AbstractInstanceRegistry - Running the evict task with compensationTime 0ms
2023-08-30 18:02:14.996 [Eureka-EvictionTimer] INFO  c.n.e.r.AbstractInstanceRegistry - Running the evict task with compensationTime 0ms
2023-08-30 18:02:19.996 [Eureka-EvictionTimer] INFO  c.n.e.r.AbstractInstanceRegistry - Running the evict task with compensationTime 0ms
2023-08-30 18:02:24.996 [Eureka-EvictionTimer] INFO  c.n.e.r.AbstractInstanceRegistry - Running the evict task with compensationTime 0ms
2023-08-30 18:02:29.996 [Eureka-EvictionTimer] INFO  c.n.e.r.AbstractInstanceRegistry - Running the evict task with compensationTime 0ms
2023-08-30 18:02:34.996 [Eureka-EvictionTimer] INFO  c.n.e.r.AbstractInstanceRegistry - Running the evict task with compensationTime 0ms
2023-08-30 18:02:39.996 [Eureka-EvictionTimer] INFO  c.n.e.r.AbstractInstanceRegistry - Running the evict task with compensationTime 0ms
2023-08-30 18:02:44.996 [Eureka-EvictionTimer] INFO  c.n.e.r.AbstractInstanceRegistry - Running the evict task with compensationTime 0ms
2023-08-30 18:02:49.996 [Eureka-EvictionTimer] INFO  c.n.e.r.AbstractInstanceRegistry - Running the evict task with compensationTime 0ms
2023-08-30 18:02:54.996 [Eureka-EvictionTimer] INFO  c.n.e.r.AbstractInstanceRegistry - Running the evict task with compensationTime 0ms
2023-08-30 18:02:59.996 [Eureka-EvictionTimer] INFO  c.n.e.r.AbstractInstanceRegistry - Running the evict task with compensationTime 0ms
2023-08-30 18:03:04.996 [Eureka-EvictionTimer] INFO  c.n.e.r.AbstractInstanceRegistry - Running the evict task with compensationTime 0ms
2023-08-30 18:03:09.996 [Eureka-EvictionTimer] INFO  c.n.e.r.AbstractInstanceRegistry - Running the evict task with compensationTime 0ms
2023-08-30 18:03:14.996 [Eureka-EvictionTimer] INFO  c.n.e.r.AbstractInstanceRegistry - Running the evict task with compensationTime 0ms
2023-08-30 18:03:19.996 [Eureka-EvictionTimer] INFO  c.n.e.r.AbstractInstanceRegistry - Running the evict task with compensationTime 0ms
2023-08-30 18:03:24.996 [Eureka-EvictionTimer] INFO  c.n.e.r.AbstractInstanceRegistry - Running the evict task with compensationTime 0ms
2023-08-30 18:03:29.996 [Eureka-EvictionTimer] INFO  c.n.e.r.AbstractInstanceRegistry - Running the evict task with compensationTime 0ms
2023-08-30 18:03:34.996 [Eureka-EvictionTimer] INFO  c.n.e.r.AbstractInstanceRegistry - Running the evict task with compensationTime 0ms
2023-08-30 18:03:39.996 [Eureka-EvictionTimer] INFO  c.n.e.r.AbstractInstanceRegistry - Running the evict task with compensationTime 0ms
2023-08-30 18:03:44.996 [Eureka-EvictionTimer] INFO  c.n.e.r.AbstractInstanceRegistry - Running the evict task with compensationTime 0ms
2023-08-30 18:03:49.996 [Eureka-EvictionTimer] INFO  c.n.e.r.AbstractInstanceRegistry - Running the evict task with compensationTime 0ms
2023-08-30 18:03:54.996 [Eureka-EvictionTimer] INFO  c.n.e.r.AbstractInstanceRegistry - Running the evict task with compensationTime 0ms
2023-08-30 18:03:59.996 [Eureka-EvictionTimer] INFO  c.n.e.r.AbstractInstanceRegistry - Running the evict task with compensationTime 0ms
2023-08-30 18:04:04.996 [Eureka-EvictionTimer] INFO  c.n.e.r.AbstractInstanceRegistry - Running the evict task with compensationTime 0ms
2023-08-30 18:04:09.996 [Eureka-EvictionTimer] INFO  c.n.e.r.AbstractInstanceRegistry - Running the evict task with compensationTime 0ms
2023-08-30 18:04:14.996 [Eureka-EvictionTimer] INFO  c.n.e.r.AbstractInstanceRegistry - Running the evict task with compensationTime 0ms
2023-08-30 18:04:19.996 [Eureka-EvictionTimer] INFO  c.n.e.r.AbstractInstanceRegistry - Running the evict task with compensationTime 0ms
2023-08-30 18:04:24.996 [Eureka-EvictionTimer] INFO  c.n.e.r.AbstractInstanceRegistry - Running the evict task with compensationTime 0ms
2023-08-30 18:04:29.996 [Eureka-EvictionTimer] INFO  c.n.e.r.AbstractInstanceRegistry - Running the evict task with compensationTime 0ms
2023-08-30 18:04:34.996 [Eureka-EvictionTimer] INFO  c.n.e.r.AbstractInstanceRegistry - Running the evict task with compensationTime 0ms
2023-08-30 18:04:39.996 [Eureka-EvictionTimer] INFO  c.n.e.r.AbstractInstanceRegistry - Running the evict task with compensationTime 0ms
2023-08-30 18:04:44.996 [Eureka-EvictionTimer] INFO  c.n.e.r.AbstractInstanceRegistry - Running the evict task with compensationTime 0ms
2023-08-30 18:04:49.996 [Eureka-EvictionTimer] INFO  c.n.e.r.AbstractInstanceRegistry - Running the evict task with compensationTime 0ms
2023-08-30 18:04:54.996 [Eureka-EvictionTimer] INFO  c.n.e.r.AbstractInstanceRegistry - Running the evict task with compensationTime 0ms
2023-08-30 18:04:59.996 [Eureka-EvictionTimer] INFO  c.n.e.r.AbstractInstanceRegistry - Running the evict task with compensationTime 0ms
2023-08-30 18:05:04.996 [Eureka-EvictionTimer] INFO  c.n.e.r.AbstractInstanceRegistry - Running the evict task with compensationTime 0ms
2023-08-30 18:05:09.996 [Eureka-EvictionTimer] INFO  c.n.e.r.AbstractInstanceRegistry - Running the evict task with compensationTime 0ms
2023-08-30 18:05:14.996 [Eureka-EvictionTimer] INFO  c.n.e.r.AbstractInstanceRegistry - Running the evict task with compensationTime 0ms
2023-08-30 18:05:19.996 [Eureka-EvictionTimer] INFO  c.n.e.r.AbstractInstanceRegistry - Running the evict task with compensationTime 0ms
2023-08-30 18:05:24.996 [Eureka-EvictionTimer] INFO  c.n.e.r.AbstractInstanceRegistry - Running the evict task with compensationTime 0ms
2023-08-30 18:05:29.996 [Eureka-EvictionTimer] INFO  c.n.e.r.AbstractInstanceRegistry - Running the evict task with compensationTime 0ms
2023-08-30 18:05:34.996 [Eureka-EvictionTimer] INFO  c.n.e.r.AbstractInstanceRegistry - Running the evict task with compensationTime 0ms
2023-08-30 18:05:39.996 [Eureka-EvictionTimer] INFO  c.n.e.r.AbstractInstanceRegistry - Running the evict task with compensationTime 0ms
2023-08-30 18:05:44.996 [Eureka-EvictionTimer] INFO  c.n.e.r.AbstractInstanceRegistry - Running the evict task with compensationTime 0ms
2023-08-30 18:05:49.996 [Eureka-EvictionTimer] INFO  c.n.e.r.AbstractInstanceRegistry - Running the evict task with compensationTime 0ms
2023-08-30 18:05:54.996 [Eureka-EvictionTimer] INFO  c.n.e.r.AbstractInstanceRegistry - Running the evict task with compensationTime 0ms
2023-08-30 18:05:59.996 [Eureka-EvictionTimer] INFO  c.n.e.r.AbstractInstanceRegistry - Running the evict task with compensationTime 0ms
2023-08-30 18:06:04.996 [Eureka-EvictionTimer] INFO  c.n.e.r.AbstractInstanceRegistry - Running the evict task with compensationTime 0ms
2023-08-30 18:06:09.996 [Eureka-EvictionTimer] INFO  c.n.e.r.AbstractInstanceRegistry - Running the evict task with compensationTime 0ms
2023-08-30 18:06:14.996 [Eureka-EvictionTimer] INFO  c.n.e.r.AbstractInstanceRegistry - Running the evict task with compensationTime 0ms
2023-08-30 18:06:19.996 [Eureka-EvictionTimer] INFO  c.n.e.r.AbstractInstanceRegistry - Running the evict task with compensationTime 0ms
2023-08-30 18:06:24.996 [Eureka-EvictionTimer] INFO  c.n.e.r.AbstractInstanceRegistry - Running the evict task with compensationTime 0ms
2023-08-30 18:06:29.996 [Eureka-EvictionTimer] INFO  c.n.e.r.AbstractInstanceRegistry - Running the evict task with compensationTime 0ms
2023-08-30 18:06:34.996 [Eureka-EvictionTimer] INFO  c.n.e.r.AbstractInstanceRegistry - Running the evict task with compensationTime 0ms
2023-08-30 18:06:39.996 [Eureka-EvictionTimer] INFO  c.n.e.r.AbstractInstanceRegistry - Running the evict task with compensationTime 0ms
2023-08-30 18:06:44.996 [Eureka-EvictionTimer] INFO  c.n.e.r.AbstractInstanceRegistry - Running the evict task with compensationTime 0ms
2023-08-30 18:06:49.996 [Eureka-EvictionTimer] INFO  c.n.e.r.AbstractInstanceRegistry - Running the evict task with compensationTime 0ms
2023-08-30 18:06:54.996 [Eureka-EvictionTimer] INFO  c.n.e.r.AbstractInstanceRegistry - Running the evict task with compensationTime 0ms
2023-08-30 18:06:59.996 [Eureka-EvictionTimer] INFO  c.n.e.r.AbstractInstanceRegistry - Running the evict task with compensationTime 0ms
2023-08-30 18:07:04.996 [Eureka-EvictionTimer] INFO  c.n.e.r.AbstractInstanceRegistry - Running the evict task with compensationTime 0ms
2023-08-30 18:07:09.996 [Eureka-EvictionTimer] INFO  c.n.e.r.AbstractInstanceRegistry - Running the evict task with compensationTime 0ms
2023-08-30 18:07:14.996 [Eureka-EvictionTimer] INFO  c.n.e.r.AbstractInstanceRegistry - Running the evict task with compensationTime 0ms
2023-08-30 18:07:19.996 [Eureka-EvictionTimer] INFO  c.n.e.r.AbstractInstanceRegistry - Running the evict task with compensationTime 0ms
2023-08-30 18:07:24.996 [Eureka-EvictionTimer] INFO  c.n.e.r.AbstractInstanceRegistry - Running the evict task with compensationTime 0ms
2023-08-30 18:07:29.996 [Eureka-EvictionTimer] INFO  c.n.e.r.AbstractInstanceRegistry - Running the evict task with compensationTime 0ms
2023-08-30 18:07:34.996 [Eureka-EvictionTimer] INFO  c.n.e.r.AbstractInstanceRegistry - Running the evict task with compensationTime 0ms
2023-08-30 18:07:39.996 [Eureka-EvictionTimer] INFO  c.n.e.r.AbstractInstanceRegistry - Running the evict task with compensationTime 0ms
2023-08-30 18:07:44.996 [Eureka-EvictionTimer] INFO  c.n.e.r.AbstractInstanceRegistry - Running the evict task with compensationTime 0ms
2023-08-30 18:07:49.996 [Eureka-EvictionTimer] INFO  c.n.e.r.AbstractInstanceRegistry - Running the evict task with compensationTime 0ms
2023-08-30 18:07:54.996 [Eureka-EvictionTimer] INFO  c.n.e.r.AbstractInstanceRegistry - Running the evict task with compensationTime 0ms
2023-08-30 18:07:59.996 [Eureka-EvictionTimer] INFO  c.n.e.r.AbstractInstanceRegistry - Running the evict task with compensationTime 0ms
2023-08-30 18:08:04.996 [Eureka-EvictionTimer] INFO  c.n.e.r.AbstractInstanceRegistry - Running the evict task with compensationTime 0ms
2023-08-30 18:08:09.996 [Eureka-EvictionTimer] INFO  c.n.e.r.AbstractInstanceRegistry - Running the evict task with compensationTime 0ms
2023-08-30 18:08:14.996 [Eureka-EvictionTimer] INFO  c.n.e.r.AbstractInstanceRegistry - Running the evict task with compensationTime 0ms
2023-08-30 18:08:19.996 [Eureka-EvictionTimer] INFO  c.n.e.r.AbstractInstanceRegistry - Running the evict task with compensationTime 0ms
2023-08-30 18:08:24.996 [Eureka-EvictionTimer] INFO  c.n.e.r.AbstractInstanceRegistry - Running the evict task with compensationTime 0ms
2023-08-30 18:08:29.996 [Eureka-EvictionTimer] INFO  c.n.e.r.AbstractInstanceRegistry - Running the evict task with compensationTime 0ms
2023-08-30 18:08:34.996 [Eureka-EvictionTimer] INFO  c.n.e.r.AbstractInstanceRegistry - Running the evict task with compensationTime 0ms
2023-08-30 18:08:39.996 [Eureka-EvictionTimer] INFO  c.n.e.r.AbstractInstanceRegistry - Running the evict task with compensationTime 0ms
2023-08-30 18:08:44.996 [Eureka-EvictionTimer] INFO  c.n.e.r.AbstractInstanceRegistry - Running the evict task with compensationTime 0ms
2023-08-30 18:08:49.996 [Eureka-EvictionTimer] INFO  c.n.e.r.AbstractInstanceRegistry - Running the evict task with compensationTime 0ms
2023-08-30 18:08:54.996 [Eureka-EvictionTimer] INFO  c.n.e.r.AbstractInstanceRegistry - Running the evict task with compensationTime 0ms
2023-08-30 18:08:59.996 [Eureka-EvictionTimer] INFO  c.n.e.r.AbstractInstanceRegistry - Running the evict task with compensationTime 0ms
2023-08-30 18:09:04.996 [Eureka-EvictionTimer] INFO  c.n.e.r.AbstractInstanceRegistry - Running the evict task with compensationTime 0ms
2023-08-30 18:09:09.996 [Eureka-EvictionTimer] INFO  c.n.e.r.AbstractInstanceRegistry - Running the evict task with compensationTime 0ms
2023-08-30 18:09:14.996 [Eureka-EvictionTimer] INFO  c.n.e.r.AbstractInstanceRegistry - Running the evict task with compensationTime 0ms
2023-08-30 18:09:19.996 [Eureka-EvictionTimer] INFO  c.n.e.r.AbstractInstanceRegistry - Running the evict task with compensationTime 0ms
2023-08-30 18:09:24.996 [Eureka-EvictionTimer] INFO  c.n.e.r.AbstractInstanceRegistry - Running the evict task with compensationTime 0ms
2023-08-30 18:09:29.996 [Eureka-EvictionTimer] INFO  c.n.e.r.AbstractInstanceRegistry - Running the evict task with compensationTime 0ms
2023-08-30 18:09:34.996 [Eureka-EvictionTimer] INFO  c.n.e.r.AbstractInstanceRegistry - Running the evict task with compensationTime 0ms
2023-08-30 18:09:39.996 [Eureka-EvictionTimer] INFO  c.n.e.r.AbstractInstanceRegistry - Running the evict task with compensationTime 0ms
2023-08-30 18:09:44.996 [Eureka-EvictionTimer] INFO  c.n.e.r.AbstractInstanceRegistry - Running the evict task with compensationTime 0ms
2023-08-30 18:09:49.996 [Eureka-EvictionTimer] INFO  c.n.e.r.AbstractInstanceRegistry - Running the evict task with compensationTime 0ms
2023-08-30 18:09:54.996 [Eureka-EvictionTimer] INFO  c.n.e.r.AbstractInstanceRegistry - Running the evict task with compensationTime 0ms
2023-08-30 18:09:59.996 [Eureka-EvictionTimer] INFO  c.n.e.r.AbstractInstanceRegistry - Running the evict task with compensationTime 0ms
2023-08-30 18:10:04.996 [Eureka-EvictionTimer] INFO  c.n.e.r.AbstractInstanceRegistry - Running the evict task with compensationTime 0ms
2023-08-30 18:10:09.996 [Eureka-EvictionTimer] INFO  c.n.e.r.AbstractInstanceRegistry - Running the evict task with compensationTime 0ms
2023-08-30 18:10:14.996 [Eureka-EvictionTimer] INFO  c.n.e.r.AbstractInstanceRegistry - Running the evict task with compensationTime 0ms
2023-08-30 18:10:19.996 [Eureka-EvictionTimer] INFO  c.n.e.r.AbstractInstanceRegistry - Running the evict task with compensationTime 0ms
2023-08-30 18:10:24.996 [Eureka-EvictionTimer] INFO  c.n.e.r.AbstractInstanceRegistry - Running the evict task with compensationTime 0ms
2023-08-30 18:10:29.996 [Eureka-EvictionTimer] INFO  c.n.e.r.AbstractInstanceRegistry - Running the evict task with compensationTime 0ms
2023-08-30 18:10:34.996 [Eureka-EvictionTimer] INFO  c.n.e.r.AbstractInstanceRegistry - Running the evict task with compensationTime 0ms
2023-08-30 18:10:39.996 [Eureka-EvictionTimer] INFO  c.n.e.r.AbstractInstanceRegistry - Running the evict task with compensationTime 0ms
2023-08-30 18:10:44.996 [Eureka-EvictionTimer] INFO  c.n.e.r.AbstractInstanceRegistry - Running the evict task with compensationTime 0ms
2023-08-30 18:10:49.996 [Eureka-EvictionTimer] INFO  c.n.e.r.AbstractInstanceRegistry - Running the evict task with compensationTime 0ms
2023-08-30 18:10:54.996 [Eureka-EvictionTimer] INFO  c.n.e.r.AbstractInstanceRegistry - Running the evict task with compensationTime 0ms
2023-08-30 18:10:59.996 [Eureka-EvictionTimer] INFO  c.n.e.r.AbstractInstanceRegistry - Running the evict task with compensationTime 0ms
2023-08-30 18:11:04.996 [Eureka-EvictionTimer] INFO  c.n.e.r.AbstractInstanceRegistry - Running the evict task with compensationTime 0ms
2023-08-30 18:11:09.996 [Eureka-EvictionTimer] INFO  c.n.e.r.AbstractInstanceRegistry - Running the evict task with compensationTime 0ms
2023-08-30 18:11:14.996 [Eureka-EvictionTimer] INFO  c.n.e.r.AbstractInstanceRegistry - Running the evict task with compensationTime 0ms
2023-08-30 18:11:19.996 [Eureka-EvictionTimer] INFO  c.n.e.r.AbstractInstanceRegistry - Running the evict task with compensationTime 0ms
2023-08-30 18:11:24.996 [Eureka-EvictionTimer] INFO  c.n.e.r.AbstractInstanceRegistry - Running the evict task with compensationTime 0ms
2023-08-30 18:11:29.996 [Eureka-EvictionTimer] INFO  c.n.e.r.AbstractInstanceRegistry - Running the evict task with compensationTime 0ms
2023-08-30 18:11:34.996 [Eureka-EvictionTimer] INFO  c.n.e.r.AbstractInstanceRegistry - Running the evict task with compensationTime 0ms
2023-08-30 18:11:39.996 [Eureka-EvictionTimer] INFO  c.n.e.r.AbstractInstanceRegistry - Running the evict task with compensationTime 0ms
2023-08-30 18:11:44.996 [Eureka-EvictionTimer] INFO  c.n.e.r.AbstractInstanceRegistry - Running the evict task with compensationTime 0ms
2023-08-30 18:11:49.996 [Eureka-EvictionTimer] INFO  c.n.e.r.AbstractInstanceRegistry - Running the evict task with compensationTime 0ms
2023-08-30 18:11:54.996 [Eureka-EvictionTimer] INFO  c.n.e.r.AbstractInstanceRegistry - Running the evict task with compensationTime 0ms
2023-08-30 18:11:59.996 [Eureka-EvictionTimer] INFO  c.n.e.r.AbstractInstanceRegistry - Running the evict task with compensationTime 0ms
2023-08-30 18:12:04.996 [Eureka-EvictionTimer] INFO  c.n.e.r.AbstractInstanceRegistry - Running the evict task with compensationTime 0ms
2023-08-30 18:12:09.996 [Eureka-EvictionTimer] INFO  c.n.e.r.AbstractInstanceRegistry - Running the evict task with compensationTime 0ms
2023-08-30 18:12:14.996 [Eureka-EvictionTimer] INFO  c.n.e.r.AbstractInstanceRegistry - Running the evict task with compensationTime 0ms
2023-08-30 18:12:19.996 [Eureka-EvictionTimer] INFO  c.n.e.r.AbstractInstanceRegistry - Running the evict task with compensationTime 0ms
2023-08-30 18:12:24.996 [Eureka-EvictionTimer] INFO  c.n.e.r.AbstractInstanceRegistry - Running the evict task with compensationTime 0ms
2023-08-30 18:12:29.996 [Eureka-EvictionTimer] INFO  c.n.e.r.AbstractInstanceRegistry - Running the evict task with compensationTime 0ms
2023-08-30 18:12:34.996 [Eureka-EvictionTimer] INFO  c.n.e.r.AbstractInstanceRegistry - Running the evict task with compensationTime 0ms
2023-08-30 18:12:39.996 [Eureka-EvictionTimer] INFO  c.n.e.r.AbstractInstanceRegistry - Running the evict task with compensationTime 0ms
2023-08-30 18:12:44.996 [Eureka-EvictionTimer] INFO  c.n.e.r.AbstractInstanceRegistry - Running the evict task with compensationTime 0ms
2023-08-30 18:12:49.996 [Eureka-EvictionTimer] INFO  c.n.e.r.AbstractInstanceRegistry - Running the evict task with compensationTime 0ms
2023-08-30 18:12:54.996 [Eureka-EvictionTimer] INFO  c.n.e.r.AbstractInstanceRegistry - Running the evict task with compensationTime 0ms
2023-08-30 18:12:59.996 [Eureka-EvictionTimer] INFO  c.n.e.r.AbstractInstanceRegistry - Running the evict task with compensationTime 0ms
2023-08-30 18:13:04.996 [Eureka-EvictionTimer] INFO  c.n.e.r.AbstractInstanceRegistry - Running the evict task with compensationTime 0ms
2023-08-30 18:13:09.996 [Eureka-EvictionTimer] INFO  c.n.e.r.AbstractInstanceRegistry - Running the evict task with compensationTime 0ms
2023-08-30 18:13:14.996 [Eureka-EvictionTimer] INFO  c.n.e.r.AbstractInstanceRegistry - Running the evict task with compensationTime 0ms
2023-08-30 18:13:19.996 [Eureka-EvictionTimer] INFO  c.n.e.r.AbstractInstanceRegistry - Running the evict task with compensationTime 0ms
2023-08-30 18:13:24.996 [Eureka-EvictionTimer] INFO  c.n.e.r.AbstractInstanceRegistry - Running the evict task with compensationTime 0ms
2023-08-30 18:13:29.996 [Eureka-EvictionTimer] INFO  c.n.e.r.AbstractInstanceRegistry - Running the evict task with compensationTime 0ms
2023-08-30 18:13:34.996 [Eureka-EvictionTimer] INFO  c.n.e.r.AbstractInstanceRegistry - Running the evict task with compensationTime 0ms
2023-08-30 18:13:39.996 [Eureka-EvictionTimer] INFO  c.n.e.r.AbstractInstanceRegistry - Running the evict task with compensationTime 0ms
2023-08-30 18:13:44.996 [Eureka-EvictionTimer] INFO  c.n.e.r.AbstractInstanceRegistry - Running the evict task with compensationTime 0ms
2023-08-30 18:13:49.996 [Eureka-EvictionTimer] INFO  c.n.e.r.AbstractInstanceRegistry - Running the evict task with compensationTime 0ms
2023-08-30 18:13:54.996 [Eureka-EvictionTimer] INFO  c.n.e.r.AbstractInstanceRegistry - Running the evict task with compensationTime 0ms
2023-08-30 18:13:59.996 [Eureka-EvictionTimer] INFO  c.n.e.r.AbstractInstanceRegistry - Running the evict task with compensationTime 0ms
2023-08-30 18:14:04.996 [Eureka-EvictionTimer] INFO  c.n.e.r.AbstractInstanceRegistry - Running the evict task with compensationTime 0ms
2023-08-30 18:14:09.996 [Eureka-EvictionTimer] INFO  c.n.e.r.AbstractInstanceRegistry - Running the evict task with compensationTime 0ms
2023-08-30 18:14:14.996 [Eureka-EvictionTimer] INFO  c.n.e.r.AbstractInstanceRegistry - Running the evict task with compensationTime 0ms
2023-08-30 18:14:19.996 [Eureka-EvictionTimer] INFO  c.n.e.r.AbstractInstanceRegistry - Running the evict task with compensationTime 0ms
2023-08-30 18:14:24.996 [Eureka-EvictionTimer] INFO  c.n.e.r.AbstractInstanceRegistry - Running the evict task with compensationTime 0ms
2023-08-30 18:14:29.996 [Eureka-EvictionTimer] INFO  c.n.e.r.AbstractInstanceRegistry - Running the evict task with compensationTime 0ms
2023-08-30 18:14:34.996 [Eureka-EvictionTimer] INFO  c.n.e.r.AbstractInstanceRegistry - Running the evict task with compensationTime 0ms
2023-08-30 18:14:39.996 [Eureka-EvictionTimer] INFO  c.n.e.r.AbstractInstanceRegistry - Running the evict task with compensationTime 0ms
2023-08-30 18:14:44.996 [Eureka-EvictionTimer] INFO  c.n.e.r.AbstractInstanceRegistry - Running the evict task with compensationTime 0ms
2023-08-30 18:14:49.996 [Eureka-EvictionTimer] INFO  c.n.e.r.AbstractInstanceRegistry - Running the evict task with compensationTime 0ms
2023-08-30 18:14:54.996 [Eureka-EvictionTimer] INFO  c.n.e.r.AbstractInstanceRegistry - Running the evict task with compensationTime 0ms
2023-08-30 18:14:59.996 [Eureka-EvictionTimer] INFO  c.n.e.r.AbstractInstanceRegistry - Running the evict task with compensationTime 0ms
2023-08-30 18:15:04.996 [Eureka-EvictionTimer] INFO  c.n.e.r.AbstractInstanceRegistry - Running the evict task with compensationTime 0ms
2023-08-30 18:15:09.996 [Eureka-EvictionTimer] INFO  c.n.e.r.AbstractInstanceRegistry - Running the evict task with compensationTime 0ms
2023-08-30 18:15:14.996 [Eureka-EvictionTimer] INFO  c.n.e.r.AbstractInstanceRegistry - Running the evict task with compensationTime 0ms
2023-08-30 18:15:19.996 [Eureka-EvictionTimer] INFO  c.n.e.r.AbstractInstanceRegistry - Running the evict task with compensationTime 0ms
2023-08-30 18:15:24.996 [Eureka-EvictionTimer] INFO  c.n.e.r.AbstractInstanceRegistry - Running the evict task with compensationTime 0ms
2023-08-30 18:15:29.996 [Eureka-EvictionTimer] INFO  c.n.e.r.AbstractInstanceRegistry - Running the evict task with compensationTime 0ms
2023-08-30 18:15:34.996 [Eureka-EvictionTimer] INFO  c.n.e.r.AbstractInstanceRegistry - Running the evict task with compensationTime 0ms
2023-08-30 18:15:39.996 [Eureka-EvictionTimer] INFO  c.n.e.r.AbstractInstanceRegistry - Running the evict task with compensationTime 0ms
2023-08-30 18:15:44.996 [Eureka-EvictionTimer] INFO  c.n.e.r.AbstractInstanceRegistry - Running the evict task with compensationTime 0ms
2023-08-30 18:15:49.996 [Eureka-EvictionTimer] INFO  c.n.e.r.AbstractInstanceRegistry - Running the evict task with compensationTime 0ms
2023-08-30 18:15:54.859 [ReplicaAwareInstanceRegistry - RenewalThresholdUpdater] INFO  c.n.e.r.PeerAwareInstanceRegistryImpl - Current renewal threshold is : 0
2023-08-30 18:15:54.996 [Eureka-EvictionTimer] INFO  c.n.e.r.AbstractInstanceRegistry - Running the evict task with compensationTime 0ms
2023-08-30 18:15:59.996 [Eureka-EvictionTimer] INFO  c.n.e.r.AbstractInstanceRegistry - Running the evict task with compensationTime 0ms
2023-08-30 18:16:04.996 [Eureka-EvictionTimer] INFO  c.n.e.r.AbstractInstanceRegistry - Running the evict task with compensationTime 0ms
2023-08-30 18:16:09.996 [Eureka-EvictionTimer] INFO  c.n.e.r.AbstractInstanceRegistry - Running the evict task with compensationTime 0ms
2023-08-30 18:16:14.996 [Eureka-EvictionTimer] INFO  c.n.e.r.AbstractInstanceRegistry - Running the evict task with compensationTime 0ms
2023-08-30 18:16:19.996 [Eureka-EvictionTimer] INFO  c.n.e.r.AbstractInstanceRegistry - Running the evict task with compensationTime 0ms
2023-08-30 18:16:24.996 [Eureka-EvictionTimer] INFO  c.n.e.r.AbstractInstanceRegistry - Running the evict task with compensationTime 0ms
2023-08-30 18:16:29.996 [Eureka-EvictionTimer] INFO  c.n.e.r.AbstractInstanceRegistry - Running the evict task with compensationTime 0ms
2023-08-30 18:16:34.996 [Eureka-EvictionTimer] INFO  c.n.e.r.AbstractInstanceRegistry - Running the evict task with compensationTime 0ms
2023-08-30 18:16:39.996 [Eureka-EvictionTimer] INFO  c.n.e.r.AbstractInstanceRegistry - Running the evict task with compensationTime 0ms
2023-08-30 18:16:44.996 [Eureka-EvictionTimer] INFO  c.n.e.r.AbstractInstanceRegistry - Running the evict task with compensationTime 0ms
2023-08-30 18:16:49.996 [Eureka-EvictionTimer] INFO  c.n.e.r.AbstractInstanceRegistry - Running the evict task with compensationTime 0ms
2023-08-30 18:16:54.996 [Eureka-EvictionTimer] INFO  c.n.e.r.AbstractInstanceRegistry - Running the evict task with compensationTime 0ms
2023-08-30 18:16:59.996 [Eureka-EvictionTimer] INFO  c.n.e.r.AbstractInstanceRegistry - Running the evict task with compensationTime 0ms
2023-08-30 18:17:04.996 [Eureka-EvictionTimer] INFO  c.n.e.r.AbstractInstanceRegistry - Running the evict task with compensationTime 0ms
2023-08-30 18:17:09.996 [Eureka-EvictionTimer] INFO  c.n.e.r.AbstractInstanceRegistry - Running the evict task with compensationTime 0ms
2023-08-30 18:17:14.996 [Eureka-EvictionTimer] INFO  c.n.e.r.AbstractInstanceRegistry - Running the evict task with compensationTime 0ms
2023-08-30 18:17:19.996 [Eureka-EvictionTimer] INFO  c.n.e.r.AbstractInstanceRegistry - Running the evict task with compensationTime 0ms
2023-08-30 18:17:24.996 [Eureka-EvictionTimer] INFO  c.n.e.r.AbstractInstanceRegistry - Running the evict task with compensationTime 0ms
2023-08-30 18:17:29.996 [Eureka-EvictionTimer] INFO  c.n.e.r.AbstractInstanceRegistry - Running the evict task with compensationTime 0ms
2023-08-30 18:17:34.996 [Eureka-EvictionTimer] INFO  c.n.e.r.AbstractInstanceRegistry - Running the evict task with compensationTime 0ms
2023-08-30 18:17:39.996 [Eureka-EvictionTimer] INFO  c.n.e.r.AbstractInstanceRegistry - Running the evict task with compensationTime 0ms
2023-08-30 18:17:44.996 [Eureka-EvictionTimer] INFO  c.n.e.r.AbstractInstanceRegistry - Running the evict task with compensationTime 0ms
2023-08-30 18:17:49.996 [Eureka-EvictionTimer] INFO  c.n.e.r.AbstractInstanceRegistry - Running the evict task with compensationTime 0ms
2023-08-30 18:17:54.996 [Eureka-EvictionTimer] INFO  c.n.e.r.AbstractInstanceRegistry - Running the evict task with compensationTime 0ms
2023-08-30 18:17:59.996 [Eureka-EvictionTimer] INFO  c.n.e.r.AbstractInstanceRegistry - Running the evict task with compensationTime 0ms
2023-08-30 18:18:04.996 [Eureka-EvictionTimer] INFO  c.n.e.r.AbstractInstanceRegistry - Running the evict task with compensationTime 0ms
2023-08-30 18:18:09.996 [Eureka-EvictionTimer] INFO  c.n.e.r.AbstractInstanceRegistry - Running the evict task with compensationTime 0ms
2023-08-30 18:18:14.996 [Eureka-EvictionTimer] INFO  c.n.e.r.AbstractInstanceRegistry - Running the evict task with compensationTime 0ms
2023-08-30 18:18:19.996 [Eureka-EvictionTimer] INFO  c.n.e.r.AbstractInstanceRegistry - Running the evict task with compensationTime 0ms
2023-08-30 18:18:24.996 [Eureka-EvictionTimer] INFO  c.n.e.r.AbstractInstanceRegistry - Running the evict task with compensationTime 0ms
2023-08-30 18:18:29.996 [Eureka-EvictionTimer] INFO  c.n.e.r.AbstractInstanceRegistry - Running the evict task with compensationTime 0ms
2023-08-30 18:18:34.996 [Eureka-EvictionTimer] INFO  c.n.e.r.AbstractInstanceRegistry - Running the evict task with compensationTime 0ms
2023-08-30 18:18:39.996 [Eureka-EvictionTimer] INFO  c.n.e.r.AbstractInstanceRegistry - Running the evict task with compensationTime 0ms
2023-08-30 18:18:44.996 [Eureka-EvictionTimer] INFO  c.n.e.r.AbstractInstanceRegistry - Running the evict task with compensationTime 0ms
2023-08-30 18:18:49.996 [Eureka-EvictionTimer] INFO  c.n.e.r.AbstractInstanceRegistry - Running the evict task with compensationTime 0ms
2023-08-30 18:18:54.996 [Eureka-EvictionTimer] INFO  c.n.e.r.AbstractInstanceRegistry - Running the evict task with compensationTime 0ms
2023-08-30 18:18:59.996 [Eureka-EvictionTimer] INFO  c.n.e.r.AbstractInstanceRegistry - Running the evict task with compensationTime 0ms
2023-08-30 18:19:04.996 [Eureka-EvictionTimer] INFO  c.n.e.r.AbstractInstanceRegistry - Running the evict task with compensationTime 0ms
2023-08-30 18:19:09.996 [Eureka-EvictionTimer] INFO  c.n.e.r.AbstractInstanceRegistry - Running the evict task with compensationTime 0ms
2023-08-30 18:19:14.996 [Eureka-EvictionTimer] INFO  c.n.e.r.AbstractInstanceRegistry - Running the evict task with compensationTime 0ms
2023-08-30 18:19:19.996 [Eureka-EvictionTimer] INFO  c.n.e.r.AbstractInstanceRegistry - Running the evict task with compensationTime 0ms
2023-08-30 18:19:24.996 [Eureka-EvictionTimer] INFO  c.n.e.r.AbstractInstanceRegistry - Running the evict task with compensationTime 0ms
2023-08-30 18:19:29.996 [Eureka-EvictionTimer] INFO  c.n.e.r.AbstractInstanceRegistry - Running the evict task with compensationTime 0ms
2023-08-30 18:19:34.996 [Eureka-EvictionTimer] INFO  c.n.e.r.AbstractInstanceRegistry - Running the evict task with compensationTime 0ms
2023-08-30 18:19:39.996 [Eureka-EvictionTimer] INFO  c.n.e.r.AbstractInstanceRegistry - Running the evict task with compensationTime 0ms
2023-08-30 18:19:44.996 [Eureka-EvictionTimer] INFO  c.n.e.r.AbstractInstanceRegistry - Running the evict task with compensationTime 0ms
2023-08-30 18:19:49.996 [Eureka-EvictionTimer] INFO  c.n.e.r.AbstractInstanceRegistry - Running the evict task with compensationTime 0ms
2023-08-30 18:19:54.996 [Eureka-EvictionTimer] INFO  c.n.e.r.AbstractInstanceRegistry - Running the evict task with compensationTime 0ms
2023-08-30 18:19:59.996 [Eureka-EvictionTimer] INFO  c.n.e.r.AbstractInstanceRegistry - Running the evict task with compensationTime 0ms
2023-08-30 18:20:04.996 [Eureka-EvictionTimer] INFO  c.n.e.r.AbstractInstanceRegistry - Running the evict task with compensationTime 0ms
2023-08-30 18:20:09.996 [Eureka-EvictionTimer] INFO  c.n.e.r.AbstractInstanceRegistry - Running the evict task with compensationTime 0ms
2023-08-30 18:20:14.996 [Eureka-EvictionTimer] INFO  c.n.e.r.AbstractInstanceRegistry - Running the evict task with compensationTime 0ms
2023-08-30 18:20:19.996 [Eureka-EvictionTimer] INFO  c.n.e.r.AbstractInstanceRegistry - Running the evict task with compensationTime 0ms
2023-08-30 18:20:24.996 [Eureka-EvictionTimer] INFO  c.n.e.r.AbstractInstanceRegistry - Running the evict task with compensationTime 0ms
2023-08-30 18:20:29.996 [Eureka-EvictionTimer] INFO  c.n.e.r.AbstractInstanceRegistry - Running the evict task with compensationTime 0ms
2023-08-30 18:20:34.996 [Eureka-EvictionTimer] INFO  c.n.e.r.AbstractInstanceRegistry - Running the evict task with compensationTime 0ms
2023-08-30 18:20:39.996 [Eureka-EvictionTimer] INFO  c.n.e.r.AbstractInstanceRegistry - Running the evict task with compensationTime 0ms
2023-08-30 18:20:44.996 [Eureka-EvictionTimer] INFO  c.n.e.r.AbstractInstanceRegistry - Running the evict task with compensationTime 0ms
2023-08-30 18:20:49.996 [Eureka-EvictionTimer] INFO  c.n.e.r.AbstractInstanceRegistry - Running the evict task with compensationTime 0ms
2023-08-30 18:20:54.996 [Eureka-EvictionTimer] INFO  c.n.e.r.AbstractInstanceRegistry - Running the evict task with compensationTime 0ms
2023-08-30 18:20:59.996 [Eureka-EvictionTimer] INFO  c.n.e.r.AbstractInstanceRegistry - Running the evict task with compensationTime 0ms
2023-08-30 18:21:04.996 [Eureka-EvictionTimer] INFO  c.n.e.r.AbstractInstanceRegistry - Running the evict task with compensationTime 0ms
2023-08-30 18:21:09.996 [Eureka-EvictionTimer] INFO  c.n.e.r.AbstractInstanceRegistry - Running the evict task with compensationTime 0ms
2023-08-30 18:21:14.996 [Eureka-EvictionTimer] INFO  c.n.e.r.AbstractInstanceRegistry - Running the evict task with compensationTime 0ms
2023-08-30 18:21:19.996 [Eureka-EvictionTimer] INFO  c.n.e.r.AbstractInstanceRegistry - Running the evict task with compensationTime 0ms
2023-08-30 18:21:24.996 [Eureka-EvictionTimer] INFO  c.n.e.r.AbstractInstanceRegistry - Running the evict task with compensationTime 0ms
2023-08-30 18:21:29.996 [Eureka-EvictionTimer] INFO  c.n.e.r.AbstractInstanceRegistry - Running the evict task with compensationTime 0ms
2023-08-30 18:21:34.996 [Eureka-EvictionTimer] INFO  c.n.e.r.AbstractInstanceRegistry - Running the evict task with compensationTime 0ms
2023-08-30 18:21:39.996 [Eureka-EvictionTimer] INFO  c.n.e.r.AbstractInstanceRegistry - Running the evict task with compensationTime 0ms
2023-08-30 18:21:44.996 [Eureka-EvictionTimer] INFO  c.n.e.r.AbstractInstanceRegistry - Running the evict task with compensationTime 0ms
2023-08-30 18:21:49.996 [Eureka-EvictionTimer] INFO  c.n.e.r.AbstractInstanceRegistry - Running the evict task with compensationTime 0ms
2023-08-30 18:21:54.996 [Eureka-EvictionTimer] INFO  c.n.e.r.AbstractInstanceRegistry - Running the evict task with compensationTime 0ms
2023-08-30 18:21:59.996 [Eureka-EvictionTimer] INFO  c.n.e.r.AbstractInstanceRegistry - Running the evict task with compensationTime 0ms
2023-08-30 18:22:04.996 [Eureka-EvictionTimer] INFO  c.n.e.r.AbstractInstanceRegistry - Running the evict task with compensationTime 0ms
2023-08-30 18:22:09.996 [Eureka-EvictionTimer] INFO  c.n.e.r.AbstractInstanceRegistry - Running the evict task with compensationTime 0ms
2023-08-30 18:22:14.996 [Eureka-EvictionTimer] INFO  c.n.e.r.AbstractInstanceRegistry - Running the evict task with compensationTime 0ms
2023-08-30 18:22:19.996 [Eureka-EvictionTimer] INFO  c.n.e.r.AbstractInstanceRegistry - Running the evict task with compensationTime 0ms
2023-08-30 18:22:24.996 [Eureka-EvictionTimer] INFO  c.n.e.r.AbstractInstanceRegistry - Running the evict task with compensationTime 0ms
2023-08-30 18:22:29.996 [Eureka-EvictionTimer] INFO  c.n.e.r.AbstractInstanceRegistry - Running the evict task with compensationTime 0ms
2023-08-30 18:22:34.996 [Eureka-EvictionTimer] INFO  c.n.e.r.AbstractInstanceRegistry - Running the evict task with compensationTime 0ms
2023-08-30 18:22:39.996 [Eureka-EvictionTimer] INFO  c.n.e.r.AbstractInstanceRegistry - Running the evict task with compensationTime 0ms
2023-08-30 18:22:44.996 [Eureka-EvictionTimer] INFO  c.n.e.r.AbstractInstanceRegistry - Running the evict task with compensationTime 0ms
2023-08-30 18:22:49.996 [Eureka-EvictionTimer] INFO  c.n.e.r.AbstractInstanceRegistry - Running the evict task with compensationTime 0ms
2023-08-30 18:22:54.996 [Eureka-EvictionTimer] INFO  c.n.e.r.AbstractInstanceRegistry - Running the evict task with compensationTime 0ms
2023-08-30 18:22:59.996 [Eureka-EvictionTimer] INFO  c.n.e.r.AbstractInstanceRegistry - Running the evict task with compensationTime 0ms
2023-08-30 18:23:04.996 [Eureka-EvictionTimer] INFO  c.n.e.r.AbstractInstanceRegistry - Running the evict task with compensationTime 0ms
2023-08-30 18:23:09.996 [Eureka-EvictionTimer] INFO  c.n.e.r.AbstractInstanceRegistry - Running the evict task with compensationTime 0ms
2023-08-30 18:23:14.996 [Eureka-EvictionTimer] INFO  c.n.e.r.AbstractInstanceRegistry - Running the evict task with compensationTime 0ms
2023-08-30 18:23:19.996 [Eureka-EvictionTimer] INFO  c.n.e.r.AbstractInstanceRegistry - Running the evict task with compensationTime 0ms
2023-08-30 18:23:24.996 [Eureka-EvictionTimer] INFO  c.n.e.r.AbstractInstanceRegistry - Running the evict task with compensationTime 0ms
2023-08-30 18:23:29.996 [Eureka-EvictionTimer] INFO  c.n.e.r.AbstractInstanceRegistry - Running the evict task with compensationTime 0ms
2023-08-30 18:23:34.996 [Eureka-EvictionTimer] INFO  c.n.e.r.AbstractInstanceRegistry - Running the evict task with compensationTime 0ms
2023-08-30 18:23:39.996 [Eureka-EvictionTimer] INFO  c.n.e.r.AbstractInstanceRegistry - Running the evict task with compensationTime 0ms
2023-08-30 18:23:44.996 [Eureka-EvictionTimer] INFO  c.n.e.r.AbstractInstanceRegistry - Running the evict task with compensationTime 0ms
2023-08-30 18:23:49.996 [Eureka-EvictionTimer] INFO  c.n.e.r.AbstractInstanceRegistry - Running the evict task with compensationTime 0ms
2023-08-30 18:23:54.996 [Eureka-EvictionTimer] INFO  c.n.e.r.AbstractInstanceRegistry - Running the evict task with compensationTime 0ms
2023-08-30 18:23:59.996 [Eureka-EvictionTimer] INFO  c.n.e.r.AbstractInstanceRegistry - Running the evict task with compensationTime 0ms
2023-08-30 18:24:04.996 [Eureka-EvictionTimer] INFO  c.n.e.r.AbstractInstanceRegistry - Running the evict task with compensationTime 0ms
2023-08-30 18:24:09.996 [Eureka-EvictionTimer] INFO  c.n.e.r.AbstractInstanceRegistry - Running the evict task with compensationTime 0ms
2023-08-30 18:24:14.996 [Eureka-EvictionTimer] INFO  c.n.e.r.AbstractInstanceRegistry - Running the evict task with compensationTime 0ms
2023-08-30 18:24:19.996 [Eureka-EvictionTimer] INFO  c.n.e.r.AbstractInstanceRegistry - Running the evict task with compensationTime 0ms
2023-08-30 18:24:24.996 [Eureka-EvictionTimer] INFO  c.n.e.r.AbstractInstanceRegistry - Running the evict task with compensationTime 0ms
2023-08-30 18:24:29.996 [Eureka-EvictionTimer] INFO  c.n.e.r.AbstractInstanceRegistry - Running the evict task with compensationTime 0ms
2023-08-30 18:24:34.996 [Eureka-EvictionTimer] INFO  c.n.e.r.AbstractInstanceRegistry - Running the evict task with compensationTime 0ms
2023-08-30 18:24:39.996 [Eureka-EvictionTimer] INFO  c.n.e.r.AbstractInstanceRegistry - Running the evict task with compensationTime 0ms
2023-08-30 18:24:44.996 [Eureka-EvictionTimer] INFO  c.n.e.r.AbstractInstanceRegistry - Running the evict task with compensationTime 0ms
2023-08-30 18:24:49.996 [Eureka-EvictionTimer] INFO  c.n.e.r.AbstractInstanceRegistry - Running the evict task with compensationTime 0ms
2023-08-30 18:24:54.996 [Eureka-EvictionTimer] INFO  c.n.e.r.AbstractInstanceRegistry - Running the evict task with compensationTime 0ms
2023-08-30 18:24:59.996 [Eureka-EvictionTimer] INFO  c.n.e.r.AbstractInstanceRegistry - Running the evict task with compensationTime 0ms
2023-08-30 18:25:04.996 [Eureka-EvictionTimer] INFO  c.n.e.r.AbstractInstanceRegistry - Running the evict task with compensationTime 0ms
2023-08-30 18:25:09.996 [Eureka-EvictionTimer] INFO  c.n.e.r.AbstractInstanceRegistry - Running the evict task with compensationTime 0ms
2023-08-30 18:25:14.996 [Eureka-EvictionTimer] INFO  c.n.e.r.AbstractInstanceRegistry - Running the evict task with compensationTime 0ms
2023-08-30 18:25:19.996 [Eureka-EvictionTimer] INFO  c.n.e.r.AbstractInstanceRegistry - Running the evict task with compensationTime 0ms
2023-08-30 18:25:24.996 [Eureka-EvictionTimer] INFO  c.n.e.r.AbstractInstanceRegistry - Running the evict task with compensationTime 0ms
2023-08-30 18:25:29.996 [Eureka-EvictionTimer] INFO  c.n.e.r.AbstractInstanceRegistry - Running the evict task with compensationTime 0ms
2023-08-30 18:25:34.996 [Eureka-EvictionTimer] INFO  c.n.e.r.AbstractInstanceRegistry - Running the evict task with compensationTime 0ms
2023-08-30 18:25:39.996 [Eureka-EvictionTimer] INFO  c.n.e.r.AbstractInstanceRegistry - Running the evict task with compensationTime 0ms
2023-08-30 18:25:44.996 [Eureka-EvictionTimer] INFO  c.n.e.r.AbstractInstanceRegistry - Running the evict task with compensationTime 0ms
2023-08-30 18:25:49.996 [Eureka-EvictionTimer] INFO  c.n.e.r.AbstractInstanceRegistry - Running the evict task with compensationTime 0ms
2023-08-30 18:25:54.996 [Eureka-EvictionTimer] INFO  c.n.e.r.AbstractInstanceRegistry - Running the evict task with compensationTime 0ms
2023-08-30 18:25:59.996 [Eureka-EvictionTimer] INFO  c.n.e.r.AbstractInstanceRegistry - Running the evict task with compensationTime 0ms
2023-08-30 18:26:04.996 [Eureka-EvictionTimer] INFO  c.n.e.r.AbstractInstanceRegistry - Running the evict task with compensationTime 0ms
2023-08-30 18:26:09.996 [Eureka-EvictionTimer] INFO  c.n.e.r.AbstractInstanceRegistry - Running the evict task with compensationTime 0ms
2023-08-30 18:26:14.996 [Eureka-EvictionTimer] INFO  c.n.e.r.AbstractInstanceRegistry - Running the evict task with compensationTime 0ms
2023-08-30 18:26:19.996 [Eureka-EvictionTimer] INFO  c.n.e.r.AbstractInstanceRegistry - Running the evict task with compensationTime 0ms
2023-08-30 18:26:24.996 [Eureka-EvictionTimer] INFO  c.n.e.r.AbstractInstanceRegistry - Running the evict task with compensationTime 0ms
2023-08-30 18:26:29.996 [Eureka-EvictionTimer] INFO  c.n.e.r.AbstractInstanceRegistry - Running the evict task with compensationTime 0ms
2023-08-30 18:26:34.996 [Eureka-EvictionTimer] INFO  c.n.e.r.AbstractInstanceRegistry - Running the evict task with compensationTime 0ms
2023-08-30 18:26:39.996 [Eureka-EvictionTimer] INFO  c.n.e.r.AbstractInstanceRegistry - Running the evict task with compensationTime 0ms
2023-08-30 18:26:44.996 [Eureka-EvictionTimer] INFO  c.n.e.r.AbstractInstanceRegistry - Running the evict task with compensationTime 0ms
2023-08-30 18:26:49.996 [Eureka-EvictionTimer] INFO  c.n.e.r.AbstractInstanceRegistry - Running the evict task with compensationTime 0ms
2023-08-30 18:26:54.996 [Eureka-EvictionTimer] INFO  c.n.e.r.AbstractInstanceRegistry - Running the evict task with compensationTime 0ms
2023-08-30 18:26:59.996 [Eureka-EvictionTimer] INFO  c.n.e.r.AbstractInstanceRegistry - Running the evict task with compensationTime 0ms
2023-08-30 18:27:04.996 [Eureka-EvictionTimer] INFO  c.n.e.r.AbstractInstanceRegistry - Running the evict task with compensationTime 0ms
2023-08-30 18:27:09.996 [Eureka-EvictionTimer] INFO  c.n.e.r.AbstractInstanceRegistry - Running the evict task with compensationTime 0ms
2023-08-30 18:27:14.996 [Eureka-EvictionTimer] INFO  c.n.e.r.AbstractInstanceRegistry - Running the evict task with compensationTime 0ms
2023-08-30 18:27:19.996 [Eureka-EvictionTimer] INFO  c.n.e.r.AbstractInstanceRegistry - Running the evict task with compensationTime 0ms
2023-08-30 18:27:24.996 [Eureka-EvictionTimer] INFO  c.n.e.r.AbstractInstanceRegistry - Running the evict task with compensationTime 0ms
2023-08-30 18:27:29.996 [Eureka-EvictionTimer] INFO  c.n.e.r.AbstractInstanceRegistry - Running the evict task with compensationTime 0ms
2023-08-30 18:27:34.996 [Eureka-EvictionTimer] INFO  c.n.e.r.AbstractInstanceRegistry - Running the evict task with compensationTime 0ms
2023-08-30 18:27:39.996 [Eureka-EvictionTimer] INFO  c.n.e.r.AbstractInstanceRegistry - Running the evict task with compensationTime 0ms
2023-08-30 18:27:44.996 [Eureka-EvictionTimer] INFO  c.n.e.r.AbstractInstanceRegistry - Running the evict task with compensationTime 0ms
2023-08-30 18:27:49.996 [Eureka-EvictionTimer] INFO  c.n.e.r.AbstractInstanceRegistry - Running the evict task with compensationTime 0ms
2023-08-30 18:27:54.996 [Eureka-EvictionTimer] INFO  c.n.e.r.AbstractInstanceRegistry - Running the evict task with compensationTime 0ms
2023-08-30 18:27:59.996 [Eureka-EvictionTimer] INFO  c.n.e.r.AbstractInstanceRegistry - Running the evict task with compensationTime 0ms
2023-08-30 18:28:04.996 [Eureka-EvictionTimer] INFO  c.n.e.r.AbstractInstanceRegistry - Running the evict task with compensationTime 0ms
2023-08-30 18:28:09.996 [Eureka-EvictionTimer] INFO  c.n.e.r.AbstractInstanceRegistry - Running the evict task with compensationTime 0ms
2023-08-30 18:28:14.996 [Eureka-EvictionTimer] INFO  c.n.e.r.AbstractInstanceRegistry - Running the evict task with compensationTime 0ms
2023-08-30 18:28:19.996 [Eureka-EvictionTimer] INFO  c.n.e.r.AbstractInstanceRegistry - Running the evict task with compensationTime 0ms
2023-08-30 18:28:24.996 [Eureka-EvictionTimer] INFO  c.n.e.r.AbstractInstanceRegistry - Running the evict task with compensationTime 0ms
2023-08-30 18:28:29.996 [Eureka-EvictionTimer] INFO  c.n.e.r.AbstractInstanceRegistry - Running the evict task with compensationTime 0ms
2023-08-30 18:28:34.996 [Eureka-EvictionTimer] INFO  c.n.e.r.AbstractInstanceRegistry - Running the evict task with compensationTime 0ms
2023-08-30 18:28:39.996 [Eureka-EvictionTimer] INFO  c.n.e.r.AbstractInstanceRegistry - Running the evict task with compensationTime 0ms
2023-08-30 18:28:44.996 [Eureka-EvictionTimer] INFO  c.n.e.r.AbstractInstanceRegistry - Running the evict task with compensationTime 0ms
2023-08-30 18:28:49.996 [Eureka-EvictionTimer] INFO  c.n.e.r.AbstractInstanceRegistry - Running the evict task with compensationTime 0ms
2023-08-30 18:28:54.996 [Eureka-EvictionTimer] INFO  c.n.e.r.AbstractInstanceRegistry - Running the evict task with compensationTime 0ms
2023-08-30 18:28:59.996 [Eureka-EvictionTimer] INFO  c.n.e.r.AbstractInstanceRegistry - Running the evict task with compensationTime 0ms
2023-08-30 18:29:04.996 [Eureka-EvictionTimer] INFO  c.n.e.r.AbstractInstanceRegistry - Running the evict task with compensationTime 0ms
2023-08-30 18:29:09.996 [Eureka-EvictionTimer] INFO  c.n.e.r.AbstractInstanceRegistry - Running the evict task with compensationTime 0ms
2023-08-30 18:29:14.996 [Eureka-EvictionTimer] INFO  c.n.e.r.AbstractInstanceRegistry - Running the evict task with compensationTime 0ms
2023-08-30 18:29:19.996 [Eureka-EvictionTimer] INFO  c.n.e.r.AbstractInstanceRegistry - Running the evict task with compensationTime 0ms
2023-08-30 18:29:24.996 [Eureka-EvictionTimer] INFO  c.n.e.r.AbstractInstanceRegistry - Running the evict task with compensationTime 0ms
2023-08-30 18:29:29.996 [Eureka-EvictionTimer] INFO  c.n.e.r.AbstractInstanceRegistry - Running the evict task with compensationTime 0ms
2023-08-30 18:29:34.996 [Eureka-EvictionTimer] INFO  c.n.e.r.AbstractInstanceRegistry - Running the evict task with compensationTime 0ms
2023-08-30 18:29:39.996 [Eureka-EvictionTimer] INFO  c.n.e.r.AbstractInstanceRegistry - Running the evict task with compensationTime 0ms
2023-08-30 18:29:44.996 [Eureka-EvictionTimer] INFO  c.n.e.r.AbstractInstanceRegistry - Running the evict task with compensationTime 0ms
2023-08-30 18:29:49.996 [Eureka-EvictionTimer] INFO  c.n.e.r.AbstractInstanceRegistry - Running the evict task with compensationTime 0ms
2023-08-30 18:29:54.996 [Eureka-EvictionTimer] INFO  c.n.e.r.AbstractInstanceRegistry - Running the evict task with compensationTime 0ms
2023-08-30 18:29:59.996 [Eureka-EvictionTimer] INFO  c.n.e.r.AbstractInstanceRegistry - Running the evict task with compensationTime 0ms
2023-08-30 18:30:04.996 [Eureka-EvictionTimer] INFO  c.n.e.r.AbstractInstanceRegistry - Running the evict task with compensationTime 0ms
2023-08-30 18:30:09.996 [Eureka-EvictionTimer] INFO  c.n.e.r.AbstractInstanceRegistry - Running the evict task with compensationTime 0ms
2023-08-30 18:30:14.996 [Eureka-EvictionTimer] INFO  c.n.e.r.AbstractInstanceRegistry - Running the evict task with compensationTime 0ms
2023-08-30 18:30:19.996 [Eureka-EvictionTimer] INFO  c.n.e.r.AbstractInstanceRegistry - Running the evict task with compensationTime 0ms
2023-08-30 18:30:24.996 [Eureka-EvictionTimer] INFO  c.n.e.r.AbstractInstanceRegistry - Running the evict task with compensationTime 0ms
2023-08-30 18:30:29.996 [Eureka-EvictionTimer] INFO  c.n.e.r.AbstractInstanceRegistry - Running the evict task with compensationTime 0ms
2023-08-30 18:30:34.996 [Eureka-EvictionTimer] INFO  c.n.e.r.AbstractInstanceRegistry - Running the evict task with compensationTime 0ms
2023-08-30 18:30:39.996 [Eureka-EvictionTimer] INFO  c.n.e.r.AbstractInstanceRegistry - Running the evict task with compensationTime 0ms
2023-08-30 18:30:44.996 [Eureka-EvictionTimer] INFO  c.n.e.r.AbstractInstanceRegistry - Running the evict task with compensationTime 0ms
2023-08-30 18:30:49.996 [Eureka-EvictionTimer] INFO  c.n.e.r.AbstractInstanceRegistry - Running the evict task with compensationTime 0ms
2023-08-30 18:30:54.859 [ReplicaAwareInstanceRegistry - RenewalThresholdUpdater] INFO  c.n.e.r.PeerAwareInstanceRegistryImpl - Current renewal threshold is : 0
2023-08-30 18:30:54.996 [Eureka-EvictionTimer] INFO  c.n.e.r.AbstractInstanceRegistry - Running the evict task with compensationTime 0ms
2023-08-30 18:30:59.996 [Eureka-EvictionTimer] INFO  c.n.e.r.AbstractInstanceRegistry - Running the evict task with compensationTime 0ms
2023-08-30 18:31:04.996 [Eureka-EvictionTimer] INFO  c.n.e.r.AbstractInstanceRegistry - Running the evict task with compensationTime 0ms
2023-08-30 18:31:09.996 [Eureka-EvictionTimer] INFO  c.n.e.r.AbstractInstanceRegistry - Running the evict task with compensationTime 0ms
2023-08-30 18:31:14.996 [Eureka-EvictionTimer] INFO  c.n.e.r.AbstractInstanceRegistry - Running the evict task with compensationTime 0ms
2023-08-30 18:31:19.996 [Eureka-EvictionTimer] INFO  c.n.e.r.AbstractInstanceRegistry - Running the evict task with compensationTime 0ms
2023-08-30 18:31:24.996 [Eureka-EvictionTimer] INFO  c.n.e.r.AbstractInstanceRegistry - Running the evict task with compensationTime 0ms
2023-08-30 18:31:29.996 [Eureka-EvictionTimer] INFO  c.n.e.r.AbstractInstanceRegistry - Running the evict task with compensationTime 0ms
2023-08-30 18:31:34.996 [Eureka-EvictionTimer] INFO  c.n.e.r.AbstractInstanceRegistry - Running the evict task with compensationTime 0ms
2023-08-30 18:31:39.996 [Eureka-EvictionTimer] INFO  c.n.e.r.AbstractInstanceRegistry - Running the evict task with compensationTime 0ms
2023-08-30 18:31:44.996 [Eureka-EvictionTimer] INFO  c.n.e.r.AbstractInstanceRegistry - Running the evict task with compensationTime 0ms
2023-08-30 18:31:49.996 [Eureka-EvictionTimer] INFO  c.n.e.r.AbstractInstanceRegistry - Running the evict task with compensationTime 0ms
2023-08-30 18:31:54.996 [Eureka-EvictionTimer] INFO  c.n.e.r.AbstractInstanceRegistry - Running the evict task with compensationTime 0ms
2023-08-30 18:31:59.996 [Eureka-EvictionTimer] INFO  c.n.e.r.AbstractInstanceRegistry - Running the evict task with compensationTime 0ms
2023-08-30 18:32:04.996 [Eureka-EvictionTimer] INFO  c.n.e.r.AbstractInstanceRegistry - Running the evict task with compensationTime 0ms
2023-08-30 18:32:09.996 [Eureka-EvictionTimer] INFO  c.n.e.r.AbstractInstanceRegistry - Running the evict task with compensationTime 0ms
2023-08-30 18:32:14.996 [Eureka-EvictionTimer] INFO  c.n.e.r.AbstractInstanceRegistry - Running the evict task with compensationTime 0ms
2023-08-30 18:32:19.996 [Eureka-EvictionTimer] INFO  c.n.e.r.AbstractInstanceRegistry - Running the evict task with compensationTime 0ms
2023-08-30 18:32:24.996 [Eureka-EvictionTimer] INFO  c.n.e.r.AbstractInstanceRegistry - Running the evict task with compensationTime 0ms
2023-08-30 18:32:29.996 [Eureka-EvictionTimer] INFO  c.n.e.r.AbstractInstanceRegistry - Running the evict task with compensationTime 0ms
2023-08-30 18:32:34.996 [Eureka-EvictionTimer] INFO  c.n.e.r.AbstractInstanceRegistry - Running the evict task with compensationTime 0ms
2023-08-30 18:32:39.996 [Eureka-EvictionTimer] INFO  c.n.e.r.AbstractInstanceRegistry - Running the evict task with compensationTime 0ms
2023-08-30 18:32:44.996 [Eureka-EvictionTimer] INFO  c.n.e.r.AbstractInstanceRegistry - Running the evict task with compensationTime 0ms
2023-08-30 18:32:49.996 [Eureka-EvictionTimer] INFO  c.n.e.r.AbstractInstanceRegistry - Running the evict task with compensationTime 0ms
2023-08-30 18:32:54.996 [Eureka-EvictionTimer] INFO  c.n.e.r.AbstractInstanceRegistry - Running the evict task with compensationTime 0ms
2023-08-30 18:32:59.996 [Eureka-EvictionTimer] INFO  c.n.e.r.AbstractInstanceRegistry - Running the evict task with compensationTime 0ms
2023-08-30 18:33:04.996 [Eureka-EvictionTimer] INFO  c.n.e.r.AbstractInstanceRegistry - Running the evict task with compensationTime 0ms
2023-08-30 18:33:09.996 [Eureka-EvictionTimer] INFO  c.n.e.r.AbstractInstanceRegistry - Running the evict task with compensationTime 0ms
2023-08-30 18:33:14.996 [Eureka-EvictionTimer] INFO  c.n.e.r.AbstractInstanceRegistry - Running the evict task with compensationTime 0ms
2023-08-30 18:33:19.996 [Eureka-EvictionTimer] INFO  c.n.e.r.AbstractInstanceRegistry - Running the evict task with compensationTime 0ms
2023-08-30 18:33:24.996 [Eureka-EvictionTimer] INFO  c.n.e.r.AbstractInstanceRegistry - Running the evict task with compensationTime 0ms
2023-08-30 18:33:29.996 [Eureka-EvictionTimer] INFO  c.n.e.r.AbstractInstanceRegistry - Running the evict task with compensationTime 0ms
2023-08-30 18:33:34.996 [Eureka-EvictionTimer] INFO  c.n.e.r.AbstractInstanceRegistry - Running the evict task with compensationTime 0ms
2023-08-30 18:33:39.996 [Eureka-EvictionTimer] INFO  c.n.e.r.AbstractInstanceRegistry - Running the evict task with compensationTime 0ms
2023-08-30 18:33:44.996 [Eureka-EvictionTimer] INFO  c.n.e.r.AbstractInstanceRegistry - Running the evict task with compensationTime 0ms
2023-08-30 18:33:49.996 [Eureka-EvictionTimer] INFO  c.n.e.r.AbstractInstanceRegistry - Running the evict task with compensationTime 0ms
2023-08-30 18:33:54.996 [Eureka-EvictionTimer] INFO  c.n.e.r.AbstractInstanceRegistry - Running the evict task with compensationTime 0ms
2023-08-30 18:33:59.996 [Eureka-EvictionTimer] INFO  c.n.e.r.AbstractInstanceRegistry - Running the evict task with compensationTime 0ms
2023-08-30 18:34:04.996 [Eureka-EvictionTimer] INFO  c.n.e.r.AbstractInstanceRegistry - Running the evict task with compensationTime 0ms
2023-08-30 18:34:09.996 [Eureka-EvictionTimer] INFO  c.n.e.r.AbstractInstanceRegistry - Running the evict task with compensationTime 0ms
2023-08-30 18:34:14.996 [Eureka-EvictionTimer] INFO  c.n.e.r.AbstractInstanceRegistry - Running the evict task with compensationTime 0ms
2023-08-30 18:34:19.996 [Eureka-EvictionTimer] INFO  c.n.e.r.AbstractInstanceRegistry - Running the evict task with compensationTime 0ms
2023-08-30 18:34:24.996 [Eureka-EvictionTimer] INFO  c.n.e.r.AbstractInstanceRegistry - Running the evict task with compensationTime 0ms
2023-08-30 18:34:29.996 [Eureka-EvictionTimer] INFO  c.n.e.r.AbstractInstanceRegistry - Running the evict task with compensationTime 0ms
2023-08-30 18:34:34.996 [Eureka-EvictionTimer] INFO  c.n.e.r.AbstractInstanceRegistry - Running the evict task with compensationTime 0ms
2023-08-30 18:34:39.996 [Eureka-EvictionTimer] INFO  c.n.e.r.AbstractInstanceRegistry - Running the evict task with compensationTime 0ms
2023-08-30 18:34:44.996 [Eureka-EvictionTimer] INFO  c.n.e.r.AbstractInstanceRegistry - Running the evict task with compensationTime 0ms
2023-08-30 18:34:49.996 [Eureka-EvictionTimer] INFO  c.n.e.r.AbstractInstanceRegistry - Running the evict task with compensationTime 0ms
2023-08-30 18:34:54.996 [Eureka-EvictionTimer] INFO  c.n.e.r.AbstractInstanceRegistry - Running the evict task with compensationTime 0ms
2023-08-30 18:34:59.996 [Eureka-EvictionTimer] INFO  c.n.e.r.AbstractInstanceRegistry - Running the evict task with compensationTime 0ms
2023-08-30 18:35:04.996 [Eureka-EvictionTimer] INFO  c.n.e.r.AbstractInstanceRegistry - Running the evict task with compensationTime 0ms
2023-08-30 18:35:09.996 [Eureka-EvictionTimer] INFO  c.n.e.r.AbstractInstanceRegistry - Running the evict task with compensationTime 0ms
2023-08-30 18:35:14.996 [Eureka-EvictionTimer] INFO  c.n.e.r.AbstractInstanceRegistry - Running the evict task with compensationTime 0ms
2023-08-30 18:35:19.996 [Eureka-EvictionTimer] INFO  c.n.e.r.AbstractInstanceRegistry - Running the evict task with compensationTime 0ms
2023-08-30 18:35:24.996 [Eureka-EvictionTimer] INFO  c.n.e.r.AbstractInstanceRegistry - Running the evict task with compensationTime 0ms
2023-08-30 18:35:29.996 [Eureka-EvictionTimer] INFO  c.n.e.r.AbstractInstanceRegistry - Running the evict task with compensationTime 0ms
2023-08-30 18:35:34.996 [Eureka-EvictionTimer] INFO  c.n.e.r.AbstractInstanceRegistry - Running the evict task with compensationTime 0ms
2023-08-30 18:35:39.996 [Eureka-EvictionTimer] INFO  c.n.e.r.AbstractInstanceRegistry - Running the evict task with compensationTime 0ms
2023-08-30 18:35:44.996 [Eureka-EvictionTimer] INFO  c.n.e.r.AbstractInstanceRegistry - Running the evict task with compensationTime 0ms
2023-08-30 18:35:49.996 [Eureka-EvictionTimer] INFO  c.n.e.r.AbstractInstanceRegistry - Running the evict task with compensationTime 0ms
2023-08-30 18:35:54.996 [Eureka-EvictionTimer] INFO  c.n.e.r.AbstractInstanceRegistry - Running the evict task with compensationTime 0ms
2023-08-30 18:35:59.996 [Eureka-EvictionTimer] INFO  c.n.e.r.AbstractInstanceRegistry - Running the evict task with compensationTime 0ms
2023-08-30 18:36:04.996 [Eureka-EvictionTimer] INFO  c.n.e.r.AbstractInstanceRegistry - Running the evict task with compensationTime 0ms
2023-08-30 18:36:09.996 [Eureka-EvictionTimer] INFO  c.n.e.r.AbstractInstanceRegistry - Running the evict task with compensationTime 0ms
2023-08-30 18:36:14.996 [Eureka-EvictionTimer] INFO  c.n.e.r.AbstractInstanceRegistry - Running the evict task with compensationTime 0ms
2023-08-30 18:36:19.996 [Eureka-EvictionTimer] INFO  c.n.e.r.AbstractInstanceRegistry - Running the evict task with compensationTime 0ms
2023-08-30 18:36:24.996 [Eureka-EvictionTimer] INFO  c.n.e.r.AbstractInstanceRegistry - Running the evict task with compensationTime 0ms
2023-08-30 18:36:29.996 [Eureka-EvictionTimer] INFO  c.n.e.r.AbstractInstanceRegistry - Running the evict task with compensationTime 0ms
2023-08-30 18:36:34.996 [Eureka-EvictionTimer] INFO  c.n.e.r.AbstractInstanceRegistry - Running the evict task with compensationTime 0ms
2023-08-30 18:36:39.996 [Eureka-EvictionTimer] INFO  c.n.e.r.AbstractInstanceRegistry - Running the evict task with compensationTime 0ms
2023-08-30 18:36:44.996 [Eureka-EvictionTimer] INFO  c.n.e.r.AbstractInstanceRegistry - Running the evict task with compensationTime 0ms
2023-08-30 18:36:49.996 [Eureka-EvictionTimer] INFO  c.n.e.r.AbstractInstanceRegistry - Running the evict task with compensationTime 0ms
2023-08-30 18:36:54.996 [Eureka-EvictionTimer] INFO  c.n.e.r.AbstractInstanceRegistry - Running the evict task with compensationTime 0ms
2023-08-30 18:36:59.996 [Eureka-EvictionTimer] INFO  c.n.e.r.AbstractInstanceRegistry - Running the evict task with compensationTime 0ms
2023-08-30 18:37:04.996 [Eureka-EvictionTimer] INFO  c.n.e.r.AbstractInstanceRegistry - Running the evict task with compensationTime 0ms
2023-08-30 18:37:09.996 [Eureka-EvictionTimer] INFO  c.n.e.r.AbstractInstanceRegistry - Running the evict task with compensationTime 0ms
2023-08-30 18:37:14.996 [Eureka-EvictionTimer] INFO  c.n.e.r.AbstractInstanceRegistry - Running the evict task with compensationTime 0ms
2023-08-30 18:37:19.996 [Eureka-EvictionTimer] INFO  c.n.e.r.AbstractInstanceRegistry - Running the evict task with compensationTime 0ms
2023-08-30 18:37:24.996 [Eureka-EvictionTimer] INFO  c.n.e.r.AbstractInstanceRegistry - Running the evict task with compensationTime 0ms
2023-08-30 18:37:29.996 [Eureka-EvictionTimer] INFO  c.n.e.r.AbstractInstanceRegistry - Running the evict task with compensationTime 0ms
2023-08-30 18:37:34.996 [Eureka-EvictionTimer] INFO  c.n.e.r.AbstractInstanceRegistry - Running the evict task with compensationTime 0ms
2023-08-30 18:37:39.996 [Eureka-EvictionTimer] INFO  c.n.e.r.AbstractInstanceRegistry - Running the evict task with compensationTime 0ms
2023-08-30 18:37:44.996 [Eureka-EvictionTimer] INFO  c.n.e.r.AbstractInstanceRegistry - Running the evict task with compensationTime 0ms
2023-08-30 18:37:49.996 [Eureka-EvictionTimer] INFO  c.n.e.r.AbstractInstanceRegistry - Running the evict task with compensationTime 0ms
2023-08-30 18:37:54.996 [Eureka-EvictionTimer] INFO  c.n.e.r.AbstractInstanceRegistry - Running the evict task with compensationTime 0ms
2023-08-30 18:37:59.996 [Eureka-EvictionTimer] INFO  c.n.e.r.AbstractInstanceRegistry - Running the evict task with compensationTime 0ms
2023-08-30 18:38:04.996 [Eureka-EvictionTimer] INFO  c.n.e.r.AbstractInstanceRegistry - Running the evict task with compensationTime 0ms
2023-08-30 18:38:09.996 [Eureka-EvictionTimer] INFO  c.n.e.r.AbstractInstanceRegistry - Running the evict task with compensationTime 0ms
2023-08-30 18:38:14.996 [Eureka-EvictionTimer] INFO  c.n.e.r.AbstractInstanceRegistry - Running the evict task with compensationTime 0ms
2023-08-30 18:38:19.996 [Eureka-EvictionTimer] INFO  c.n.e.r.AbstractInstanceRegistry - Running the evict task with compensationTime 0ms
2023-08-30 18:38:24.996 [Eureka-EvictionTimer] INFO  c.n.e.r.AbstractInstanceRegistry - Running the evict task with compensationTime 0ms
2023-08-30 18:38:29.996 [Eureka-EvictionTimer] INFO  c.n.e.r.AbstractInstanceRegistry - Running the evict task with compensationTime 0ms
2023-08-30 18:38:34.996 [Eureka-EvictionTimer] INFO  c.n.e.r.AbstractInstanceRegistry - Running the evict task with compensationTime 0ms
2023-08-30 18:38:39.996 [Eureka-EvictionTimer] INFO  c.n.e.r.AbstractInstanceRegistry - Running the evict task with compensationTime 0ms
2023-08-30 18:38:44.996 [Eureka-EvictionTimer] INFO  c.n.e.r.AbstractInstanceRegistry - Running the evict task with compensationTime 0ms
2023-08-30 18:38:49.996 [Eureka-EvictionTimer] INFO  c.n.e.r.AbstractInstanceRegistry - Running the evict task with compensationTime 0ms
2023-08-30 18:38:54.996 [Eureka-EvictionTimer] INFO  c.n.e.r.AbstractInstanceRegistry - Running the evict task with compensationTime 0ms
2023-08-30 18:38:59.996 [Eureka-EvictionTimer] INFO  c.n.e.r.AbstractInstanceRegistry - Running the evict task with compensationTime 0ms
2023-08-30 18:39:04.996 [Eureka-EvictionTimer] INFO  c.n.e.r.AbstractInstanceRegistry - Running the evict task with compensationTime 0ms
2023-08-30 18:39:09.996 [Eureka-EvictionTimer] INFO  c.n.e.r.AbstractInstanceRegistry - Running the evict task with compensationTime 0ms
2023-08-30 18:39:14.996 [Eureka-EvictionTimer] INFO  c.n.e.r.AbstractInstanceRegistry - Running the evict task with compensationTime 0ms
2023-08-30 18:39:19.996 [Eureka-EvictionTimer] INFO  c.n.e.r.AbstractInstanceRegistry - Running the evict task with compensationTime 0ms
2023-08-30 18:39:24.996 [Eureka-EvictionTimer] INFO  c.n.e.r.AbstractInstanceRegistry - Running the evict task with compensationTime 0ms
2023-08-30 18:39:29.996 [Eureka-EvictionTimer] INFO  c.n.e.r.AbstractInstanceRegistry - Running the evict task with compensationTime 0ms
2023-08-30 18:39:34.996 [Eureka-EvictionTimer] INFO  c.n.e.r.AbstractInstanceRegistry - Running the evict task with compensationTime 0ms
2023-08-30 18:39:39.996 [Eureka-EvictionTimer] INFO  c.n.e.r.AbstractInstanceRegistry - Running the evict task with compensationTime 0ms
2023-08-30 18:39:44.996 [Eureka-EvictionTimer] INFO  c.n.e.r.AbstractInstanceRegistry - Running the evict task with compensationTime 0ms
2023-08-30 18:39:49.996 [Eureka-EvictionTimer] INFO  c.n.e.r.AbstractInstanceRegistry - Running the evict task with compensationTime 0ms
2023-08-30 18:39:54.996 [Eureka-EvictionTimer] INFO  c.n.e.r.AbstractInstanceRegistry - Running the evict task with compensationTime 0ms
2023-08-30 18:39:59.996 [Eureka-EvictionTimer] INFO  c.n.e.r.AbstractInstanceRegistry - Running the evict task with compensationTime 0ms
2023-08-30 18:40:04.996 [Eureka-EvictionTimer] INFO  c.n.e.r.AbstractInstanceRegistry - Running the evict task with compensationTime 0ms
2023-08-30 18:40:09.996 [Eureka-EvictionTimer] INFO  c.n.e.r.AbstractInstanceRegistry - Running the evict task with compensationTime 0ms
2023-08-30 18:40:14.996 [Eureka-EvictionTimer] INFO  c.n.e.r.AbstractInstanceRegistry - Running the evict task with compensationTime 0ms
2023-08-30 18:40:19.996 [Eureka-EvictionTimer] INFO  c.n.e.r.AbstractInstanceRegistry - Running the evict task with compensationTime 0ms
2023-08-30 18:40:24.996 [Eureka-EvictionTimer] INFO  c.n.e.r.AbstractInstanceRegistry - Running the evict task with compensationTime 0ms
2023-08-30 18:40:29.996 [Eureka-EvictionTimer] INFO  c.n.e.r.AbstractInstanceRegistry - Running the evict task with compensationTime 0ms
2023-08-30 18:40:34.996 [Eureka-EvictionTimer] INFO  c.n.e.r.AbstractInstanceRegistry - Running the evict task with compensationTime 0ms
2023-08-30 18:40:39.996 [Eureka-EvictionTimer] INFO  c.n.e.r.AbstractInstanceRegistry - Running the evict task with compensationTime 0ms
2023-08-30 18:40:44.996 [Eureka-EvictionTimer] INFO  c.n.e.r.AbstractInstanceRegistry - Running the evict task with compensationTime 0ms
2023-08-30 18:40:49.996 [Eureka-EvictionTimer] INFO  c.n.e.r.AbstractInstanceRegistry - Running the evict task with compensationTime 0ms
2023-08-30 18:40:54.996 [Eureka-EvictionTimer] INFO  c.n.e.r.AbstractInstanceRegistry - Running the evict task with compensationTime 0ms
2023-08-30 18:40:59.996 [Eureka-EvictionTimer] INFO  c.n.e.r.AbstractInstanceRegistry - Running the evict task with compensationTime 0ms
2023-08-30 18:41:04.996 [Eureka-EvictionTimer] INFO  c.n.e.r.AbstractInstanceRegistry - Running the evict task with compensationTime 0ms
2023-08-30 18:41:09.996 [Eureka-EvictionTimer] INFO  c.n.e.r.AbstractInstanceRegistry - Running the evict task with compensationTime 0ms
2023-08-30 18:41:14.996 [Eureka-EvictionTimer] INFO  c.n.e.r.AbstractInstanceRegistry - Running the evict task with compensationTime 0ms
2023-08-30 18:41:19.996 [Eureka-EvictionTimer] INFO  c.n.e.r.AbstractInstanceRegistry - Running the evict task with compensationTime 0ms
2023-08-30 18:41:24.996 [Eureka-EvictionTimer] INFO  c.n.e.r.AbstractInstanceRegistry - Running the evict task with compensationTime 0ms
2023-08-30 18:41:29.996 [Eureka-EvictionTimer] INFO  c.n.e.r.AbstractInstanceRegistry - Running the evict task with compensationTime 0ms
2023-08-30 18:41:34.996 [Eureka-EvictionTimer] INFO  c.n.e.r.AbstractInstanceRegistry - Running the evict task with compensationTime 0ms
2023-08-30 18:41:39.996 [Eureka-EvictionTimer] INFO  c.n.e.r.AbstractInstanceRegistry - Running the evict task with compensationTime 0ms
2023-08-30 18:41:44.996 [Eureka-EvictionTimer] INFO  c.n.e.r.AbstractInstanceRegistry - Running the evict task with compensationTime 0ms
2023-08-30 18:41:49.996 [Eureka-EvictionTimer] INFO  c.n.e.r.AbstractInstanceRegistry - Running the evict task with compensationTime 0ms
2023-08-30 18:41:54.996 [Eureka-EvictionTimer] INFO  c.n.e.r.AbstractInstanceRegistry - Running the evict task with compensationTime 0ms
2023-08-30 18:41:59.996 [Eureka-EvictionTimer] INFO  c.n.e.r.AbstractInstanceRegistry - Running the evict task with compensationTime 0ms
2023-08-30 18:42:04.996 [Eureka-EvictionTimer] INFO  c.n.e.r.AbstractInstanceRegistry - Running the evict task with compensationTime 0ms
2023-08-30 18:42:09.996 [Eureka-EvictionTimer] INFO  c.n.e.r.AbstractInstanceRegistry - Running the evict task with compensationTime 0ms
2023-08-30 18:42:14.996 [Eureka-EvictionTimer] INFO  c.n.e.r.AbstractInstanceRegistry - Running the evict task with compensationTime 0ms
2023-08-30 18:42:19.996 [Eureka-EvictionTimer] INFO  c.n.e.r.AbstractInstanceRegistry - Running the evict task with compensationTime 0ms
2023-08-30 18:42:24.996 [Eureka-EvictionTimer] INFO  c.n.e.r.AbstractInstanceRegistry - Running the evict task with compensationTime 0ms
2023-08-30 18:42:29.996 [Eureka-EvictionTimer] INFO  c.n.e.r.AbstractInstanceRegistry - Running the evict task with compensationTime 0ms
2023-08-30 18:42:34.996 [Eureka-EvictionTimer] INFO  c.n.e.r.AbstractInstanceRegistry - Running the evict task with compensationTime 0ms
2023-08-30 18:42:39.996 [Eureka-EvictionTimer] INFO  c.n.e.r.AbstractInstanceRegistry - Running the evict task with compensationTime 0ms
2023-08-30 18:42:44.996 [Eureka-EvictionTimer] INFO  c.n.e.r.AbstractInstanceRegistry - Running the evict task with compensationTime 0ms
2023-08-30 18:42:49.996 [Eureka-EvictionTimer] INFO  c.n.e.r.AbstractInstanceRegistry - Running the evict task with compensationTime 0ms
2023-08-30 18:42:54.996 [Eureka-EvictionTimer] INFO  c.n.e.r.AbstractInstanceRegistry - Running the evict task with compensationTime 0ms
2023-08-30 18:42:59.996 [Eureka-EvictionTimer] INFO  c.n.e.r.AbstractInstanceRegistry - Running the evict task with compensationTime 0ms
2023-08-30 18:43:04.996 [Eureka-EvictionTimer] INFO  c.n.e.r.AbstractInstanceRegistry - Running the evict task with compensationTime 0ms
2023-08-30 18:43:09.996 [Eureka-EvictionTimer] INFO  c.n.e.r.AbstractInstanceRegistry - Running the evict task with compensationTime 0ms
2023-08-30 18:43:14.996 [Eureka-EvictionTimer] INFO  c.n.e.r.AbstractInstanceRegistry - Running the evict task with compensationTime 0ms
2023-08-30 18:43:19.996 [Eureka-EvictionTimer] INFO  c.n.e.r.AbstractInstanceRegistry - Running the evict task with compensationTime 0ms
2023-08-30 18:43:24.996 [Eureka-EvictionTimer] INFO  c.n.e.r.AbstractInstanceRegistry - Running the evict task with compensationTime 0ms
2023-08-30 18:43:29.996 [Eureka-EvictionTimer] INFO  c.n.e.r.AbstractInstanceRegistry - Running the evict task with compensationTime 0ms
2023-08-30 18:43:34.996 [Eureka-EvictionTimer] INFO  c.n.e.r.AbstractInstanceRegistry - Running the evict task with compensationTime 0ms
2023-08-30 18:43:39.996 [Eureka-EvictionTimer] INFO  c.n.e.r.AbstractInstanceRegistry - Running the evict task with compensationTime 0ms
2023-08-30 18:43:44.996 [Eureka-EvictionTimer] INFO  c.n.e.r.AbstractInstanceRegistry - Running the evict task with compensationTime 0ms
2023-08-30 18:43:49.996 [Eureka-EvictionTimer] INFO  c.n.e.r.AbstractInstanceRegistry - Running the evict task with compensationTime 0ms
2023-08-30 18:43:54.996 [Eureka-EvictionTimer] INFO  c.n.e.r.AbstractInstanceRegistry - Running the evict task with compensationTime 0ms
2023-08-30 18:43:59.996 [Eureka-EvictionTimer] INFO  c.n.e.r.AbstractInstanceRegistry - Running the evict task with compensationTime 0ms
2023-08-30 18:44:04.996 [Eureka-EvictionTimer] INFO  c.n.e.r.AbstractInstanceRegistry - Running the evict task with compensationTime 0ms
2023-08-30 18:44:09.996 [Eureka-EvictionTimer] INFO  c.n.e.r.AbstractInstanceRegistry - Running the evict task with compensationTime 0ms
2023-08-30 18:44:14.996 [Eureka-EvictionTimer] INFO  c.n.e.r.AbstractInstanceRegistry - Running the evict task with compensationTime 0ms
2023-08-30 18:44:19.996 [Eureka-EvictionTimer] INFO  c.n.e.r.AbstractInstanceRegistry - Running the evict task with compensationTime 0ms
2023-08-30 18:44:24.996 [Eureka-EvictionTimer] INFO  c.n.e.r.AbstractInstanceRegistry - Running the evict task with compensationTime 0ms
2023-08-30 18:44:29.996 [Eureka-EvictionTimer] INFO  c.n.e.r.AbstractInstanceRegistry - Running the evict task with compensationTime 0ms
2023-08-30 18:44:34.996 [Eureka-EvictionTimer] INFO  c.n.e.r.AbstractInstanceRegistry - Running the evict task with compensationTime 0ms
2023-08-30 18:44:39.996 [Eureka-EvictionTimer] INFO  c.n.e.r.AbstractInstanceRegistry - Running the evict task with compensationTime 0ms
2023-08-30 18:44:44.996 [Eureka-EvictionTimer] INFO  c.n.e.r.AbstractInstanceRegistry - Running the evict task with compensationTime 0ms
2023-08-30 18:44:49.996 [Eureka-EvictionTimer] INFO  c.n.e.r.AbstractInstanceRegistry - Running the evict task with compensationTime 0ms
2023-08-30 18:44:54.996 [Eureka-EvictionTimer] INFO  c.n.e.r.AbstractInstanceRegistry - Running the evict task with compensationTime 0ms
2023-08-30 18:44:59.996 [Eureka-EvictionTimer] INFO  c.n.e.r.AbstractInstanceRegistry - Running the evict task with compensationTime 0ms
2023-08-30 18:45:04.996 [Eureka-EvictionTimer] INFO  c.n.e.r.AbstractInstanceRegistry - Running the evict task with compensationTime 0ms
2023-08-30 18:45:09.996 [Eureka-EvictionTimer] INFO  c.n.e.r.AbstractInstanceRegistry - Running the evict task with compensationTime 0ms
2023-08-30 18:45:14.996 [Eureka-EvictionTimer] INFO  c.n.e.r.AbstractInstanceRegistry - Running the evict task with compensationTime 0ms
2023-08-30 18:45:19.996 [Eureka-EvictionTimer] INFO  c.n.e.r.AbstractInstanceRegistry - Running the evict task with compensationTime 0ms
2023-08-30 18:45:24.996 [Eureka-EvictionTimer] INFO  c.n.e.r.AbstractInstanceRegistry - Running the evict task with compensationTime 0ms
2023-08-30 18:45:29.996 [Eureka-EvictionTimer] INFO  c.n.e.r.AbstractInstanceRegistry - Running the evict task with compensationTime 0ms
2023-08-30 18:45:34.996 [Eureka-EvictionTimer] INFO  c.n.e.r.AbstractInstanceRegistry - Running the evict task with compensationTime 0ms
2023-08-30 18:45:39.996 [Eureka-EvictionTimer] INFO  c.n.e.r.AbstractInstanceRegistry - Running the evict task with compensationTime 0ms
2023-08-30 18:45:44.996 [Eureka-EvictionTimer] INFO  c.n.e.r.AbstractInstanceRegistry - Running the evict task with compensationTime 0ms
2023-08-30 18:45:49.996 [Eureka-EvictionTimer] INFO  c.n.e.r.AbstractInstanceRegistry - Running the evict task with compensationTime 0ms
2023-08-30 18:45:54.859 [ReplicaAwareInstanceRegistry - RenewalThresholdUpdater] INFO  c.n.e.r.PeerAwareInstanceRegistryImpl - Current renewal threshold is : 0
2023-08-30 18:45:54.996 [Eureka-EvictionTimer] INFO  c.n.e.r.AbstractInstanceRegistry - Running the evict task with compensationTime 0ms
2023-08-30 18:45:59.996 [Eureka-EvictionTimer] INFO  c.n.e.r.AbstractInstanceRegistry - Running the evict task with compensationTime 0ms
2023-08-30 18:46:04.996 [Eureka-EvictionTimer] INFO  c.n.e.r.AbstractInstanceRegistry - Running the evict task with compensationTime 0ms
2023-08-30 18:46:09.996 [Eureka-EvictionTimer] INFO  c.n.e.r.AbstractInstanceRegistry - Running the evict task with compensationTime 0ms
2023-08-30 18:46:14.996 [Eureka-EvictionTimer] INFO  c.n.e.r.AbstractInstanceRegistry - Running the evict task with compensationTime 0ms
2023-08-30 18:46:19.996 [Eureka-EvictionTimer] INFO  c.n.e.r.AbstractInstanceRegistry - Running the evict task with compensationTime 0ms
2023-08-30 18:46:24.996 [Eureka-EvictionTimer] INFO  c.n.e.r.AbstractInstanceRegistry - Running the evict task with compensationTime 0ms
2023-08-30 18:46:29.996 [Eureka-EvictionTimer] INFO  c.n.e.r.AbstractInstanceRegistry - Running the evict task with compensationTime 0ms
2023-08-30 18:46:34.996 [Eureka-EvictionTimer] INFO  c.n.e.r.AbstractInstanceRegistry - Running the evict task with compensationTime 0ms
2023-08-30 18:46:39.996 [Eureka-EvictionTimer] INFO  c.n.e.r.AbstractInstanceRegistry - Running the evict task with compensationTime 0ms
2023-08-30 18:46:44.996 [Eureka-EvictionTimer] INFO  c.n.e.r.AbstractInstanceRegistry - Running the evict task with compensationTime 0ms
2023-08-30 18:46:49.996 [Eureka-EvictionTimer] INFO  c.n.e.r.AbstractInstanceRegistry - Running the evict task with compensationTime 0ms
2023-08-30 18:46:54.996 [Eureka-EvictionTimer] INFO  c.n.e.r.AbstractInstanceRegistry - Running the evict task with compensationTime 0ms
2023-08-30 18:46:59.996 [Eureka-EvictionTimer] INFO  c.n.e.r.AbstractInstanceRegistry - Running the evict task with compensationTime 0ms
2023-08-30 18:47:04.996 [Eureka-EvictionTimer] INFO  c.n.e.r.AbstractInstanceRegistry - Running the evict task with compensationTime 0ms
2023-08-30 18:47:09.996 [Eureka-EvictionTimer] INFO  c.n.e.r.AbstractInstanceRegistry - Running the evict task with compensationTime 0ms
2023-08-30 18:47:14.996 [Eureka-EvictionTimer] INFO  c.n.e.r.AbstractInstanceRegistry - Running the evict task with compensationTime 0ms
2023-08-30 18:47:19.996 [Eureka-EvictionTimer] INFO  c.n.e.r.AbstractInstanceRegistry - Running the evict task with compensationTime 0ms
2023-08-30 18:47:24.996 [Eureka-EvictionTimer] INFO  c.n.e.r.AbstractInstanceRegistry - Running the evict task with compensationTime 0ms
2023-08-30 18:47:29.996 [Eureka-EvictionTimer] INFO  c.n.e.r.AbstractInstanceRegistry - Running the evict task with compensationTime 0ms
2023-08-30 18:47:34.996 [Eureka-EvictionTimer] INFO  c.n.e.r.AbstractInstanceRegistry - Running the evict task with compensationTime 0ms
2023-08-30 18:47:39.996 [Eureka-EvictionTimer] INFO  c.n.e.r.AbstractInstanceRegistry - Running the evict task with compensationTime 0ms
2023-08-30 18:47:44.996 [Eureka-EvictionTimer] INFO  c.n.e.r.AbstractInstanceRegistry - Running the evict task with compensationTime 0ms
2023-08-30 18:47:49.996 [Eureka-EvictionTimer] INFO  c.n.e.r.AbstractInstanceRegistry - Running the evict task with compensationTime 0ms
2023-08-30 18:47:54.996 [Eureka-EvictionTimer] INFO  c.n.e.r.AbstractInstanceRegistry - Running the evict task with compensationTime 0ms
2023-08-30 18:47:59.996 [Eureka-EvictionTimer] INFO  c.n.e.r.AbstractInstanceRegistry - Running the evict task with compensationTime 0ms
2023-08-30 18:48:04.996 [Eureka-EvictionTimer] INFO  c.n.e.r.AbstractInstanceRegistry - Running the evict task with compensationTime 0ms
2023-08-30 18:48:09.996 [Eureka-EvictionTimer] INFO  c.n.e.r.AbstractInstanceRegistry - Running the evict task with compensationTime 0ms
2023-08-30 18:48:14.996 [Eureka-EvictionTimer] INFO  c.n.e.r.AbstractInstanceRegistry - Running the evict task with compensationTime 0ms
2023-08-30 18:48:19.996 [Eureka-EvictionTimer] INFO  c.n.e.r.AbstractInstanceRegistry - Running the evict task with compensationTime 0ms
2023-08-30 18:48:24.996 [Eureka-EvictionTimer] INFO  c.n.e.r.AbstractInstanceRegistry - Running the evict task with compensationTime 0ms
2023-08-30 18:48:29.996 [Eureka-EvictionTimer] INFO  c.n.e.r.AbstractInstanceRegistry - Running the evict task with compensationTime 0ms
2023-08-30 18:48:34.996 [Eureka-EvictionTimer] INFO  c.n.e.r.AbstractInstanceRegistry - Running the evict task with compensationTime 0ms
2023-08-30 18:48:39.996 [Eureka-EvictionTimer] INFO  c.n.e.r.AbstractInstanceRegistry - Running the evict task with compensationTime 0ms
2023-08-30 18:48:44.996 [Eureka-EvictionTimer] INFO  c.n.e.r.AbstractInstanceRegistry - Running the evict task with compensationTime 0ms
2023-08-30 18:48:49.996 [Eureka-EvictionTimer] INFO  c.n.e.r.AbstractInstanceRegistry - Running the evict task with compensationTime 0ms
2023-08-30 18:48:54.996 [Eureka-EvictionTimer] INFO  c.n.e.r.AbstractInstanceRegistry - Running the evict task with compensationTime 0ms
2023-08-30 18:48:59.996 [Eureka-EvictionTimer] INFO  c.n.e.r.AbstractInstanceRegistry - Running the evict task with compensationTime 0ms
2023-08-30 18:49:04.996 [Eureka-EvictionTimer] INFO  c.n.e.r.AbstractInstanceRegistry - Running the evict task with compensationTime 0ms
2023-08-30 18:49:09.996 [Eureka-EvictionTimer] INFO  c.n.e.r.AbstractInstanceRegistry - Running the evict task with compensationTime 0ms
2023-08-30 18:49:14.996 [Eureka-EvictionTimer] INFO  c.n.e.r.AbstractInstanceRegistry - Running the evict task with compensationTime 0ms
2023-08-30 18:49:19.996 [Eureka-EvictionTimer] INFO  c.n.e.r.AbstractInstanceRegistry - Running the evict task with compensationTime 0ms
2023-08-30 18:49:24.996 [Eureka-EvictionTimer] INFO  c.n.e.r.AbstractInstanceRegistry - Running the evict task with compensationTime 0ms
2023-08-30 18:49:29.996 [Eureka-EvictionTimer] INFO  c.n.e.r.AbstractInstanceRegistry - Running the evict task with compensationTime 0ms
2023-08-30 18:49:34.996 [Eureka-EvictionTimer] INFO  c.n.e.r.AbstractInstanceRegistry - Running the evict task with compensationTime 0ms
2023-08-30 18:49:39.996 [Eureka-EvictionTimer] INFO  c.n.e.r.AbstractInstanceRegistry - Running the evict task with compensationTime 0ms
2023-08-30 18:49:44.996 [Eureka-EvictionTimer] INFO  c.n.e.r.AbstractInstanceRegistry - Running the evict task with compensationTime 0ms
2023-08-30 18:49:49.996 [Eureka-EvictionTimer] INFO  c.n.e.r.AbstractInstanceRegistry - Running the evict task with compensationTime 0ms
2023-08-30 18:49:54.996 [Eureka-EvictionTimer] INFO  c.n.e.r.AbstractInstanceRegistry - Running the evict task with compensationTime 0ms
2023-08-30 18:49:59.996 [Eureka-EvictionTimer] INFO  c.n.e.r.AbstractInstanceRegistry - Running the evict task with compensationTime 0ms
2023-08-30 18:50:04.996 [Eureka-EvictionTimer] INFO  c.n.e.r.AbstractInstanceRegistry - Running the evict task with compensationTime 0ms
2023-08-30 18:50:09.996 [Eureka-EvictionTimer] INFO  c.n.e.r.AbstractInstanceRegistry - Running the evict task with compensationTime 0ms
2023-08-30 18:50:14.996 [Eureka-EvictionTimer] INFO  c.n.e.r.AbstractInstanceRegistry - Running the evict task with compensationTime 0ms
2023-08-30 18:50:19.996 [Eureka-EvictionTimer] INFO  c.n.e.r.AbstractInstanceRegistry - Running the evict task with compensationTime 0ms
2023-08-30 18:50:24.996 [Eureka-EvictionTimer] INFO  c.n.e.r.AbstractInstanceRegistry - Running the evict task with compensationTime 0ms
2023-08-30 18:50:29.996 [Eureka-EvictionTimer] INFO  c.n.e.r.AbstractInstanceRegistry - Running the evict task with compensationTime 0ms
2023-08-30 18:50:34.996 [Eureka-EvictionTimer] INFO  c.n.e.r.AbstractInstanceRegistry - Running the evict task with compensationTime 0ms
2023-08-30 18:50:39.996 [Eureka-EvictionTimer] INFO  c.n.e.r.AbstractInstanceRegistry - Running the evict task with compensationTime 0ms
2023-08-30 18:50:44.996 [Eureka-EvictionTimer] INFO  c.n.e.r.AbstractInstanceRegistry - Running the evict task with compensationTime 0ms
2023-08-30 18:50:49.996 [Eureka-EvictionTimer] INFO  c.n.e.r.AbstractInstanceRegistry - Running the evict task with compensationTime 0ms
2023-08-30 18:50:54.996 [Eureka-EvictionTimer] INFO  c.n.e.r.AbstractInstanceRegistry - Running the evict task with compensationTime 0ms
2023-08-30 18:50:59.996 [Eureka-EvictionTimer] INFO  c.n.e.r.AbstractInstanceRegistry - Running the evict task with compensationTime 0ms
2023-08-30 18:51:04.996 [Eureka-EvictionTimer] INFO  c.n.e.r.AbstractInstanceRegistry - Running the evict task with compensationTime 0ms
2023-08-30 18:51:09.996 [Eureka-EvictionTimer] INFO  c.n.e.r.AbstractInstanceRegistry - Running the evict task with compensationTime 0ms
2023-08-30 18:51:14.996 [Eureka-EvictionTimer] INFO  c.n.e.r.AbstractInstanceRegistry - Running the evict task with compensationTime 0ms
2023-08-30 18:51:19.996 [Eureka-EvictionTimer] INFO  c.n.e.r.AbstractInstanceRegistry - Running the evict task with compensationTime 0ms
2023-08-30 18:51:24.996 [Eureka-EvictionTimer] INFO  c.n.e.r.AbstractInstanceRegistry - Running the evict task with compensationTime 0ms
2023-08-30 18:51:29.996 [Eureka-EvictionTimer] INFO  c.n.e.r.AbstractInstanceRegistry - Running the evict task with compensationTime 0ms
2023-08-30 18:51:34.996 [Eureka-EvictionTimer] INFO  c.n.e.r.AbstractInstanceRegistry - Running the evict task with compensationTime 0ms
2023-08-30 18:51:39.996 [Eureka-EvictionTimer] INFO  c.n.e.r.AbstractInstanceRegistry - Running the evict task with compensationTime 0ms
2023-08-30 18:51:44.996 [Eureka-EvictionTimer] INFO  c.n.e.r.AbstractInstanceRegistry - Running the evict task with compensationTime 0ms
2023-08-30 18:51:49.996 [Eureka-EvictionTimer] INFO  c.n.e.r.AbstractInstanceRegistry - Running the evict task with compensationTime 0ms
2023-08-30 18:51:54.996 [Eureka-EvictionTimer] INFO  c.n.e.r.AbstractInstanceRegistry - Running the evict task with compensationTime 0ms
2023-08-30 18:51:59.996 [Eureka-EvictionTimer] INFO  c.n.e.r.AbstractInstanceRegistry - Running the evict task with compensationTime 0ms
2023-08-30 18:52:04.996 [Eureka-EvictionTimer] INFO  c.n.e.r.AbstractInstanceRegistry - Running the evict task with compensationTime 0ms
2023-08-30 18:52:09.996 [Eureka-EvictionTimer] INFO  c.n.e.r.AbstractInstanceRegistry - Running the evict task with compensationTime 0ms
2023-08-30 18:52:14.996 [Eureka-EvictionTimer] INFO  c.n.e.r.AbstractInstanceRegistry - Running the evict task with compensationTime 0ms
2023-08-30 18:52:19.996 [Eureka-EvictionTimer] INFO  c.n.e.r.AbstractInstanceRegistry - Running the evict task with compensationTime 0ms
2023-08-30 18:52:24.996 [Eureka-EvictionTimer] INFO  c.n.e.r.AbstractInstanceRegistry - Running the evict task with compensationTime 0ms
2023-08-30 18:52:29.996 [Eureka-EvictionTimer] INFO  c.n.e.r.AbstractInstanceRegistry - Running the evict task with compensationTime 0ms
2023-08-30 18:52:34.996 [Eureka-EvictionTimer] INFO  c.n.e.r.AbstractInstanceRegistry - Running the evict task with compensationTime 0ms
2023-08-30 18:52:39.996 [Eureka-EvictionTimer] INFO  c.n.e.r.AbstractInstanceRegistry - Running the evict task with compensationTime 0ms
2023-08-30 18:52:44.996 [Eureka-EvictionTimer] INFO  c.n.e.r.AbstractInstanceRegistry - Running the evict task with compensationTime 0ms
2023-08-30 18:52:49.996 [Eureka-EvictionTimer] INFO  c.n.e.r.AbstractInstanceRegistry - Running the evict task with compensationTime 0ms
2023-08-30 18:52:54.996 [Eureka-EvictionTimer] INFO  c.n.e.r.AbstractInstanceRegistry - Running the evict task with compensationTime 0ms
2023-08-30 18:52:59.996 [Eureka-EvictionTimer] INFO  c.n.e.r.AbstractInstanceRegistry - Running the evict task with compensationTime 0ms
2023-08-30 18:53:04.996 [Eureka-EvictionTimer] INFO  c.n.e.r.AbstractInstanceRegistry - Running the evict task with compensationTime 0ms
2023-08-30 18:53:09.996 [Eureka-EvictionTimer] INFO  c.n.e.r.AbstractInstanceRegistry - Running the evict task with compensationTime 0ms
2023-08-30 18:53:14.996 [Eureka-EvictionTimer] INFO  c.n.e.r.AbstractInstanceRegistry - Running the evict task with compensationTime 0ms
2023-08-30 18:53:19.996 [Eureka-EvictionTimer] INFO  c.n.e.r.AbstractInstanceRegistry - Running the evict task with compensationTime 0ms
2023-08-30 18:53:24.996 [Eureka-EvictionTimer] INFO  c.n.e.r.AbstractInstanceRegistry - Running the evict task with compensationTime 0ms
2023-08-30 18:53:29.996 [Eureka-EvictionTimer] INFO  c.n.e.r.AbstractInstanceRegistry - Running the evict task with compensationTime 0ms
2023-08-30 18:53:34.996 [Eureka-EvictionTimer] INFO  c.n.e.r.AbstractInstanceRegistry - Running the evict task with compensationTime 0ms
2023-08-30 18:53:39.996 [Eureka-EvictionTimer] INFO  c.n.e.r.AbstractInstanceRegistry - Running the evict task with compensationTime 0ms
2023-08-30 18:53:44.996 [Eureka-EvictionTimer] INFO  c.n.e.r.AbstractInstanceRegistry - Running the evict task with compensationTime 0ms
2023-08-30 18:53:49.996 [Eureka-EvictionTimer] INFO  c.n.e.r.AbstractInstanceRegistry - Running the evict task with compensationTime 0ms
2023-08-30 18:53:54.996 [Eureka-EvictionTimer] INFO  c.n.e.r.AbstractInstanceRegistry - Running the evict task with compensationTime 0ms
2023-08-30 18:53:59.996 [Eureka-EvictionTimer] INFO  c.n.e.r.AbstractInstanceRegistry - Running the evict task with compensationTime 0ms
2023-08-30 18:54:04.996 [Eureka-EvictionTimer] INFO  c.n.e.r.AbstractInstanceRegistry - Running the evict task with compensationTime 0ms
2023-08-30 18:54:09.996 [Eureka-EvictionTimer] INFO  c.n.e.r.AbstractInstanceRegistry - Running the evict task with compensationTime 0ms
2023-08-30 18:54:14.996 [Eureka-EvictionTimer] INFO  c.n.e.r.AbstractInstanceRegistry - Running the evict task with compensationTime 0ms
2023-08-30 18:54:19.996 [Eureka-EvictionTimer] INFO  c.n.e.r.AbstractInstanceRegistry - Running the evict task with compensationTime 0ms
2023-08-30 18:54:24.996 [Eureka-EvictionTimer] INFO  c.n.e.r.AbstractInstanceRegistry - Running the evict task with compensationTime 0ms
2023-08-30 18:54:29.996 [Eureka-EvictionTimer] INFO  c.n.e.r.AbstractInstanceRegistry - Running the evict task with compensationTime 0ms
2023-08-30 18:54:34.996 [Eureka-EvictionTimer] INFO  c.n.e.r.AbstractInstanceRegistry - Running the evict task with compensationTime 0ms
2023-08-30 18:54:39.996 [Eureka-EvictionTimer] INFO  c.n.e.r.AbstractInstanceRegistry - Running the evict task with compensationTime 0ms
2023-08-30 18:54:44.996 [Eureka-EvictionTimer] INFO  c.n.e.r.AbstractInstanceRegistry - Running the evict task with compensationTime 0ms
2023-08-30 18:54:49.996 [Eureka-EvictionTimer] INFO  c.n.e.r.AbstractInstanceRegistry - Running the evict task with compensationTime 0ms
2023-08-30 18:54:54.996 [Eureka-EvictionTimer] INFO  c.n.e.r.AbstractInstanceRegistry - Running the evict task with compensationTime 0ms
2023-08-30 18:54:59.996 [Eureka-EvictionTimer] INFO  c.n.e.r.AbstractInstanceRegistry - Running the evict task with compensationTime 0ms
2023-08-30 18:55:04.996 [Eureka-EvictionTimer] INFO  c.n.e.r.AbstractInstanceRegistry - Running the evict task with compensationTime 0ms
2023-08-30 18:55:09.996 [Eureka-EvictionTimer] INFO  c.n.e.r.AbstractInstanceRegistry - Running the evict task with compensationTime 0ms
2023-08-30 18:55:14.996 [Eureka-EvictionTimer] INFO  c.n.e.r.AbstractInstanceRegistry - Running the evict task with compensationTime 0ms
2023-08-30 18:55:19.996 [Eureka-EvictionTimer] INFO  c.n.e.r.AbstractInstanceRegistry - Running the evict task with compensationTime 0ms
2023-08-30 18:55:24.996 [Eureka-EvictionTimer] INFO  c.n.e.r.AbstractInstanceRegistry - Running the evict task with compensationTime 0ms
2023-08-30 18:55:29.996 [Eureka-EvictionTimer] INFO  c.n.e.r.AbstractInstanceRegistry - Running the evict task with compensationTime 0ms
2023-08-30 18:55:34.996 [Eureka-EvictionTimer] INFO  c.n.e.r.AbstractInstanceRegistry - Running the evict task with compensationTime 0ms
2023-08-30 18:55:39.996 [Eureka-EvictionTimer] INFO  c.n.e.r.AbstractInstanceRegistry - Running the evict task with compensationTime 0ms
2023-08-30 18:55:44.996 [Eureka-EvictionTimer] INFO  c.n.e.r.AbstractInstanceRegistry - Running the evict task with compensationTime 0ms
2023-08-30 18:55:49.996 [Eureka-EvictionTimer] INFO  c.n.e.r.AbstractInstanceRegistry - Running the evict task with compensationTime 0ms
2023-08-30 18:55:54.996 [Eureka-EvictionTimer] INFO  c.n.e.r.AbstractInstanceRegistry - Running the evict task with compensationTime 0ms
2023-08-30 18:55:59.996 [Eureka-EvictionTimer] INFO  c.n.e.r.AbstractInstanceRegistry - Running the evict task with compensationTime 0ms
2023-08-30 18:56:04.996 [Eureka-EvictionTimer] INFO  c.n.e.r.AbstractInstanceRegistry - Running the evict task with compensationTime 0ms
2023-08-30 18:56:09.996 [Eureka-EvictionTimer] INFO  c.n.e.r.AbstractInstanceRegistry - Running the evict task with compensationTime 0ms
2023-08-30 18:56:14.996 [Eureka-EvictionTimer] INFO  c.n.e.r.AbstractInstanceRegistry - Running the evict task with compensationTime 0ms
2023-08-30 18:56:19.996 [Eureka-EvictionTimer] INFO  c.n.e.r.AbstractInstanceRegistry - Running the evict task with compensationTime 0ms
2023-08-30 18:56:24.996 [Eureka-EvictionTimer] INFO  c.n.e.r.AbstractInstanceRegistry - Running the evict task with compensationTime 0ms
2023-08-30 18:56:29.996 [Eureka-EvictionTimer] INFO  c.n.e.r.AbstractInstanceRegistry - Running the evict task with compensationTime 0ms
2023-08-30 18:56:34.996 [Eureka-EvictionTimer] INFO  c.n.e.r.AbstractInstanceRegistry - Running the evict task with compensationTime 0ms
2023-08-30 18:56:39.996 [Eureka-EvictionTimer] INFO  c.n.e.r.AbstractInstanceRegistry - Running the evict task with compensationTime 0ms
2023-08-30 18:56:44.996 [Eureka-EvictionTimer] INFO  c.n.e.r.AbstractInstanceRegistry - Running the evict task with compensationTime 0ms
2023-08-30 18:56:49.996 [Eureka-EvictionTimer] INFO  c.n.e.r.AbstractInstanceRegistry - Running the evict task with compensationTime 0ms
2023-08-30 18:56:54.996 [Eureka-EvictionTimer] INFO  c.n.e.r.AbstractInstanceRegistry - Running the evict task with compensationTime 0ms
2023-08-30 18:56:59.996 [Eureka-EvictionTimer] INFO  c.n.e.r.AbstractInstanceRegistry - Running the evict task with compensationTime 0ms
2023-08-30 18:57:04.996 [Eureka-EvictionTimer] INFO  c.n.e.r.AbstractInstanceRegistry - Running the evict task with compensationTime 0ms
2023-08-30 18:57:09.996 [Eureka-EvictionTimer] INFO  c.n.e.r.AbstractInstanceRegistry - Running the evict task with compensationTime 0ms
2023-08-30 18:57:14.996 [Eureka-EvictionTimer] INFO  c.n.e.r.AbstractInstanceRegistry - Running the evict task with compensationTime 0ms
2023-08-30 18:57:19.996 [Eureka-EvictionTimer] INFO  c.n.e.r.AbstractInstanceRegistry - Running the evict task with compensationTime 0ms
2023-08-30 18:57:24.996 [Eureka-EvictionTimer] INFO  c.n.e.r.AbstractInstanceRegistry - Running the evict task with compensationTime 0ms
2023-08-30 18:57:29.996 [Eureka-EvictionTimer] INFO  c.n.e.r.AbstractInstanceRegistry - Running the evict task with compensationTime 0ms
2023-08-30 18:57:34.996 [Eureka-EvictionTimer] INFO  c.n.e.r.AbstractInstanceRegistry - Running the evict task with compensationTime 0ms
2023-08-30 18:57:39.996 [Eureka-EvictionTimer] INFO  c.n.e.r.AbstractInstanceRegistry - Running the evict task with compensationTime 0ms
2023-08-30 18:57:44.996 [Eureka-EvictionTimer] INFO  c.n.e.r.AbstractInstanceRegistry - Running the evict task with compensationTime 0ms
2023-08-30 18:57:49.996 [Eureka-EvictionTimer] INFO  c.n.e.r.AbstractInstanceRegistry - Running the evict task with compensationTime 0ms
2023-08-30 18:57:54.996 [Eureka-EvictionTimer] INFO  c.n.e.r.AbstractInstanceRegistry - Running the evict task with compensationTime 0ms
2023-08-30 18:57:59.996 [Eureka-EvictionTimer] INFO  c.n.e.r.AbstractInstanceRegistry - Running the evict task with compensationTime 0ms
2023-08-30 18:58:04.996 [Eureka-EvictionTimer] INFO  c.n.e.r.AbstractInstanceRegistry - Running the evict task with compensationTime 0ms
2023-08-30 18:58:09.996 [Eureka-EvictionTimer] INFO  c.n.e.r.AbstractInstanceRegistry - Running the evict task with compensationTime 0ms
2023-08-30 18:58:14.996 [Eureka-EvictionTimer] INFO  c.n.e.r.AbstractInstanceRegistry - Running the evict task with compensationTime 0ms
2023-08-30 18:58:19.996 [Eureka-EvictionTimer] INFO  c.n.e.r.AbstractInstanceRegistry - Running the evict task with compensationTime 0ms
2023-08-30 18:58:24.996 [Eureka-EvictionTimer] INFO  c.n.e.r.AbstractInstanceRegistry - Running the evict task with compensationTime 0ms
2023-08-30 18:58:29.996 [Eureka-EvictionTimer] INFO  c.n.e.r.AbstractInstanceRegistry - Running the evict task with compensationTime 0ms
2023-08-30 18:58:34.996 [Eureka-EvictionTimer] INFO  c.n.e.r.AbstractInstanceRegistry - Running the evict task with compensationTime 0ms
2023-08-30 18:58:39.996 [Eureka-EvictionTimer] INFO  c.n.e.r.AbstractInstanceRegistry - Running the evict task with compensationTime 0ms
2023-08-30 18:58:44.996 [Eureka-EvictionTimer] INFO  c.n.e.r.AbstractInstanceRegistry - Running the evict task with compensationTime 0ms
2023-08-30 18:58:49.996 [Eureka-EvictionTimer] INFO  c.n.e.r.AbstractInstanceRegistry - Running the evict task with compensationTime 0ms
2023-08-30 18:58:54.996 [Eureka-EvictionTimer] INFO  c.n.e.r.AbstractInstanceRegistry - Running the evict task with compensationTime 0ms
2023-08-30 18:58:59.996 [Eureka-EvictionTimer] INFO  c.n.e.r.AbstractInstanceRegistry - Running the evict task with compensationTime 0ms
2023-08-30 18:59:04.996 [Eureka-EvictionTimer] INFO  c.n.e.r.AbstractInstanceRegistry - Running the evict task with compensationTime 0ms
2023-08-30 18:59:09.996 [Eureka-EvictionTimer] INFO  c.n.e.r.AbstractInstanceRegistry - Running the evict task with compensationTime 0ms
2023-08-30 18:59:14.996 [Eureka-EvictionTimer] INFO  c.n.e.r.AbstractInstanceRegistry - Running the evict task with compensationTime 0ms
2023-08-30 18:59:19.996 [Eureka-EvictionTimer] INFO  c.n.e.r.AbstractInstanceRegistry - Running the evict task with compensationTime 0ms
2023-08-30 18:59:24.996 [Eureka-EvictionTimer] INFO  c.n.e.r.AbstractInstanceRegistry - Running the evict task with compensationTime 0ms
2023-08-30 18:59:29.996 [Eureka-EvictionTimer] INFO  c.n.e.r.AbstractInstanceRegistry - Running the evict task with compensationTime 0ms
2023-08-30 18:59:34.996 [Eureka-EvictionTimer] INFO  c.n.e.r.AbstractInstanceRegistry - Running the evict task with compensationTime 0ms
2023-08-30 18:59:39.996 [Eureka-EvictionTimer] INFO  c.n.e.r.AbstractInstanceRegistry - Running the evict task with compensationTime 0ms
2023-08-30 18:59:44.996 [Eureka-EvictionTimer] INFO  c.n.e.r.AbstractInstanceRegistry - Running the evict task with compensationTime 0ms
2023-08-30 18:59:49.996 [Eureka-EvictionTimer] INFO  c.n.e.r.AbstractInstanceRegistry - Running the evict task with compensationTime 0ms
2023-08-30 18:59:54.996 [Eureka-EvictionTimer] INFO  c.n.e.r.AbstractInstanceRegistry - Running the evict task with compensationTime 0ms
2023-08-30 18:59:59.996 [Eureka-EvictionTimer] INFO  c.n.e.r.AbstractInstanceRegistry - Running the evict task with compensationTime 0ms
2023-08-30 19:00:04.996 [Eureka-EvictionTimer] INFO  c.n.e.r.AbstractInstanceRegistry - Running the evict task with compensationTime 0ms
2023-08-30 19:00:09.996 [Eureka-EvictionTimer] INFO  c.n.e.r.AbstractInstanceRegistry - Running the evict task with compensationTime 0ms
2023-08-30 19:00:14.996 [Eureka-EvictionTimer] INFO  c.n.e.r.AbstractInstanceRegistry - Running the evict task with compensationTime 0ms
2023-08-30 19:00:19.996 [Eureka-EvictionTimer] INFO  c.n.e.r.AbstractInstanceRegistry - Running the evict task with compensationTime 0ms
2023-08-30 19:00:24.996 [Eureka-EvictionTimer] INFO  c.n.e.r.AbstractInstanceRegistry - Running the evict task with compensationTime 0ms
2023-08-30 19:00:29.996 [Eureka-EvictionTimer] INFO  c.n.e.r.AbstractInstanceRegistry - Running the evict task with compensationTime 0ms
2023-08-30 19:00:34.996 [Eureka-EvictionTimer] INFO  c.n.e.r.AbstractInstanceRegistry - Running the evict task with compensationTime 0ms
2023-08-30 19:00:39.996 [Eureka-EvictionTimer] INFO  c.n.e.r.AbstractInstanceRegistry - Running the evict task with compensationTime 0ms
2023-08-30 19:00:44.996 [Eureka-EvictionTimer] INFO  c.n.e.r.AbstractInstanceRegistry - Running the evict task with compensationTime 0ms
2023-08-30 19:00:49.996 [Eureka-EvictionTimer] INFO  c.n.e.r.AbstractInstanceRegistry - Running the evict task with compensationTime 0ms
2023-08-30 19:00:54.859 [ReplicaAwareInstanceRegistry - RenewalThresholdUpdater] INFO  c.n.e.r.PeerAwareInstanceRegistryImpl - Current renewal threshold is : 0
2023-08-30 19:00:54.996 [Eureka-EvictionTimer] INFO  c.n.e.r.AbstractInstanceRegistry - Running the evict task with compensationTime 0ms
2023-08-30 19:00:59.996 [Eureka-EvictionTimer] INFO  c.n.e.r.AbstractInstanceRegistry - Running the evict task with compensationTime 0ms
2023-08-30 19:01:04.996 [Eureka-EvictionTimer] INFO  c.n.e.r.AbstractInstanceRegistry - Running the evict task with compensationTime 0ms
2023-08-30 19:01:09.996 [Eureka-EvictionTimer] INFO  c.n.e.r.AbstractInstanceRegistry - Running the evict task with compensationTime 0ms
2023-08-30 19:01:14.996 [Eureka-EvictionTimer] INFO  c.n.e.r.AbstractInstanceRegistry - Running the evict task with compensationTime 0ms
2023-08-30 19:01:19.996 [Eureka-EvictionTimer] INFO  c.n.e.r.AbstractInstanceRegistry - Running the evict task with compensationTime 0ms
2023-08-30 19:01:24.996 [Eureka-EvictionTimer] INFO  c.n.e.r.AbstractInstanceRegistry - Running the evict task with compensationTime 0ms
2023-08-30 19:01:29.996 [Eureka-EvictionTimer] INFO  c.n.e.r.AbstractInstanceRegistry - Running the evict task with compensationTime 0ms
2023-08-30 19:01:34.996 [Eureka-EvictionTimer] INFO  c.n.e.r.AbstractInstanceRegistry - Running the evict task with compensationTime 0ms
2023-08-30 19:01:39.996 [Eureka-EvictionTimer] INFO  c.n.e.r.AbstractInstanceRegistry - Running the evict task with compensationTime 0ms
2023-08-30 19:01:44.996 [Eureka-EvictionTimer] INFO  c.n.e.r.AbstractInstanceRegistry - Running the evict task with compensationTime 0ms
2023-08-30 19:01:49.996 [Eureka-EvictionTimer] INFO  c.n.e.r.AbstractInstanceRegistry - Running the evict task with compensationTime 0ms
2023-08-30 19:01:54.996 [Eureka-EvictionTimer] INFO  c.n.e.r.AbstractInstanceRegistry - Running the evict task with compensationTime 0ms
2023-08-30 19:01:59.996 [Eureka-EvictionTimer] INFO  c.n.e.r.AbstractInstanceRegistry - Running the evict task with compensationTime 0ms
2023-08-30 19:02:04.996 [Eureka-EvictionTimer] INFO  c.n.e.r.AbstractInstanceRegistry - Running the evict task with compensationTime 0ms
2023-08-30 19:02:09.996 [Eureka-EvictionTimer] INFO  c.n.e.r.AbstractInstanceRegistry - Running the evict task with compensationTime 0ms
2023-08-30 19:02:14.996 [Eureka-EvictionTimer] INFO  c.n.e.r.AbstractInstanceRegistry - Running the evict task with compensationTime 0ms
2023-08-30 19:02:19.996 [Eureka-EvictionTimer] INFO  c.n.e.r.AbstractInstanceRegistry - Running the evict task with compensationTime 0ms
2023-08-30 19:02:24.996 [Eureka-EvictionTimer] INFO  c.n.e.r.AbstractInstanceRegistry - Running the evict task with compensationTime 0ms
2023-08-30 19:02:29.996 [Eureka-EvictionTimer] INFO  c.n.e.r.AbstractInstanceRegistry - Running the evict task with compensationTime 0ms
2023-08-30 19:02:34.996 [Eureka-EvictionTimer] INFO  c.n.e.r.AbstractInstanceRegistry - Running the evict task with compensationTime 0ms
2023-08-30 19:02:39.996 [Eureka-EvictionTimer] INFO  c.n.e.r.AbstractInstanceRegistry - Running the evict task with compensationTime 0ms
2023-08-30 19:02:44.996 [Eureka-EvictionTimer] INFO  c.n.e.r.AbstractInstanceRegistry - Running the evict task with compensationTime 0ms
2023-08-30 19:02:49.996 [Eureka-EvictionTimer] INFO  c.n.e.r.AbstractInstanceRegistry - Running the evict task with compensationTime 0ms
2023-08-30 19:02:54.996 [Eureka-EvictionTimer] INFO  c.n.e.r.AbstractInstanceRegistry - Running the evict task with compensationTime 0ms
2023-08-30 19:02:59.996 [Eureka-EvictionTimer] INFO  c.n.e.r.AbstractInstanceRegistry - Running the evict task with compensationTime 0ms
2023-08-30 19:03:04.996 [Eureka-EvictionTimer] INFO  c.n.e.r.AbstractInstanceRegistry - Running the evict task with compensationTime 0ms
2023-08-30 19:03:09.996 [Eureka-EvictionTimer] INFO  c.n.e.r.AbstractInstanceRegistry - Running the evict task with compensationTime 0ms
2023-08-30 19:03:14.996 [Eureka-EvictionTimer] INFO  c.n.e.r.AbstractInstanceRegistry - Running the evict task with compensationTime 0ms
2023-08-30 19:03:19.996 [Eureka-EvictionTimer] INFO  c.n.e.r.AbstractInstanceRegistry - Running the evict task with compensationTime 0ms
2023-08-30 19:03:24.996 [Eureka-EvictionTimer] INFO  c.n.e.r.AbstractInstanceRegistry - Running the evict task with compensationTime 0ms
2023-08-30 19:03:29.996 [Eureka-EvictionTimer] INFO  c.n.e.r.AbstractInstanceRegistry - Running the evict task with compensationTime 0ms
2023-08-30 19:03:34.996 [Eureka-EvictionTimer] INFO  c.n.e.r.AbstractInstanceRegistry - Running the evict task with compensationTime 0ms
2023-08-30 19:03:39.996 [Eureka-EvictionTimer] INFO  c.n.e.r.AbstractInstanceRegistry - Running the evict task with compensationTime 0ms
2023-08-30 19:03:44.996 [Eureka-EvictionTimer] INFO  c.n.e.r.AbstractInstanceRegistry - Running the evict task with compensationTime 0ms
2023-08-30 19:03:49.996 [Eureka-EvictionTimer] INFO  c.n.e.r.AbstractInstanceRegistry - Running the evict task with compensationTime 0ms
2023-08-30 19:03:54.996 [Eureka-EvictionTimer] INFO  c.n.e.r.AbstractInstanceRegistry - Running the evict task with compensationTime 0ms
2023-08-30 19:03:59.996 [Eureka-EvictionTimer] INFO  c.n.e.r.AbstractInstanceRegistry - Running the evict task with compensationTime 0ms
2023-08-30 19:04:04.996 [Eureka-EvictionTimer] INFO  c.n.e.r.AbstractInstanceRegistry - Running the evict task with compensationTime 0ms
2023-08-30 19:04:09.996 [Eureka-EvictionTimer] INFO  c.n.e.r.AbstractInstanceRegistry - Running the evict task with compensationTime 0ms
2023-08-30 19:04:14.996 [Eureka-EvictionTimer] INFO  c.n.e.r.AbstractInstanceRegistry - Running the evict task with compensationTime 0ms
2023-08-30 19:04:19.996 [Eureka-EvictionTimer] INFO  c.n.e.r.AbstractInstanceRegistry - Running the evict task with compensationTime 0ms
2023-08-30 19:04:24.996 [Eureka-EvictionTimer] INFO  c.n.e.r.AbstractInstanceRegistry - Running the evict task with compensationTime 0ms
2023-08-30 19:04:29.996 [Eureka-EvictionTimer] INFO  c.n.e.r.AbstractInstanceRegistry - Running the evict task with compensationTime 0ms
2023-08-30 19:04:34.996 [Eureka-EvictionTimer] INFO  c.n.e.r.AbstractInstanceRegistry - Running the evict task with compensationTime 0ms
2023-08-30 19:04:39.996 [Eureka-EvictionTimer] INFO  c.n.e.r.AbstractInstanceRegistry - Running the evict task with compensationTime 0ms
2023-08-30 19:04:44.996 [Eureka-EvictionTimer] INFO  c.n.e.r.AbstractInstanceRegistry - Running the evict task with compensationTime 0ms
2023-08-30 19:04:49.996 [Eureka-EvictionTimer] INFO  c.n.e.r.AbstractInstanceRegistry - Running the evict task with compensationTime 0ms
2023-08-30 19:04:54.996 [Eureka-EvictionTimer] INFO  c.n.e.r.AbstractInstanceRegistry - Running the evict task with compensationTime 0ms
2023-08-30 19:04:59.996 [Eureka-EvictionTimer] INFO  c.n.e.r.AbstractInstanceRegistry - Running the evict task with compensationTime 0ms
2023-08-30 19:05:04.996 [Eureka-EvictionTimer] INFO  c.n.e.r.AbstractInstanceRegistry - Running the evict task with compensationTime 0ms
2023-08-30 19:05:09.996 [Eureka-EvictionTimer] INFO  c.n.e.r.AbstractInstanceRegistry - Running the evict task with compensationTime 0ms
2023-08-30 19:05:14.996 [Eureka-EvictionTimer] INFO  c.n.e.r.AbstractInstanceRegistry - Running the evict task with compensationTime 0ms
2023-08-30 19:05:19.996 [Eureka-EvictionTimer] INFO  c.n.e.r.AbstractInstanceRegistry - Running the evict task with compensationTime 0ms
2023-08-30 19:05:24.996 [Eureka-EvictionTimer] INFO  c.n.e.r.AbstractInstanceRegistry - Running the evict task with compensationTime 0ms
2023-08-30 19:05:29.996 [Eureka-EvictionTimer] INFO  c.n.e.r.AbstractInstanceRegistry - Running the evict task with compensationTime 0ms
2023-08-30 19:05:34.996 [Eureka-EvictionTimer] INFO  c.n.e.r.AbstractInstanceRegistry - Running the evict task with compensationTime 0ms
2023-08-30 19:05:39.996 [Eureka-EvictionTimer] INFO  c.n.e.r.AbstractInstanceRegistry - Running the evict task with compensationTime 0ms
2023-08-30 19:05:44.996 [Eureka-EvictionTimer] INFO  c.n.e.r.AbstractInstanceRegistry - Running the evict task with compensationTime 0ms
2023-08-30 19:05:49.996 [Eureka-EvictionTimer] INFO  c.n.e.r.AbstractInstanceRegistry - Running the evict task with compensationTime 0ms
2023-08-30 19:05:54.996 [Eureka-EvictionTimer] INFO  c.n.e.r.AbstractInstanceRegistry - Running the evict task with compensationTime 0ms
2023-08-30 19:05:59.996 [Eureka-EvictionTimer] INFO  c.n.e.r.AbstractInstanceRegistry - Running the evict task with compensationTime 0ms
2023-08-30 19:06:04.996 [Eureka-EvictionTimer] INFO  c.n.e.r.AbstractInstanceRegistry - Running the evict task with compensationTime 0ms
2023-08-30 19:06:09.996 [Eureka-EvictionTimer] INFO  c.n.e.r.AbstractInstanceRegistry - Running the evict task with compensationTime 0ms
2023-08-30 19:06:14.996 [Eureka-EvictionTimer] INFO  c.n.e.r.AbstractInstanceRegistry - Running the evict task with compensationTime 0ms
2023-08-30 19:06:19.996 [Eureka-EvictionTimer] INFO  c.n.e.r.AbstractInstanceRegistry - Running the evict task with compensationTime 0ms
2023-08-30 19:06:24.996 [Eureka-EvictionTimer] INFO  c.n.e.r.AbstractInstanceRegistry - Running the evict task with compensationTime 0ms
2023-08-30 19:06:29.996 [Eureka-EvictionTimer] INFO  c.n.e.r.AbstractInstanceRegistry - Running the evict task with compensationTime 0ms
2023-08-30 19:06:34.996 [Eureka-EvictionTimer] INFO  c.n.e.r.AbstractInstanceRegistry - Running the evict task with compensationTime 0ms
2023-08-30 19:06:39.996 [Eureka-EvictionTimer] INFO  c.n.e.r.AbstractInstanceRegistry - Running the evict task with compensationTime 0ms
2023-08-30 19:06:44.996 [Eureka-EvictionTimer] INFO  c.n.e.r.AbstractInstanceRegistry - Running the evict task with compensationTime 0ms
2023-08-30 19:06:49.996 [Eureka-EvictionTimer] INFO  c.n.e.r.AbstractInstanceRegistry - Running the evict task with compensationTime 0ms
2023-08-30 19:06:54.996 [Eureka-EvictionTimer] INFO  c.n.e.r.AbstractInstanceRegistry - Running the evict task with compensationTime 0ms
2023-08-30 19:06:59.996 [Eureka-EvictionTimer] INFO  c.n.e.r.AbstractInstanceRegistry - Running the evict task with compensationTime 0ms
2023-08-30 19:07:04.996 [Eureka-EvictionTimer] INFO  c.n.e.r.AbstractInstanceRegistry - Running the evict task with compensationTime 0ms
2023-08-30 19:07:09.996 [Eureka-EvictionTimer] INFO  c.n.e.r.AbstractInstanceRegistry - Running the evict task with compensationTime 0ms
2023-08-30 19:07:14.996 [Eureka-EvictionTimer] INFO  c.n.e.r.AbstractInstanceRegistry - Running the evict task with compensationTime 0ms
2023-08-30 19:07:19.996 [Eureka-EvictionTimer] INFO  c.n.e.r.AbstractInstanceRegistry - Running the evict task with compensationTime 0ms
2023-08-30 19:07:24.996 [Eureka-EvictionTimer] INFO  c.n.e.r.AbstractInstanceRegistry - Running the evict task with compensationTime 0ms
2023-08-30 19:07:29.996 [Eureka-EvictionTimer] INFO  c.n.e.r.AbstractInstanceRegistry - Running the evict task with compensationTime 0ms
2023-08-30 19:07:34.996 [Eureka-EvictionTimer] INFO  c.n.e.r.AbstractInstanceRegistry - Running the evict task with compensationTime 0ms
2023-08-30 19:07:39.996 [Eureka-EvictionTimer] INFO  c.n.e.r.AbstractInstanceRegistry - Running the evict task with compensationTime 0ms
2023-08-30 19:07:44.996 [Eureka-EvictionTimer] INFO  c.n.e.r.AbstractInstanceRegistry - Running the evict task with compensationTime 0ms
2023-08-30 19:07:49.996 [Eureka-EvictionTimer] INFO  c.n.e.r.AbstractInstanceRegistry - Running the evict task with compensationTime 0ms
2023-08-30 19:07:54.996 [Eureka-EvictionTimer] INFO  c.n.e.r.AbstractInstanceRegistry - Running the evict task with compensationTime 0ms
2023-08-30 19:07:59.996 [Eureka-EvictionTimer] INFO  c.n.e.r.AbstractInstanceRegistry - Running the evict task with compensationTime 0ms
2023-08-30 19:08:04.996 [Eureka-EvictionTimer] INFO  c.n.e.r.AbstractInstanceRegistry - Running the evict task with compensationTime 0ms
2023-08-30 19:08:09.996 [Eureka-EvictionTimer] INFO  c.n.e.r.AbstractInstanceRegistry - Running the evict task with compensationTime 0ms
2023-08-30 19:08:14.996 [Eureka-EvictionTimer] INFO  c.n.e.r.AbstractInstanceRegistry - Running the evict task with compensationTime 0ms
2023-08-30 19:08:19.996 [Eureka-EvictionTimer] INFO  c.n.e.r.AbstractInstanceRegistry - Running the evict task with compensationTime 0ms
2023-08-30 19:08:24.996 [Eureka-EvictionTimer] INFO  c.n.e.r.AbstractInstanceRegistry - Running the evict task with compensationTime 0ms
2023-08-30 19:08:29.996 [Eureka-EvictionTimer] INFO  c.n.e.r.AbstractInstanceRegistry - Running the evict task with compensationTime 0ms
2023-08-30 19:08:34.996 [Eureka-EvictionTimer] INFO  c.n.e.r.AbstractInstanceRegistry - Running the evict task with compensationTime 0ms
2023-08-30 19:08:39.996 [Eureka-EvictionTimer] INFO  c.n.e.r.AbstractInstanceRegistry - Running the evict task with compensationTime 0ms
2023-08-30 19:08:44.996 [Eureka-EvictionTimer] INFO  c.n.e.r.AbstractInstanceRegistry - Running the evict task with compensationTime 0ms
2023-08-30 19:08:49.996 [Eureka-EvictionTimer] INFO  c.n.e.r.AbstractInstanceRegistry - Running the evict task with compensationTime 0ms
2023-08-30 19:08:54.996 [Eureka-EvictionTimer] INFO  c.n.e.r.AbstractInstanceRegistry - Running the evict task with compensationTime 0ms
2023-08-30 19:08:59.996 [Eureka-EvictionTimer] INFO  c.n.e.r.AbstractInstanceRegistry - Running the evict task with compensationTime 0ms
2023-08-30 19:09:04.996 [Eureka-EvictionTimer] INFO  c.n.e.r.AbstractInstanceRegistry - Running the evict task with compensationTime 0ms
2023-08-30 19:09:09.996 [Eureka-EvictionTimer] INFO  c.n.e.r.AbstractInstanceRegistry - Running the evict task with compensationTime 0ms
2023-08-30 19:09:14.996 [Eureka-EvictionTimer] INFO  c.n.e.r.AbstractInstanceRegistry - Running the evict task with compensationTime 0ms
2023-08-30 19:09:19.996 [Eureka-EvictionTimer] INFO  c.n.e.r.AbstractInstanceRegistry - Running the evict task with compensationTime 0ms
2023-08-30 19:09:24.996 [Eureka-EvictionTimer] INFO  c.n.e.r.AbstractInstanceRegistry - Running the evict task with compensationTime 0ms
2023-08-30 19:09:29.996 [Eureka-EvictionTimer] INFO  c.n.e.r.AbstractInstanceRegistry - Running the evict task with compensationTime 0ms
2023-08-30 19:09:34.996 [Eureka-EvictionTimer] INFO  c.n.e.r.AbstractInstanceRegistry - Running the evict task with compensationTime 0ms
2023-08-30 19:09:39.996 [Eureka-EvictionTimer] INFO  c.n.e.r.AbstractInstanceRegistry - Running the evict task with compensationTime 0ms
2023-08-30 19:09:44.996 [Eureka-EvictionTimer] INFO  c.n.e.r.AbstractInstanceRegistry - Running the evict task with compensationTime 0ms
2023-08-30 19:09:49.996 [Eureka-EvictionTimer] INFO  c.n.e.r.AbstractInstanceRegistry - Running the evict task with compensationTime 0ms
2023-08-30 19:09:54.996 [Eureka-EvictionTimer] INFO  c.n.e.r.AbstractInstanceRegistry - Running the evict task with compensationTime 0ms
2023-08-30 19:09:59.996 [Eureka-EvictionTimer] INFO  c.n.e.r.AbstractInstanceRegistry - Running the evict task with compensationTime 0ms
2023-08-30 19:10:04.996 [Eureka-EvictionTimer] INFO  c.n.e.r.AbstractInstanceRegistry - Running the evict task with compensationTime 0ms
2023-08-30 19:10:09.996 [Eureka-EvictionTimer] INFO  c.n.e.r.AbstractInstanceRegistry - Running the evict task with compensationTime 0ms
2023-08-30 19:10:14.996 [Eureka-EvictionTimer] INFO  c.n.e.r.AbstractInstanceRegistry - Running the evict task with compensationTime 0ms
2023-08-30 19:10:19.996 [Eureka-EvictionTimer] INFO  c.n.e.r.AbstractInstanceRegistry - Running the evict task with compensationTime 0ms
2023-08-30 19:10:24.996 [Eureka-EvictionTimer] INFO  c.n.e.r.AbstractInstanceRegistry - Running the evict task with compensationTime 0ms
2023-08-30 19:10:29.996 [Eureka-EvictionTimer] INFO  c.n.e.r.AbstractInstanceRegistry - Running the evict task with compensationTime 0ms
2023-08-30 19:10:34.996 [Eureka-EvictionTimer] INFO  c.n.e.r.AbstractInstanceRegistry - Running the evict task with compensationTime 0ms
2023-08-30 19:10:39.996 [Eureka-EvictionTimer] INFO  c.n.e.r.AbstractInstanceRegistry - Running the evict task with compensationTime 0ms
2023-08-30 19:10:44.996 [Eureka-EvictionTimer] INFO  c.n.e.r.AbstractInstanceRegistry - Running the evict task with compensationTime 0ms
2023-08-30 19:10:49.996 [Eureka-EvictionTimer] INFO  c.n.e.r.AbstractInstanceRegistry - Running the evict task with compensationTime 0ms
2023-08-30 19:10:54.996 [Eureka-EvictionTimer] INFO  c.n.e.r.AbstractInstanceRegistry - Running the evict task with compensationTime 0ms
2023-08-30 19:10:59.996 [Eureka-EvictionTimer] INFO  c.n.e.r.AbstractInstanceRegistry - Running the evict task with compensationTime 0ms
2023-08-30 19:11:04.996 [Eureka-EvictionTimer] INFO  c.n.e.r.AbstractInstanceRegistry - Running the evict task with compensationTime 0ms
2023-08-30 19:11:09.996 [Eureka-EvictionTimer] INFO  c.n.e.r.AbstractInstanceRegistry - Running the evict task with compensationTime 0ms
2023-08-30 19:11:14.996 [Eureka-EvictionTimer] INFO  c.n.e.r.AbstractInstanceRegistry - Running the evict task with compensationTime 0ms
2023-08-30 19:11:19.996 [Eureka-EvictionTimer] INFO  c.n.e.r.AbstractInstanceRegistry - Running the evict task with compensationTime 0ms
2023-08-30 19:11:24.996 [Eureka-EvictionTimer] INFO  c.n.e.r.AbstractInstanceRegistry - Running the evict task with compensationTime 0ms
2023-08-30 19:11:29.996 [Eureka-EvictionTimer] INFO  c.n.e.r.AbstractInstanceRegistry - Running the evict task with compensationTime 0ms
2023-08-30 19:11:34.996 [Eureka-EvictionTimer] INFO  c.n.e.r.AbstractInstanceRegistry - Running the evict task with compensationTime 0ms
2023-08-30 19:11:39.996 [Eureka-EvictionTimer] INFO  c.n.e.r.AbstractInstanceRegistry - Running the evict task with compensationTime 0ms
2023-08-30 19:11:44.996 [Eureka-EvictionTimer] INFO  c.n.e.r.AbstractInstanceRegistry - Running the evict task with compensationTime 0ms
2023-08-30 19:11:49.996 [Eureka-EvictionTimer] INFO  c.n.e.r.AbstractInstanceRegistry - Running the evict task with compensationTime 0ms
2023-08-30 19:11:54.996 [Eureka-EvictionTimer] INFO  c.n.e.r.AbstractInstanceRegistry - Running the evict task with compensationTime 0ms
2023-08-30 19:11:59.996 [Eureka-EvictionTimer] INFO  c.n.e.r.AbstractInstanceRegistry - Running the evict task with compensationTime 0ms
2023-08-30 19:12:04.996 [Eureka-EvictionTimer] INFO  c.n.e.r.AbstractInstanceRegistry - Running the evict task with compensationTime 0ms
2023-08-30 19:12:09.996 [Eureka-EvictionTimer] INFO  c.n.e.r.AbstractInstanceRegistry - Running the evict task with compensationTime 0ms
2023-08-30 19:12:14.996 [Eureka-EvictionTimer] INFO  c.n.e.r.AbstractInstanceRegistry - Running the evict task with compensationTime 0ms
2023-08-30 19:12:19.996 [Eureka-EvictionTimer] INFO  c.n.e.r.AbstractInstanceRegistry - Running the evict task with compensationTime 0ms
2023-08-30 19:12:24.996 [Eureka-EvictionTimer] INFO  c.n.e.r.AbstractInstanceRegistry - Running the evict task with compensationTime 0ms
2023-08-30 19:12:29.996 [Eureka-EvictionTimer] INFO  c.n.e.r.AbstractInstanceRegistry - Running the evict task with compensationTime 0ms
2023-08-30 19:12:34.996 [Eureka-EvictionTimer] INFO  c.n.e.r.AbstractInstanceRegistry - Running the evict task with compensationTime 0ms
2023-08-30 19:12:39.996 [Eureka-EvictionTimer] INFO  c.n.e.r.AbstractInstanceRegistry - Running the evict task with compensationTime 0ms
2023-08-30 19:12:44.996 [Eureka-EvictionTimer] INFO  c.n.e.r.AbstractInstanceRegistry - Running the evict task with compensationTime 0ms
2023-08-30 19:12:49.996 [Eureka-EvictionTimer] INFO  c.n.e.r.AbstractInstanceRegistry - Running the evict task with compensationTime 0ms
2023-08-30 19:12:54.996 [Eureka-EvictionTimer] INFO  c.n.e.r.AbstractInstanceRegistry - Running the evict task with compensationTime 0ms
2023-08-30 19:12:59.996 [Eureka-EvictionTimer] INFO  c.n.e.r.AbstractInstanceRegistry - Running the evict task with compensationTime 0ms
2023-08-30 19:13:04.996 [Eureka-EvictionTimer] INFO  c.n.e.r.AbstractInstanceRegistry - Running the evict task with compensationTime 0ms
2023-08-30 19:13:09.996 [Eureka-EvictionTimer] INFO  c.n.e.r.AbstractInstanceRegistry - Running the evict task with compensationTime 0ms
2023-08-30 19:13:14.996 [Eureka-EvictionTimer] INFO  c.n.e.r.AbstractInstanceRegistry - Running the evict task with compensationTime 0ms
2023-08-30 19:13:19.996 [Eureka-EvictionTimer] INFO  c.n.e.r.AbstractInstanceRegistry - Running the evict task with compensationTime 0ms
2023-08-30 19:13:24.996 [Eureka-EvictionTimer] INFO  c.n.e.r.AbstractInstanceRegistry - Running the evict task with compensationTime 0ms
2023-08-30 19:13:29.996 [Eureka-EvictionTimer] INFO  c.n.e.r.AbstractInstanceRegistry - Running the evict task with compensationTime 0ms
2023-08-30 19:13:34.996 [Eureka-EvictionTimer] INFO  c.n.e.r.AbstractInstanceRegistry - Running the evict task with compensationTime 0ms
2023-08-30 19:13:39.996 [Eureka-EvictionTimer] INFO  c.n.e.r.AbstractInstanceRegistry - Running the evict task with compensationTime 0ms
2023-08-30 19:13:44.996 [Eureka-EvictionTimer] INFO  c.n.e.r.AbstractInstanceRegistry - Running the evict task with compensationTime 0ms
2023-08-30 19:13:49.996 [Eureka-EvictionTimer] INFO  c.n.e.r.AbstractInstanceRegistry - Running the evict task with compensationTime 0ms
2023-08-30 19:13:54.996 [Eureka-EvictionTimer] INFO  c.n.e.r.AbstractInstanceRegistry - Running the evict task with compensationTime 0ms
2023-08-30 19:13:59.996 [Eureka-EvictionTimer] INFO  c.n.e.r.AbstractInstanceRegistry - Running the evict task with compensationTime 0ms
2023-08-30 19:14:04.996 [Eureka-EvictionTimer] INFO  c.n.e.r.AbstractInstanceRegistry - Running the evict task with compensationTime 0ms
2023-08-30 19:14:09.996 [Eureka-EvictionTimer] INFO  c.n.e.r.AbstractInstanceRegistry - Running the evict task with compensationTime 0ms
2023-08-30 19:14:14.996 [Eureka-EvictionTimer] INFO  c.n.e.r.AbstractInstanceRegistry - Running the evict task with compensationTime 0ms
2023-08-30 19:14:19.996 [Eureka-EvictionTimer] INFO  c.n.e.r.AbstractInstanceRegistry - Running the evict task with compensationTime 0ms
2023-08-30 19:14:24.996 [Eureka-EvictionTimer] INFO  c.n.e.r.AbstractInstanceRegistry - Running the evict task with compensationTime 0ms
2023-08-30 19:14:29.996 [Eureka-EvictionTimer] INFO  c.n.e.r.AbstractInstanceRegistry - Running the evict task with compensationTime 0ms
2023-08-30 19:14:34.996 [Eureka-EvictionTimer] INFO  c.n.e.r.AbstractInstanceRegistry - Running the evict task with compensationTime 0ms
2023-08-30 19:14:39.996 [Eureka-EvictionTimer] INFO  c.n.e.r.AbstractInstanceRegistry - Running the evict task with compensationTime 0ms
2023-08-30 19:14:44.996 [Eureka-EvictionTimer] INFO  c.n.e.r.AbstractInstanceRegistry - Running the evict task with compensationTime 0ms
2023-08-30 19:14:49.996 [Eureka-EvictionTimer] INFO  c.n.e.r.AbstractInstanceRegistry - Running the evict task with compensationTime 0ms
2023-08-30 19:14:54.996 [Eureka-EvictionTimer] INFO  c.n.e.r.AbstractInstanceRegistry - Running the evict task with compensationTime 0ms
2023-08-30 19:14:59.996 [Eureka-EvictionTimer] INFO  c.n.e.r.AbstractInstanceRegistry - Running the evict task with compensationTime 0ms
2023-08-30 19:15:04.996 [Eureka-EvictionTimer] INFO  c.n.e.r.AbstractInstanceRegistry - Running the evict task with compensationTime 0ms
2023-08-30 19:15:09.996 [Eureka-EvictionTimer] INFO  c.n.e.r.AbstractInstanceRegistry - Running the evict task with compensationTime 0ms
2023-08-30 19:15:14.996 [Eureka-EvictionTimer] INFO  c.n.e.r.AbstractInstanceRegistry - Running the evict task with compensationTime 0ms
2023-08-30 19:15:19.996 [Eureka-EvictionTimer] INFO  c.n.e.r.AbstractInstanceRegistry - Running the evict task with compensationTime 0ms
2023-08-30 19:15:24.996 [Eureka-EvictionTimer] INFO  c.n.e.r.AbstractInstanceRegistry - Running the evict task with compensationTime 0ms
2023-08-30 19:15:29.996 [Eureka-EvictionTimer] INFO  c.n.e.r.AbstractInstanceRegistry - Running the evict task with compensationTime 0ms
2023-08-30 19:15:34.996 [Eureka-EvictionTimer] INFO  c.n.e.r.AbstractInstanceRegistry - Running the evict task with compensationTime 0ms
2023-08-30 19:15:39.996 [Eureka-EvictionTimer] INFO  c.n.e.r.AbstractInstanceRegistry - Running the evict task with compensationTime 0ms
2023-08-30 19:15:44.996 [Eureka-EvictionTimer] INFO  c.n.e.r.AbstractInstanceRegistry - Running the evict task with compensationTime 0ms
2023-08-30 19:15:49.996 [Eureka-EvictionTimer] INFO  c.n.e.r.AbstractInstanceRegistry - Running the evict task with compensationTime 0ms
2023-08-30 19:15:54.859 [ReplicaAwareInstanceRegistry - RenewalThresholdUpdater] INFO  c.n.e.r.PeerAwareInstanceRegistryImpl - Current renewal threshold is : 0
2023-08-30 19:15:54.996 [Eureka-EvictionTimer] INFO  c.n.e.r.AbstractInstanceRegistry - Running the evict task with compensationTime 0ms
2023-08-30 19:15:59.996 [Eureka-EvictionTimer] INFO  c.n.e.r.AbstractInstanceRegistry - Running the evict task with compensationTime 0ms
2023-08-30 19:16:04.996 [Eureka-EvictionTimer] INFO  c.n.e.r.AbstractInstanceRegistry - Running the evict task with compensationTime 0ms
2023-08-30 19:16:09.996 [Eureka-EvictionTimer] INFO  c.n.e.r.AbstractInstanceRegistry - Running the evict task with compensationTime 0ms
2023-08-30 19:16:14.996 [Eureka-EvictionTimer] INFO  c.n.e.r.AbstractInstanceRegistry - Running the evict task with compensationTime 0ms
2023-08-30 19:16:19.996 [Eureka-EvictionTimer] INFO  c.n.e.r.AbstractInstanceRegistry - Running the evict task with compensationTime 0ms
2023-08-30 19:16:24.996 [Eureka-EvictionTimer] INFO  c.n.e.r.AbstractInstanceRegistry - Running the evict task with compensationTime 0ms
2023-08-30 19:16:29.996 [Eureka-EvictionTimer] INFO  c.n.e.r.AbstractInstanceRegistry - Running the evict task with compensationTime 0ms
2023-08-30 19:16:34.996 [Eureka-EvictionTimer] INFO  c.n.e.r.AbstractInstanceRegistry - Running the evict task with compensationTime 0ms
2023-08-30 19:16:39.996 [Eureka-EvictionTimer] INFO  c.n.e.r.AbstractInstanceRegistry - Running the evict task with compensationTime 0ms
2023-08-30 19:16:44.996 [Eureka-EvictionTimer] INFO  c.n.e.r.AbstractInstanceRegistry - Running the evict task with compensationTime 0ms
2023-08-30 19:16:49.996 [Eureka-EvictionTimer] INFO  c.n.e.r.AbstractInstanceRegistry - Running the evict task with compensationTime 0ms
2023-08-30 19:16:54.996 [Eureka-EvictionTimer] INFO  c.n.e.r.AbstractInstanceRegistry - Running the evict task with compensationTime 0ms
2023-08-30 19:16:59.996 [Eureka-EvictionTimer] INFO  c.n.e.r.AbstractInstanceRegistry - Running the evict task with compensationTime 0ms
2023-08-30 19:17:04.996 [Eureka-EvictionTimer] INFO  c.n.e.r.AbstractInstanceRegistry - Running the evict task with compensationTime 0ms
2023-08-30 19:17:09.996 [Eureka-EvictionTimer] INFO  c.n.e.r.AbstractInstanceRegistry - Running the evict task with compensationTime 0ms
2023-08-30 19:17:14.996 [Eureka-EvictionTimer] INFO  c.n.e.r.AbstractInstanceRegistry - Running the evict task with compensationTime 0ms
2023-08-30 19:17:19.996 [Eureka-EvictionTimer] INFO  c.n.e.r.AbstractInstanceRegistry - Running the evict task with compensationTime 0ms
2023-08-30 19:17:24.996 [Eureka-EvictionTimer] INFO  c.n.e.r.AbstractInstanceRegistry - Running the evict task with compensationTime 0ms
2023-08-30 19:17:29.996 [Eureka-EvictionTimer] INFO  c.n.e.r.AbstractInstanceRegistry - Running the evict task with compensationTime 0ms
2023-08-30 19:17:34.996 [Eureka-EvictionTimer] INFO  c.n.e.r.AbstractInstanceRegistry - Running the evict task with compensationTime 0ms
2023-08-30 19:17:39.996 [Eureka-EvictionTimer] INFO  c.n.e.r.AbstractInstanceRegistry - Running the evict task with compensationTime 0ms
2023-08-30 19:17:44.996 [Eureka-EvictionTimer] INFO  c.n.e.r.AbstractInstanceRegistry - Running the evict task with compensationTime 0ms
2023-08-30 19:17:49.996 [Eureka-EvictionTimer] INFO  c.n.e.r.AbstractInstanceRegistry - Running the evict task with compensationTime 0ms
2023-08-30 19:17:54.996 [Eureka-EvictionTimer] INFO  c.n.e.r.AbstractInstanceRegistry - Running the evict task with compensationTime 0ms
2023-08-30 19:17:59.996 [Eureka-EvictionTimer] INFO  c.n.e.r.AbstractInstanceRegistry - Running the evict task with compensationTime 0ms
2023-08-30 19:18:04.996 [Eureka-EvictionTimer] INFO  c.n.e.r.AbstractInstanceRegistry - Running the evict task with compensationTime 0ms
2023-08-30 19:18:09.996 [Eureka-EvictionTimer] INFO  c.n.e.r.AbstractInstanceRegistry - Running the evict task with compensationTime 0ms
2023-08-30 19:18:14.996 [Eureka-EvictionTimer] INFO  c.n.e.r.AbstractInstanceRegistry - Running the evict task with compensationTime 0ms
2023-08-30 19:18:19.996 [Eureka-EvictionTimer] INFO  c.n.e.r.AbstractInstanceRegistry - Running the evict task with compensationTime 0ms
2023-08-30 19:18:24.996 [Eureka-EvictionTimer] INFO  c.n.e.r.AbstractInstanceRegistry - Running the evict task with compensationTime 0ms
2023-08-30 19:18:29.996 [Eureka-EvictionTimer] INFO  c.n.e.r.AbstractInstanceRegistry - Running the evict task with compensationTime 0ms
2023-08-30 19:18:34.996 [Eureka-EvictionTimer] INFO  c.n.e.r.AbstractInstanceRegistry - Running the evict task with compensationTime 0ms
2023-08-30 19:18:39.996 [Eureka-EvictionTimer] INFO  c.n.e.r.AbstractInstanceRegistry - Running the evict task with compensationTime 0ms
2023-08-30 19:18:44.996 [Eureka-EvictionTimer] INFO  c.n.e.r.AbstractInstanceRegistry - Running the evict task with compensationTime 0ms
2023-08-30 19:18:49.996 [Eureka-EvictionTimer] INFO  c.n.e.r.AbstractInstanceRegistry - Running the evict task with compensationTime 0ms
2023-08-30 19:18:54.996 [Eureka-EvictionTimer] INFO  c.n.e.r.AbstractInstanceRegistry - Running the evict task with compensationTime 0ms
2023-08-30 19:18:59.996 [Eureka-EvictionTimer] INFO  c.n.e.r.AbstractInstanceRegistry - Running the evict task with compensationTime 0ms
2023-08-30 19:19:04.996 [Eureka-EvictionTimer] INFO  c.n.e.r.AbstractInstanceRegistry - Running the evict task with compensationTime 0ms
2023-08-30 19:19:09.996 [Eureka-EvictionTimer] INFO  c.n.e.r.AbstractInstanceRegistry - Running the evict task with compensationTime 0ms
2023-08-30 19:19:14.996 [Eureka-EvictionTimer] INFO  c.n.e.r.AbstractInstanceRegistry - Running the evict task with compensationTime 0ms
2023-08-30 19:19:19.996 [Eureka-EvictionTimer] INFO  c.n.e.r.AbstractInstanceRegistry - Running the evict task with compensationTime 0ms
2023-08-30 19:19:24.996 [Eureka-EvictionTimer] INFO  c.n.e.r.AbstractInstanceRegistry - Running the evict task with compensationTime 0ms
2023-08-30 19:19:29.996 [Eureka-EvictionTimer] INFO  c.n.e.r.AbstractInstanceRegistry - Running the evict task with compensationTime 0ms
2023-08-30 19:19:34.996 [Eureka-EvictionTimer] INFO  c.n.e.r.AbstractInstanceRegistry - Running the evict task with compensationTime 0ms
2023-08-30 19:19:39.996 [Eureka-EvictionTimer] INFO  c.n.e.r.AbstractInstanceRegistry - Running the evict task with compensationTime 0ms
2023-08-30 19:19:44.996 [Eureka-EvictionTimer] INFO  c.n.e.r.AbstractInstanceRegistry - Running the evict task with compensationTime 0ms
2023-08-30 19:19:49.996 [Eureka-EvictionTimer] INFO  c.n.e.r.AbstractInstanceRegistry - Running the evict task with compensationTime 0ms
2023-08-30 19:19:54.996 [Eureka-EvictionTimer] INFO  c.n.e.r.AbstractInstanceRegistry - Running the evict task with compensationTime 0ms
2023-08-30 19:19:59.996 [Eureka-EvictionTimer] INFO  c.n.e.r.AbstractInstanceRegistry - Running the evict task with compensationTime 0ms
2023-08-30 19:20:04.996 [Eureka-EvictionTimer] INFO  c.n.e.r.AbstractInstanceRegistry - Running the evict task with compensationTime 0ms
2023-08-30 19:20:09.996 [Eureka-EvictionTimer] INFO  c.n.e.r.AbstractInstanceRegistry - Running the evict task with compensationTime 0ms
2023-08-30 19:20:14.996 [Eureka-EvictionTimer] INFO  c.n.e.r.AbstractInstanceRegistry - Running the evict task with compensationTime 0ms
2023-08-30 19:20:19.996 [Eureka-EvictionTimer] INFO  c.n.e.r.AbstractInstanceRegistry - Running the evict task with compensationTime 0ms
2023-08-30 19:20:24.996 [Eureka-EvictionTimer] INFO  c.n.e.r.AbstractInstanceRegistry - Running the evict task with compensationTime 0ms
2023-08-30 19:20:29.996 [Eureka-EvictionTimer] INFO  c.n.e.r.AbstractInstanceRegistry - Running the evict task with compensationTime 0ms
2023-08-30 19:20:34.996 [Eureka-EvictionTimer] INFO  c.n.e.r.AbstractInstanceRegistry - Running the evict task with compensationTime 0ms
2023-08-30 19:20:39.996 [Eureka-EvictionTimer] INFO  c.n.e.r.AbstractInstanceRegistry - Running the evict task with compensationTime 0ms
2023-08-30 19:20:44.996 [Eureka-EvictionTimer] INFO  c.n.e.r.AbstractInstanceRegistry - Running the evict task with compensationTime 0ms
2023-08-30 19:20:49.996 [Eureka-EvictionTimer] INFO  c.n.e.r.AbstractInstanceRegistry - Running the evict task with compensationTime 0ms
2023-08-30 19:20:54.996 [Eureka-EvictionTimer] INFO  c.n.e.r.AbstractInstanceRegistry - Running the evict task with compensationTime 0ms
2023-08-30 19:20:59.996 [Eureka-EvictionTimer] INFO  c.n.e.r.AbstractInstanceRegistry - Running the evict task with compensationTime 0ms
2023-08-30 19:21:04.996 [Eureka-EvictionTimer] INFO  c.n.e.r.AbstractInstanceRegistry - Running the evict task with compensationTime 0ms
2023-08-30 19:21:09.996 [Eureka-EvictionTimer] INFO  c.n.e.r.AbstractInstanceRegistry - Running the evict task with compensationTime 0ms
2023-08-30 19:21:14.996 [Eureka-EvictionTimer] INFO  c.n.e.r.AbstractInstanceRegistry - Running the evict task with compensationTime 0ms
2023-08-30 19:21:19.996 [Eureka-EvictionTimer] INFO  c.n.e.r.AbstractInstanceRegistry - Running the evict task with compensationTime 0ms
2023-08-30 19:21:24.996 [Eureka-EvictionTimer] INFO  c.n.e.r.AbstractInstanceRegistry - Running the evict task with compensationTime 0ms
2023-08-30 19:21:29.996 [Eureka-EvictionTimer] INFO  c.n.e.r.AbstractInstanceRegistry - Running the evict task with compensationTime 0ms
2023-08-30 19:21:34.996 [Eureka-EvictionTimer] INFO  c.n.e.r.AbstractInstanceRegistry - Running the evict task with compensationTime 0ms
2023-08-30 19:21:39.996 [Eureka-EvictionTimer] INFO  c.n.e.r.AbstractInstanceRegistry - Running the evict task with compensationTime 0ms
2023-08-30 19:21:44.996 [Eureka-EvictionTimer] INFO  c.n.e.r.AbstractInstanceRegistry - Running the evict task with compensationTime 0ms
2023-08-30 19:21:49.996 [Eureka-EvictionTimer] INFO  c.n.e.r.AbstractInstanceRegistry - Running the evict task with compensationTime 0ms
2023-08-30 19:21:54.996 [Eureka-EvictionTimer] INFO  c.n.e.r.AbstractInstanceRegistry - Running the evict task with compensationTime 0ms
2023-08-30 19:21:59.996 [Eureka-EvictionTimer] INFO  c.n.e.r.AbstractInstanceRegistry - Running the evict task with compensationTime 0ms
2023-08-30 19:22:04.996 [Eureka-EvictionTimer] INFO  c.n.e.r.AbstractInstanceRegistry - Running the evict task with compensationTime 0ms
2023-08-30 19:22:09.996 [Eureka-EvictionTimer] INFO  c.n.e.r.AbstractInstanceRegistry - Running the evict task with compensationTime 0ms
2023-08-30 19:22:14.996 [Eureka-EvictionTimer] INFO  c.n.e.r.AbstractInstanceRegistry - Running the evict task with compensationTime 0ms
2023-08-30 19:22:19.996 [Eureka-EvictionTimer] INFO  c.n.e.r.AbstractInstanceRegistry - Running the evict task with compensationTime 0ms
2023-08-30 19:22:24.996 [Eureka-EvictionTimer] INFO  c.n.e.r.AbstractInstanceRegistry - Running the evict task with compensationTime 0ms
2023-08-30 19:22:29.996 [Eureka-EvictionTimer] INFO  c.n.e.r.AbstractInstanceRegistry - Running the evict task with compensationTime 0ms
2023-08-30 19:22:34.996 [Eureka-EvictionTimer] INFO  c.n.e.r.AbstractInstanceRegistry - Running the evict task with compensationTime 0ms
2023-08-30 19:22:39.996 [Eureka-EvictionTimer] INFO  c.n.e.r.AbstractInstanceRegistry - Running the evict task with compensationTime 0ms
2023-08-30 19:22:44.996 [Eureka-EvictionTimer] INFO  c.n.e.r.AbstractInstanceRegistry - Running the evict task with compensationTime 0ms
2023-08-30 19:22:49.996 [Eureka-EvictionTimer] INFO  c.n.e.r.AbstractInstanceRegistry - Running the evict task with compensationTime 0ms
2023-08-30 19:22:54.996 [Eureka-EvictionTimer] INFO  c.n.e.r.AbstractInstanceRegistry - Running the evict task with compensationTime 0ms
2023-08-30 19:22:59.996 [Eureka-EvictionTimer] INFO  c.n.e.r.AbstractInstanceRegistry - Running the evict task with compensationTime 0ms
2023-08-30 19:23:04.996 [Eureka-EvictionTimer] INFO  c.n.e.r.AbstractInstanceRegistry - Running the evict task with compensationTime 0ms
2023-08-30 19:23:09.996 [Eureka-EvictionTimer] INFO  c.n.e.r.AbstractInstanceRegistry - Running the evict task with compensationTime 0ms
2023-08-30 19:23:14.996 [Eureka-EvictionTimer] INFO  c.n.e.r.AbstractInstanceRegistry - Running the evict task with compensationTime 0ms
2023-08-30 19:23:19.996 [Eureka-EvictionTimer] INFO  c.n.e.r.AbstractInstanceRegistry - Running the evict task with compensationTime 0ms
2023-08-30 19:23:24.996 [Eureka-EvictionTimer] INFO  c.n.e.r.AbstractInstanceRegistry - Running the evict task with compensationTime 0ms
2023-08-30 19:23:29.996 [Eureka-EvictionTimer] INFO  c.n.e.r.AbstractInstanceRegistry - Running the evict task with compensationTime 0ms
2023-08-30 19:23:34.996 [Eureka-EvictionTimer] INFO  c.n.e.r.AbstractInstanceRegistry - Running the evict task with compensationTime 0ms
2023-08-30 19:23:39.996 [Eureka-EvictionTimer] INFO  c.n.e.r.AbstractInstanceRegistry - Running the evict task with compensationTime 0ms
2023-08-30 19:23:44.996 [Eureka-EvictionTimer] INFO  c.n.e.r.AbstractInstanceRegistry - Running the evict task with compensationTime 0ms
2023-08-30 19:23:49.996 [Eureka-EvictionTimer] INFO  c.n.e.r.AbstractInstanceRegistry - Running the evict task with compensationTime 0ms
2023-08-30 19:23:54.996 [Eureka-EvictionTimer] INFO  c.n.e.r.AbstractInstanceRegistry - Running the evict task with compensationTime 0ms
2023-08-30 19:23:59.996 [Eureka-EvictionTimer] INFO  c.n.e.r.AbstractInstanceRegistry - Running the evict task with compensationTime 0ms
2023-08-30 19:24:04.996 [Eureka-EvictionTimer] INFO  c.n.e.r.AbstractInstanceRegistry - Running the evict task with compensationTime 0ms
2023-08-30 19:24:09.996 [Eureka-EvictionTimer] INFO  c.n.e.r.AbstractInstanceRegistry - Running the evict task with compensationTime 0ms
2023-08-30 19:24:14.996 [Eureka-EvictionTimer] INFO  c.n.e.r.AbstractInstanceRegistry - Running the evict task with compensationTime 0ms
2023-08-30 19:24:19.996 [Eureka-EvictionTimer] INFO  c.n.e.r.AbstractInstanceRegistry - Running the evict task with compensationTime 0ms
2023-08-30 19:24:24.996 [Eureka-EvictionTimer] INFO  c.n.e.r.AbstractInstanceRegistry - Running the evict task with compensationTime 0ms
2023-08-30 19:24:29.996 [Eureka-EvictionTimer] INFO  c.n.e.r.AbstractInstanceRegistry - Running the evict task with compensationTime 0ms
2023-08-30 19:24:34.996 [Eureka-EvictionTimer] INFO  c.n.e.r.AbstractInstanceRegistry - Running the evict task with compensationTime 0ms
2023-08-30 19:24:39.996 [Eureka-EvictionTimer] INFO  c.n.e.r.AbstractInstanceRegistry - Running the evict task with compensationTime 0ms
2023-08-30 19:24:44.996 [Eureka-EvictionTimer] INFO  c.n.e.r.AbstractInstanceRegistry - Running the evict task with compensationTime 0ms
2023-08-30 19:24:49.996 [Eureka-EvictionTimer] INFO  c.n.e.r.AbstractInstanceRegistry - Running the evict task with compensationTime 0ms
2023-08-30 19:24:54.996 [Eureka-EvictionTimer] INFO  c.n.e.r.AbstractInstanceRegistry - Running the evict task with compensationTime 0ms
2023-08-30 19:24:59.996 [Eureka-EvictionTimer] INFO  c.n.e.r.AbstractInstanceRegistry - Running the evict task with compensationTime 0ms
2023-08-30 19:25:04.996 [Eureka-EvictionTimer] INFO  c.n.e.r.AbstractInstanceRegistry - Running the evict task with compensationTime 0ms
2023-08-30 19:25:09.996 [Eureka-EvictionTimer] INFO  c.n.e.r.AbstractInstanceRegistry - Running the evict task with compensationTime 0ms
2023-08-30 19:25:14.996 [Eureka-EvictionTimer] INFO  c.n.e.r.AbstractInstanceRegistry - Running the evict task with compensationTime 0ms
2023-08-30 19:25:19.996 [Eureka-EvictionTimer] INFO  c.n.e.r.AbstractInstanceRegistry - Running the evict task with compensationTime 0ms
2023-08-30 19:25:24.996 [Eureka-EvictionTimer] INFO  c.n.e.r.AbstractInstanceRegistry - Running the evict task with compensationTime 0ms
2023-08-30 19:25:29.996 [Eureka-EvictionTimer] INFO  c.n.e.r.AbstractInstanceRegistry - Running the evict task with compensationTime 0ms
2023-08-30 19:25:34.996 [Eureka-EvictionTimer] INFO  c.n.e.r.AbstractInstanceRegistry - Running the evict task with compensationTime 0ms
2023-08-30 19:25:39.996 [Eureka-EvictionTimer] INFO  c.n.e.r.AbstractInstanceRegistry - Running the evict task with compensationTime 0ms
2023-08-30 19:25:44.996 [Eureka-EvictionTimer] INFO  c.n.e.r.AbstractInstanceRegistry - Running the evict task with compensationTime 0ms
2023-08-30 19:25:49.996 [Eureka-EvictionTimer] INFO  c.n.e.r.AbstractInstanceRegistry - Running the evict task with compensationTime 0ms
2023-08-30 19:25:54.996 [Eureka-EvictionTimer] INFO  c.n.e.r.AbstractInstanceRegistry - Running the evict task with compensationTime 0ms
2023-08-30 19:25:59.996 [Eureka-EvictionTimer] INFO  c.n.e.r.AbstractInstanceRegistry - Running the evict task with compensationTime 0ms
2023-08-30 19:26:04.996 [Eureka-EvictionTimer] INFO  c.n.e.r.AbstractInstanceRegistry - Running the evict task with compensationTime 0ms
2023-08-30 19:26:09.996 [Eureka-EvictionTimer] INFO  c.n.e.r.AbstractInstanceRegistry - Running the evict task with compensationTime 0ms
2023-08-30 19:26:14.996 [Eureka-EvictionTimer] INFO  c.n.e.r.AbstractInstanceRegistry - Running the evict task with compensationTime 0ms
2023-08-30 19:26:19.996 [Eureka-EvictionTimer] INFO  c.n.e.r.AbstractInstanceRegistry - Running the evict task with compensationTime 0ms
2023-08-30 19:26:24.996 [Eureka-EvictionTimer] INFO  c.n.e.r.AbstractInstanceRegistry - Running the evict task with compensationTime 0ms
2023-08-30 19:26:29.996 [Eureka-EvictionTimer] INFO  c.n.e.r.AbstractInstanceRegistry - Running the evict task with compensationTime 0ms
2023-08-30 19:26:34.996 [Eureka-EvictionTimer] INFO  c.n.e.r.AbstractInstanceRegistry - Running the evict task with compensationTime 0ms
2023-08-30 19:26:39.996 [Eureka-EvictionTimer] INFO  c.n.e.r.AbstractInstanceRegistry - Running the evict task with compensationTime 0ms
2023-08-30 19:26:44.996 [Eureka-EvictionTimer] INFO  c.n.e.r.AbstractInstanceRegistry - Running the evict task with compensationTime 0ms
2023-08-30 19:26:49.996 [Eureka-EvictionTimer] INFO  c.n.e.r.AbstractInstanceRegistry - Running the evict task with compensationTime 0ms
2023-08-30 19:26:54.996 [Eureka-EvictionTimer] INFO  c.n.e.r.AbstractInstanceRegistry - Running the evict task with compensationTime 0ms
2023-08-30 19:26:59.996 [Eureka-EvictionTimer] INFO  c.n.e.r.AbstractInstanceRegistry - Running the evict task with compensationTime 0ms
2023-08-30 19:27:04.996 [Eureka-EvictionTimer] INFO  c.n.e.r.AbstractInstanceRegistry - Running the evict task with compensationTime 0ms
2023-08-30 19:27:09.996 [Eureka-EvictionTimer] INFO  c.n.e.r.AbstractInstanceRegistry - Running the evict task with compensationTime 0ms
2023-08-30 19:27:14.996 [Eureka-EvictionTimer] INFO  c.n.e.r.AbstractInstanceRegistry - Running the evict task with compensationTime 0ms
2023-08-30 19:27:19.996 [Eureka-EvictionTimer] INFO  c.n.e.r.AbstractInstanceRegistry - Running the evict task with compensationTime 0ms
2023-08-30 19:27:24.996 [Eureka-EvictionTimer] INFO  c.n.e.r.AbstractInstanceRegistry - Running the evict task with compensationTime 0ms
2023-08-30 19:27:29.996 [Eureka-EvictionTimer] INFO  c.n.e.r.AbstractInstanceRegistry - Running the evict task with compensationTime 0ms
2023-08-30 19:27:34.996 [Eureka-EvictionTimer] INFO  c.n.e.r.AbstractInstanceRegistry - Running the evict task with compensationTime 0ms
2023-08-30 19:27:39.996 [Eureka-EvictionTimer] INFO  c.n.e.r.AbstractInstanceRegistry - Running the evict task with compensationTime 0ms
2023-08-30 19:27:44.996 [Eureka-EvictionTimer] INFO  c.n.e.r.AbstractInstanceRegistry - Running the evict task with compensationTime 0ms
2023-08-30 19:27:49.996 [Eureka-EvictionTimer] INFO  c.n.e.r.AbstractInstanceRegistry - Running the evict task with compensationTime 0ms
2023-08-30 19:27:54.996 [Eureka-EvictionTimer] INFO  c.n.e.r.AbstractInstanceRegistry - Running the evict task with compensationTime 0ms
2023-08-30 19:27:59.996 [Eureka-EvictionTimer] INFO  c.n.e.r.AbstractInstanceRegistry - Running the evict task with compensationTime 0ms
2023-08-30 19:28:04.996 [Eureka-EvictionTimer] INFO  c.n.e.r.AbstractInstanceRegistry - Running the evict task with compensationTime 0ms
2023-08-30 19:28:09.996 [Eureka-EvictionTimer] INFO  c.n.e.r.AbstractInstanceRegistry - Running the evict task with compensationTime 0ms
2023-08-30 19:28:14.996 [Eureka-EvictionTimer] INFO  c.n.e.r.AbstractInstanceRegistry - Running the evict task with compensationTime 0ms
2023-08-30 19:28:19.996 [Eureka-EvictionTimer] INFO  c.n.e.r.AbstractInstanceRegistry - Running the evict task with compensationTime 0ms
2023-08-30 19:28:24.996 [Eureka-EvictionTimer] INFO  c.n.e.r.AbstractInstanceRegistry - Running the evict task with compensationTime 0ms
2023-08-30 19:28:29.996 [Eureka-EvictionTimer] INFO  c.n.e.r.AbstractInstanceRegistry - Running the evict task with compensationTime 0ms
2023-08-30 19:28:34.996 [Eureka-EvictionTimer] INFO  c.n.e.r.AbstractInstanceRegistry - Running the evict task with compensationTime 0ms
2023-08-30 19:28:39.996 [Eureka-EvictionTimer] INFO  c.n.e.r.AbstractInstanceRegistry - Running the evict task with compensationTime 0ms
2023-08-30 19:28:44.996 [Eureka-EvictionTimer] INFO  c.n.e.r.AbstractInstanceRegistry - Running the evict task with compensationTime 0ms
2023-08-30 19:28:49.996 [Eureka-EvictionTimer] INFO  c.n.e.r.AbstractInstanceRegistry - Running the evict task with compensationTime 0ms
2023-08-30 19:28:54.996 [Eureka-EvictionTimer] INFO  c.n.e.r.AbstractInstanceRegistry - Running the evict task with compensationTime 0ms
2023-08-30 19:28:59.996 [Eureka-EvictionTimer] INFO  c.n.e.r.AbstractInstanceRegistry - Running the evict task with compensationTime 0ms
2023-08-30 19:29:04.996 [Eureka-EvictionTimer] INFO  c.n.e.r.AbstractInstanceRegistry - Running the evict task with compensationTime 0ms
2023-08-30 19:29:09.996 [Eureka-EvictionTimer] INFO  c.n.e.r.AbstractInstanceRegistry - Running the evict task with compensationTime 0ms
2023-08-30 19:29:14.996 [Eureka-EvictionTimer] INFO  c.n.e.r.AbstractInstanceRegistry - Running the evict task with compensationTime 0ms
2023-08-30 19:29:19.996 [Eureka-EvictionTimer] INFO  c.n.e.r.AbstractInstanceRegistry - Running the evict task with compensationTime 0ms
2023-08-30 19:29:24.996 [Eureka-EvictionTimer] INFO  c.n.e.r.AbstractInstanceRegistry - Running the evict task with compensationTime 0ms
2023-08-30 19:29:29.996 [Eureka-EvictionTimer] INFO  c.n.e.r.AbstractInstanceRegistry - Running the evict task with compensationTime 0ms
2023-08-30 19:29:34.996 [Eureka-EvictionTimer] INFO  c.n.e.r.AbstractInstanceRegistry - Running the evict task with compensationTime 0ms
2023-08-30 19:29:39.996 [Eureka-EvictionTimer] INFO  c.n.e.r.AbstractInstanceRegistry - Running the evict task with compensationTime 0ms
2023-08-30 19:29:44.996 [Eureka-EvictionTimer] INFO  c.n.e.r.AbstractInstanceRegistry - Running the evict task with compensationTime 0ms
2023-08-30 19:29:49.996 [Eureka-EvictionTimer] INFO  c.n.e.r.AbstractInstanceRegistry - Running the evict task with compensationTime 0ms
2023-08-30 19:29:54.996 [Eureka-EvictionTimer] INFO  c.n.e.r.AbstractInstanceRegistry - Running the evict task with compensationTime 0ms
2023-08-30 19:29:59.996 [Eureka-EvictionTimer] INFO  c.n.e.r.AbstractInstanceRegistry - Running the evict task with compensationTime 0ms
2023-08-30 19:30:04.996 [Eureka-EvictionTimer] INFO  c.n.e.r.AbstractInstanceRegistry - Running the evict task with compensationTime 0ms
2023-08-30 19:30:09.996 [Eureka-EvictionTimer] INFO  c.n.e.r.AbstractInstanceRegistry - Running the evict task with compensationTime 0ms
2023-08-30 19:30:14.996 [Eureka-EvictionTimer] INFO  c.n.e.r.AbstractInstanceRegistry - Running the evict task with compensationTime 0ms
2023-08-30 19:30:19.996 [Eureka-EvictionTimer] INFO  c.n.e.r.AbstractInstanceRegistry - Running the evict task with compensationTime 0ms
2023-08-30 19:30:24.996 [Eureka-EvictionTimer] INFO  c.n.e.r.AbstractInstanceRegistry - Running the evict task with compensationTime 0ms
2023-08-30 19:30:29.996 [Eureka-EvictionTimer] INFO  c.n.e.r.AbstractInstanceRegistry - Running the evict task with compensationTime 0ms
2023-08-30 19:30:34.996 [Eureka-EvictionTimer] INFO  c.n.e.r.AbstractInstanceRegistry - Running the evict task with compensationTime 0ms
2023-08-30 19:30:39.996 [Eureka-EvictionTimer] INFO  c.n.e.r.AbstractInstanceRegistry - Running the evict task with compensationTime 0ms
2023-08-30 19:30:44.996 [Eureka-EvictionTimer] INFO  c.n.e.r.AbstractInstanceRegistry - Running the evict task with compensationTime 0ms
2023-08-30 19:30:49.996 [Eureka-EvictionTimer] INFO  c.n.e.r.AbstractInstanceRegistry - Running the evict task with compensationTime 0ms
2023-08-30 19:30:54.859 [ReplicaAwareInstanceRegistry - RenewalThresholdUpdater] INFO  c.n.e.r.PeerAwareInstanceRegistryImpl - Current renewal threshold is : 0
2023-08-30 19:30:54.996 [Eureka-EvictionTimer] INFO  c.n.e.r.AbstractInstanceRegistry - Running the evict task with compensationTime 0ms
2023-08-30 19:30:59.996 [Eureka-EvictionTimer] INFO  c.n.e.r.AbstractInstanceRegistry - Running the evict task with compensationTime 0ms
2023-08-30 19:31:04.996 [Eureka-EvictionTimer] INFO  c.n.e.r.AbstractInstanceRegistry - Running the evict task with compensationTime 0ms
2023-08-30 19:31:09.996 [Eureka-EvictionTimer] INFO  c.n.e.r.AbstractInstanceRegistry - Running the evict task with compensationTime 0ms
2023-08-30 19:31:14.996 [Eureka-EvictionTimer] INFO  c.n.e.r.AbstractInstanceRegistry - Running the evict task with compensationTime 0ms
2023-08-30 19:31:19.996 [Eureka-EvictionTimer] INFO  c.n.e.r.AbstractInstanceRegistry - Running the evict task with compensationTime 0ms
2023-08-30 19:31:24.996 [Eureka-EvictionTimer] INFO  c.n.e.r.AbstractInstanceRegistry - Running the evict task with compensationTime 0ms
2023-08-30 19:31:29.996 [Eureka-EvictionTimer] INFO  c.n.e.r.AbstractInstanceRegistry - Running the evict task with compensationTime 0ms
2023-08-30 19:31:34.996 [Eureka-EvictionTimer] INFO  c.n.e.r.AbstractInstanceRegistry - Running the evict task with compensationTime 0ms
2023-08-30 19:31:39.996 [Eureka-EvictionTimer] INFO  c.n.e.r.AbstractInstanceRegistry - Running the evict task with compensationTime 0ms
2023-08-30 19:31:44.996 [Eureka-EvictionTimer] INFO  c.n.e.r.AbstractInstanceRegistry - Running the evict task with compensationTime 0ms
2023-08-30 19:31:49.996 [Eureka-EvictionTimer] INFO  c.n.e.r.AbstractInstanceRegistry - Running the evict task with compensationTime 0ms
2023-08-30 19:31:54.996 [Eureka-EvictionTimer] INFO  c.n.e.r.AbstractInstanceRegistry - Running the evict task with compensationTime 0ms
2023-08-30 19:31:59.996 [Eureka-EvictionTimer] INFO  c.n.e.r.AbstractInstanceRegistry - Running the evict task with compensationTime 0ms
2023-08-30 19:32:04.996 [Eureka-EvictionTimer] INFO  c.n.e.r.AbstractInstanceRegistry - Running the evict task with compensationTime 0ms
2023-08-30 19:32:09.996 [Eureka-EvictionTimer] INFO  c.n.e.r.AbstractInstanceRegistry - Running the evict task with compensationTime 0ms
2023-08-30 19:32:14.996 [Eureka-EvictionTimer] INFO  c.n.e.r.AbstractInstanceRegistry - Running the evict task with compensationTime 0ms
2023-08-30 19:32:19.996 [Eureka-EvictionTimer] INFO  c.n.e.r.AbstractInstanceRegistry - Running the evict task with compensationTime 0ms
2023-08-30 19:32:24.996 [Eureka-EvictionTimer] INFO  c.n.e.r.AbstractInstanceRegistry - Running the evict task with compensationTime 0ms
2023-08-30 19:32:29.996 [Eureka-EvictionTimer] INFO  c.n.e.r.AbstractInstanceRegistry - Running the evict task with compensationTime 0ms
2023-08-30 19:32:34.996 [Eureka-EvictionTimer] INFO  c.n.e.r.AbstractInstanceRegistry - Running the evict task with compensationTime 0ms
2023-08-30 19:32:39.996 [Eureka-EvictionTimer] INFO  c.n.e.r.AbstractInstanceRegistry - Running the evict task with compensationTime 0ms
2023-08-30 19:32:44.996 [Eureka-EvictionTimer] INFO  c.n.e.r.AbstractInstanceRegistry - Running the evict task with compensationTime 0ms
2023-08-30 19:32:49.996 [Eureka-EvictionTimer] INFO  c.n.e.r.AbstractInstanceRegistry - Running the evict task with compensationTime 0ms
2023-08-30 19:32:54.996 [Eureka-EvictionTimer] INFO  c.n.e.r.AbstractInstanceRegistry - Running the evict task with compensationTime 0ms
2023-08-30 19:32:59.996 [Eureka-EvictionTimer] INFO  c.n.e.r.AbstractInstanceRegistry - Running the evict task with compensationTime 0ms
2023-08-30 19:33:04.996 [Eureka-EvictionTimer] INFO  c.n.e.r.AbstractInstanceRegistry - Running the evict task with compensationTime 0ms
2023-08-30 19:33:09.996 [Eureka-EvictionTimer] INFO  c.n.e.r.AbstractInstanceRegistry - Running the evict task with compensationTime 0ms
2023-08-30 19:33:14.996 [Eureka-EvictionTimer] INFO  c.n.e.r.AbstractInstanceRegistry - Running the evict task with compensationTime 0ms
2023-08-30 19:33:19.996 [Eureka-EvictionTimer] INFO  c.n.e.r.AbstractInstanceRegistry - Running the evict task with compensationTime 0ms
2023-08-30 19:33:24.996 [Eureka-EvictionTimer] INFO  c.n.e.r.AbstractInstanceRegistry - Running the evict task with compensationTime 0ms
2023-08-30 19:33:29.996 [Eureka-EvictionTimer] INFO  c.n.e.r.AbstractInstanceRegistry - Running the evict task with compensationTime 0ms
2023-08-30 19:33:34.996 [Eureka-EvictionTimer] INFO  c.n.e.r.AbstractInstanceRegistry - Running the evict task with compensationTime 0ms
2023-08-30 19:33:39.996 [Eureka-EvictionTimer] INFO  c.n.e.r.AbstractInstanceRegistry - Running the evict task with compensationTime 0ms
2023-08-30 19:33:44.996 [Eureka-EvictionTimer] INFO  c.n.e.r.AbstractInstanceRegistry - Running the evict task with compensationTime 0ms
2023-08-30 19:33:49.996 [Eureka-EvictionTimer] INFO  c.n.e.r.AbstractInstanceRegistry - Running the evict task with compensationTime 0ms
2023-08-30 19:33:54.996 [Eureka-EvictionTimer] INFO  c.n.e.r.AbstractInstanceRegistry - Running the evict task with compensationTime 0ms
2023-08-30 19:33:59.996 [Eureka-EvictionTimer] INFO  c.n.e.r.AbstractInstanceRegistry - Running the evict task with compensationTime 0ms
2023-08-30 19:34:04.996 [Eureka-EvictionTimer] INFO  c.n.e.r.AbstractInstanceRegistry - Running the evict task with compensationTime 0ms
2023-08-30 19:34:09.996 [Eureka-EvictionTimer] INFO  c.n.e.r.AbstractInstanceRegistry - Running the evict task with compensationTime 0ms
2023-08-30 19:34:14.996 [Eureka-EvictionTimer] INFO  c.n.e.r.AbstractInstanceRegistry - Running the evict task with compensationTime 0ms
2023-08-30 19:34:19.996 [Eureka-EvictionTimer] INFO  c.n.e.r.AbstractInstanceRegistry - Running the evict task with compensationTime 0ms
2023-08-30 19:34:24.996 [Eureka-EvictionTimer] INFO  c.n.e.r.AbstractInstanceRegistry - Running the evict task with compensationTime 0ms
2023-08-30 19:34:29.996 [Eureka-EvictionTimer] INFO  c.n.e.r.AbstractInstanceRegistry - Running the evict task with compensationTime 0ms
2023-08-30 19:34:34.996 [Eureka-EvictionTimer] INFO  c.n.e.r.AbstractInstanceRegistry - Running the evict task with compensationTime 0ms
2023-08-30 19:34:39.996 [Eureka-EvictionTimer] INFO  c.n.e.r.AbstractInstanceRegistry - Running the evict task with compensationTime 0ms
2023-08-30 19:34:44.996 [Eureka-EvictionTimer] INFO  c.n.e.r.AbstractInstanceRegistry - Running the evict task with compensationTime 0ms
2023-08-30 19:34:49.996 [Eureka-EvictionTimer] INFO  c.n.e.r.AbstractInstanceRegistry - Running the evict task with compensationTime 0ms
2023-08-30 19:34:54.996 [Eureka-EvictionTimer] INFO  c.n.e.r.AbstractInstanceRegistry - Running the evict task with compensationTime 0ms
2023-08-30 19:34:59.996 [Eureka-EvictionTimer] INFO  c.n.e.r.AbstractInstanceRegistry - Running the evict task with compensationTime 0ms
2023-08-30 19:35:04.996 [Eureka-EvictionTimer] INFO  c.n.e.r.AbstractInstanceRegistry - Running the evict task with compensationTime 0ms
2023-08-30 19:35:09.996 [Eureka-EvictionTimer] INFO  c.n.e.r.AbstractInstanceRegistry - Running the evict task with compensationTime 0ms
2023-08-30 19:35:14.996 [Eureka-EvictionTimer] INFO  c.n.e.r.AbstractInstanceRegistry - Running the evict task with compensationTime 0ms
2023-08-30 19:35:19.996 [Eureka-EvictionTimer] INFO  c.n.e.r.AbstractInstanceRegistry - Running the evict task with compensationTime 0ms
2023-08-30 19:35:24.996 [Eureka-EvictionTimer] INFO  c.n.e.r.AbstractInstanceRegistry - Running the evict task with compensationTime 0ms
2023-08-30 19:35:29.996 [Eureka-EvictionTimer] INFO  c.n.e.r.AbstractInstanceRegistry - Running the evict task with compensationTime 0ms
2023-08-30 19:35:34.996 [Eureka-EvictionTimer] INFO  c.n.e.r.AbstractInstanceRegistry - Running the evict task with compensationTime 0ms
2023-08-30 19:35:39.996 [Eureka-EvictionTimer] INFO  c.n.e.r.AbstractInstanceRegistry - Running the evict task with compensationTime 0ms
2023-08-30 19:35:44.996 [Eureka-EvictionTimer] INFO  c.n.e.r.AbstractInstanceRegistry - Running the evict task with compensationTime 0ms
2023-08-30 19:35:49.996 [Eureka-EvictionTimer] INFO  c.n.e.r.AbstractInstanceRegistry - Running the evict task with compensationTime 0ms
2023-08-30 19:35:54.996 [Eureka-EvictionTimer] INFO  c.n.e.r.AbstractInstanceRegistry - Running the evict task with compensationTime 0ms
2023-08-30 19:35:59.996 [Eureka-EvictionTimer] INFO  c.n.e.r.AbstractInstanceRegistry - Running the evict task with compensationTime 0ms
2023-08-30 19:36:04.996 [Eureka-EvictionTimer] INFO  c.n.e.r.AbstractInstanceRegistry - Running the evict task with compensationTime 0ms
2023-08-30 19:36:09.996 [Eureka-EvictionTimer] INFO  c.n.e.r.AbstractInstanceRegistry - Running the evict task with compensationTime 0ms
2023-08-30 19:36:14.996 [Eureka-EvictionTimer] INFO  c.n.e.r.AbstractInstanceRegistry - Running the evict task with compensationTime 0ms
2023-08-30 19:36:19.996 [Eureka-EvictionTimer] INFO  c.n.e.r.AbstractInstanceRegistry - Running the evict task with compensationTime 0ms
2023-08-30 19:36:24.996 [Eureka-EvictionTimer] INFO  c.n.e.r.AbstractInstanceRegistry - Running the evict task with compensationTime 0ms
2023-08-30 19:36:29.996 [Eureka-EvictionTimer] INFO  c.n.e.r.AbstractInstanceRegistry - Running the evict task with compensationTime 0ms
2023-08-30 19:36:34.996 [Eureka-EvictionTimer] INFO  c.n.e.r.AbstractInstanceRegistry - Running the evict task with compensationTime 0ms
2023-08-30 19:36:39.996 [Eureka-EvictionTimer] INFO  c.n.e.r.AbstractInstanceRegistry - Running the evict task with compensationTime 0ms
2023-08-30 19:36:44.996 [Eureka-EvictionTimer] INFO  c.n.e.r.AbstractInstanceRegistry - Running the evict task with compensationTime 0ms
2023-08-30 19:36:49.996 [Eureka-EvictionTimer] INFO  c.n.e.r.AbstractInstanceRegistry - Running the evict task with compensationTime 0ms
2023-08-30 19:36:54.996 [Eureka-EvictionTimer] INFO  c.n.e.r.AbstractInstanceRegistry - Running the evict task with compensationTime 0ms
2023-08-30 19:36:59.996 [Eureka-EvictionTimer] INFO  c.n.e.r.AbstractInstanceRegistry - Running the evict task with compensationTime 0ms
2023-08-30 19:37:04.996 [Eureka-EvictionTimer] INFO  c.n.e.r.AbstractInstanceRegistry - Running the evict task with compensationTime 0ms
2023-08-30 19:37:09.996 [Eureka-EvictionTimer] INFO  c.n.e.r.AbstractInstanceRegistry - Running the evict task with compensationTime 0ms
2023-08-30 19:37:14.996 [Eureka-EvictionTimer] INFO  c.n.e.r.AbstractInstanceRegistry - Running the evict task with compensationTime 0ms
2023-08-30 19:37:19.996 [Eureka-EvictionTimer] INFO  c.n.e.r.AbstractInstanceRegistry - Running the evict task with compensationTime 0ms
2023-08-30 19:37:24.996 [Eureka-EvictionTimer] INFO  c.n.e.r.AbstractInstanceRegistry - Running the evict task with compensationTime 0ms
2023-08-30 19:37:29.996 [Eureka-EvictionTimer] INFO  c.n.e.r.AbstractInstanceRegistry - Running the evict task with compensationTime 0ms
2023-08-30 19:37:34.996 [Eureka-EvictionTimer] INFO  c.n.e.r.AbstractInstanceRegistry - Running the evict task with compensationTime 0ms
2023-08-30 19:37:39.996 [Eureka-EvictionTimer] INFO  c.n.e.r.AbstractInstanceRegistry - Running the evict task with compensationTime 0ms
2023-08-30 19:37:44.996 [Eureka-EvictionTimer] INFO  c.n.e.r.AbstractInstanceRegistry - Running the evict task with compensationTime 0ms
2023-08-30 19:37:49.996 [Eureka-EvictionTimer] INFO  c.n.e.r.AbstractInstanceRegistry - Running the evict task with compensationTime 0ms
2023-08-30 19:37:54.996 [Eureka-EvictionTimer] INFO  c.n.e.r.AbstractInstanceRegistry - Running the evict task with compensationTime 0ms
2023-08-30 19:37:59.996 [Eureka-EvictionTimer] INFO  c.n.e.r.AbstractInstanceRegistry - Running the evict task with compensationTime 0ms
2023-08-30 19:38:04.996 [Eureka-EvictionTimer] INFO  c.n.e.r.AbstractInstanceRegistry - Running the evict task with compensationTime 0ms
2023-08-30 19:38:09.996 [Eureka-EvictionTimer] INFO  c.n.e.r.AbstractInstanceRegistry - Running the evict task with compensationTime 0ms
2023-08-30 19:38:14.996 [Eureka-EvictionTimer] INFO  c.n.e.r.AbstractInstanceRegistry - Running the evict task with compensationTime 0ms
2023-08-30 19:38:19.996 [Eureka-EvictionTimer] INFO  c.n.e.r.AbstractInstanceRegistry - Running the evict task with compensationTime 0ms
2023-08-30 19:38:24.996 [Eureka-EvictionTimer] INFO  c.n.e.r.AbstractInstanceRegistry - Running the evict task with compensationTime 0ms
2023-08-30 19:38:29.996 [Eureka-EvictionTimer] INFO  c.n.e.r.AbstractInstanceRegistry - Running the evict task with compensationTime 0ms
2023-08-30 19:38:34.996 [Eureka-EvictionTimer] INFO  c.n.e.r.AbstractInstanceRegistry - Running the evict task with compensationTime 0ms
2023-08-30 19:38:39.996 [Eureka-EvictionTimer] INFO  c.n.e.r.AbstractInstanceRegistry - Running the evict task with compensationTime 0ms
2023-08-30 19:38:44.996 [Eureka-EvictionTimer] INFO  c.n.e.r.AbstractInstanceRegistry - Running the evict task with compensationTime 0ms
2023-08-30 19:38:49.996 [Eureka-EvictionTimer] INFO  c.n.e.r.AbstractInstanceRegistry - Running the evict task with compensationTime 0ms
2023-08-30 19:38:54.996 [Eureka-EvictionTimer] INFO  c.n.e.r.AbstractInstanceRegistry - Running the evict task with compensationTime 0ms
2023-08-30 19:38:59.996 [Eureka-EvictionTimer] INFO  c.n.e.r.AbstractInstanceRegistry - Running the evict task with compensationTime 0ms
2023-08-30 19:39:04.996 [Eureka-EvictionTimer] INFO  c.n.e.r.AbstractInstanceRegistry - Running the evict task with compensationTime 0ms
2023-08-30 19:39:09.996 [Eureka-EvictionTimer] INFO  c.n.e.r.AbstractInstanceRegistry - Running the evict task with compensationTime 0ms
2023-08-30 19:39:14.996 [Eureka-EvictionTimer] INFO  c.n.e.r.AbstractInstanceRegistry - Running the evict task with compensationTime 0ms
2023-08-30 19:39:19.996 [Eureka-EvictionTimer] INFO  c.n.e.r.AbstractInstanceRegistry - Running the evict task with compensationTime 0ms
2023-08-30 19:39:24.996 [Eureka-EvictionTimer] INFO  c.n.e.r.AbstractInstanceRegistry - Running the evict task with compensationTime 0ms
2023-08-30 19:39:29.996 [Eureka-EvictionTimer] INFO  c.n.e.r.AbstractInstanceRegistry - Running the evict task with compensationTime 0ms
2023-08-30 19:39:34.996 [Eureka-EvictionTimer] INFO  c.n.e.r.AbstractInstanceRegistry - Running the evict task with compensationTime 0ms
2023-08-30 19:39:39.996 [Eureka-EvictionTimer] INFO  c.n.e.r.AbstractInstanceRegistry - Running the evict task with compensationTime 0ms
2023-08-30 19:39:44.996 [Eureka-EvictionTimer] INFO  c.n.e.r.AbstractInstanceRegistry - Running the evict task with compensationTime 0ms
2023-08-30 19:39:49.996 [Eureka-EvictionTimer] INFO  c.n.e.r.AbstractInstanceRegistry - Running the evict task with compensationTime 0ms
2023-08-30 19:39:54.996 [Eureka-EvictionTimer] INFO  c.n.e.r.AbstractInstanceRegistry - Running the evict task with compensationTime 0ms
2023-08-30 19:39:59.996 [Eureka-EvictionTimer] INFO  c.n.e.r.AbstractInstanceRegistry - Running the evict task with compensationTime 0ms
2023-08-30 19:40:04.996 [Eureka-EvictionTimer] INFO  c.n.e.r.AbstractInstanceRegistry - Running the evict task with compensationTime 0ms
2023-08-30 19:40:09.996 [Eureka-EvictionTimer] INFO  c.n.e.r.AbstractInstanceRegistry - Running the evict task with compensationTime 0ms
2023-08-30 19:40:14.996 [Eureka-EvictionTimer] INFO  c.n.e.r.AbstractInstanceRegistry - Running the evict task with compensationTime 0ms
2023-08-30 19:40:19.996 [Eureka-EvictionTimer] INFO  c.n.e.r.AbstractInstanceRegistry - Running the evict task with compensationTime 0ms
2023-08-30 19:40:24.996 [Eureka-EvictionTimer] INFO  c.n.e.r.AbstractInstanceRegistry - Running the evict task with compensationTime 0ms
2023-08-30 19:40:29.996 [Eureka-EvictionTimer] INFO  c.n.e.r.AbstractInstanceRegistry - Running the evict task with compensationTime 0ms
2023-08-30 19:40:34.996 [Eureka-EvictionTimer] INFO  c.n.e.r.AbstractInstanceRegistry - Running the evict task with compensationTime 0ms
2023-08-30 19:40:39.996 [Eureka-EvictionTimer] INFO  c.n.e.r.AbstractInstanceRegistry - Running the evict task with compensationTime 0ms
2023-08-30 19:40:44.996 [Eureka-EvictionTimer] INFO  c.n.e.r.AbstractInstanceRegistry - Running the evict task with compensationTime 0ms
2023-08-30 19:40:49.996 [Eureka-EvictionTimer] INFO  c.n.e.r.AbstractInstanceRegistry - Running the evict task with compensationTime 0ms
2023-08-30 19:40:54.996 [Eureka-EvictionTimer] INFO  c.n.e.r.AbstractInstanceRegistry - Running the evict task with compensationTime 0ms
2023-08-30 19:40:59.996 [Eureka-EvictionTimer] INFO  c.n.e.r.AbstractInstanceRegistry - Running the evict task with compensationTime 0ms
2023-08-30 19:41:04.996 [Eureka-EvictionTimer] INFO  c.n.e.r.AbstractInstanceRegistry - Running the evict task with compensationTime 0ms
2023-08-30 19:41:09.996 [Eureka-EvictionTimer] INFO  c.n.e.r.AbstractInstanceRegistry - Running the evict task with compensationTime 0ms
2023-08-30 19:41:14.996 [Eureka-EvictionTimer] INFO  c.n.e.r.AbstractInstanceRegistry - Running the evict task with compensationTime 0ms
2023-08-30 19:41:19.996 [Eureka-EvictionTimer] INFO  c.n.e.r.AbstractInstanceRegistry - Running the evict task with compensationTime 0ms
2023-08-30 19:41:24.996 [Eureka-EvictionTimer] INFO  c.n.e.r.AbstractInstanceRegistry - Running the evict task with compensationTime 0ms
2023-08-30 19:41:29.996 [Eureka-EvictionTimer] INFO  c.n.e.r.AbstractInstanceRegistry - Running the evict task with compensationTime 0ms
2023-08-30 19:41:34.996 [Eureka-EvictionTimer] INFO  c.n.e.r.AbstractInstanceRegistry - Running the evict task with compensationTime 0ms
2023-08-30 19:41:39.996 [Eureka-EvictionTimer] INFO  c.n.e.r.AbstractInstanceRegistry - Running the evict task with compensationTime 0ms
2023-08-30 19:41:44.996 [Eureka-EvictionTimer] INFO  c.n.e.r.AbstractInstanceRegistry - Running the evict task with compensationTime 0ms
2023-08-30 19:41:49.996 [Eureka-EvictionTimer] INFO  c.n.e.r.AbstractInstanceRegistry - Running the evict task with compensationTime 0ms
2023-08-30 19:41:54.996 [Eureka-EvictionTimer] INFO  c.n.e.r.AbstractInstanceRegistry - Running the evict task with compensationTime 0ms
2023-08-30 19:41:59.996 [Eureka-EvictionTimer] INFO  c.n.e.r.AbstractInstanceRegistry - Running the evict task with compensationTime 0ms
2023-08-30 19:42:04.996 [Eureka-EvictionTimer] INFO  c.n.e.r.AbstractInstanceRegistry - Running the evict task with compensationTime 0ms
2023-08-30 19:42:09.996 [Eureka-EvictionTimer] INFO  c.n.e.r.AbstractInstanceRegistry - Running the evict task with compensationTime 0ms
2023-08-30 19:42:14.996 [Eureka-EvictionTimer] INFO  c.n.e.r.AbstractInstanceRegistry - Running the evict task with compensationTime 0ms
2023-08-30 19:42:19.996 [Eureka-EvictionTimer] INFO  c.n.e.r.AbstractInstanceRegistry - Running the evict task with compensationTime 0ms
2023-08-30 19:42:24.996 [Eureka-EvictionTimer] INFO  c.n.e.r.AbstractInstanceRegistry - Running the evict task with compensationTime 0ms
2023-08-30 19:42:29.996 [Eureka-EvictionTimer] INFO  c.n.e.r.AbstractInstanceRegistry - Running the evict task with compensationTime 0ms
2023-08-30 19:42:34.996 [Eureka-EvictionTimer] INFO  c.n.e.r.AbstractInstanceRegistry - Running the evict task with compensationTime 0ms
2023-08-30 19:42:39.996 [Eureka-EvictionTimer] INFO  c.n.e.r.AbstractInstanceRegistry - Running the evict task with compensationTime 0ms
2023-08-30 19:42:44.996 [Eureka-EvictionTimer] INFO  c.n.e.r.AbstractInstanceRegistry - Running the evict task with compensationTime 0ms
2023-08-30 19:42:49.996 [Eureka-EvictionTimer] INFO  c.n.e.r.AbstractInstanceRegistry - Running the evict task with compensationTime 0ms
2023-08-30 19:42:54.996 [Eureka-EvictionTimer] INFO  c.n.e.r.AbstractInstanceRegistry - Running the evict task with compensationTime 0ms
2023-08-30 19:42:59.996 [Eureka-EvictionTimer] INFO  c.n.e.r.AbstractInstanceRegistry - Running the evict task with compensationTime 0ms
2023-08-30 19:43:04.996 [Eureka-EvictionTimer] INFO  c.n.e.r.AbstractInstanceRegistry - Running the evict task with compensationTime 0ms
2023-08-30 19:43:09.996 [Eureka-EvictionTimer] INFO  c.n.e.r.AbstractInstanceRegistry - Running the evict task with compensationTime 0ms
2023-08-30 19:43:14.996 [Eureka-EvictionTimer] INFO  c.n.e.r.AbstractInstanceRegistry - Running the evict task with compensationTime 0ms
2023-08-30 19:43:19.996 [Eureka-EvictionTimer] INFO  c.n.e.r.AbstractInstanceRegistry - Running the evict task with compensationTime 0ms
2023-08-30 19:43:24.996 [Eureka-EvictionTimer] INFO  c.n.e.r.AbstractInstanceRegistry - Running the evict task with compensationTime 0ms
2023-08-30 19:43:29.996 [Eureka-EvictionTimer] INFO  c.n.e.r.AbstractInstanceRegistry - Running the evict task with compensationTime 0ms
2023-08-30 19:43:34.996 [Eureka-EvictionTimer] INFO  c.n.e.r.AbstractInstanceRegistry - Running the evict task with compensationTime 0ms
2023-08-30 19:43:39.996 [Eureka-EvictionTimer] INFO  c.n.e.r.AbstractInstanceRegistry - Running the evict task with compensationTime 0ms
2023-08-30 19:43:44.996 [Eureka-EvictionTimer] INFO  c.n.e.r.AbstractInstanceRegistry - Running the evict task with compensationTime 0ms
2023-08-30 19:43:49.996 [Eureka-EvictionTimer] INFO  c.n.e.r.AbstractInstanceRegistry - Running the evict task with compensationTime 0ms
2023-08-30 19:43:54.996 [Eureka-EvictionTimer] INFO  c.n.e.r.AbstractInstanceRegistry - Running the evict task with compensationTime 0ms
2023-08-30 19:43:59.996 [Eureka-EvictionTimer] INFO  c.n.e.r.AbstractInstanceRegistry - Running the evict task with compensationTime 0ms
2023-08-30 19:44:04.996 [Eureka-EvictionTimer] INFO  c.n.e.r.AbstractInstanceRegistry - Running the evict task with compensationTime 0ms
2023-08-30 19:44:09.996 [Eureka-EvictionTimer] INFO  c.n.e.r.AbstractInstanceRegistry - Running the evict task with compensationTime 0ms
2023-08-30 19:44:14.996 [Eureka-EvictionTimer] INFO  c.n.e.r.AbstractInstanceRegistry - Running the evict task with compensationTime 0ms
2023-08-30 19:44:19.996 [Eureka-EvictionTimer] INFO  c.n.e.r.AbstractInstanceRegistry - Running the evict task with compensationTime 0ms
2023-08-30 19:44:24.996 [Eureka-EvictionTimer] INFO  c.n.e.r.AbstractInstanceRegistry - Running the evict task with compensationTime 0ms
2023-08-30 19:44:29.996 [Eureka-EvictionTimer] INFO  c.n.e.r.AbstractInstanceRegistry - Running the evict task with compensationTime 0ms
2023-08-30 19:44:34.996 [Eureka-EvictionTimer] INFO  c.n.e.r.AbstractInstanceRegistry - Running the evict task with compensationTime 0ms
2023-08-30 19:44:39.996 [Eureka-EvictionTimer] INFO  c.n.e.r.AbstractInstanceRegistry - Running the evict task with compensationTime 0ms
2023-08-30 19:44:44.996 [Eureka-EvictionTimer] INFO  c.n.e.r.AbstractInstanceRegistry - Running the evict task with compensationTime 0ms
2023-08-30 19:44:49.996 [Eureka-EvictionTimer] INFO  c.n.e.r.AbstractInstanceRegistry - Running the evict task with compensationTime 0ms
2023-08-30 19:44:54.996 [Eureka-EvictionTimer] INFO  c.n.e.r.AbstractInstanceRegistry - Running the evict task with compensationTime 0ms
2023-08-30 19:44:59.996 [Eureka-EvictionTimer] INFO  c.n.e.r.AbstractInstanceRegistry - Running the evict task with compensationTime 0ms
2023-08-30 19:45:04.996 [Eureka-EvictionTimer] INFO  c.n.e.r.AbstractInstanceRegistry - Running the evict task with compensationTime 0ms
2023-08-30 19:45:09.996 [Eureka-EvictionTimer] INFO  c.n.e.r.AbstractInstanceRegistry - Running the evict task with compensationTime 0ms
2023-08-30 19:45:14.996 [Eureka-EvictionTimer] INFO  c.n.e.r.AbstractInstanceRegistry - Running the evict task with compensationTime 0ms
2023-08-30 19:45:19.996 [Eureka-EvictionTimer] INFO  c.n.e.r.AbstractInstanceRegistry - Running the evict task with compensationTime 0ms
2023-08-30 19:45:24.996 [Eureka-EvictionTimer] INFO  c.n.e.r.AbstractInstanceRegistry - Running the evict task with compensationTime 0ms
2023-08-30 19:45:29.996 [Eureka-EvictionTimer] INFO  c.n.e.r.AbstractInstanceRegistry - Running the evict task with compensationTime 0ms
2023-08-30 19:45:34.996 [Eureka-EvictionTimer] INFO  c.n.e.r.AbstractInstanceRegistry - Running the evict task with compensationTime 0ms
2023-08-30 19:45:39.996 [Eureka-EvictionTimer] INFO  c.n.e.r.AbstractInstanceRegistry - Running the evict task with compensationTime 0ms
2023-08-30 19:45:44.996 [Eureka-EvictionTimer] INFO  c.n.e.r.AbstractInstanceRegistry - Running the evict task with compensationTime 0ms
2023-08-30 19:45:49.996 [Eureka-EvictionTimer] INFO  c.n.e.r.AbstractInstanceRegistry - Running the evict task with compensationTime 0ms
2023-08-30 19:45:54.859 [ReplicaAwareInstanceRegistry - RenewalThresholdUpdater] INFO  c.n.e.r.PeerAwareInstanceRegistryImpl - Current renewal threshold is : 0
2023-08-30 19:45:54.996 [Eureka-EvictionTimer] INFO  c.n.e.r.AbstractInstanceRegistry - Running the evict task with compensationTime 0ms
2023-08-30 19:45:59.996 [Eureka-EvictionTimer] INFO  c.n.e.r.AbstractInstanceRegistry - Running the evict task with compensationTime 0ms
2023-08-30 19:46:04.996 [Eureka-EvictionTimer] INFO  c.n.e.r.AbstractInstanceRegistry - Running the evict task with compensationTime 0ms
2023-08-30 19:46:09.996 [Eureka-EvictionTimer] INFO  c.n.e.r.AbstractInstanceRegistry - Running the evict task with compensationTime 0ms
2023-08-30 19:46:14.996 [Eureka-EvictionTimer] INFO  c.n.e.r.AbstractInstanceRegistry - Running the evict task with compensationTime 0ms
2023-08-30 19:46:19.996 [Eureka-EvictionTimer] INFO  c.n.e.r.AbstractInstanceRegistry - Running the evict task with compensationTime 0ms
2023-08-30 19:46:24.996 [Eureka-EvictionTimer] INFO  c.n.e.r.AbstractInstanceRegistry - Running the evict task with compensationTime 0ms
2023-08-30 19:46:29.996 [Eureka-EvictionTimer] INFO  c.n.e.r.AbstractInstanceRegistry - Running the evict task with compensationTime 0ms
2023-08-30 19:46:34.996 [Eureka-EvictionTimer] INFO  c.n.e.r.AbstractInstanceRegistry - Running the evict task with compensationTime 0ms
2023-08-30 19:46:39.996 [Eureka-EvictionTimer] INFO  c.n.e.r.AbstractInstanceRegistry - Running the evict task with compensationTime 0ms
2023-08-30 19:46:44.996 [Eureka-EvictionTimer] INFO  c.n.e.r.AbstractInstanceRegistry - Running the evict task with compensationTime 0ms
2023-08-30 19:46:49.996 [Eureka-EvictionTimer] INFO  c.n.e.r.AbstractInstanceRegistry - Running the evict task with compensationTime 0ms
2023-08-30 19:46:54.996 [Eureka-EvictionTimer] INFO  c.n.e.r.AbstractInstanceRegistry - Running the evict task with compensationTime 0ms
2023-08-30 19:46:59.996 [Eureka-EvictionTimer] INFO  c.n.e.r.AbstractInstanceRegistry - Running the evict task with compensationTime 0ms
2023-08-30 19:47:04.996 [Eureka-EvictionTimer] INFO  c.n.e.r.AbstractInstanceRegistry - Running the evict task with compensationTime 0ms
2023-08-30 19:47:09.996 [Eureka-EvictionTimer] INFO  c.n.e.r.AbstractInstanceRegistry - Running the evict task with compensationTime 0ms
2023-08-30 19:47:14.996 [Eureka-EvictionTimer] INFO  c.n.e.r.AbstractInstanceRegistry - Running the evict task with compensationTime 0ms
2023-08-30 19:47:19.996 [Eureka-EvictionTimer] INFO  c.n.e.r.AbstractInstanceRegistry - Running the evict task with compensationTime 0ms
2023-08-30 19:47:24.996 [Eureka-EvictionTimer] INFO  c.n.e.r.AbstractInstanceRegistry - Running the evict task with compensationTime 0ms
2023-08-30 19:47:29.996 [Eureka-EvictionTimer] INFO  c.n.e.r.AbstractInstanceRegistry - Running the evict task with compensationTime 0ms
2023-08-30 19:47:34.996 [Eureka-EvictionTimer] INFO  c.n.e.r.AbstractInstanceRegistry - Running the evict task with compensationTime 0ms
2023-08-30 19:47:39.996 [Eureka-EvictionTimer] INFO  c.n.e.r.AbstractInstanceRegistry - Running the evict task with compensationTime 0ms
2023-08-30 19:47:44.996 [Eureka-EvictionTimer] INFO  c.n.e.r.AbstractInstanceRegistry - Running the evict task with compensationTime 0ms
2023-08-30 19:47:49.996 [Eureka-EvictionTimer] INFO  c.n.e.r.AbstractInstanceRegistry - Running the evict task with compensationTime 0ms
2023-08-30 19:47:54.996 [Eureka-EvictionTimer] INFO  c.n.e.r.AbstractInstanceRegistry - Running the evict task with compensationTime 0ms
2023-08-30 19:47:59.996 [Eureka-EvictionTimer] INFO  c.n.e.r.AbstractInstanceRegistry - Running the evict task with compensationTime 0ms
2023-08-30 19:48:04.996 [Eureka-EvictionTimer] INFO  c.n.e.r.AbstractInstanceRegistry - Running the evict task with compensationTime 0ms
2023-08-30 19:48:09.996 [Eureka-EvictionTimer] INFO  c.n.e.r.AbstractInstanceRegistry - Running the evict task with compensationTime 0ms
2023-08-30 19:48:14.996 [Eureka-EvictionTimer] INFO  c.n.e.r.AbstractInstanceRegistry - Running the evict task with compensationTime 0ms
2023-08-30 19:48:19.996 [Eureka-EvictionTimer] INFO  c.n.e.r.AbstractInstanceRegistry - Running the evict task with compensationTime 0ms
2023-08-30 19:48:24.996 [Eureka-EvictionTimer] INFO  c.n.e.r.AbstractInstanceRegistry - Running the evict task with compensationTime 0ms
2023-08-30 19:48:29.996 [Eureka-EvictionTimer] INFO  c.n.e.r.AbstractInstanceRegistry - Running the evict task with compensationTime 0ms
2023-08-30 19:48:34.996 [Eureka-EvictionTimer] INFO  c.n.e.r.AbstractInstanceRegistry - Running the evict task with compensationTime 0ms
2023-08-30 19:48:39.996 [Eureka-EvictionTimer] INFO  c.n.e.r.AbstractInstanceRegistry - Running the evict task with compensationTime 0ms
2023-08-30 19:48:44.996 [Eureka-EvictionTimer] INFO  c.n.e.r.AbstractInstanceRegistry - Running the evict task with compensationTime 0ms
2023-08-30 19:48:49.996 [Eureka-EvictionTimer] INFO  c.n.e.r.AbstractInstanceRegistry - Running the evict task with compensationTime 0ms
2023-08-30 19:48:54.996 [Eureka-EvictionTimer] INFO  c.n.e.r.AbstractInstanceRegistry - Running the evict task with compensationTime 0ms
2023-08-30 19:48:59.996 [Eureka-EvictionTimer] INFO  c.n.e.r.AbstractInstanceRegistry - Running the evict task with compensationTime 0ms
2023-08-30 19:49:04.996 [Eureka-EvictionTimer] INFO  c.n.e.r.AbstractInstanceRegistry - Running the evict task with compensationTime 0ms
2023-08-30 19:49:09.996 [Eureka-EvictionTimer] INFO  c.n.e.r.AbstractInstanceRegistry - Running the evict task with compensationTime 0ms
2023-08-30 19:49:14.996 [Eureka-EvictionTimer] INFO  c.n.e.r.AbstractInstanceRegistry - Running the evict task with compensationTime 0ms
2023-08-30 19:49:19.996 [Eureka-EvictionTimer] INFO  c.n.e.r.AbstractInstanceRegistry - Running the evict task with compensationTime 0ms
2023-08-30 19:49:24.996 [Eureka-EvictionTimer] INFO  c.n.e.r.AbstractInstanceRegistry - Running the evict task with compensationTime 0ms
2023-08-30 19:49:29.996 [Eureka-EvictionTimer] INFO  c.n.e.r.AbstractInstanceRegistry - Running the evict task with compensationTime 0ms
2023-08-30 19:49:34.996 [Eureka-EvictionTimer] INFO  c.n.e.r.AbstractInstanceRegistry - Running the evict task with compensationTime 0ms
2023-08-30 19:49:39.996 [Eureka-EvictionTimer] INFO  c.n.e.r.AbstractInstanceRegistry - Running the evict task with compensationTime 0ms
2023-08-30 19:49:44.996 [Eureka-EvictionTimer] INFO  c.n.e.r.AbstractInstanceRegistry - Running the evict task with compensationTime 0ms
2023-08-30 19:49:49.996 [Eureka-EvictionTimer] INFO  c.n.e.r.AbstractInstanceRegistry - Running the evict task with compensationTime 0ms
2023-08-30 19:49:54.996 [Eureka-EvictionTimer] INFO  c.n.e.r.AbstractInstanceRegistry - Running the evict task with compensationTime 0ms
2023-08-30 19:49:59.996 [Eureka-EvictionTimer] INFO  c.n.e.r.AbstractInstanceRegistry - Running the evict task with compensationTime 0ms
2023-08-30 19:50:04.996 [Eureka-EvictionTimer] INFO  c.n.e.r.AbstractInstanceRegistry - Running the evict task with compensationTime 0ms
2023-08-30 19:50:09.996 [Eureka-EvictionTimer] INFO  c.n.e.r.AbstractInstanceRegistry - Running the evict task with compensationTime 0ms
2023-08-30 19:50:14.996 [Eureka-EvictionTimer] INFO  c.n.e.r.AbstractInstanceRegistry - Running the evict task with compensationTime 0ms
2023-08-30 19:50:19.996 [Eureka-EvictionTimer] INFO  c.n.e.r.AbstractInstanceRegistry - Running the evict task with compensationTime 0ms
2023-08-30 19:50:24.996 [Eureka-EvictionTimer] INFO  c.n.e.r.AbstractInstanceRegistry - Running the evict task with compensationTime 0ms
2023-08-30 19:50:29.996 [Eureka-EvictionTimer] INFO  c.n.e.r.AbstractInstanceRegistry - Running the evict task with compensationTime 0ms
2023-08-30 19:50:34.996 [Eureka-EvictionTimer] INFO  c.n.e.r.AbstractInstanceRegistry - Running the evict task with compensationTime 0ms
2023-08-30 19:50:39.996 [Eureka-EvictionTimer] INFO  c.n.e.r.AbstractInstanceRegistry - Running the evict task with compensationTime 0ms
2023-08-30 19:50:44.996 [Eureka-EvictionTimer] INFO  c.n.e.r.AbstractInstanceRegistry - Running the evict task with compensationTime 0ms
2023-08-30 19:50:49.996 [Eureka-EvictionTimer] INFO  c.n.e.r.AbstractInstanceRegistry - Running the evict task with compensationTime 0ms
2023-08-30 19:50:54.996 [Eureka-EvictionTimer] INFO  c.n.e.r.AbstractInstanceRegistry - Running the evict task with compensationTime 0ms
2023-08-30 19:50:59.996 [Eureka-EvictionTimer] INFO  c.n.e.r.AbstractInstanceRegistry - Running the evict task with compensationTime 0ms
2023-08-30 19:51:04.996 [Eureka-EvictionTimer] INFO  c.n.e.r.AbstractInstanceRegistry - Running the evict task with compensationTime 0ms
2023-08-30 19:51:09.996 [Eureka-EvictionTimer] INFO  c.n.e.r.AbstractInstanceRegistry - Running the evict task with compensationTime 0ms
2023-08-30 19:51:14.996 [Eureka-EvictionTimer] INFO  c.n.e.r.AbstractInstanceRegistry - Running the evict task with compensationTime 0ms
2023-08-30 19:51:19.996 [Eureka-EvictionTimer] INFO  c.n.e.r.AbstractInstanceRegistry - Running the evict task with compensationTime 0ms
2023-08-30 19:51:24.996 [Eureka-EvictionTimer] INFO  c.n.e.r.AbstractInstanceRegistry - Running the evict task with compensationTime 0ms
2023-08-30 19:51:29.996 [Eureka-EvictionTimer] INFO  c.n.e.r.AbstractInstanceRegistry - Running the evict task with compensationTime 0ms
2023-08-30 19:51:34.996 [Eureka-EvictionTimer] INFO  c.n.e.r.AbstractInstanceRegistry - Running the evict task with compensationTime 0ms
2023-08-30 19:51:39.996 [Eureka-EvictionTimer] INFO  c.n.e.r.AbstractInstanceRegistry - Running the evict task with compensationTime 0ms
2023-08-30 19:51:44.996 [Eureka-EvictionTimer] INFO  c.n.e.r.AbstractInstanceRegistry - Running the evict task with compensationTime 0ms
2023-08-30 19:51:49.996 [Eureka-EvictionTimer] INFO  c.n.e.r.AbstractInstanceRegistry - Running the evict task with compensationTime 0ms
2023-08-30 19:51:54.996 [Eureka-EvictionTimer] INFO  c.n.e.r.AbstractInstanceRegistry - Running the evict task with compensationTime 0ms
2023-08-30 19:51:59.996 [Eureka-EvictionTimer] INFO  c.n.e.r.AbstractInstanceRegistry - Running the evict task with compensationTime 0ms
2023-08-30 19:52:04.996 [Eureka-EvictionTimer] INFO  c.n.e.r.AbstractInstanceRegistry - Running the evict task with compensationTime 0ms
2023-08-30 19:52:09.996 [Eureka-EvictionTimer] INFO  c.n.e.r.AbstractInstanceRegistry - Running the evict task with compensationTime 0ms
2023-08-30 19:52:14.996 [Eureka-EvictionTimer] INFO  c.n.e.r.AbstractInstanceRegistry - Running the evict task with compensationTime 0ms
2023-08-30 19:52:19.996 [Eureka-EvictionTimer] INFO  c.n.e.r.AbstractInstanceRegistry - Running the evict task with compensationTime 0ms
2023-08-30 19:52:24.996 [Eureka-EvictionTimer] INFO  c.n.e.r.AbstractInstanceRegistry - Running the evict task with compensationTime 0ms
2023-08-30 19:52:29.996 [Eureka-EvictionTimer] INFO  c.n.e.r.AbstractInstanceRegistry - Running the evict task with compensationTime 0ms
2023-08-30 19:52:34.996 [Eureka-EvictionTimer] INFO  c.n.e.r.AbstractInstanceRegistry - Running the evict task with compensationTime 0ms
2023-08-30 19:52:39.996 [Eureka-EvictionTimer] INFO  c.n.e.r.AbstractInstanceRegistry - Running the evict task with compensationTime 0ms
2023-08-30 19:52:44.996 [Eureka-EvictionTimer] INFO  c.n.e.r.AbstractInstanceRegistry - Running the evict task with compensationTime 0ms
2023-08-30 19:52:49.996 [Eureka-EvictionTimer] INFO  c.n.e.r.AbstractInstanceRegistry - Running the evict task with compensationTime 0ms
2023-08-30 19:52:54.996 [Eureka-EvictionTimer] INFO  c.n.e.r.AbstractInstanceRegistry - Running the evict task with compensationTime 0ms
2023-08-30 19:52:59.996 [Eureka-EvictionTimer] INFO  c.n.e.r.AbstractInstanceRegistry - Running the evict task with compensationTime 0ms
2023-08-30 19:53:04.996 [Eureka-EvictionTimer] INFO  c.n.e.r.AbstractInstanceRegistry - Running the evict task with compensationTime 0ms
2023-08-30 19:53:09.996 [Eureka-EvictionTimer] INFO  c.n.e.r.AbstractInstanceRegistry - Running the evict task with compensationTime 0ms
2023-08-30 19:53:14.996 [Eureka-EvictionTimer] INFO  c.n.e.r.AbstractInstanceRegistry - Running the evict task with compensationTime 0ms
2023-08-30 19:53:19.996 [Eureka-EvictionTimer] INFO  c.n.e.r.AbstractInstanceRegistry - Running the evict task with compensationTime 0ms
2023-08-30 19:53:24.996 [Eureka-EvictionTimer] INFO  c.n.e.r.AbstractInstanceRegistry - Running the evict task with compensationTime 0ms
2023-08-30 19:53:29.996 [Eureka-EvictionTimer] INFO  c.n.e.r.AbstractInstanceRegistry - Running the evict task with compensationTime 0ms
2023-08-30 19:53:34.996 [Eureka-EvictionTimer] INFO  c.n.e.r.AbstractInstanceRegistry - Running the evict task with compensationTime 0ms
2023-08-30 19:53:39.996 [Eureka-EvictionTimer] INFO  c.n.e.r.AbstractInstanceRegistry - Running the evict task with compensationTime 0ms
2023-08-30 19:53:44.996 [Eureka-EvictionTimer] INFO  c.n.e.r.AbstractInstanceRegistry - Running the evict task with compensationTime 0ms
2023-08-30 19:53:49.996 [Eureka-EvictionTimer] INFO  c.n.e.r.AbstractInstanceRegistry - Running the evict task with compensationTime 0ms
2023-08-30 19:53:54.996 [Eureka-EvictionTimer] INFO  c.n.e.r.AbstractInstanceRegistry - Running the evict task with compensationTime 0ms
2023-08-30 19:53:59.996 [Eureka-EvictionTimer] INFO  c.n.e.r.AbstractInstanceRegistry - Running the evict task with compensationTime 0ms
2023-08-30 19:54:04.996 [Eureka-EvictionTimer] INFO  c.n.e.r.AbstractInstanceRegistry - Running the evict task with compensationTime 0ms
2023-08-30 19:54:09.996 [Eureka-EvictionTimer] INFO  c.n.e.r.AbstractInstanceRegistry - Running the evict task with compensationTime 0ms
2023-08-30 19:54:14.996 [Eureka-EvictionTimer] INFO  c.n.e.r.AbstractInstanceRegistry - Running the evict task with compensationTime 0ms
2023-08-30 19:54:19.996 [Eureka-EvictionTimer] INFO  c.n.e.r.AbstractInstanceRegistry - Running the evict task with compensationTime 0ms
2023-08-30 19:54:24.996 [Eureka-EvictionTimer] INFO  c.n.e.r.AbstractInstanceRegistry - Running the evict task with compensationTime 0ms
2023-08-30 19:54:29.996 [Eureka-EvictionTimer] INFO  c.n.e.r.AbstractInstanceRegistry - Running the evict task with compensationTime 0ms
2023-08-30 19:54:34.996 [Eureka-EvictionTimer] INFO  c.n.e.r.AbstractInstanceRegistry - Running the evict task with compensationTime 0ms
2023-08-30 19:54:39.996 [Eureka-EvictionTimer] INFO  c.n.e.r.AbstractInstanceRegistry - Running the evict task with compensationTime 0ms
2023-08-30 19:54:44.996 [Eureka-EvictionTimer] INFO  c.n.e.r.AbstractInstanceRegistry - Running the evict task with compensationTime 0ms
2023-08-30 19:54:49.996 [Eureka-EvictionTimer] INFO  c.n.e.r.AbstractInstanceRegistry - Running the evict task with compensationTime 0ms
2023-08-30 19:54:54.996 [Eureka-EvictionTimer] INFO  c.n.e.r.AbstractInstanceRegistry - Running the evict task with compensationTime 0ms
2023-08-30 19:54:59.996 [Eureka-EvictionTimer] INFO  c.n.e.r.AbstractInstanceRegistry - Running the evict task with compensationTime 0ms
2023-08-30 19:55:04.996 [Eureka-EvictionTimer] INFO  c.n.e.r.AbstractInstanceRegistry - Running the evict task with compensationTime 0ms
2023-08-30 19:55:09.996 [Eureka-EvictionTimer] INFO  c.n.e.r.AbstractInstanceRegistry - Running the evict task with compensationTime 0ms
2023-08-30 19:55:14.996 [Eureka-EvictionTimer] INFO  c.n.e.r.AbstractInstanceRegistry - Running the evict task with compensationTime 0ms
2023-08-30 19:55:19.996 [Eureka-EvictionTimer] INFO  c.n.e.r.AbstractInstanceRegistry - Running the evict task with compensationTime 0ms
2023-08-30 19:55:24.996 [Eureka-EvictionTimer] INFO  c.n.e.r.AbstractInstanceRegistry - Running the evict task with compensationTime 0ms
2023-08-30 19:55:29.996 [Eureka-EvictionTimer] INFO  c.n.e.r.AbstractInstanceRegistry - Running the evict task with compensationTime 0ms
2023-08-30 19:55:34.996 [Eureka-EvictionTimer] INFO  c.n.e.r.AbstractInstanceRegistry - Running the evict task with compensationTime 0ms
2023-08-30 19:55:39.996 [Eureka-EvictionTimer] INFO  c.n.e.r.AbstractInstanceRegistry - Running the evict task with compensationTime 0ms
2023-08-30 19:55:44.996 [Eureka-EvictionTimer] INFO  c.n.e.r.AbstractInstanceRegistry - Running the evict task with compensationTime 0ms
2023-08-30 19:55:49.996 [Eureka-EvictionTimer] INFO  c.n.e.r.AbstractInstanceRegistry - Running the evict task with compensationTime 0ms
2023-08-30 19:55:54.996 [Eureka-EvictionTimer] INFO  c.n.e.r.AbstractInstanceRegistry - Running the evict task with compensationTime 0ms
2023-08-30 19:55:59.996 [Eureka-EvictionTimer] INFO  c.n.e.r.AbstractInstanceRegistry - Running the evict task with compensationTime 0ms
2023-08-30 19:56:04.996 [Eureka-EvictionTimer] INFO  c.n.e.r.AbstractInstanceRegistry - Running the evict task with compensationTime 0ms
2023-08-30 19:56:09.996 [Eureka-EvictionTimer] INFO  c.n.e.r.AbstractInstanceRegistry - Running the evict task with compensationTime 0ms
2023-08-30 19:56:14.996 [Eureka-EvictionTimer] INFO  c.n.e.r.AbstractInstanceRegistry - Running the evict task with compensationTime 0ms
2023-08-30 19:56:19.996 [Eureka-EvictionTimer] INFO  c.n.e.r.AbstractInstanceRegistry - Running the evict task with compensationTime 0ms
2023-08-30 19:56:24.996 [Eureka-EvictionTimer] INFO  c.n.e.r.AbstractInstanceRegistry - Running the evict task with compensationTime 0ms
2023-08-30 19:56:29.996 [Eureka-EvictionTimer] INFO  c.n.e.r.AbstractInstanceRegistry - Running the evict task with compensationTime 0ms
2023-08-30 19:56:34.996 [Eureka-EvictionTimer] INFO  c.n.e.r.AbstractInstanceRegistry - Running the evict task with compensationTime 0ms
2023-08-30 19:56:39.996 [Eureka-EvictionTimer] INFO  c.n.e.r.AbstractInstanceRegistry - Running the evict task with compensationTime 0ms
2023-08-30 19:56:44.996 [Eureka-EvictionTimer] INFO  c.n.e.r.AbstractInstanceRegistry - Running the evict task with compensationTime 0ms
2023-08-30 19:56:49.996 [Eureka-EvictionTimer] INFO  c.n.e.r.AbstractInstanceRegistry - Running the evict task with compensationTime 0ms
2023-08-30 19:56:54.996 [Eureka-EvictionTimer] INFO  c.n.e.r.AbstractInstanceRegistry - Running the evict task with compensationTime 0ms
2023-08-30 19:56:59.996 [Eureka-EvictionTimer] INFO  c.n.e.r.AbstractInstanceRegistry - Running the evict task with compensationTime 0ms
2023-08-30 19:57:04.996 [Eureka-EvictionTimer] INFO  c.n.e.r.AbstractInstanceRegistry - Running the evict task with compensationTime 0ms
2023-08-30 19:57:09.996 [Eureka-EvictionTimer] INFO  c.n.e.r.AbstractInstanceRegistry - Running the evict task with compensationTime 0ms
2023-08-30 19:57:14.996 [Eureka-EvictionTimer] INFO  c.n.e.r.AbstractInstanceRegistry - Running the evict task with compensationTime 0ms
2023-08-30 19:57:19.996 [Eureka-EvictionTimer] INFO  c.n.e.r.AbstractInstanceRegistry - Running the evict task with compensationTime 0ms
2023-08-30 19:57:24.996 [Eureka-EvictionTimer] INFO  c.n.e.r.AbstractInstanceRegistry - Running the evict task with compensationTime 0ms
2023-08-30 19:57:29.996 [Eureka-EvictionTimer] INFO  c.n.e.r.AbstractInstanceRegistry - Running the evict task with compensationTime 0ms
2023-08-30 19:57:34.996 [Eureka-EvictionTimer] INFO  c.n.e.r.AbstractInstanceRegistry - Running the evict task with compensationTime 0ms
2023-08-30 19:57:39.996 [Eureka-EvictionTimer] INFO  c.n.e.r.AbstractInstanceRegistry - Running the evict task with compensationTime 0ms
2023-08-30 19:57:44.996 [Eureka-EvictionTimer] INFO  c.n.e.r.AbstractInstanceRegistry - Running the evict task with compensationTime 0ms
2023-08-30 19:57:49.996 [Eureka-EvictionTimer] INFO  c.n.e.r.AbstractInstanceRegistry - Running the evict task with compensationTime 0ms
2023-08-30 19:57:54.996 [Eureka-EvictionTimer] INFO  c.n.e.r.AbstractInstanceRegistry - Running the evict task with compensationTime 0ms
2023-08-30 19:57:59.996 [Eureka-EvictionTimer] INFO  c.n.e.r.AbstractInstanceRegistry - Running the evict task with compensationTime 0ms
2023-08-30 19:58:04.996 [Eureka-EvictionTimer] INFO  c.n.e.r.AbstractInstanceRegistry - Running the evict task with compensationTime 0ms
2023-08-30 19:58:09.996 [Eureka-EvictionTimer] INFO  c.n.e.r.AbstractInstanceRegistry - Running the evict task with compensationTime 0ms
2023-08-30 19:58:14.996 [Eureka-EvictionTimer] INFO  c.n.e.r.AbstractInstanceRegistry - Running the evict task with compensationTime 0ms
2023-08-30 19:58:19.996 [Eureka-EvictionTimer] INFO  c.n.e.r.AbstractInstanceRegistry - Running the evict task with compensationTime 0ms
2023-08-30 19:58:24.996 [Eureka-EvictionTimer] INFO  c.n.e.r.AbstractInstanceRegistry - Running the evict task with compensationTime 0ms
2023-08-30 19:58:29.996 [Eureka-EvictionTimer] INFO  c.n.e.r.AbstractInstanceRegistry - Running the evict task with compensationTime 0ms
2023-08-30 19:58:34.996 [Eureka-EvictionTimer] INFO  c.n.e.r.AbstractInstanceRegistry - Running the evict task with compensationTime 0ms
2023-08-30 19:58:39.996 [Eureka-EvictionTimer] INFO  c.n.e.r.AbstractInstanceRegistry - Running the evict task with compensationTime 0ms
2023-08-30 19:58:44.996 [Eureka-EvictionTimer] INFO  c.n.e.r.AbstractInstanceRegistry - Running the evict task with compensationTime 0ms
2023-08-30 19:58:49.996 [Eureka-EvictionTimer] INFO  c.n.e.r.AbstractInstanceRegistry - Running the evict task with compensationTime 0ms
2023-08-30 19:58:54.996 [Eureka-EvictionTimer] INFO  c.n.e.r.AbstractInstanceRegistry - Running the evict task with compensationTime 0ms
2023-08-30 19:58:59.996 [Eureka-EvictionTimer] INFO  c.n.e.r.AbstractInstanceRegistry - Running the evict task with compensationTime 0ms
2023-08-30 19:59:04.996 [Eureka-EvictionTimer] INFO  c.n.e.r.AbstractInstanceRegistry - Running the evict task with compensationTime 0ms
2023-08-30 19:59:09.996 [Eureka-EvictionTimer] INFO  c.n.e.r.AbstractInstanceRegistry - Running the evict task with compensationTime 0ms
2023-08-30 19:59:14.996 [Eureka-EvictionTimer] INFO  c.n.e.r.AbstractInstanceRegistry - Running the evict task with compensationTime 0ms
2023-08-30 19:59:19.996 [Eureka-EvictionTimer] INFO  c.n.e.r.AbstractInstanceRegistry - Running the evict task with compensationTime 0ms
2023-08-30 19:59:24.996 [Eureka-EvictionTimer] INFO  c.n.e.r.AbstractInstanceRegistry - Running the evict task with compensationTime 0ms
2023-08-30 19:59:29.996 [Eureka-EvictionTimer] INFO  c.n.e.r.AbstractInstanceRegistry - Running the evict task with compensationTime 0ms
2023-08-30 19:59:34.996 [Eureka-EvictionTimer] INFO  c.n.e.r.AbstractInstanceRegistry - Running the evict task with compensationTime 0ms
2023-08-30 19:59:39.996 [Eureka-EvictionTimer] INFO  c.n.e.r.AbstractInstanceRegistry - Running the evict task with compensationTime 0ms
2023-08-30 19:59:44.996 [Eureka-EvictionTimer] INFO  c.n.e.r.AbstractInstanceRegistry - Running the evict task with compensationTime 0ms
2023-08-30 19:59:49.996 [Eureka-EvictionTimer] INFO  c.n.e.r.AbstractInstanceRegistry - Running the evict task with compensationTime 0ms
2023-08-30 19:59:54.996 [Eureka-EvictionTimer] INFO  c.n.e.r.AbstractInstanceRegistry - Running the evict task with compensationTime 0ms
2023-08-30 19:59:59.996 [Eureka-EvictionTimer] INFO  c.n.e.r.AbstractInstanceRegistry - Running the evict task with compensationTime 0ms
2023-08-30 20:00:04.996 [Eureka-EvictionTimer] INFO  c.n.e.r.AbstractInstanceRegistry - Running the evict task with compensationTime 0ms
2023-08-30 20:00:09.996 [Eureka-EvictionTimer] INFO  c.n.e.r.AbstractInstanceRegistry - Running the evict task with compensationTime 0ms
2023-08-30 20:00:14.996 [Eureka-EvictionTimer] INFO  c.n.e.r.AbstractInstanceRegistry - Running the evict task with compensationTime 0ms
2023-08-30 20:00:19.996 [Eureka-EvictionTimer] INFO  c.n.e.r.AbstractInstanceRegistry - Running the evict task with compensationTime 0ms
2023-08-30 20:00:24.996 [Eureka-EvictionTimer] INFO  c.n.e.r.AbstractInstanceRegistry - Running the evict task with compensationTime 0ms
2023-08-30 20:00:29.996 [Eureka-EvictionTimer] INFO  c.n.e.r.AbstractInstanceRegistry - Running the evict task with compensationTime 0ms
2023-08-30 20:00:34.996 [Eureka-EvictionTimer] INFO  c.n.e.r.AbstractInstanceRegistry - Running the evict task with compensationTime 0ms
2023-08-30 20:00:39.996 [Eureka-EvictionTimer] INFO  c.n.e.r.AbstractInstanceRegistry - Running the evict task with compensationTime 0ms
2023-08-30 20:00:44.996 [Eureka-EvictionTimer] INFO  c.n.e.r.AbstractInstanceRegistry - Running the evict task with compensationTime 0ms
2023-08-30 20:00:49.996 [Eureka-EvictionTimer] INFO  c.n.e.r.AbstractInstanceRegistry - Running the evict task with compensationTime 0ms
2023-08-30 20:00:54.859 [ReplicaAwareInstanceRegistry - RenewalThresholdUpdater] INFO  c.n.e.r.PeerAwareInstanceRegistryImpl - Current renewal threshold is : 0
2023-08-30 20:00:54.996 [Eureka-EvictionTimer] INFO  c.n.e.r.AbstractInstanceRegistry - Running the evict task with compensationTime 0ms
2023-08-30 20:00:59.996 [Eureka-EvictionTimer] INFO  c.n.e.r.AbstractInstanceRegistry - Running the evict task with compensationTime 0ms
2023-08-30 20:01:04.996 [Eureka-EvictionTimer] INFO  c.n.e.r.AbstractInstanceRegistry - Running the evict task with compensationTime 0ms
2023-08-30 20:01:09.996 [Eureka-EvictionTimer] INFO  c.n.e.r.AbstractInstanceRegistry - Running the evict task with compensationTime 0ms
2023-08-30 20:01:14.996 [Eureka-EvictionTimer] INFO  c.n.e.r.AbstractInstanceRegistry - Running the evict task with compensationTime 0ms
2023-08-30 20:01:19.996 [Eureka-EvictionTimer] INFO  c.n.e.r.AbstractInstanceRegistry - Running the evict task with compensationTime 0ms
2023-08-30 20:01:24.996 [Eureka-EvictionTimer] INFO  c.n.e.r.AbstractInstanceRegistry - Running the evict task with compensationTime 0ms
2023-08-30 20:01:29.996 [Eureka-EvictionTimer] INFO  c.n.e.r.AbstractInstanceRegistry - Running the evict task with compensationTime 0ms
2023-08-30 20:01:34.996 [Eureka-EvictionTimer] INFO  c.n.e.r.AbstractInstanceRegistry - Running the evict task with compensationTime 0ms
2023-08-30 20:01:39.996 [Eureka-EvictionTimer] INFO  c.n.e.r.AbstractInstanceRegistry - Running the evict task with compensationTime 0ms
2023-08-30 20:01:44.996 [Eureka-EvictionTimer] INFO  c.n.e.r.AbstractInstanceRegistry - Running the evict task with compensationTime 0ms
2023-08-30 20:01:49.996 [Eureka-EvictionTimer] INFO  c.n.e.r.AbstractInstanceRegistry - Running the evict task with compensationTime 0ms
2023-08-30 20:01:54.996 [Eureka-EvictionTimer] INFO  c.n.e.r.AbstractInstanceRegistry - Running the evict task with compensationTime 0ms
2023-08-30 20:01:59.996 [Eureka-EvictionTimer] INFO  c.n.e.r.AbstractInstanceRegistry - Running the evict task with compensationTime 0ms
2023-08-30 20:02:04.996 [Eureka-EvictionTimer] INFO  c.n.e.r.AbstractInstanceRegistry - Running the evict task with compensationTime 0ms
2023-08-30 20:02:09.996 [Eureka-EvictionTimer] INFO  c.n.e.r.AbstractInstanceRegistry - Running the evict task with compensationTime 0ms
2023-08-30 20:02:14.996 [Eureka-EvictionTimer] INFO  c.n.e.r.AbstractInstanceRegistry - Running the evict task with compensationTime 0ms
2023-08-30 20:02:19.996 [Eureka-EvictionTimer] INFO  c.n.e.r.AbstractInstanceRegistry - Running the evict task with compensationTime 0ms
2023-08-30 20:02:24.996 [Eureka-EvictionTimer] INFO  c.n.e.r.AbstractInstanceRegistry - Running the evict task with compensationTime 0ms
2023-08-30 20:02:29.996 [Eureka-EvictionTimer] INFO  c.n.e.r.AbstractInstanceRegistry - Running the evict task with compensationTime 0ms
2023-08-30 20:02:34.996 [Eureka-EvictionTimer] INFO  c.n.e.r.AbstractInstanceRegistry - Running the evict task with compensationTime 0ms
2023-08-30 20:02:39.996 [Eureka-EvictionTimer] INFO  c.n.e.r.AbstractInstanceRegistry - Running the evict task with compensationTime 0ms
2023-08-30 20:02:44.996 [Eureka-EvictionTimer] INFO  c.n.e.r.AbstractInstanceRegistry - Running the evict task with compensationTime 0ms
2023-08-30 20:02:49.996 [Eureka-EvictionTimer] INFO  c.n.e.r.AbstractInstanceRegistry - Running the evict task with compensationTime 0ms
2023-08-30 20:02:54.996 [Eureka-EvictionTimer] INFO  c.n.e.r.AbstractInstanceRegistry - Running the evict task with compensationTime 0ms
2023-08-30 20:02:59.996 [Eureka-EvictionTimer] INFO  c.n.e.r.AbstractInstanceRegistry - Running the evict task with compensationTime 0ms
2023-08-30 20:03:04.996 [Eureka-EvictionTimer] INFO  c.n.e.r.AbstractInstanceRegistry - Running the evict task with compensationTime 0ms
2023-08-30 20:03:09.996 [Eureka-EvictionTimer] INFO  c.n.e.r.AbstractInstanceRegistry - Running the evict task with compensationTime 0ms
2023-08-30 20:03:14.996 [Eureka-EvictionTimer] INFO  c.n.e.r.AbstractInstanceRegistry - Running the evict task with compensationTime 0ms
2023-08-30 20:03:19.996 [Eureka-EvictionTimer] INFO  c.n.e.r.AbstractInstanceRegistry - Running the evict task with compensationTime 0ms
2023-08-30 20:03:24.996 [Eureka-EvictionTimer] INFO  c.n.e.r.AbstractInstanceRegistry - Running the evict task with compensationTime 0ms
2023-08-30 20:03:29.996 [Eureka-EvictionTimer] INFO  c.n.e.r.AbstractInstanceRegistry - Running the evict task with compensationTime 0ms
2023-08-30 20:03:34.996 [Eureka-EvictionTimer] INFO  c.n.e.r.AbstractInstanceRegistry - Running the evict task with compensationTime 0ms
2023-08-30 20:03:39.996 [Eureka-EvictionTimer] INFO  c.n.e.r.AbstractInstanceRegistry - Running the evict task with compensationTime 0ms
2023-08-30 20:03:44.996 [Eureka-EvictionTimer] INFO  c.n.e.r.AbstractInstanceRegistry - Running the evict task with compensationTime 0ms
2023-08-30 20:03:49.996 [Eureka-EvictionTimer] INFO  c.n.e.r.AbstractInstanceRegistry - Running the evict task with compensationTime 0ms
2023-08-30 20:03:54.996 [Eureka-EvictionTimer] INFO  c.n.e.r.AbstractInstanceRegistry - Running the evict task with compensationTime 0ms
2023-08-30 20:03:59.996 [Eureka-EvictionTimer] INFO  c.n.e.r.AbstractInstanceRegistry - Running the evict task with compensationTime 0ms
2023-08-30 20:04:04.996 [Eureka-EvictionTimer] INFO  c.n.e.r.AbstractInstanceRegistry - Running the evict task with compensationTime 0ms
2023-08-30 20:04:09.996 [Eureka-EvictionTimer] INFO  c.n.e.r.AbstractInstanceRegistry - Running the evict task with compensationTime 0ms
2023-08-30 20:04:14.996 [Eureka-EvictionTimer] INFO  c.n.e.r.AbstractInstanceRegistry - Running the evict task with compensationTime 0ms
2023-08-30 20:04:19.996 [Eureka-EvictionTimer] INFO  c.n.e.r.AbstractInstanceRegistry - Running the evict task with compensationTime 0ms
2023-08-30 20:04:24.996 [Eureka-EvictionTimer] INFO  c.n.e.r.AbstractInstanceRegistry - Running the evict task with compensationTime 0ms
2023-08-30 20:04:29.996 [Eureka-EvictionTimer] INFO  c.n.e.r.AbstractInstanceRegistry - Running the evict task with compensationTime 0ms
2023-08-30 20:04:34.996 [Eureka-EvictionTimer] INFO  c.n.e.r.AbstractInstanceRegistry - Running the evict task with compensationTime 0ms
2023-08-30 20:04:39.996 [Eureka-EvictionTimer] INFO  c.n.e.r.AbstractInstanceRegistry - Running the evict task with compensationTime 0ms
2023-08-30 20:04:44.996 [Eureka-EvictionTimer] INFO  c.n.e.r.AbstractInstanceRegistry - Running the evict task with compensationTime 0ms
2023-08-30 20:04:49.996 [Eureka-EvictionTimer] INFO  c.n.e.r.AbstractInstanceRegistry - Running the evict task with compensationTime 0ms
2023-08-30 20:04:54.996 [Eureka-EvictionTimer] INFO  c.n.e.r.AbstractInstanceRegistry - Running the evict task with compensationTime 0ms
2023-08-30 20:04:59.996 [Eureka-EvictionTimer] INFO  c.n.e.r.AbstractInstanceRegistry - Running the evict task with compensationTime 0ms
2023-08-30 20:05:04.996 [Eureka-EvictionTimer] INFO  c.n.e.r.AbstractInstanceRegistry - Running the evict task with compensationTime 0ms
2023-08-30 20:05:09.996 [Eureka-EvictionTimer] INFO  c.n.e.r.AbstractInstanceRegistry - Running the evict task with compensationTime 0ms
2023-08-30 20:05:14.996 [Eureka-EvictionTimer] INFO  c.n.e.r.AbstractInstanceRegistry - Running the evict task with compensationTime 0ms
2023-08-30 20:05:19.996 [Eureka-EvictionTimer] INFO  c.n.e.r.AbstractInstanceRegistry - Running the evict task with compensationTime 0ms
2023-08-30 20:05:24.996 [Eureka-EvictionTimer] INFO  c.n.e.r.AbstractInstanceRegistry - Running the evict task with compensationTime 0ms
2023-08-30 20:05:29.996 [Eureka-EvictionTimer] INFO  c.n.e.r.AbstractInstanceRegistry - Running the evict task with compensationTime 0ms
2023-08-30 20:05:34.996 [Eureka-EvictionTimer] INFO  c.n.e.r.AbstractInstanceRegistry - Running the evict task with compensationTime 0ms
2023-08-30 20:05:39.996 [Eureka-EvictionTimer] INFO  c.n.e.r.AbstractInstanceRegistry - Running the evict task with compensationTime 0ms
2023-08-30 20:05:44.996 [Eureka-EvictionTimer] INFO  c.n.e.r.AbstractInstanceRegistry - Running the evict task with compensationTime 0ms
2023-08-30 20:05:49.996 [Eureka-EvictionTimer] INFO  c.n.e.r.AbstractInstanceRegistry - Running the evict task with compensationTime 0ms
2023-08-30 20:05:54.996 [Eureka-EvictionTimer] INFO  c.n.e.r.AbstractInstanceRegistry - Running the evict task with compensationTime 0ms
2023-08-30 20:05:59.996 [Eureka-EvictionTimer] INFO  c.n.e.r.AbstractInstanceRegistry - Running the evict task with compensationTime 0ms
2023-08-30 20:06:04.996 [Eureka-EvictionTimer] INFO  c.n.e.r.AbstractInstanceRegistry - Running the evict task with compensationTime 0ms
2023-08-30 20:06:09.996 [Eureka-EvictionTimer] INFO  c.n.e.r.AbstractInstanceRegistry - Running the evict task with compensationTime 0ms
2023-08-30 20:06:14.996 [Eureka-EvictionTimer] INFO  c.n.e.r.AbstractInstanceRegistry - Running the evict task with compensationTime 0ms
2023-08-30 20:06:19.996 [Eureka-EvictionTimer] INFO  c.n.e.r.AbstractInstanceRegistry - Running the evict task with compensationTime 0ms
2023-08-30 20:06:24.996 [Eureka-EvictionTimer] INFO  c.n.e.r.AbstractInstanceRegistry - Running the evict task with compensationTime 0ms
2023-08-30 20:06:29.996 [Eureka-EvictionTimer] INFO  c.n.e.r.AbstractInstanceRegistry - Running the evict task with compensationTime 0ms
2023-08-30 20:06:34.996 [Eureka-EvictionTimer] INFO  c.n.e.r.AbstractInstanceRegistry - Running the evict task with compensationTime 0ms
2023-08-30 20:06:39.996 [Eureka-EvictionTimer] INFO  c.n.e.r.AbstractInstanceRegistry - Running the evict task with compensationTime 0ms
2023-08-30 20:06:44.996 [Eureka-EvictionTimer] INFO  c.n.e.r.AbstractInstanceRegistry - Running the evict task with compensationTime 0ms
2023-08-30 20:06:49.996 [Eureka-EvictionTimer] INFO  c.n.e.r.AbstractInstanceRegistry - Running the evict task with compensationTime 0ms
2023-08-30 20:06:54.996 [Eureka-EvictionTimer] INFO  c.n.e.r.AbstractInstanceRegistry - Running the evict task with compensationTime 0ms
2023-08-30 20:06:59.996 [Eureka-EvictionTimer] INFO  c.n.e.r.AbstractInstanceRegistry - Running the evict task with compensationTime 0ms
2023-08-30 20:07:04.996 [Eureka-EvictionTimer] INFO  c.n.e.r.AbstractInstanceRegistry - Running the evict task with compensationTime 0ms
2023-08-30 20:07:09.996 [Eureka-EvictionTimer] INFO  c.n.e.r.AbstractInstanceRegistry - Running the evict task with compensationTime 0ms
2023-08-30 20:07:14.996 [Eureka-EvictionTimer] INFO  c.n.e.r.AbstractInstanceRegistry - Running the evict task with compensationTime 0ms
2023-08-30 20:07:19.996 [Eureka-EvictionTimer] INFO  c.n.e.r.AbstractInstanceRegistry - Running the evict task with compensationTime 0ms
2023-08-30 20:07:24.996 [Eureka-EvictionTimer] INFO  c.n.e.r.AbstractInstanceRegistry - Running the evict task with compensationTime 0ms
2023-08-30 20:07:29.996 [Eureka-EvictionTimer] INFO  c.n.e.r.AbstractInstanceRegistry - Running the evict task with compensationTime 0ms
2023-08-30 20:07:34.996 [Eureka-EvictionTimer] INFO  c.n.e.r.AbstractInstanceRegistry - Running the evict task with compensationTime 0ms
2023-08-30 20:07:39.996 [Eureka-EvictionTimer] INFO  c.n.e.r.AbstractInstanceRegistry - Running the evict task with compensationTime 0ms
2023-08-30 20:07:44.996 [Eureka-EvictionTimer] INFO  c.n.e.r.AbstractInstanceRegistry - Running the evict task with compensationTime 0ms
2023-08-30 20:07:49.996 [Eureka-EvictionTimer] INFO  c.n.e.r.AbstractInstanceRegistry - Running the evict task with compensationTime 0ms
2023-08-30 20:07:54.996 [Eureka-EvictionTimer] INFO  c.n.e.r.AbstractInstanceRegistry - Running the evict task with compensationTime 0ms
2023-08-30 20:07:59.996 [Eureka-EvictionTimer] INFO  c.n.e.r.AbstractInstanceRegistry - Running the evict task with compensationTime 0ms
2023-08-30 20:08:04.996 [Eureka-EvictionTimer] INFO  c.n.e.r.AbstractInstanceRegistry - Running the evict task with compensationTime 0ms
2023-08-30 20:08:09.996 [Eureka-EvictionTimer] INFO  c.n.e.r.AbstractInstanceRegistry - Running the evict task with compensationTime 0ms
2023-08-30 20:08:14.996 [Eureka-EvictionTimer] INFO  c.n.e.r.AbstractInstanceRegistry - Running the evict task with compensationTime 0ms
2023-08-30 20:08:19.996 [Eureka-EvictionTimer] INFO  c.n.e.r.AbstractInstanceRegistry - Running the evict task with compensationTime 0ms
2023-08-30 20:08:24.996 [Eureka-EvictionTimer] INFO  c.n.e.r.AbstractInstanceRegistry - Running the evict task with compensationTime 0ms
2023-08-30 20:08:29.996 [Eureka-EvictionTimer] INFO  c.n.e.r.AbstractInstanceRegistry - Running the evict task with compensationTime 0ms
2023-08-30 20:08:34.996 [Eureka-EvictionTimer] INFO  c.n.e.r.AbstractInstanceRegistry - Running the evict task with compensationTime 0ms
2023-08-30 20:08:39.996 [Eureka-EvictionTimer] INFO  c.n.e.r.AbstractInstanceRegistry - Running the evict task with compensationTime 0ms
2023-08-30 20:08:44.996 [Eureka-EvictionTimer] INFO  c.n.e.r.AbstractInstanceRegistry - Running the evict task with compensationTime 0ms
2023-08-30 20:08:49.996 [Eureka-EvictionTimer] INFO  c.n.e.r.AbstractInstanceRegistry - Running the evict task with compensationTime 0ms
2023-08-30 20:08:54.996 [Eureka-EvictionTimer] INFO  c.n.e.r.AbstractInstanceRegistry - Running the evict task with compensationTime 0ms
2023-08-30 20:08:59.996 [Eureka-EvictionTimer] INFO  c.n.e.r.AbstractInstanceRegistry - Running the evict task with compensationTime 0ms
2023-08-30 20:09:04.996 [Eureka-EvictionTimer] INFO  c.n.e.r.AbstractInstanceRegistry - Running the evict task with compensationTime 0ms
2023-08-30 20:09:09.996 [Eureka-EvictionTimer] INFO  c.n.e.r.AbstractInstanceRegistry - Running the evict task with compensationTime 0ms
2023-08-30 20:09:14.996 [Eureka-EvictionTimer] INFO  c.n.e.r.AbstractInstanceRegistry - Running the evict task with compensationTime 0ms
2023-08-30 20:09:19.996 [Eureka-EvictionTimer] INFO  c.n.e.r.AbstractInstanceRegistry - Running the evict task with compensationTime 0ms
2023-08-30 20:09:24.996 [Eureka-EvictionTimer] INFO  c.n.e.r.AbstractInstanceRegistry - Running the evict task with compensationTime 0ms
2023-08-30 20:09:29.996 [Eureka-EvictionTimer] INFO  c.n.e.r.AbstractInstanceRegistry - Running the evict task with compensationTime 0ms
2023-08-30 20:09:34.996 [Eureka-EvictionTimer] INFO  c.n.e.r.AbstractInstanceRegistry - Running the evict task with compensationTime 0ms
2023-08-30 20:09:39.996 [Eureka-EvictionTimer] INFO  c.n.e.r.AbstractInstanceRegistry - Running the evict task with compensationTime 0ms
2023-08-30 20:09:44.996 [Eureka-EvictionTimer] INFO  c.n.e.r.AbstractInstanceRegistry - Running the evict task with compensationTime 0ms
2023-08-30 20:09:49.996 [Eureka-EvictionTimer] INFO  c.n.e.r.AbstractInstanceRegistry - Running the evict task with compensationTime 0ms
2023-08-30 20:09:54.996 [Eureka-EvictionTimer] INFO  c.n.e.r.AbstractInstanceRegistry - Running the evict task with compensationTime 0ms
2023-08-30 20:09:59.996 [Eureka-EvictionTimer] INFO  c.n.e.r.AbstractInstanceRegistry - Running the evict task with compensationTime 0ms
2023-08-30 20:10:04.996 [Eureka-EvictionTimer] INFO  c.n.e.r.AbstractInstanceRegistry - Running the evict task with compensationTime 0ms
2023-08-30 20:10:09.996 [Eureka-EvictionTimer] INFO  c.n.e.r.AbstractInstanceRegistry - Running the evict task with compensationTime 0ms
2023-08-30 20:10:14.996 [Eureka-EvictionTimer] INFO  c.n.e.r.AbstractInstanceRegistry - Running the evict task with compensationTime 0ms
2023-08-30 20:10:19.996 [Eureka-EvictionTimer] INFO  c.n.e.r.AbstractInstanceRegistry - Running the evict task with compensationTime 0ms
2023-08-30 20:10:24.996 [Eureka-EvictionTimer] INFO  c.n.e.r.AbstractInstanceRegistry - Running the evict task with compensationTime 0ms
2023-08-30 20:10:29.996 [Eureka-EvictionTimer] INFO  c.n.e.r.AbstractInstanceRegistry - Running the evict task with compensationTime 0ms
2023-08-30 20:10:34.996 [Eureka-EvictionTimer] INFO  c.n.e.r.AbstractInstanceRegistry - Running the evict task with compensationTime 0ms
2023-08-30 20:10:39.996 [Eureka-EvictionTimer] INFO  c.n.e.r.AbstractInstanceRegistry - Running the evict task with compensationTime 0ms
2023-08-30 20:10:44.996 [Eureka-EvictionTimer] INFO  c.n.e.r.AbstractInstanceRegistry - Running the evict task with compensationTime 0ms
2023-08-30 20:10:49.996 [Eureka-EvictionTimer] INFO  c.n.e.r.AbstractInstanceRegistry - Running the evict task with compensationTime 0ms
2023-08-30 20:10:54.996 [Eureka-EvictionTimer] INFO  c.n.e.r.AbstractInstanceRegistry - Running the evict task with compensationTime 0ms
2023-08-30 20:10:59.996 [Eureka-EvictionTimer] INFO  c.n.e.r.AbstractInstanceRegistry - Running the evict task with compensationTime 0ms
2023-08-30 20:11:04.996 [Eureka-EvictionTimer] INFO  c.n.e.r.AbstractInstanceRegistry - Running the evict task with compensationTime 0ms
2023-08-30 20:11:09.996 [Eureka-EvictionTimer] INFO  c.n.e.r.AbstractInstanceRegistry - Running the evict task with compensationTime 0ms
2023-08-30 20:11:14.996 [Eureka-EvictionTimer] INFO  c.n.e.r.AbstractInstanceRegistry - Running the evict task with compensationTime 0ms
2023-08-30 20:11:19.996 [Eureka-EvictionTimer] INFO  c.n.e.r.AbstractInstanceRegistry - Running the evict task with compensationTime 0ms
2023-08-30 20:11:24.996 [Eureka-EvictionTimer] INFO  c.n.e.r.AbstractInstanceRegistry - Running the evict task with compensationTime 0ms
2023-08-30 20:11:29.996 [Eureka-EvictionTimer] INFO  c.n.e.r.AbstractInstanceRegistry - Running the evict task with compensationTime 0ms
2023-08-30 20:11:34.996 [Eureka-EvictionTimer] INFO  c.n.e.r.AbstractInstanceRegistry - Running the evict task with compensationTime 0ms
2023-08-30 20:11:39.996 [Eureka-EvictionTimer] INFO  c.n.e.r.AbstractInstanceRegistry - Running the evict task with compensationTime 0ms
2023-08-30 20:11:44.996 [Eureka-EvictionTimer] INFO  c.n.e.r.AbstractInstanceRegistry - Running the evict task with compensationTime 0ms
2023-08-30 20:11:49.996 [Eureka-EvictionTimer] INFO  c.n.e.r.AbstractInstanceRegistry - Running the evict task with compensationTime 0ms
2023-08-30 20:11:54.996 [Eureka-EvictionTimer] INFO  c.n.e.r.AbstractInstanceRegistry - Running the evict task with compensationTime 0ms
2023-08-30 20:11:59.996 [Eureka-EvictionTimer] INFO  c.n.e.r.AbstractInstanceRegistry - Running the evict task with compensationTime 0ms
2023-08-30 20:12:04.996 [Eureka-EvictionTimer] INFO  c.n.e.r.AbstractInstanceRegistry - Running the evict task with compensationTime 0ms
2023-08-30 20:12:09.996 [Eureka-EvictionTimer] INFO  c.n.e.r.AbstractInstanceRegistry - Running the evict task with compensationTime 0ms
2023-08-30 20:12:14.996 [Eureka-EvictionTimer] INFO  c.n.e.r.AbstractInstanceRegistry - Running the evict task with compensationTime 0ms
2023-08-30 20:12:19.996 [Eureka-EvictionTimer] INFO  c.n.e.r.AbstractInstanceRegistry - Running the evict task with compensationTime 0ms
2023-08-30 20:12:24.996 [Eureka-EvictionTimer] INFO  c.n.e.r.AbstractInstanceRegistry - Running the evict task with compensationTime 0ms
2023-08-30 20:12:29.996 [Eureka-EvictionTimer] INFO  c.n.e.r.AbstractInstanceRegistry - Running the evict task with compensationTime 0ms
2023-08-30 20:12:34.996 [Eureka-EvictionTimer] INFO  c.n.e.r.AbstractInstanceRegistry - Running the evict task with compensationTime 0ms
2023-08-30 20:12:39.996 [Eureka-EvictionTimer] INFO  c.n.e.r.AbstractInstanceRegistry - Running the evict task with compensationTime 0ms
2023-08-30 20:12:44.996 [Eureka-EvictionTimer] INFO  c.n.e.r.AbstractInstanceRegistry - Running the evict task with compensationTime 0ms
2023-08-30 20:12:49.996 [Eureka-EvictionTimer] INFO  c.n.e.r.AbstractInstanceRegistry - Running the evict task with compensationTime 0ms
2023-08-30 20:12:54.996 [Eureka-EvictionTimer] INFO  c.n.e.r.AbstractInstanceRegistry - Running the evict task with compensationTime 0ms
2023-08-30 20:12:59.996 [Eureka-EvictionTimer] INFO  c.n.e.r.AbstractInstanceRegistry - Running the evict task with compensationTime 0ms
2023-08-30 20:13:04.996 [Eureka-EvictionTimer] INFO  c.n.e.r.AbstractInstanceRegistry - Running the evict task with compensationTime 0ms
2023-08-30 20:13:09.996 [Eureka-EvictionTimer] INFO  c.n.e.r.AbstractInstanceRegistry - Running the evict task with compensationTime 0ms
2023-08-30 20:13:14.996 [Eureka-EvictionTimer] INFO  c.n.e.r.AbstractInstanceRegistry - Running the evict task with compensationTime 0ms
2023-08-30 20:13:19.996 [Eureka-EvictionTimer] INFO  c.n.e.r.AbstractInstanceRegistry - Running the evict task with compensationTime 0ms
2023-08-30 20:13:24.996 [Eureka-EvictionTimer] INFO  c.n.e.r.AbstractInstanceRegistry - Running the evict task with compensationTime 0ms
2023-08-30 20:13:29.996 [Eureka-EvictionTimer] INFO  c.n.e.r.AbstractInstanceRegistry - Running the evict task with compensationTime 0ms
2023-08-30 20:13:34.996 [Eureka-EvictionTimer] INFO  c.n.e.r.AbstractInstanceRegistry - Running the evict task with compensationTime 0ms
2023-08-30 20:13:39.996 [Eureka-EvictionTimer] INFO  c.n.e.r.AbstractInstanceRegistry - Running the evict task with compensationTime 0ms
2023-08-30 20:13:44.996 [Eureka-EvictionTimer] INFO  c.n.e.r.AbstractInstanceRegistry - Running the evict task with compensationTime 0ms
2023-08-30 20:13:49.996 [Eureka-EvictionTimer] INFO  c.n.e.r.AbstractInstanceRegistry - Running the evict task with compensationTime 0ms
2023-08-30 20:13:54.996 [Eureka-EvictionTimer] INFO  c.n.e.r.AbstractInstanceRegistry - Running the evict task with compensationTime 0ms
2023-08-30 20:13:59.996 [Eureka-EvictionTimer] INFO  c.n.e.r.AbstractInstanceRegistry - Running the evict task with compensationTime 0ms
2023-08-30 20:14:04.996 [Eureka-EvictionTimer] INFO  c.n.e.r.AbstractInstanceRegistry - Running the evict task with compensationTime 0ms
2023-08-30 20:14:09.996 [Eureka-EvictionTimer] INFO  c.n.e.r.AbstractInstanceRegistry - Running the evict task with compensationTime 0ms
2023-08-30 20:14:14.996 [Eureka-EvictionTimer] INFO  c.n.e.r.AbstractInstanceRegistry - Running the evict task with compensationTime 0ms
2023-08-30 20:14:19.996 [Eureka-EvictionTimer] INFO  c.n.e.r.AbstractInstanceRegistry - Running the evict task with compensationTime 0ms
2023-08-30 20:14:24.996 [Eureka-EvictionTimer] INFO  c.n.e.r.AbstractInstanceRegistry - Running the evict task with compensationTime 0ms
2023-08-30 20:14:29.996 [Eureka-EvictionTimer] INFO  c.n.e.r.AbstractInstanceRegistry - Running the evict task with compensationTime 0ms
2023-08-30 20:14:34.996 [Eureka-EvictionTimer] INFO  c.n.e.r.AbstractInstanceRegistry - Running the evict task with compensationTime 0ms
2023-08-30 20:14:39.996 [Eureka-EvictionTimer] INFO  c.n.e.r.AbstractInstanceRegistry - Running the evict task with compensationTime 0ms
2023-08-30 20:14:44.996 [Eureka-EvictionTimer] INFO  c.n.e.r.AbstractInstanceRegistry - Running the evict task with compensationTime 0ms
2023-08-30 20:14:49.996 [Eureka-EvictionTimer] INFO  c.n.e.r.AbstractInstanceRegistry - Running the evict task with compensationTime 0ms
2023-08-30 20:14:54.996 [Eureka-EvictionTimer] INFO  c.n.e.r.AbstractInstanceRegistry - Running the evict task with compensationTime 0ms
2023-08-30 20:14:59.996 [Eureka-EvictionTimer] INFO  c.n.e.r.AbstractInstanceRegistry - Running the evict task with compensationTime 0ms
2023-08-30 20:15:04.996 [Eureka-EvictionTimer] INFO  c.n.e.r.AbstractInstanceRegistry - Running the evict task with compensationTime 0ms
2023-08-30 20:15:09.996 [Eureka-EvictionTimer] INFO  c.n.e.r.AbstractInstanceRegistry - Running the evict task with compensationTime 0ms
2023-08-30 20:15:14.996 [Eureka-EvictionTimer] INFO  c.n.e.r.AbstractInstanceRegistry - Running the evict task with compensationTime 0ms
2023-08-30 20:15:19.996 [Eureka-EvictionTimer] INFO  c.n.e.r.AbstractInstanceRegistry - Running the evict task with compensationTime 0ms
2023-08-30 20:15:24.996 [Eureka-EvictionTimer] INFO  c.n.e.r.AbstractInstanceRegistry - Running the evict task with compensationTime 0ms
2023-08-30 20:15:29.996 [Eureka-EvictionTimer] INFO  c.n.e.r.AbstractInstanceRegistry - Running the evict task with compensationTime 0ms
2023-08-30 20:15:34.996 [Eureka-EvictionTimer] INFO  c.n.e.r.AbstractInstanceRegistry - Running the evict task with compensationTime 0ms
2023-08-30 20:15:39.996 [Eureka-EvictionTimer] INFO  c.n.e.r.AbstractInstanceRegistry - Running the evict task with compensationTime 0ms
2023-08-30 20:15:44.996 [Eureka-EvictionTimer] INFO  c.n.e.r.AbstractInstanceRegistry - Running the evict task with compensationTime 0ms
2023-08-30 20:15:49.996 [Eureka-EvictionTimer] INFO  c.n.e.r.AbstractInstanceRegistry - Running the evict task with compensationTime 0ms
2023-08-30 20:15:54.859 [ReplicaAwareInstanceRegistry - RenewalThresholdUpdater] INFO  c.n.e.r.PeerAwareInstanceRegistryImpl - Current renewal threshold is : 0
2023-08-30 20:15:54.996 [Eureka-EvictionTimer] INFO  c.n.e.r.AbstractInstanceRegistry - Running the evict task with compensationTime 0ms
2023-08-30 20:15:59.996 [Eureka-EvictionTimer] INFO  c.n.e.r.AbstractInstanceRegistry - Running the evict task with compensationTime 0ms
2023-08-30 20:16:04.996 [Eureka-EvictionTimer] INFO  c.n.e.r.AbstractInstanceRegistry - Running the evict task with compensationTime 0ms
2023-08-30 20:16:09.996 [Eureka-EvictionTimer] INFO  c.n.e.r.AbstractInstanceRegistry - Running the evict task with compensationTime 0ms
2023-08-30 20:16:14.996 [Eureka-EvictionTimer] INFO  c.n.e.r.AbstractInstanceRegistry - Running the evict task with compensationTime 0ms
2023-08-30 20:16:19.996 [Eureka-EvictionTimer] INFO  c.n.e.r.AbstractInstanceRegistry - Running the evict task with compensationTime 0ms
2023-08-30 20:16:24.996 [Eureka-EvictionTimer] INFO  c.n.e.r.AbstractInstanceRegistry - Running the evict task with compensationTime 0ms
2023-08-30 20:16:29.996 [Eureka-EvictionTimer] INFO  c.n.e.r.AbstractInstanceRegistry - Running the evict task with compensationTime 0ms
2023-08-30 20:16:34.996 [Eureka-EvictionTimer] INFO  c.n.e.r.AbstractInstanceRegistry - Running the evict task with compensationTime 0ms
2023-08-30 20:16:39.996 [Eureka-EvictionTimer] INFO  c.n.e.r.AbstractInstanceRegistry - Running the evict task with compensationTime 0ms
2023-08-30 20:16:44.996 [Eureka-EvictionTimer] INFO  c.n.e.r.AbstractInstanceRegistry - Running the evict task with compensationTime 0ms
2023-08-30 20:16:49.996 [Eureka-EvictionTimer] INFO  c.n.e.r.AbstractInstanceRegistry - Running the evict task with compensationTime 0ms
2023-08-30 20:16:54.996 [Eureka-EvictionTimer] INFO  c.n.e.r.AbstractInstanceRegistry - Running the evict task with compensationTime 0ms
2023-08-30 20:16:59.996 [Eureka-EvictionTimer] INFO  c.n.e.r.AbstractInstanceRegistry - Running the evict task with compensationTime 0ms
2023-08-30 20:17:04.996 [Eureka-EvictionTimer] INFO  c.n.e.r.AbstractInstanceRegistry - Running the evict task with compensationTime 0ms
2023-08-30 20:17:09.996 [Eureka-EvictionTimer] INFO  c.n.e.r.AbstractInstanceRegistry - Running the evict task with compensationTime 0ms
2023-08-30 20:17:14.996 [Eureka-EvictionTimer] INFO  c.n.e.r.AbstractInstanceRegistry - Running the evict task with compensationTime 0ms
2023-08-30 20:17:19.996 [Eureka-EvictionTimer] INFO  c.n.e.r.AbstractInstanceRegistry - Running the evict task with compensationTime 0ms
2023-08-30 20:17:24.996 [Eureka-EvictionTimer] INFO  c.n.e.r.AbstractInstanceRegistry - Running the evict task with compensationTime 0ms
2023-08-30 20:17:29.996 [Eureka-EvictionTimer] INFO  c.n.e.r.AbstractInstanceRegistry - Running the evict task with compensationTime 0ms
2023-08-30 20:17:34.996 [Eureka-EvictionTimer] INFO  c.n.e.r.AbstractInstanceRegistry - Running the evict task with compensationTime 0ms
2023-08-30 20:17:39.996 [Eureka-EvictionTimer] INFO  c.n.e.r.AbstractInstanceRegistry - Running the evict task with compensationTime 0ms
2023-08-30 20:17:44.996 [Eureka-EvictionTimer] INFO  c.n.e.r.AbstractInstanceRegistry - Running the evict task with compensationTime 0ms
2023-08-30 20:17:49.996 [Eureka-EvictionTimer] INFO  c.n.e.r.AbstractInstanceRegistry - Running the evict task with compensationTime 0ms
2023-08-30 20:17:54.996 [Eureka-EvictionTimer] INFO  c.n.e.r.AbstractInstanceRegistry - Running the evict task with compensationTime 0ms
2023-08-30 20:17:59.996 [Eureka-EvictionTimer] INFO  c.n.e.r.AbstractInstanceRegistry - Running the evict task with compensationTime 0ms
2023-08-30 20:18:04.996 [Eureka-EvictionTimer] INFO  c.n.e.r.AbstractInstanceRegistry - Running the evict task with compensationTime 0ms
2023-08-30 20:18:09.996 [Eureka-EvictionTimer] INFO  c.n.e.r.AbstractInstanceRegistry - Running the evict task with compensationTime 0ms
2023-08-30 20:18:14.996 [Eureka-EvictionTimer] INFO  c.n.e.r.AbstractInstanceRegistry - Running the evict task with compensationTime 0ms
2023-08-30 20:18:19.996 [Eureka-EvictionTimer] INFO  c.n.e.r.AbstractInstanceRegistry - Running the evict task with compensationTime 0ms
2023-08-30 20:18:24.996 [Eureka-EvictionTimer] INFO  c.n.e.r.AbstractInstanceRegistry - Running the evict task with compensationTime 0ms
2023-08-30 20:18:29.996 [Eureka-EvictionTimer] INFO  c.n.e.r.AbstractInstanceRegistry - Running the evict task with compensationTime 0ms
2023-08-30 20:18:34.996 [Eureka-EvictionTimer] INFO  c.n.e.r.AbstractInstanceRegistry - Running the evict task with compensationTime 0ms
2023-08-30 20:18:39.996 [Eureka-EvictionTimer] INFO  c.n.e.r.AbstractInstanceRegistry - Running the evict task with compensationTime 0ms
2023-08-30 20:18:44.996 [Eureka-EvictionTimer] INFO  c.n.e.r.AbstractInstanceRegistry - Running the evict task with compensationTime 0ms
2023-08-30 20:18:49.996 [Eureka-EvictionTimer] INFO  c.n.e.r.AbstractInstanceRegistry - Running the evict task with compensationTime 0ms
2023-08-30 20:18:54.996 [Eureka-EvictionTimer] INFO  c.n.e.r.AbstractInstanceRegistry - Running the evict task with compensationTime 0ms
2023-08-30 20:18:59.996 [Eureka-EvictionTimer] INFO  c.n.e.r.AbstractInstanceRegistry - Running the evict task with compensationTime 0ms
2023-08-30 20:19:04.996 [Eureka-EvictionTimer] INFO  c.n.e.r.AbstractInstanceRegistry - Running the evict task with compensationTime 0ms
2023-08-30 20:19:09.996 [Eureka-EvictionTimer] INFO  c.n.e.r.AbstractInstanceRegistry - Running the evict task with compensationTime 0ms
2023-08-30 20:19:14.996 [Eureka-EvictionTimer] INFO  c.n.e.r.AbstractInstanceRegistry - Running the evict task with compensationTime 0ms
2023-08-30 20:19:19.996 [Eureka-EvictionTimer] INFO  c.n.e.r.AbstractInstanceRegistry - Running the evict task with compensationTime 0ms
2023-08-30 20:19:24.996 [Eureka-EvictionTimer] INFO  c.n.e.r.AbstractInstanceRegistry - Running the evict task with compensationTime 0ms
2023-08-30 20:19:29.996 [Eureka-EvictionTimer] INFO  c.n.e.r.AbstractInstanceRegistry - Running the evict task with compensationTime 0ms
2023-08-30 20:19:34.996 [Eureka-EvictionTimer] INFO  c.n.e.r.AbstractInstanceRegistry - Running the evict task with compensationTime 0ms
2023-08-30 20:19:39.996 [Eureka-EvictionTimer] INFO  c.n.e.r.AbstractInstanceRegistry - Running the evict task with compensationTime 0ms
2023-08-30 20:19:44.996 [Eureka-EvictionTimer] INFO  c.n.e.r.AbstractInstanceRegistry - Running the evict task with compensationTime 0ms
2023-08-30 20:19:49.996 [Eureka-EvictionTimer] INFO  c.n.e.r.AbstractInstanceRegistry - Running the evict task with compensationTime 0ms
2023-08-30 20:19:54.996 [Eureka-EvictionTimer] INFO  c.n.e.r.AbstractInstanceRegistry - Running the evict task with compensationTime 0ms
2023-08-30 20:19:59.996 [Eureka-EvictionTimer] INFO  c.n.e.r.AbstractInstanceRegistry - Running the evict task with compensationTime 0ms
2023-08-30 20:20:04.996 [Eureka-EvictionTimer] INFO  c.n.e.r.AbstractInstanceRegistry - Running the evict task with compensationTime 0ms
2023-08-30 20:20:09.996 [Eureka-EvictionTimer] INFO  c.n.e.r.AbstractInstanceRegistry - Running the evict task with compensationTime 0ms
2023-08-30 20:20:14.996 [Eureka-EvictionTimer] INFO  c.n.e.r.AbstractInstanceRegistry - Running the evict task with compensationTime 0ms
2023-08-30 20:20:19.996 [Eureka-EvictionTimer] INFO  c.n.e.r.AbstractInstanceRegistry - Running the evict task with compensationTime 0ms
2023-08-30 20:20:24.996 [Eureka-EvictionTimer] INFO  c.n.e.r.AbstractInstanceRegistry - Running the evict task with compensationTime 0ms
2023-08-30 20:20:29.996 [Eureka-EvictionTimer] INFO  c.n.e.r.AbstractInstanceRegistry - Running the evict task with compensationTime 0ms
2023-08-30 20:20:34.996 [Eureka-EvictionTimer] INFO  c.n.e.r.AbstractInstanceRegistry - Running the evict task with compensationTime 0ms
2023-08-30 20:20:39.996 [Eureka-EvictionTimer] INFO  c.n.e.r.AbstractInstanceRegistry - Running the evict task with compensationTime 0ms
2023-08-30 20:20:44.996 [Eureka-EvictionTimer] INFO  c.n.e.r.AbstractInstanceRegistry - Running the evict task with compensationTime 0ms
2023-08-30 20:20:49.996 [Eureka-EvictionTimer] INFO  c.n.e.r.AbstractInstanceRegistry - Running the evict task with compensationTime 0ms
2023-08-30 20:20:54.996 [Eureka-EvictionTimer] INFO  c.n.e.r.AbstractInstanceRegistry - Running the evict task with compensationTime 0ms
2023-08-30 20:20:59.996 [Eureka-EvictionTimer] INFO  c.n.e.r.AbstractInstanceRegistry - Running the evict task with compensationTime 0ms
2023-08-30 20:21:04.996 [Eureka-EvictionTimer] INFO  c.n.e.r.AbstractInstanceRegistry - Running the evict task with compensationTime 0ms
2023-08-30 20:21:09.996 [Eureka-EvictionTimer] INFO  c.n.e.r.AbstractInstanceRegistry - Running the evict task with compensationTime 0ms
2023-08-30 20:21:14.996 [Eureka-EvictionTimer] INFO  c.n.e.r.AbstractInstanceRegistry - Running the evict task with compensationTime 0ms
2023-08-30 20:21:19.996 [Eureka-EvictionTimer] INFO  c.n.e.r.AbstractInstanceRegistry - Running the evict task with compensationTime 0ms
2023-08-30 20:21:24.996 [Eureka-EvictionTimer] INFO  c.n.e.r.AbstractInstanceRegistry - Running the evict task with compensationTime 0ms
2023-08-30 20:21:29.996 [Eureka-EvictionTimer] INFO  c.n.e.r.AbstractInstanceRegistry - Running the evict task with compensationTime 0ms
2023-08-30 20:21:34.996 [Eureka-EvictionTimer] INFO  c.n.e.r.AbstractInstanceRegistry - Running the evict task with compensationTime 0ms
2023-08-30 20:21:39.996 [Eureka-EvictionTimer] INFO  c.n.e.r.AbstractInstanceRegistry - Running the evict task with compensationTime 0ms
2023-08-30 20:21:44.996 [Eureka-EvictionTimer] INFO  c.n.e.r.AbstractInstanceRegistry - Running the evict task with compensationTime 0ms
2023-08-30 20:21:49.996 [Eureka-EvictionTimer] INFO  c.n.e.r.AbstractInstanceRegistry - Running the evict task with compensationTime 0ms
2023-08-30 20:21:54.996 [Eureka-EvictionTimer] INFO  c.n.e.r.AbstractInstanceRegistry - Running the evict task with compensationTime 0ms
2023-08-30 20:21:59.996 [Eureka-EvictionTimer] INFO  c.n.e.r.AbstractInstanceRegistry - Running the evict task with compensationTime 0ms
2023-08-30 20:22:04.996 [Eureka-EvictionTimer] INFO  c.n.e.r.AbstractInstanceRegistry - Running the evict task with compensationTime 0ms
2023-08-30 20:22:09.996 [Eureka-EvictionTimer] INFO  c.n.e.r.AbstractInstanceRegistry - Running the evict task with compensationTime 0ms
2023-08-30 20:22:14.996 [Eureka-EvictionTimer] INFO  c.n.e.r.AbstractInstanceRegistry - Running the evict task with compensationTime 0ms
2023-08-30 20:22:19.996 [Eureka-EvictionTimer] INFO  c.n.e.r.AbstractInstanceRegistry - Running the evict task with compensationTime 0ms
2023-08-30 20:22:24.996 [Eureka-EvictionTimer] INFO  c.n.e.r.AbstractInstanceRegistry - Running the evict task with compensationTime 0ms
2023-08-30 20:22:29.996 [Eureka-EvictionTimer] INFO  c.n.e.r.AbstractInstanceRegistry - Running the evict task with compensationTime 0ms
2023-08-30 20:22:34.996 [Eureka-EvictionTimer] INFO  c.n.e.r.AbstractInstanceRegistry - Running the evict task with compensationTime 0ms
2023-08-30 20:22:39.996 [Eureka-EvictionTimer] INFO  c.n.e.r.AbstractInstanceRegistry - Running the evict task with compensationTime 0ms
2023-08-30 20:22:44.996 [Eureka-EvictionTimer] INFO  c.n.e.r.AbstractInstanceRegistry - Running the evict task with compensationTime 0ms
2023-08-30 20:22:49.996 [Eureka-EvictionTimer] INFO  c.n.e.r.AbstractInstanceRegistry - Running the evict task with compensationTime 0ms
2023-08-30 20:22:54.996 [Eureka-EvictionTimer] INFO  c.n.e.r.AbstractInstanceRegistry - Running the evict task with compensationTime 0ms
2023-08-30 20:22:59.996 [Eureka-EvictionTimer] INFO  c.n.e.r.AbstractInstanceRegistry - Running the evict task with compensationTime 0ms
2023-08-30 20:23:04.996 [Eureka-EvictionTimer] INFO  c.n.e.r.AbstractInstanceRegistry - Running the evict task with compensationTime 0ms
2023-08-30 20:23:09.996 [Eureka-EvictionTimer] INFO  c.n.e.r.AbstractInstanceRegistry - Running the evict task with compensationTime 0ms
2023-08-30 20:23:14.996 [Eureka-EvictionTimer] INFO  c.n.e.r.AbstractInstanceRegistry - Running the evict task with compensationTime 0ms
2023-08-30 20:23:19.996 [Eureka-EvictionTimer] INFO  c.n.e.r.AbstractInstanceRegistry - Running the evict task with compensationTime 0ms
2023-08-30 20:23:24.996 [Eureka-EvictionTimer] INFO  c.n.e.r.AbstractInstanceRegistry - Running the evict task with compensationTime 0ms
2023-08-30 20:23:29.996 [Eureka-EvictionTimer] INFO  c.n.e.r.AbstractInstanceRegistry - Running the evict task with compensationTime 0ms
2023-08-30 20:23:34.996 [Eureka-EvictionTimer] INFO  c.n.e.r.AbstractInstanceRegistry - Running the evict task with compensationTime 0ms
2023-08-30 20:23:39.996 [Eureka-EvictionTimer] INFO  c.n.e.r.AbstractInstanceRegistry - Running the evict task with compensationTime 0ms
2023-08-30 20:23:44.996 [Eureka-EvictionTimer] INFO  c.n.e.r.AbstractInstanceRegistry - Running the evict task with compensationTime 0ms
2023-08-30 20:23:49.996 [Eureka-EvictionTimer] INFO  c.n.e.r.AbstractInstanceRegistry - Running the evict task with compensationTime 0ms
2023-08-30 20:23:54.996 [Eureka-EvictionTimer] INFO  c.n.e.r.AbstractInstanceRegistry - Running the evict task with compensationTime 0ms
2023-08-30 20:23:59.996 [Eureka-EvictionTimer] INFO  c.n.e.r.AbstractInstanceRegistry - Running the evict task with compensationTime 0ms
2023-08-30 20:24:04.996 [Eureka-EvictionTimer] INFO  c.n.e.r.AbstractInstanceRegistry - Running the evict task with compensationTime 0ms
2023-08-30 20:24:09.996 [Eureka-EvictionTimer] INFO  c.n.e.r.AbstractInstanceRegistry - Running the evict task with compensationTime 0ms
2023-08-30 20:24:14.996 [Eureka-EvictionTimer] INFO  c.n.e.r.AbstractInstanceRegistry - Running the evict task with compensationTime 0ms
2023-08-30 20:24:19.996 [Eureka-EvictionTimer] INFO  c.n.e.r.AbstractInstanceRegistry - Running the evict task with compensationTime 0ms
2023-08-30 20:24:24.996 [Eureka-EvictionTimer] INFO  c.n.e.r.AbstractInstanceRegistry - Running the evict task with compensationTime 0ms
2023-08-30 20:24:29.996 [Eureka-EvictionTimer] INFO  c.n.e.r.AbstractInstanceRegistry - Running the evict task with compensationTime 0ms
2023-08-30 20:24:34.996 [Eureka-EvictionTimer] INFO  c.n.e.r.AbstractInstanceRegistry - Running the evict task with compensationTime 0ms
2023-08-30 20:24:39.996 [Eureka-EvictionTimer] INFO  c.n.e.r.AbstractInstanceRegistry - Running the evict task with compensationTime 0ms
2023-08-30 20:24:44.996 [Eureka-EvictionTimer] INFO  c.n.e.r.AbstractInstanceRegistry - Running the evict task with compensationTime 0ms
2023-08-30 20:24:49.996 [Eureka-EvictionTimer] INFO  c.n.e.r.AbstractInstanceRegistry - Running the evict task with compensationTime 0ms
2023-08-30 20:24:54.996 [Eureka-EvictionTimer] INFO  c.n.e.r.AbstractInstanceRegistry - Running the evict task with compensationTime 0ms
2023-08-30 20:24:59.996 [Eureka-EvictionTimer] INFO  c.n.e.r.AbstractInstanceRegistry - Running the evict task with compensationTime 0ms
2023-08-30 20:25:04.996 [Eureka-EvictionTimer] INFO  c.n.e.r.AbstractInstanceRegistry - Running the evict task with compensationTime 0ms
2023-08-30 20:25:09.996 [Eureka-EvictionTimer] INFO  c.n.e.r.AbstractInstanceRegistry - Running the evict task with compensationTime 0ms
2023-08-30 20:25:14.996 [Eureka-EvictionTimer] INFO  c.n.e.r.AbstractInstanceRegistry - Running the evict task with compensationTime 0ms
2023-08-30 20:25:19.996 [Eureka-EvictionTimer] INFO  c.n.e.r.AbstractInstanceRegistry - Running the evict task with compensationTime 0ms
2023-08-30 20:25:24.996 [Eureka-EvictionTimer] INFO  c.n.e.r.AbstractInstanceRegistry - Running the evict task with compensationTime 0ms
2023-08-30 20:25:29.996 [Eureka-EvictionTimer] INFO  c.n.e.r.AbstractInstanceRegistry - Running the evict task with compensationTime 0ms
2023-08-30 20:25:34.996 [Eureka-EvictionTimer] INFO  c.n.e.r.AbstractInstanceRegistry - Running the evict task with compensationTime 0ms
2023-08-30 20:25:39.996 [Eureka-EvictionTimer] INFO  c.n.e.r.AbstractInstanceRegistry - Running the evict task with compensationTime 0ms
2023-08-30 20:25:44.996 [Eureka-EvictionTimer] INFO  c.n.e.r.AbstractInstanceRegistry - Running the evict task with compensationTime 0ms
2023-08-30 20:25:49.996 [Eureka-EvictionTimer] INFO  c.n.e.r.AbstractInstanceRegistry - Running the evict task with compensationTime 0ms
2023-08-30 20:25:54.996 [Eureka-EvictionTimer] INFO  c.n.e.r.AbstractInstanceRegistry - Running the evict task with compensationTime 0ms
2023-08-30 20:25:59.996 [Eureka-EvictionTimer] INFO  c.n.e.r.AbstractInstanceRegistry - Running the evict task with compensationTime 0ms
2023-08-30 20:26:04.996 [Eureka-EvictionTimer] INFO  c.n.e.r.AbstractInstanceRegistry - Running the evict task with compensationTime 0ms
2023-08-30 20:26:09.996 [Eureka-EvictionTimer] INFO  c.n.e.r.AbstractInstanceRegistry - Running the evict task with compensationTime 0ms
2023-08-30 20:26:14.996 [Eureka-EvictionTimer] INFO  c.n.e.r.AbstractInstanceRegistry - Running the evict task with compensationTime 0ms
2023-08-30 20:26:19.996 [Eureka-EvictionTimer] INFO  c.n.e.r.AbstractInstanceRegistry - Running the evict task with compensationTime 0ms
2023-08-30 20:26:24.996 [Eureka-EvictionTimer] INFO  c.n.e.r.AbstractInstanceRegistry - Running the evict task with compensationTime 0ms
2023-08-30 20:26:29.996 [Eureka-EvictionTimer] INFO  c.n.e.r.AbstractInstanceRegistry - Running the evict task with compensationTime 0ms
2023-08-30 20:26:34.996 [Eureka-EvictionTimer] INFO  c.n.e.r.AbstractInstanceRegistry - Running the evict task with compensationTime 0ms
2023-08-30 20:26:39.996 [Eureka-EvictionTimer] INFO  c.n.e.r.AbstractInstanceRegistry - Running the evict task with compensationTime 0ms
2023-08-30 20:26:44.996 [Eureka-EvictionTimer] INFO  c.n.e.r.AbstractInstanceRegistry - Running the evict task with compensationTime 0ms
2023-08-30 20:26:49.996 [Eureka-EvictionTimer] INFO  c.n.e.r.AbstractInstanceRegistry - Running the evict task with compensationTime 0ms
2023-08-30 20:26:54.996 [Eureka-EvictionTimer] INFO  c.n.e.r.AbstractInstanceRegistry - Running the evict task with compensationTime 0ms
2023-08-30 20:26:59.996 [Eureka-EvictionTimer] INFO  c.n.e.r.AbstractInstanceRegistry - Running the evict task with compensationTime 0ms
2023-08-30 20:27:04.996 [Eureka-EvictionTimer] INFO  c.n.e.r.AbstractInstanceRegistry - Running the evict task with compensationTime 0ms
2023-08-30 20:27:09.996 [Eureka-EvictionTimer] INFO  c.n.e.r.AbstractInstanceRegistry - Running the evict task with compensationTime 0ms
2023-08-30 20:27:14.996 [Eureka-EvictionTimer] INFO  c.n.e.r.AbstractInstanceRegistry - Running the evict task with compensationTime 0ms
2023-08-30 20:27:19.996 [Eureka-EvictionTimer] INFO  c.n.e.r.AbstractInstanceRegistry - Running the evict task with compensationTime 0ms
2023-08-30 20:27:24.996 [Eureka-EvictionTimer] INFO  c.n.e.r.AbstractInstanceRegistry - Running the evict task with compensationTime 0ms
2023-08-30 20:27:29.996 [Eureka-EvictionTimer] INFO  c.n.e.r.AbstractInstanceRegistry - Running the evict task with compensationTime 0ms
2023-08-30 20:27:34.996 [Eureka-EvictionTimer] INFO  c.n.e.r.AbstractInstanceRegistry - Running the evict task with compensationTime 0ms
2023-08-30 20:27:39.996 [Eureka-EvictionTimer] INFO  c.n.e.r.AbstractInstanceRegistry - Running the evict task with compensationTime 0ms
2023-08-30 20:27:44.996 [Eureka-EvictionTimer] INFO  c.n.e.r.AbstractInstanceRegistry - Running the evict task with compensationTime 0ms
2023-08-30 20:27:49.996 [Eureka-EvictionTimer] INFO  c.n.e.r.AbstractInstanceRegistry - Running the evict task with compensationTime 0ms
2023-08-30 20:27:54.996 [Eureka-EvictionTimer] INFO  c.n.e.r.AbstractInstanceRegistry - Running the evict task with compensationTime 0ms
2023-08-30 20:27:59.996 [Eureka-EvictionTimer] INFO  c.n.e.r.AbstractInstanceRegistry - Running the evict task with compensationTime 0ms
2023-08-30 20:28:04.996 [Eureka-EvictionTimer] INFO  c.n.e.r.AbstractInstanceRegistry - Running the evict task with compensationTime 0ms
2023-08-30 20:28:09.996 [Eureka-EvictionTimer] INFO  c.n.e.r.AbstractInstanceRegistry - Running the evict task with compensationTime 0ms
2023-08-30 20:28:14.996 [Eureka-EvictionTimer] INFO  c.n.e.r.AbstractInstanceRegistry - Running the evict task with compensationTime 0ms
2023-08-30 20:28:19.996 [Eureka-EvictionTimer] INFO  c.n.e.r.AbstractInstanceRegistry - Running the evict task with compensationTime 0ms
2023-08-30 20:28:24.996 [Eureka-EvictionTimer] INFO  c.n.e.r.AbstractInstanceRegistry - Running the evict task with compensationTime 0ms
2023-08-30 20:28:29.996 [Eureka-EvictionTimer] INFO  c.n.e.r.AbstractInstanceRegistry - Running the evict task with compensationTime 0ms
2023-08-30 20:28:34.996 [Eureka-EvictionTimer] INFO  c.n.e.r.AbstractInstanceRegistry - Running the evict task with compensationTime 0ms
2023-08-30 20:28:39.996 [Eureka-EvictionTimer] INFO  c.n.e.r.AbstractInstanceRegistry - Running the evict task with compensationTime 0ms
2023-08-30 20:28:44.996 [Eureka-EvictionTimer] INFO  c.n.e.r.AbstractInstanceRegistry - Running the evict task with compensationTime 0ms
2023-08-30 20:28:49.996 [Eureka-EvictionTimer] INFO  c.n.e.r.AbstractInstanceRegistry - Running the evict task with compensationTime 0ms
2023-08-30 20:28:54.996 [Eureka-EvictionTimer] INFO  c.n.e.r.AbstractInstanceRegistry - Running the evict task with compensationTime 0ms
2023-08-30 20:28:59.996 [Eureka-EvictionTimer] INFO  c.n.e.r.AbstractInstanceRegistry - Running the evict task with compensationTime 0ms
2023-08-30 20:29:04.996 [Eureka-EvictionTimer] INFO  c.n.e.r.AbstractInstanceRegistry - Running the evict task with compensationTime 0ms
2023-08-30 20:29:09.996 [Eureka-EvictionTimer] INFO  c.n.e.r.AbstractInstanceRegistry - Running the evict task with compensationTime 0ms
2023-08-30 20:29:14.996 [Eureka-EvictionTimer] INFO  c.n.e.r.AbstractInstanceRegistry - Running the evict task with compensationTime 0ms
2023-08-30 20:29:19.996 [Eureka-EvictionTimer] INFO  c.n.e.r.AbstractInstanceRegistry - Running the evict task with compensationTime 0ms
2023-08-30 20:29:24.996 [Eureka-EvictionTimer] INFO  c.n.e.r.AbstractInstanceRegistry - Running the evict task with compensationTime 0ms
2023-08-30 20:29:29.996 [Eureka-EvictionTimer] INFO  c.n.e.r.AbstractInstanceRegistry - Running the evict task with compensationTime 0ms
2023-08-30 20:29:34.996 [Eureka-EvictionTimer] INFO  c.n.e.r.AbstractInstanceRegistry - Running the evict task with compensationTime 0ms
2023-08-30 20:29:39.996 [Eureka-EvictionTimer] INFO  c.n.e.r.AbstractInstanceRegistry - Running the evict task with compensationTime 0ms
2023-08-30 20:29:44.996 [Eureka-EvictionTimer] INFO  c.n.e.r.AbstractInstanceRegistry - Running the evict task with compensationTime 0ms
2023-08-30 20:29:49.996 [Eureka-EvictionTimer] INFO  c.n.e.r.AbstractInstanceRegistry - Running the evict task with compensationTime 0ms
2023-08-30 20:29:54.996 [Eureka-EvictionTimer] INFO  c.n.e.r.AbstractInstanceRegistry - Running the evict task with compensationTime 0ms
2023-08-30 20:29:59.996 [Eureka-EvictionTimer] INFO  c.n.e.r.AbstractInstanceRegistry - Running the evict task with compensationTime 0ms
2023-08-30 20:30:04.996 [Eureka-EvictionTimer] INFO  c.n.e.r.AbstractInstanceRegistry - Running the evict task with compensationTime 0ms
2023-08-30 20:30:09.996 [Eureka-EvictionTimer] INFO  c.n.e.r.AbstractInstanceRegistry - Running the evict task with compensationTime 0ms
2023-08-30 20:30:14.996 [Eureka-EvictionTimer] INFO  c.n.e.r.AbstractInstanceRegistry - Running the evict task with compensationTime 0ms
2023-08-30 20:30:19.996 [Eureka-EvictionTimer] INFO  c.n.e.r.AbstractInstanceRegistry - Running the evict task with compensationTime 0ms
2023-08-30 20:30:24.996 [Eureka-EvictionTimer] INFO  c.n.e.r.AbstractInstanceRegistry - Running the evict task with compensationTime 0ms
2023-08-30 20:30:29.996 [Eureka-EvictionTimer] INFO  c.n.e.r.AbstractInstanceRegistry - Running the evict task with compensationTime 0ms
2023-08-30 20:30:34.996 [Eureka-EvictionTimer] INFO  c.n.e.r.AbstractInstanceRegistry - Running the evict task with compensationTime 0ms
2023-08-30 20:30:39.996 [Eureka-EvictionTimer] INFO  c.n.e.r.AbstractInstanceRegistry - Running the evict task with compensationTime 0ms
2023-08-30 20:30:44.996 [Eureka-EvictionTimer] INFO  c.n.e.r.AbstractInstanceRegistry - Running the evict task with compensationTime 0ms
2023-08-30 20:30:49.996 [Eureka-EvictionTimer] INFO  c.n.e.r.AbstractInstanceRegistry - Running the evict task with compensationTime 0ms
2023-08-30 20:30:54.859 [ReplicaAwareInstanceRegistry - RenewalThresholdUpdater] INFO  c.n.e.r.PeerAwareInstanceRegistryImpl - Current renewal threshold is : 0
2023-08-30 20:30:54.996 [Eureka-EvictionTimer] INFO  c.n.e.r.AbstractInstanceRegistry - Running the evict task with compensationTime 0ms
2023-08-30 20:30:59.996 [Eureka-EvictionTimer] INFO  c.n.e.r.AbstractInstanceRegistry - Running the evict task with compensationTime 0ms
2023-08-30 20:31:04.996 [Eureka-EvictionTimer] INFO  c.n.e.r.AbstractInstanceRegistry - Running the evict task with compensationTime 0ms
2023-08-30 20:31:09.996 [Eureka-EvictionTimer] INFO  c.n.e.r.AbstractInstanceRegistry - Running the evict task with compensationTime 0ms
2023-08-30 20:31:14.996 [Eureka-EvictionTimer] INFO  c.n.e.r.AbstractInstanceRegistry - Running the evict task with compensationTime 0ms
2023-08-30 20:31:19.996 [Eureka-EvictionTimer] INFO  c.n.e.r.AbstractInstanceRegistry - Running the evict task with compensationTime 0ms
2023-08-30 20:31:24.996 [Eureka-EvictionTimer] INFO  c.n.e.r.AbstractInstanceRegistry - Running the evict task with compensationTime 0ms
2023-08-30 20:31:29.996 [Eureka-EvictionTimer] INFO  c.n.e.r.AbstractInstanceRegistry - Running the evict task with compensationTime 0ms
2023-08-30 20:31:34.996 [Eureka-EvictionTimer] INFO  c.n.e.r.AbstractInstanceRegistry - Running the evict task with compensationTime 0ms
2023-08-30 20:31:39.996 [Eureka-EvictionTimer] INFO  c.n.e.r.AbstractInstanceRegistry - Running the evict task with compensationTime 0ms
2023-08-30 20:31:44.996 [Eureka-EvictionTimer] INFO  c.n.e.r.AbstractInstanceRegistry - Running the evict task with compensationTime 0ms
2023-08-30 20:31:49.996 [Eureka-EvictionTimer] INFO  c.n.e.r.AbstractInstanceRegistry - Running the evict task with compensationTime 0ms
2023-08-30 20:31:54.996 [Eureka-EvictionTimer] INFO  c.n.e.r.AbstractInstanceRegistry - Running the evict task with compensationTime 0ms
2023-08-30 20:31:59.996 [Eureka-EvictionTimer] INFO  c.n.e.r.AbstractInstanceRegistry - Running the evict task with compensationTime 0ms
2023-08-30 20:32:04.996 [Eureka-EvictionTimer] INFO  c.n.e.r.AbstractInstanceRegistry - Running the evict task with compensationTime 0ms
2023-08-30 20:32:09.996 [Eureka-EvictionTimer] INFO  c.n.e.r.AbstractInstanceRegistry - Running the evict task with compensationTime 0ms
2023-08-30 20:32:14.996 [Eureka-EvictionTimer] INFO  c.n.e.r.AbstractInstanceRegistry - Running the evict task with compensationTime 0ms
2023-08-30 20:32:19.996 [Eureka-EvictionTimer] INFO  c.n.e.r.AbstractInstanceRegistry - Running the evict task with compensationTime 0ms
2023-08-30 20:32:24.996 [Eureka-EvictionTimer] INFO  c.n.e.r.AbstractInstanceRegistry - Running the evict task with compensationTime 0ms
2023-08-30 20:32:29.996 [Eureka-EvictionTimer] INFO  c.n.e.r.AbstractInstanceRegistry - Running the evict task with compensationTime 0ms
2023-08-30 20:32:34.996 [Eureka-EvictionTimer] INFO  c.n.e.r.AbstractInstanceRegistry - Running the evict task with compensationTime 0ms
2023-08-30 20:32:39.996 [Eureka-EvictionTimer] INFO  c.n.e.r.AbstractInstanceRegistry - Running the evict task with compensationTime 0ms
2023-08-30 20:32:44.996 [Eureka-EvictionTimer] INFO  c.n.e.r.AbstractInstanceRegistry - Running the evict task with compensationTime 0ms
2023-08-30 20:32:49.996 [Eureka-EvictionTimer] INFO  c.n.e.r.AbstractInstanceRegistry - Running the evict task with compensationTime 0ms
2023-08-30 20:32:54.996 [Eureka-EvictionTimer] INFO  c.n.e.r.AbstractInstanceRegistry - Running the evict task with compensationTime 0ms
2023-08-30 20:32:59.996 [Eureka-EvictionTimer] INFO  c.n.e.r.AbstractInstanceRegistry - Running the evict task with compensationTime 0ms
2023-08-30 20:33:04.996 [Eureka-EvictionTimer] INFO  c.n.e.r.AbstractInstanceRegistry - Running the evict task with compensationTime 0ms
2023-08-30 20:33:09.996 [Eureka-EvictionTimer] INFO  c.n.e.r.AbstractInstanceRegistry - Running the evict task with compensationTime 0ms
2023-08-30 20:33:14.996 [Eureka-EvictionTimer] INFO  c.n.e.r.AbstractInstanceRegistry - Running the evict task with compensationTime 0ms
2023-08-30 20:33:19.996 [Eureka-EvictionTimer] INFO  c.n.e.r.AbstractInstanceRegistry - Running the evict task with compensationTime 0ms
2023-08-30 20:33:24.996 [Eureka-EvictionTimer] INFO  c.n.e.r.AbstractInstanceRegistry - Running the evict task with compensationTime 0ms
2023-08-30 20:33:29.996 [Eureka-EvictionTimer] INFO  c.n.e.r.AbstractInstanceRegistry - Running the evict task with compensationTime 0ms
2023-08-30 20:33:34.996 [Eureka-EvictionTimer] INFO  c.n.e.r.AbstractInstanceRegistry - Running the evict task with compensationTime 0ms
2023-08-30 20:33:39.996 [Eureka-EvictionTimer] INFO  c.n.e.r.AbstractInstanceRegistry - Running the evict task with compensationTime 0ms
2023-08-30 20:33:44.996 [Eureka-EvictionTimer] INFO  c.n.e.r.AbstractInstanceRegistry - Running the evict task with compensationTime 0ms
2023-08-30 20:33:49.996 [Eureka-EvictionTimer] INFO  c.n.e.r.AbstractInstanceRegistry - Running the evict task with compensationTime 0ms
2023-08-30 20:33:54.996 [Eureka-EvictionTimer] INFO  c.n.e.r.AbstractInstanceRegistry - Running the evict task with compensationTime 0ms
2023-08-30 20:33:59.996 [Eureka-EvictionTimer] INFO  c.n.e.r.AbstractInstanceRegistry - Running the evict task with compensationTime 0ms
2023-08-30 20:34:04.996 [Eureka-EvictionTimer] INFO  c.n.e.r.AbstractInstanceRegistry - Running the evict task with compensationTime 0ms
2023-08-30 20:34:09.996 [Eureka-EvictionTimer] INFO  c.n.e.r.AbstractInstanceRegistry - Running the evict task with compensationTime 0ms
2023-08-30 20:34:14.996 [Eureka-EvictionTimer] INFO  c.n.e.r.AbstractInstanceRegistry - Running the evict task with compensationTime 0ms
2023-08-30 20:34:19.996 [Eureka-EvictionTimer] INFO  c.n.e.r.AbstractInstanceRegistry - Running the evict task with compensationTime 0ms
2023-08-30 20:34:24.996 [Eureka-EvictionTimer] INFO  c.n.e.r.AbstractInstanceRegistry - Running the evict task with compensationTime 0ms
2023-08-30 20:34:29.996 [Eureka-EvictionTimer] INFO  c.n.e.r.AbstractInstanceRegistry - Running the evict task with compensationTime 0ms
2023-08-30 20:34:34.996 [Eureka-EvictionTimer] INFO  c.n.e.r.AbstractInstanceRegistry - Running the evict task with compensationTime 0ms
2023-08-30 20:34:39.996 [Eureka-EvictionTimer] INFO  c.n.e.r.AbstractInstanceRegistry - Running the evict task with compensationTime 0ms
2023-08-30 20:34:44.996 [Eureka-EvictionTimer] INFO  c.n.e.r.AbstractInstanceRegistry - Running the evict task with compensationTime 0ms
2023-08-30 20:34:49.996 [Eureka-EvictionTimer] INFO  c.n.e.r.AbstractInstanceRegistry - Running the evict task with compensationTime 0ms
2023-08-30 20:34:54.996 [Eureka-EvictionTimer] INFO  c.n.e.r.AbstractInstanceRegistry - Running the evict task with compensationTime 0ms
2023-08-30 20:34:59.996 [Eureka-EvictionTimer] INFO  c.n.e.r.AbstractInstanceRegistry - Running the evict task with compensationTime 0ms
2023-08-30 20:35:04.996 [Eureka-EvictionTimer] INFO  c.n.e.r.AbstractInstanceRegistry - Running the evict task with compensationTime 0ms
2023-08-30 20:35:09.996 [Eureka-EvictionTimer] INFO  c.n.e.r.AbstractInstanceRegistry - Running the evict task with compensationTime 0ms
2023-08-30 20:35:14.996 [Eureka-EvictionTimer] INFO  c.n.e.r.AbstractInstanceRegistry - Running the evict task with compensationTime 0ms
2023-08-30 20:35:19.996 [Eureka-EvictionTimer] INFO  c.n.e.r.AbstractInstanceRegistry - Running the evict task with compensationTime 0ms
2023-08-30 20:35:24.996 [Eureka-EvictionTimer] INFO  c.n.e.r.AbstractInstanceRegistry - Running the evict task with compensationTime 0ms
2023-08-30 20:35:29.996 [Eureka-EvictionTimer] INFO  c.n.e.r.AbstractInstanceRegistry - Running the evict task with compensationTime 0ms
2023-08-30 20:35:34.996 [Eureka-EvictionTimer] INFO  c.n.e.r.AbstractInstanceRegistry - Running the evict task with compensationTime 0ms
2023-08-30 20:35:39.996 [Eureka-EvictionTimer] INFO  c.n.e.r.AbstractInstanceRegistry - Running the evict task with compensationTime 0ms
2023-08-30 20:35:44.996 [Eureka-EvictionTimer] INFO  c.n.e.r.AbstractInstanceRegistry - Running the evict task with compensationTime 0ms
2023-08-30 20:35:49.996 [Eureka-EvictionTimer] INFO  c.n.e.r.AbstractInstanceRegistry - Running the evict task with compensationTime 0ms
2023-08-30 20:35:54.996 [Eureka-EvictionTimer] INFO  c.n.e.r.AbstractInstanceRegistry - Running the evict task with compensationTime 0ms
2023-08-30 20:35:59.996 [Eureka-EvictionTimer] INFO  c.n.e.r.AbstractInstanceRegistry - Running the evict task with compensationTime 0ms
2023-08-30 20:36:04.996 [Eureka-EvictionTimer] INFO  c.n.e.r.AbstractInstanceRegistry - Running the evict task with compensationTime 0ms
2023-08-30 20:36:09.996 [Eureka-EvictionTimer] INFO  c.n.e.r.AbstractInstanceRegistry - Running the evict task with compensationTime 0ms
2023-08-30 20:36:14.996 [Eureka-EvictionTimer] INFO  c.n.e.r.AbstractInstanceRegistry - Running the evict task with compensationTime 0ms
2023-08-30 20:36:19.996 [Eureka-EvictionTimer] INFO  c.n.e.r.AbstractInstanceRegistry - Running the evict task with compensationTime 0ms
2023-08-30 20:36:24.996 [Eureka-EvictionTimer] INFO  c.n.e.r.AbstractInstanceRegistry - Running the evict task with compensationTime 0ms
2023-08-30 20:36:29.996 [Eureka-EvictionTimer] INFO  c.n.e.r.AbstractInstanceRegistry - Running the evict task with compensationTime 0ms
2023-08-30 20:36:34.996 [Eureka-EvictionTimer] INFO  c.n.e.r.AbstractInstanceRegistry - Running the evict task with compensationTime 0ms
2023-08-30 20:36:39.996 [Eureka-EvictionTimer] INFO  c.n.e.r.AbstractInstanceRegistry - Running the evict task with compensationTime 0ms
2023-08-30 20:36:44.996 [Eureka-EvictionTimer] INFO  c.n.e.r.AbstractInstanceRegistry - Running the evict task with compensationTime 0ms
2023-08-30 20:36:49.996 [Eureka-EvictionTimer] INFO  c.n.e.r.AbstractInstanceRegistry - Running the evict task with compensationTime 0ms
2023-08-30 20:36:54.996 [Eureka-EvictionTimer] INFO  c.n.e.r.AbstractInstanceRegistry - Running the evict task with compensationTime 0ms
2023-08-30 20:36:59.996 [Eureka-EvictionTimer] INFO  c.n.e.r.AbstractInstanceRegistry - Running the evict task with compensationTime 0ms
2023-08-30 20:37:04.996 [Eureka-EvictionTimer] INFO  c.n.e.r.AbstractInstanceRegistry - Running the evict task with compensationTime 0ms
2023-08-30 20:37:09.996 [Eureka-EvictionTimer] INFO  c.n.e.r.AbstractInstanceRegistry - Running the evict task with compensationTime 0ms
2023-08-30 20:37:14.996 [Eureka-EvictionTimer] INFO  c.n.e.r.AbstractInstanceRegistry - Running the evict task with compensationTime 0ms
2023-08-30 20:37:19.996 [Eureka-EvictionTimer] INFO  c.n.e.r.AbstractInstanceRegistry - Running the evict task with compensationTime 0ms
2023-08-30 20:37:24.996 [Eureka-EvictionTimer] INFO  c.n.e.r.AbstractInstanceRegistry - Running the evict task with compensationTime 0ms
2023-08-30 20:37:29.996 [Eureka-EvictionTimer] INFO  c.n.e.r.AbstractInstanceRegistry - Running the evict task with compensationTime 0ms
2023-08-30 20:37:34.996 [Eureka-EvictionTimer] INFO  c.n.e.r.AbstractInstanceRegistry - Running the evict task with compensationTime 0ms
2023-08-30 20:37:39.996 [Eureka-EvictionTimer] INFO  c.n.e.r.AbstractInstanceRegistry - Running the evict task with compensationTime 0ms
2023-08-30 20:37:44.996 [Eureka-EvictionTimer] INFO  c.n.e.r.AbstractInstanceRegistry - Running the evict task with compensationTime 0ms
2023-08-30 20:37:49.996 [Eureka-EvictionTimer] INFO  c.n.e.r.AbstractInstanceRegistry - Running the evict task with compensationTime 0ms
2023-08-30 20:37:54.996 [Eureka-EvictionTimer] INFO  c.n.e.r.AbstractInstanceRegistry - Running the evict task with compensationTime 0ms
2023-08-30 20:37:59.996 [Eureka-EvictionTimer] INFO  c.n.e.r.AbstractInstanceRegistry - Running the evict task with compensationTime 0ms
2023-08-30 20:38:04.996 [Eureka-EvictionTimer] INFO  c.n.e.r.AbstractInstanceRegistry - Running the evict task with compensationTime 0ms
2023-08-30 20:38:09.996 [Eureka-EvictionTimer] INFO  c.n.e.r.AbstractInstanceRegistry - Running the evict task with compensationTime 0ms
2023-08-30 20:38:14.996 [Eureka-EvictionTimer] INFO  c.n.e.r.AbstractInstanceRegistry - Running the evict task with compensationTime 0ms
2023-08-30 20:38:19.996 [Eureka-EvictionTimer] INFO  c.n.e.r.AbstractInstanceRegistry - Running the evict task with compensationTime 0ms
2023-08-30 20:38:24.996 [Eureka-EvictionTimer] INFO  c.n.e.r.AbstractInstanceRegistry - Running the evict task with compensationTime 0ms
2023-08-30 20:38:29.996 [Eureka-EvictionTimer] INFO  c.n.e.r.AbstractInstanceRegistry - Running the evict task with compensationTime 0ms
2023-08-30 20:38:34.996 [Eureka-EvictionTimer] INFO  c.n.e.r.AbstractInstanceRegistry - Running the evict task with compensationTime 0ms
2023-08-30 20:38:39.996 [Eureka-EvictionTimer] INFO  c.n.e.r.AbstractInstanceRegistry - Running the evict task with compensationTime 0ms
2023-08-30 20:38:44.996 [Eureka-EvictionTimer] INFO  c.n.e.r.AbstractInstanceRegistry - Running the evict task with compensationTime 0ms
2023-08-30 20:38:49.996 [Eureka-EvictionTimer] INFO  c.n.e.r.AbstractInstanceRegistry - Running the evict task with compensationTime 0ms
2023-08-30 20:38:54.996 [Eureka-EvictionTimer] INFO  c.n.e.r.AbstractInstanceRegistry - Running the evict task with compensationTime 0ms
2023-08-30 20:38:59.996 [Eureka-EvictionTimer] INFO  c.n.e.r.AbstractInstanceRegistry - Running the evict task with compensationTime 0ms
2023-08-30 20:39:04.996 [Eureka-EvictionTimer] INFO  c.n.e.r.AbstractInstanceRegistry - Running the evict task with compensationTime 0ms
2023-08-30 20:39:09.996 [Eureka-EvictionTimer] INFO  c.n.e.r.AbstractInstanceRegistry - Running the evict task with compensationTime 0ms
2023-08-30 20:39:14.996 [Eureka-EvictionTimer] INFO  c.n.e.r.AbstractInstanceRegistry - Running the evict task with compensationTime 0ms
2023-08-30 20:39:19.996 [Eureka-EvictionTimer] INFO  c.n.e.r.AbstractInstanceRegistry - Running the evict task with compensationTime 0ms
2023-08-30 20:39:24.996 [Eureka-EvictionTimer] INFO  c.n.e.r.AbstractInstanceRegistry - Running the evict task with compensationTime 0ms
2023-08-30 20:39:29.996 [Eureka-EvictionTimer] INFO  c.n.e.r.AbstractInstanceRegistry - Running the evict task with compensationTime 0ms
2023-08-30 20:39:34.996 [Eureka-EvictionTimer] INFO  c.n.e.r.AbstractInstanceRegistry - Running the evict task with compensationTime 0ms
2023-08-30 20:39:39.996 [Eureka-EvictionTimer] INFO  c.n.e.r.AbstractInstanceRegistry - Running the evict task with compensationTime 0ms
2023-08-30 20:39:44.996 [Eureka-EvictionTimer] INFO  c.n.e.r.AbstractInstanceRegistry - Running the evict task with compensationTime 0ms
2023-08-30 20:39:49.996 [Eureka-EvictionTimer] INFO  c.n.e.r.AbstractInstanceRegistry - Running the evict task with compensationTime 0ms
2023-08-30 20:39:54.996 [Eureka-EvictionTimer] INFO  c.n.e.r.AbstractInstanceRegistry - Running the evict task with compensationTime 0ms
2023-08-30 20:39:59.996 [Eureka-EvictionTimer] INFO  c.n.e.r.AbstractInstanceRegistry - Running the evict task with compensationTime 0ms
2023-08-30 20:40:04.996 [Eureka-EvictionTimer] INFO  c.n.e.r.AbstractInstanceRegistry - Running the evict task with compensationTime 0ms
2023-08-30 20:40:09.996 [Eureka-EvictionTimer] INFO  c.n.e.r.AbstractInstanceRegistry - Running the evict task with compensationTime 0ms
2023-08-30 20:40:14.996 [Eureka-EvictionTimer] INFO  c.n.e.r.AbstractInstanceRegistry - Running the evict task with compensationTime 0ms
2023-08-30 20:40:19.996 [Eureka-EvictionTimer] INFO  c.n.e.r.AbstractInstanceRegistry - Running the evict task with compensationTime 0ms
2023-08-30 20:40:24.996 [Eureka-EvictionTimer] INFO  c.n.e.r.AbstractInstanceRegistry - Running the evict task with compensationTime 0ms
2023-08-30 20:40:29.996 [Eureka-EvictionTimer] INFO  c.n.e.r.AbstractInstanceRegistry - Running the evict task with compensationTime 0ms
2023-08-30 20:40:34.996 [Eureka-EvictionTimer] INFO  c.n.e.r.AbstractInstanceRegistry - Running the evict task with compensationTime 0ms
2023-08-30 20:40:39.996 [Eureka-EvictionTimer] INFO  c.n.e.r.AbstractInstanceRegistry - Running the evict task with compensationTime 0ms
2023-08-30 20:40:44.996 [Eureka-EvictionTimer] INFO  c.n.e.r.AbstractInstanceRegistry - Running the evict task with compensationTime 0ms
2023-08-30 20:40:49.996 [Eureka-EvictionTimer] INFO  c.n.e.r.AbstractInstanceRegistry - Running the evict task with compensationTime 0ms
2023-08-30 20:40:54.996 [Eureka-EvictionTimer] INFO  c.n.e.r.AbstractInstanceRegistry - Running the evict task with compensationTime 0ms
2023-08-30 20:40:59.996 [Eureka-EvictionTimer] INFO  c.n.e.r.AbstractInstanceRegistry - Running the evict task with compensationTime 0ms
2023-08-30 20:41:04.996 [Eureka-EvictionTimer] INFO  c.n.e.r.AbstractInstanceRegistry - Running the evict task with compensationTime 0ms
2023-08-30 20:41:09.996 [Eureka-EvictionTimer] INFO  c.n.e.r.AbstractInstanceRegistry - Running the evict task with compensationTime 0ms
2023-08-30 20:41:14.996 [Eureka-EvictionTimer] INFO  c.n.e.r.AbstractInstanceRegistry - Running the evict task with compensationTime 0ms
2023-08-30 20:41:19.996 [Eureka-EvictionTimer] INFO  c.n.e.r.AbstractInstanceRegistry - Running the evict task with compensationTime 0ms
2023-08-30 20:41:24.996 [Eureka-EvictionTimer] INFO  c.n.e.r.AbstractInstanceRegistry - Running the evict task with compensationTime 0ms
2023-08-30 20:41:29.996 [Eureka-EvictionTimer] INFO  c.n.e.r.AbstractInstanceRegistry - Running the evict task with compensationTime 0ms
2023-08-30 20:41:34.996 [Eureka-EvictionTimer] INFO  c.n.e.r.AbstractInstanceRegistry - Running the evict task with compensationTime 0ms
2023-08-30 20:41:39.996 [Eureka-EvictionTimer] INFO  c.n.e.r.AbstractInstanceRegistry - Running the evict task with compensationTime 0ms
2023-08-30 20:41:44.996 [Eureka-EvictionTimer] INFO  c.n.e.r.AbstractInstanceRegistry - Running the evict task with compensationTime 0ms
2023-08-30 20:41:49.996 [Eureka-EvictionTimer] INFO  c.n.e.r.AbstractInstanceRegistry - Running the evict task with compensationTime 0ms
2023-08-30 20:41:54.996 [Eureka-EvictionTimer] INFO  c.n.e.r.AbstractInstanceRegistry - Running the evict task with compensationTime 0ms
2023-08-30 20:41:59.996 [Eureka-EvictionTimer] INFO  c.n.e.r.AbstractInstanceRegistry - Running the evict task with compensationTime 0ms
2023-08-30 20:42:04.996 [Eureka-EvictionTimer] INFO  c.n.e.r.AbstractInstanceRegistry - Running the evict task with compensationTime 0ms
2023-08-30 20:42:09.996 [Eureka-EvictionTimer] INFO  c.n.e.r.AbstractInstanceRegistry - Running the evict task with compensationTime 0ms
2023-08-30 20:42:14.996 [Eureka-EvictionTimer] INFO  c.n.e.r.AbstractInstanceRegistry - Running the evict task with compensationTime 0ms
2023-08-30 20:42:19.996 [Eureka-EvictionTimer] INFO  c.n.e.r.AbstractInstanceRegistry - Running the evict task with compensationTime 0ms
2023-08-30 20:42:24.996 [Eureka-EvictionTimer] INFO  c.n.e.r.AbstractInstanceRegistry - Running the evict task with compensationTime 0ms
2023-08-30 20:42:29.996 [Eureka-EvictionTimer] INFO  c.n.e.r.AbstractInstanceRegistry - Running the evict task with compensationTime 0ms
2023-08-30 20:42:34.996 [Eureka-EvictionTimer] INFO  c.n.e.r.AbstractInstanceRegistry - Running the evict task with compensationTime 0ms
2023-08-30 20:42:39.996 [Eureka-EvictionTimer] INFO  c.n.e.r.AbstractInstanceRegistry - Running the evict task with compensationTime 0ms
2023-08-30 20:42:44.996 [Eureka-EvictionTimer] INFO  c.n.e.r.AbstractInstanceRegistry - Running the evict task with compensationTime 0ms
2023-08-30 20:42:49.996 [Eureka-EvictionTimer] INFO  c.n.e.r.AbstractInstanceRegistry - Running the evict task with compensationTime 0ms
2023-08-30 20:42:54.996 [Eureka-EvictionTimer] INFO  c.n.e.r.AbstractInstanceRegistry - Running the evict task with compensationTime 0ms
2023-08-30 20:42:59.996 [Eureka-EvictionTimer] INFO  c.n.e.r.AbstractInstanceRegistry - Running the evict task with compensationTime 0ms
2023-08-30 20:43:04.996 [Eureka-EvictionTimer] INFO  c.n.e.r.AbstractInstanceRegistry - Running the evict task with compensationTime 0ms
2023-08-30 20:43:09.996 [Eureka-EvictionTimer] INFO  c.n.e.r.AbstractInstanceRegistry - Running the evict task with compensationTime 0ms
2023-08-30 20:43:14.996 [Eureka-EvictionTimer] INFO  c.n.e.r.AbstractInstanceRegistry - Running the evict task with compensationTime 0ms
2023-08-30 20:43:19.996 [Eureka-EvictionTimer] INFO  c.n.e.r.AbstractInstanceRegistry - Running the evict task with compensationTime 0ms
2023-08-30 20:43:24.996 [Eureka-EvictionTimer] INFO  c.n.e.r.AbstractInstanceRegistry - Running the evict task with compensationTime 0ms
2023-08-30 20:43:29.996 [Eureka-EvictionTimer] INFO  c.n.e.r.AbstractInstanceRegistry - Running the evict task with compensationTime 0ms
2023-08-30 20:43:34.996 [Eureka-EvictionTimer] INFO  c.n.e.r.AbstractInstanceRegistry - Running the evict task with compensationTime 0ms
2023-08-30 20:43:39.996 [Eureka-EvictionTimer] INFO  c.n.e.r.AbstractInstanceRegistry - Running the evict task with compensationTime 0ms
2023-08-30 20:43:44.996 [Eureka-EvictionTimer] INFO  c.n.e.r.AbstractInstanceRegistry - Running the evict task with compensationTime 0ms
2023-08-30 20:43:49.996 [Eureka-EvictionTimer] INFO  c.n.e.r.AbstractInstanceRegistry - Running the evict task with compensationTime 0ms
2023-08-30 20:43:54.996 [Eureka-EvictionTimer] INFO  c.n.e.r.AbstractInstanceRegistry - Running the evict task with compensationTime 0ms
2023-08-30 20:43:59.996 [Eureka-EvictionTimer] INFO  c.n.e.r.AbstractInstanceRegistry - Running the evict task with compensationTime 0ms
2023-08-30 20:44:04.996 [Eureka-EvictionTimer] INFO  c.n.e.r.AbstractInstanceRegistry - Running the evict task with compensationTime 0ms
2023-08-30 20:44:09.996 [Eureka-EvictionTimer] INFO  c.n.e.r.AbstractInstanceRegistry - Running the evict task with compensationTime 0ms
2023-08-30 20:44:14.996 [Eureka-EvictionTimer] INFO  c.n.e.r.AbstractInstanceRegistry - Running the evict task with compensationTime 0ms
2023-08-30 20:44:19.996 [Eureka-EvictionTimer] INFO  c.n.e.r.AbstractInstanceRegistry - Running the evict task with compensationTime 0ms
2023-08-30 20:44:24.996 [Eureka-EvictionTimer] INFO  c.n.e.r.AbstractInstanceRegistry - Running the evict task with compensationTime 0ms
2023-08-30 20:44:29.996 [Eureka-EvictionTimer] INFO  c.n.e.r.AbstractInstanceRegistry - Running the evict task with compensationTime 0ms
2023-08-30 20:44:34.996 [Eureka-EvictionTimer] INFO  c.n.e.r.AbstractInstanceRegistry - Running the evict task with compensationTime 0ms
2023-08-30 20:44:39.996 [Eureka-EvictionTimer] INFO  c.n.e.r.AbstractInstanceRegistry - Running the evict task with compensationTime 0ms
2023-08-30 20:44:44.996 [Eureka-EvictionTimer] INFO  c.n.e.r.AbstractInstanceRegistry - Running the evict task with compensationTime 0ms
2023-08-30 20:44:49.996 [Eureka-EvictionTimer] INFO  c.n.e.r.AbstractInstanceRegistry - Running the evict task with compensationTime 0ms
2023-08-30 20:44:54.996 [Eureka-EvictionTimer] INFO  c.n.e.r.AbstractInstanceRegistry - Running the evict task with compensationTime 0ms
2023-08-30 20:44:59.996 [Eureka-EvictionTimer] INFO  c.n.e.r.AbstractInstanceRegistry - Running the evict task with compensationTime 0ms
2023-08-30 20:45:04.996 [Eureka-EvictionTimer] INFO  c.n.e.r.AbstractInstanceRegistry - Running the evict task with compensationTime 0ms
2023-08-30 20:45:09.996 [Eureka-EvictionTimer] INFO  c.n.e.r.AbstractInstanceRegistry - Running the evict task with compensationTime 0ms
2023-08-30 20:45:14.996 [Eureka-EvictionTimer] INFO  c.n.e.r.AbstractInstanceRegistry - Running the evict task with compensationTime 0ms
2023-08-30 20:45:19.996 [Eureka-EvictionTimer] INFO  c.n.e.r.AbstractInstanceRegistry - Running the evict task with compensationTime 0ms
2023-08-30 20:45:24.996 [Eureka-EvictionTimer] INFO  c.n.e.r.AbstractInstanceRegistry - Running the evict task with compensationTime 0ms
2023-08-30 20:45:29.996 [Eureka-EvictionTimer] INFO  c.n.e.r.AbstractInstanceRegistry - Running the evict task with compensationTime 0ms
2023-08-30 20:45:34.996 [Eureka-EvictionTimer] INFO  c.n.e.r.AbstractInstanceRegistry - Running the evict task with compensationTime 0ms
2023-08-30 20:45:39.996 [Eureka-EvictionTimer] INFO  c.n.e.r.AbstractInstanceRegistry - Running the evict task with compensationTime 0ms
2023-08-30 20:45:44.996 [Eureka-EvictionTimer] INFO  c.n.e.r.AbstractInstanceRegistry - Running the evict task with compensationTime 0ms
2023-08-30 20:45:49.996 [Eureka-EvictionTimer] INFO  c.n.e.r.AbstractInstanceRegistry - Running the evict task with compensationTime 0ms
2023-08-30 20:45:54.859 [ReplicaAwareInstanceRegistry - RenewalThresholdUpdater] INFO  c.n.e.r.PeerAwareInstanceRegistryImpl - Current renewal threshold is : 0
2023-08-30 20:45:54.996 [Eureka-EvictionTimer] INFO  c.n.e.r.AbstractInstanceRegistry - Running the evict task with compensationTime 0ms
2023-08-30 20:45:59.996 [Eureka-EvictionTimer] INFO  c.n.e.r.AbstractInstanceRegistry - Running the evict task with compensationTime 0ms
2023-08-30 20:46:04.996 [Eureka-EvictionTimer] INFO  c.n.e.r.AbstractInstanceRegistry - Running the evict task with compensationTime 0ms
2023-08-30 20:46:09.996 [Eureka-EvictionTimer] INFO  c.n.e.r.AbstractInstanceRegistry - Running the evict task with compensationTime 0ms
2023-08-30 20:46:14.996 [Eureka-EvictionTimer] INFO  c.n.e.r.AbstractInstanceRegistry - Running the evict task with compensationTime 0ms
2023-08-30 20:46:19.996 [Eureka-EvictionTimer] INFO  c.n.e.r.AbstractInstanceRegistry - Running the evict task with compensationTime 0ms
2023-08-30 20:46:24.996 [Eureka-EvictionTimer] INFO  c.n.e.r.AbstractInstanceRegistry - Running the evict task with compensationTime 0ms
2023-08-30 20:46:29.996 [Eureka-EvictionTimer] INFO  c.n.e.r.AbstractInstanceRegistry - Running the evict task with compensationTime 0ms
2023-08-30 20:46:34.996 [Eureka-EvictionTimer] INFO  c.n.e.r.AbstractInstanceRegistry - Running the evict task with compensationTime 0ms
2023-08-30 20:46:39.996 [Eureka-EvictionTimer] INFO  c.n.e.r.AbstractInstanceRegistry - Running the evict task with compensationTime 0ms
2023-08-30 20:46:44.996 [Eureka-EvictionTimer] INFO  c.n.e.r.AbstractInstanceRegistry - Running the evict task with compensationTime 0ms
2023-08-30 20:46:49.996 [Eureka-EvictionTimer] INFO  c.n.e.r.AbstractInstanceRegistry - Running the evict task with compensationTime 0ms
2023-08-30 20:46:54.996 [Eureka-EvictionTimer] INFO  c.n.e.r.AbstractInstanceRegistry - Running the evict task with compensationTime 0ms
2023-08-30 20:46:59.996 [Eureka-EvictionTimer] INFO  c.n.e.r.AbstractInstanceRegistry - Running the evict task with compensationTime 0ms
2023-08-30 20:47:04.996 [Eureka-EvictionTimer] INFO  c.n.e.r.AbstractInstanceRegistry - Running the evict task with compensationTime 0ms
2023-08-30 20:47:09.996 [Eureka-EvictionTimer] INFO  c.n.e.r.AbstractInstanceRegistry - Running the evict task with compensationTime 0ms
2023-08-30 20:47:14.996 [Eureka-EvictionTimer] INFO  c.n.e.r.AbstractInstanceRegistry - Running the evict task with compensationTime 0ms
2023-08-30 20:47:19.996 [Eureka-EvictionTimer] INFO  c.n.e.r.AbstractInstanceRegistry - Running the evict task with compensationTime 0ms
2023-08-30 20:47:24.996 [Eureka-EvictionTimer] INFO  c.n.e.r.AbstractInstanceRegistry - Running the evict task with compensationTime 0ms
2023-08-30 20:47:29.996 [Eureka-EvictionTimer] INFO  c.n.e.r.AbstractInstanceRegistry - Running the evict task with compensationTime 0ms
2023-08-30 20:47:34.996 [Eureka-EvictionTimer] INFO  c.n.e.r.AbstractInstanceRegistry - Running the evict task with compensationTime 0ms
2023-08-30 20:47:39.996 [Eureka-EvictionTimer] INFO  c.n.e.r.AbstractInstanceRegistry - Running the evict task with compensationTime 0ms
2023-08-30 20:47:44.996 [Eureka-EvictionTimer] INFO  c.n.e.r.AbstractInstanceRegistry - Running the evict task with compensationTime 0ms
2023-08-30 20:47:49.996 [Eureka-EvictionTimer] INFO  c.n.e.r.AbstractInstanceRegistry - Running the evict task with compensationTime 0ms
2023-08-30 20:47:54.996 [Eureka-EvictionTimer] INFO  c.n.e.r.AbstractInstanceRegistry - Running the evict task with compensationTime 0ms
2023-08-30 20:47:59.996 [Eureka-EvictionTimer] INFO  c.n.e.r.AbstractInstanceRegistry - Running the evict task with compensationTime 0ms
2023-08-30 20:48:04.996 [Eureka-EvictionTimer] INFO  c.n.e.r.AbstractInstanceRegistry - Running the evict task with compensationTime 0ms
2023-08-30 20:48:09.996 [Eureka-EvictionTimer] INFO  c.n.e.r.AbstractInstanceRegistry - Running the evict task with compensationTime 0ms
2023-08-30 20:48:14.996 [Eureka-EvictionTimer] INFO  c.n.e.r.AbstractInstanceRegistry - Running the evict task with compensationTime 0ms
2023-08-30 20:48:19.996 [Eureka-EvictionTimer] INFO  c.n.e.r.AbstractInstanceRegistry - Running the evict task with compensationTime 0ms
2023-08-30 20:48:24.996 [Eureka-EvictionTimer] INFO  c.n.e.r.AbstractInstanceRegistry - Running the evict task with compensationTime 0ms
2023-08-30 20:48:29.996 [Eureka-EvictionTimer] INFO  c.n.e.r.AbstractInstanceRegistry - Running the evict task with compensationTime 0ms
2023-08-30 20:48:34.996 [Eureka-EvictionTimer] INFO  c.n.e.r.AbstractInstanceRegistry - Running the evict task with compensationTime 0ms
2023-08-30 20:48:39.996 [Eureka-EvictionTimer] INFO  c.n.e.r.AbstractInstanceRegistry - Running the evict task with compensationTime 0ms
2023-08-30 20:48:44.996 [Eureka-EvictionTimer] INFO  c.n.e.r.AbstractInstanceRegistry - Running the evict task with compensationTime 0ms
2023-08-30 20:48:49.996 [Eureka-EvictionTimer] INFO  c.n.e.r.AbstractInstanceRegistry - Running the evict task with compensationTime 0ms
2023-08-30 20:48:54.996 [Eureka-EvictionTimer] INFO  c.n.e.r.AbstractInstanceRegistry - Running the evict task with compensationTime 0ms
2023-08-30 20:48:59.996 [Eureka-EvictionTimer] INFO  c.n.e.r.AbstractInstanceRegistry - Running the evict task with compensationTime 0ms
2023-08-30 20:49:04.996 [Eureka-EvictionTimer] INFO  c.n.e.r.AbstractInstanceRegistry - Running the evict task with compensationTime 0ms
2023-08-30 20:49:09.996 [Eureka-EvictionTimer] INFO  c.n.e.r.AbstractInstanceRegistry - Running the evict task with compensationTime 0ms
2023-08-30 20:49:14.996 [Eureka-EvictionTimer] INFO  c.n.e.r.AbstractInstanceRegistry - Running the evict task with compensationTime 0ms
2023-08-30 20:49:19.996 [Eureka-EvictionTimer] INFO  c.n.e.r.AbstractInstanceRegistry - Running the evict task with compensationTime 0ms
2023-08-30 20:49:24.996 [Eureka-EvictionTimer] INFO  c.n.e.r.AbstractInstanceRegistry - Running the evict task with compensationTime 0ms
2023-08-30 20:49:29.996 [Eureka-EvictionTimer] INFO  c.n.e.r.AbstractInstanceRegistry - Running the evict task with compensationTime 0ms
2023-08-30 20:49:34.996 [Eureka-EvictionTimer] INFO  c.n.e.r.AbstractInstanceRegistry - Running the evict task with compensationTime 0ms
2023-08-30 20:49:39.996 [Eureka-EvictionTimer] INFO  c.n.e.r.AbstractInstanceRegistry - Running the evict task with compensationTime 0ms
2023-08-30 20:49:44.996 [Eureka-EvictionTimer] INFO  c.n.e.r.AbstractInstanceRegistry - Running the evict task with compensationTime 0ms
2023-08-30 20:49:49.996 [Eureka-EvictionTimer] INFO  c.n.e.r.AbstractInstanceRegistry - Running the evict task with compensationTime 0ms
2023-08-30 20:49:54.996 [Eureka-EvictionTimer] INFO  c.n.e.r.AbstractInstanceRegistry - Running the evict task with compensationTime 0ms
2023-08-30 20:49:59.996 [Eureka-EvictionTimer] INFO  c.n.e.r.AbstractInstanceRegistry - Running the evict task with compensationTime 0ms
2023-08-30 20:50:04.996 [Eureka-EvictionTimer] INFO  c.n.e.r.AbstractInstanceRegistry - Running the evict task with compensationTime 0ms
2023-08-30 20:50:09.996 [Eureka-EvictionTimer] INFO  c.n.e.r.AbstractInstanceRegistry - Running the evict task with compensationTime 0ms
2023-08-30 20:50:14.996 [Eureka-EvictionTimer] INFO  c.n.e.r.AbstractInstanceRegistry - Running the evict task with compensationTime 0ms
2023-08-30 20:50:19.996 [Eureka-EvictionTimer] INFO  c.n.e.r.AbstractInstanceRegistry - Running the evict task with compensationTime 0ms
2023-08-30 20:50:24.996 [Eureka-EvictionTimer] INFO  c.n.e.r.AbstractInstanceRegistry - Running the evict task with compensationTime 0ms
2023-08-30 20:50:29.996 [Eureka-EvictionTimer] INFO  c.n.e.r.AbstractInstanceRegistry - Running the evict task with compensationTime 0ms
2023-08-30 20:50:34.996 [Eureka-EvictionTimer] INFO  c.n.e.r.AbstractInstanceRegistry - Running the evict task with compensationTime 0ms
2023-08-30 20:50:39.996 [Eureka-EvictionTimer] INFO  c.n.e.r.AbstractInstanceRegistry - Running the evict task with compensationTime 0ms
2023-08-30 20:50:44.996 [Eureka-EvictionTimer] INFO  c.n.e.r.AbstractInstanceRegistry - Running the evict task with compensationTime 0ms
2023-08-30 20:50:49.996 [Eureka-EvictionTimer] INFO  c.n.e.r.AbstractInstanceRegistry - Running the evict task with compensationTime 0ms
2023-08-30 20:50:54.996 [Eureka-EvictionTimer] INFO  c.n.e.r.AbstractInstanceRegistry - Running the evict task with compensationTime 0ms
2023-08-30 20:50:59.996 [Eureka-EvictionTimer] INFO  c.n.e.r.AbstractInstanceRegistry - Running the evict task with compensationTime 0ms
2023-08-30 20:51:04.996 [Eureka-EvictionTimer] INFO  c.n.e.r.AbstractInstanceRegistry - Running the evict task with compensationTime 0ms
2023-08-30 20:51:09.996 [Eureka-EvictionTimer] INFO  c.n.e.r.AbstractInstanceRegistry - Running the evict task with compensationTime 0ms
2023-08-30 20:51:14.996 [Eureka-EvictionTimer] INFO  c.n.e.r.AbstractInstanceRegistry - Running the evict task with compensationTime 0ms
2023-08-30 20:51:19.996 [Eureka-EvictionTimer] INFO  c.n.e.r.AbstractInstanceRegistry - Running the evict task with compensationTime 0ms
2023-08-30 20:51:24.996 [Eureka-EvictionTimer] INFO  c.n.e.r.AbstractInstanceRegistry - Running the evict task with compensationTime 0ms
2023-08-30 20:51:29.996 [Eureka-EvictionTimer] INFO  c.n.e.r.AbstractInstanceRegistry - Running the evict task with compensationTime 0ms
2023-08-30 20:51:34.996 [Eureka-EvictionTimer] INFO  c.n.e.r.AbstractInstanceRegistry - Running the evict task with compensationTime 0ms
2023-08-30 20:51:39.996 [Eureka-EvictionTimer] INFO  c.n.e.r.AbstractInstanceRegistry - Running the evict task with compensationTime 0ms
2023-08-30 20:51:44.996 [Eureka-EvictionTimer] INFO  c.n.e.r.AbstractInstanceRegistry - Running the evict task with compensationTime 0ms
2023-08-30 20:51:49.996 [Eureka-EvictionTimer] INFO  c.n.e.r.AbstractInstanceRegistry - Running the evict task with compensationTime 0ms
2023-08-30 20:51:54.996 [Eureka-EvictionTimer] INFO  c.n.e.r.AbstractInstanceRegistry - Running the evict task with compensationTime 0ms
2023-08-30 20:51:59.996 [Eureka-EvictionTimer] INFO  c.n.e.r.AbstractInstanceRegistry - Running the evict task with compensationTime 0ms
2023-08-30 20:52:04.996 [Eureka-EvictionTimer] INFO  c.n.e.r.AbstractInstanceRegistry - Running the evict task with compensationTime 0ms
2023-08-30 20:52:09.996 [Eureka-EvictionTimer] INFO  c.n.e.r.AbstractInstanceRegistry - Running the evict task with compensationTime 0ms
2023-08-30 20:52:14.996 [Eureka-EvictionTimer] INFO  c.n.e.r.AbstractInstanceRegistry - Running the evict task with compensationTime 0ms
2023-08-30 20:52:19.996 [Eureka-EvictionTimer] INFO  c.n.e.r.AbstractInstanceRegistry - Running the evict task with compensationTime 0ms
2023-08-30 20:52:24.996 [Eureka-EvictionTimer] INFO  c.n.e.r.AbstractInstanceRegistry - Running the evict task with compensationTime 0ms
2023-08-30 20:52:29.996 [Eureka-EvictionTimer] INFO  c.n.e.r.AbstractInstanceRegistry - Running the evict task with compensationTime 0ms
2023-08-30 20:52:34.996 [Eureka-EvictionTimer] INFO  c.n.e.r.AbstractInstanceRegistry - Running the evict task with compensationTime 0ms
2023-08-30 20:52:39.996 [Eureka-EvictionTimer] INFO  c.n.e.r.AbstractInstanceRegistry - Running the evict task with compensationTime 0ms
2023-08-30 20:52:44.996 [Eureka-EvictionTimer] INFO  c.n.e.r.AbstractInstanceRegistry - Running the evict task with compensationTime 0ms
2023-08-30 20:52:49.996 [Eureka-EvictionTimer] INFO  c.n.e.r.AbstractInstanceRegistry - Running the evict task with compensationTime 0ms
2023-08-30 20:52:54.996 [Eureka-EvictionTimer] INFO  c.n.e.r.AbstractInstanceRegistry - Running the evict task with compensationTime 0ms
2023-08-30 20:52:59.996 [Eureka-EvictionTimer] INFO  c.n.e.r.AbstractInstanceRegistry - Running the evict task with compensationTime 0ms
2023-08-30 20:53:04.996 [Eureka-EvictionTimer] INFO  c.n.e.r.AbstractInstanceRegistry - Running the evict task with compensationTime 0ms
2023-08-30 20:53:09.996 [Eureka-EvictionTimer] INFO  c.n.e.r.AbstractInstanceRegistry - Running the evict task with compensationTime 0ms
2023-08-30 20:53:14.996 [Eureka-EvictionTimer] INFO  c.n.e.r.AbstractInstanceRegistry - Running the evict task with compensationTime 0ms
2023-08-30 20:53:19.996 [Eureka-EvictionTimer] INFO  c.n.e.r.AbstractInstanceRegistry - Running the evict task with compensationTime 0ms
2023-08-30 20:53:24.996 [Eureka-EvictionTimer] INFO  c.n.e.r.AbstractInstanceRegistry - Running the evict task with compensationTime 0ms
2023-08-30 20:53:29.996 [Eureka-EvictionTimer] INFO  c.n.e.r.AbstractInstanceRegistry - Running the evict task with compensationTime 0ms
2023-08-30 20:53:34.996 [Eureka-EvictionTimer] INFO  c.n.e.r.AbstractInstanceRegistry - Running the evict task with compensationTime 0ms
2023-08-30 20:53:39.996 [Eureka-EvictionTimer] INFO  c.n.e.r.AbstractInstanceRegistry - Running the evict task with compensationTime 0ms
2023-08-30 20:53:44.996 [Eureka-EvictionTimer] INFO  c.n.e.r.AbstractInstanceRegistry - Running the evict task with compensationTime 0ms
2023-08-30 20:53:49.996 [Eureka-EvictionTimer] INFO  c.n.e.r.AbstractInstanceRegistry - Running the evict task with compensationTime 0ms
2023-08-30 20:53:54.996 [Eureka-EvictionTimer] INFO  c.n.e.r.AbstractInstanceRegistry - Running the evict task with compensationTime 0ms
2023-08-30 20:53:59.996 [Eureka-EvictionTimer] INFO  c.n.e.r.AbstractInstanceRegistry - Running the evict task with compensationTime 0ms
2023-08-30 20:54:04.996 [Eureka-EvictionTimer] INFO  c.n.e.r.AbstractInstanceRegistry - Running the evict task with compensationTime 0ms
2023-08-30 20:54:09.996 [Eureka-EvictionTimer] INFO  c.n.e.r.AbstractInstanceRegistry - Running the evict task with compensationTime 0ms
2023-08-30 20:54:14.996 [Eureka-EvictionTimer] INFO  c.n.e.r.AbstractInstanceRegistry - Running the evict task with compensationTime 0ms
2023-08-30 20:54:19.996 [Eureka-EvictionTimer] INFO  c.n.e.r.AbstractInstanceRegistry - Running the evict task with compensationTime 0ms
2023-08-30 20:54:24.996 [Eureka-EvictionTimer] INFO  c.n.e.r.AbstractInstanceRegistry - Running the evict task with compensationTime 0ms
2023-08-30 20:54:29.996 [Eureka-EvictionTimer] INFO  c.n.e.r.AbstractInstanceRegistry - Running the evict task with compensationTime 0ms
2023-08-30 20:54:34.996 [Eureka-EvictionTimer] INFO  c.n.e.r.AbstractInstanceRegistry - Running the evict task with compensationTime 0ms
2023-08-30 20:54:39.996 [Eureka-EvictionTimer] INFO  c.n.e.r.AbstractInstanceRegistry - Running the evict task with compensationTime 0ms
2023-08-30 20:54:44.996 [Eureka-EvictionTimer] INFO  c.n.e.r.AbstractInstanceRegistry - Running the evict task with compensationTime 0ms
2023-08-30 20:54:49.996 [Eureka-EvictionTimer] INFO  c.n.e.r.AbstractInstanceRegistry - Running the evict task with compensationTime 0ms
2023-08-30 20:54:54.996 [Eureka-EvictionTimer] INFO  c.n.e.r.AbstractInstanceRegistry - Running the evict task with compensationTime 0ms
2023-08-30 20:54:59.996 [Eureka-EvictionTimer] INFO  c.n.e.r.AbstractInstanceRegistry - Running the evict task with compensationTime 0ms
2023-08-30 20:55:04.996 [Eureka-EvictionTimer] INFO  c.n.e.r.AbstractInstanceRegistry - Running the evict task with compensationTime 0ms
2023-08-30 20:55:09.996 [Eureka-EvictionTimer] INFO  c.n.e.r.AbstractInstanceRegistry - Running the evict task with compensationTime 0ms
2023-08-30 20:55:14.996 [Eureka-EvictionTimer] INFO  c.n.e.r.AbstractInstanceRegistry - Running the evict task with compensationTime 0ms
2023-08-30 20:55:19.996 [Eureka-EvictionTimer] INFO  c.n.e.r.AbstractInstanceRegistry - Running the evict task with compensationTime 0ms
2023-08-30 20:55:24.996 [Eureka-EvictionTimer] INFO  c.n.e.r.AbstractInstanceRegistry - Running the evict task with compensationTime 0ms
2023-08-30 20:55:29.996 [Eureka-EvictionTimer] INFO  c.n.e.r.AbstractInstanceRegistry - Running the evict task with compensationTime 0ms
2023-08-30 20:55:34.996 [Eureka-EvictionTimer] INFO  c.n.e.r.AbstractInstanceRegistry - Running the evict task with compensationTime 0ms
2023-08-30 20:55:39.996 [Eureka-EvictionTimer] INFO  c.n.e.r.AbstractInstanceRegistry - Running the evict task with compensationTime 0ms
2023-08-30 20:55:44.996 [Eureka-EvictionTimer] INFO  c.n.e.r.AbstractInstanceRegistry - Running the evict task with compensationTime 0ms
2023-08-30 20:55:49.996 [Eureka-EvictionTimer] INFO  c.n.e.r.AbstractInstanceRegistry - Running the evict task with compensationTime 0ms
2023-08-30 20:55:54.996 [Eureka-EvictionTimer] INFO  c.n.e.r.AbstractInstanceRegistry - Running the evict task with compensationTime 0ms
2023-08-30 20:55:59.996 [Eureka-EvictionTimer] INFO  c.n.e.r.AbstractInstanceRegistry - Running the evict task with compensationTime 0ms
2023-08-30 20:56:04.996 [Eureka-EvictionTimer] INFO  c.n.e.r.AbstractInstanceRegistry - Running the evict task with compensationTime 0ms
2023-08-30 20:56:09.996 [Eureka-EvictionTimer] INFO  c.n.e.r.AbstractInstanceRegistry - Running the evict task with compensationTime 0ms
2023-08-30 20:56:14.996 [Eureka-EvictionTimer] INFO  c.n.e.r.AbstractInstanceRegistry - Running the evict task with compensationTime 0ms
2023-08-30 20:56:19.996 [Eureka-EvictionTimer] INFO  c.n.e.r.AbstractInstanceRegistry - Running the evict task with compensationTime 0ms
2023-08-30 20:56:24.996 [Eureka-EvictionTimer] INFO  c.n.e.r.AbstractInstanceRegistry - Running the evict task with compensationTime 0ms
2023-08-30 20:56:29.996 [Eureka-EvictionTimer] INFO  c.n.e.r.AbstractInstanceRegistry - Running the evict task with compensationTime 0ms
2023-08-30 20:56:34.996 [Eureka-EvictionTimer] INFO  c.n.e.r.AbstractInstanceRegistry - Running the evict task with compensationTime 0ms
2023-08-30 20:56:39.996 [Eureka-EvictionTimer] INFO  c.n.e.r.AbstractInstanceRegistry - Running the evict task with compensationTime 0ms
2023-08-30 20:56:44.996 [Eureka-EvictionTimer] INFO  c.n.e.r.AbstractInstanceRegistry - Running the evict task with compensationTime 0ms
2023-08-30 20:56:49.996 [Eureka-EvictionTimer] INFO  c.n.e.r.AbstractInstanceRegistry - Running the evict task with compensationTime 0ms
2023-08-30 20:56:54.996 [Eureka-EvictionTimer] INFO  c.n.e.r.AbstractInstanceRegistry - Running the evict task with compensationTime 0ms
2023-08-30 20:56:59.996 [Eureka-EvictionTimer] INFO  c.n.e.r.AbstractInstanceRegistry - Running the evict task with compensationTime 0ms
2023-08-30 20:57:04.996 [Eureka-EvictionTimer] INFO  c.n.e.r.AbstractInstanceRegistry - Running the evict task with compensationTime 0ms
2023-08-30 20:57:09.996 [Eureka-EvictionTimer] INFO  c.n.e.r.AbstractInstanceRegistry - Running the evict task with compensationTime 0ms
2023-08-30 20:57:14.996 [Eureka-EvictionTimer] INFO  c.n.e.r.AbstractInstanceRegistry - Running the evict task with compensationTime 0ms
2023-08-30 20:57:19.996 [Eureka-EvictionTimer] INFO  c.n.e.r.AbstractInstanceRegistry - Running the evict task with compensationTime 0ms
2023-08-30 20:57:24.996 [Eureka-EvictionTimer] INFO  c.n.e.r.AbstractInstanceRegistry - Running the evict task with compensationTime 0ms
2023-08-30 20:57:29.996 [Eureka-EvictionTimer] INFO  c.n.e.r.AbstractInstanceRegistry - Running the evict task with compensationTime 0ms
2023-08-30 20:57:34.996 [Eureka-EvictionTimer] INFO  c.n.e.r.AbstractInstanceRegistry - Running the evict task with compensationTime 0ms
2023-08-30 20:57:39.996 [Eureka-EvictionTimer] INFO  c.n.e.r.AbstractInstanceRegistry - Running the evict task with compensationTime 0ms
2023-08-30 20:57:44.996 [Eureka-EvictionTimer] INFO  c.n.e.r.AbstractInstanceRegistry - Running the evict task with compensationTime 0ms
2023-08-30 20:57:49.996 [Eureka-EvictionTimer] INFO  c.n.e.r.AbstractInstanceRegistry - Running the evict task with compensationTime 0ms
2023-08-30 20:57:54.996 [Eureka-EvictionTimer] INFO  c.n.e.r.AbstractInstanceRegistry - Running the evict task with compensationTime 0ms
2023-08-30 20:57:59.996 [Eureka-EvictionTimer] INFO  c.n.e.r.AbstractInstanceRegistry - Running the evict task with compensationTime 0ms
2023-08-30 20:58:04.996 [Eureka-EvictionTimer] INFO  c.n.e.r.AbstractInstanceRegistry - Running the evict task with compensationTime 0ms
2023-08-30 20:58:09.996 [Eureka-EvictionTimer] INFO  c.n.e.r.AbstractInstanceRegistry - Running the evict task with compensationTime 0ms
2023-08-30 20:58:14.996 [Eureka-EvictionTimer] INFO  c.n.e.r.AbstractInstanceRegistry - Running the evict task with compensationTime 0ms
2023-08-30 20:58:19.996 [Eureka-EvictionTimer] INFO  c.n.e.r.AbstractInstanceRegistry - Running the evict task with compensationTime 0ms
2023-08-30 20:58:24.996 [Eureka-EvictionTimer] INFO  c.n.e.r.AbstractInstanceRegistry - Running the evict task with compensationTime 0ms
2023-08-30 20:58:29.996 [Eureka-EvictionTimer] INFO  c.n.e.r.AbstractInstanceRegistry - Running the evict task with compensationTime 0ms
2023-08-30 20:58:34.996 [Eureka-EvictionTimer] INFO  c.n.e.r.AbstractInstanceRegistry - Running the evict task with compensationTime 0ms
2023-08-30 20:58:39.996 [Eureka-EvictionTimer] INFO  c.n.e.r.AbstractInstanceRegistry - Running the evict task with compensationTime 0ms
2023-08-30 20:58:44.996 [Eureka-EvictionTimer] INFO  c.n.e.r.AbstractInstanceRegistry - Running the evict task with compensationTime 0ms
2023-08-30 20:58:49.996 [Eureka-EvictionTimer] INFO  c.n.e.r.AbstractInstanceRegistry - Running the evict task with compensationTime 0ms
2023-08-30 20:58:54.996 [Eureka-EvictionTimer] INFO  c.n.e.r.AbstractInstanceRegistry - Running the evict task with compensationTime 0ms
2023-08-30 20:58:59.996 [Eureka-EvictionTimer] INFO  c.n.e.r.AbstractInstanceRegistry - Running the evict task with compensationTime 0ms
2023-08-30 20:59:04.996 [Eureka-EvictionTimer] INFO  c.n.e.r.AbstractInstanceRegistry - Running the evict task with compensationTime 0ms
2023-08-30 20:59:09.996 [Eureka-EvictionTimer] INFO  c.n.e.r.AbstractInstanceRegistry - Running the evict task with compensationTime 0ms
2023-08-30 20:59:14.996 [Eureka-EvictionTimer] INFO  c.n.e.r.AbstractInstanceRegistry - Running the evict task with compensationTime 0ms
2023-08-30 20:59:19.996 [Eureka-EvictionTimer] INFO  c.n.e.r.AbstractInstanceRegistry - Running the evict task with compensationTime 0ms
2023-08-30 20:59:24.996 [Eureka-EvictionTimer] INFO  c.n.e.r.AbstractInstanceRegistry - Running the evict task with compensationTime 0ms
2023-08-30 20:59:29.996 [Eureka-EvictionTimer] INFO  c.n.e.r.AbstractInstanceRegistry - Running the evict task with compensationTime 0ms
2023-08-30 20:59:34.996 [Eureka-EvictionTimer] INFO  c.n.e.r.AbstractInstanceRegistry - Running the evict task with compensationTime 0ms
2023-08-30 20:59:39.996 [Eureka-EvictionTimer] INFO  c.n.e.r.AbstractInstanceRegistry - Running the evict task with compensationTime 0ms
2023-08-30 20:59:44.996 [Eureka-EvictionTimer] INFO  c.n.e.r.AbstractInstanceRegistry - Running the evict task with compensationTime 0ms
2023-08-30 20:59:49.996 [Eureka-EvictionTimer] INFO  c.n.e.r.AbstractInstanceRegistry - Running the evict task with compensationTime 0ms
2023-08-30 20:59:54.996 [Eureka-EvictionTimer] INFO  c.n.e.r.AbstractInstanceRegistry - Running the evict task with compensationTime 0ms
2023-08-30 20:59:59.996 [Eureka-EvictionTimer] INFO  c.n.e.r.AbstractInstanceRegistry - Running the evict task with compensationTime 0ms
2023-08-30 21:00:04.996 [Eureka-EvictionTimer] INFO  c.n.e.r.AbstractInstanceRegistry - Running the evict task with compensationTime 0ms
2023-08-30 21:00:09.996 [Eureka-EvictionTimer] INFO  c.n.e.r.AbstractInstanceRegistry - Running the evict task with compensationTime 0ms
2023-08-30 21:00:14.996 [Eureka-EvictionTimer] INFO  c.n.e.r.AbstractInstanceRegistry - Running the evict task with compensationTime 0ms
2023-08-30 21:00:19.996 [Eureka-EvictionTimer] INFO  c.n.e.r.AbstractInstanceRegistry - Running the evict task with compensationTime 0ms
2023-08-30 21:00:24.996 [Eureka-EvictionTimer] INFO  c.n.e.r.AbstractInstanceRegistry - Running the evict task with compensationTime 0ms
2023-08-30 21:00:29.996 [Eureka-EvictionTimer] INFO  c.n.e.r.AbstractInstanceRegistry - Running the evict task with compensationTime 0ms
2023-08-30 21:00:34.996 [Eureka-EvictionTimer] INFO  c.n.e.r.AbstractInstanceRegistry - Running the evict task with compensationTime 0ms
2023-08-30 21:00:39.996 [Eureka-EvictionTimer] INFO  c.n.e.r.AbstractInstanceRegistry - Running the evict task with compensationTime 0ms
2023-08-30 21:00:44.996 [Eureka-EvictionTimer] INFO  c.n.e.r.AbstractInstanceRegistry - Running the evict task with compensationTime 0ms
2023-08-30 21:00:49.996 [Eureka-EvictionTimer] INFO  c.n.e.r.AbstractInstanceRegistry - Running the evict task with compensationTime 0ms
2023-08-30 21:00:54.859 [ReplicaAwareInstanceRegistry - RenewalThresholdUpdater] INFO  c.n.e.r.PeerAwareInstanceRegistryImpl - Current renewal threshold is : 0
2023-08-30 21:00:54.996 [Eureka-EvictionTimer] INFO  c.n.e.r.AbstractInstanceRegistry - Running the evict task with compensationTime 0ms
2023-08-30 21:00:59.996 [Eureka-EvictionTimer] INFO  c.n.e.r.AbstractInstanceRegistry - Running the evict task with compensationTime 0ms
2023-08-30 21:01:04.996 [Eureka-EvictionTimer] INFO  c.n.e.r.AbstractInstanceRegistry - Running the evict task with compensationTime 0ms
2023-08-30 21:01:09.996 [Eureka-EvictionTimer] INFO  c.n.e.r.AbstractInstanceRegistry - Running the evict task with compensationTime 0ms
2023-08-30 21:01:14.996 [Eureka-EvictionTimer] INFO  c.n.e.r.AbstractInstanceRegistry - Running the evict task with compensationTime 0ms
2023-08-30 21:01:19.996 [Eureka-EvictionTimer] INFO  c.n.e.r.AbstractInstanceRegistry - Running the evict task with compensationTime 0ms
2023-08-30 21:01:24.996 [Eureka-EvictionTimer] INFO  c.n.e.r.AbstractInstanceRegistry - Running the evict task with compensationTime 0ms
2023-08-30 21:01:29.996 [Eureka-EvictionTimer] INFO  c.n.e.r.AbstractInstanceRegistry - Running the evict task with compensationTime 0ms
2023-08-30 21:01:34.996 [Eureka-EvictionTimer] INFO  c.n.e.r.AbstractInstanceRegistry - Running the evict task with compensationTime 0ms
2023-08-30 21:01:39.996 [Eureka-EvictionTimer] INFO  c.n.e.r.AbstractInstanceRegistry - Running the evict task with compensationTime 0ms
2023-08-30 21:01:44.996 [Eureka-EvictionTimer] INFO  c.n.e.r.AbstractInstanceRegistry - Running the evict task with compensationTime 0ms
2023-08-30 21:01:49.996 [Eureka-EvictionTimer] INFO  c.n.e.r.AbstractInstanceRegistry - Running the evict task with compensationTime 0ms
2023-08-30 21:01:54.996 [Eureka-EvictionTimer] INFO  c.n.e.r.AbstractInstanceRegistry - Running the evict task with compensationTime 0ms
2023-08-30 21:01:59.996 [Eureka-EvictionTimer] INFO  c.n.e.r.AbstractInstanceRegistry - Running the evict task with compensationTime 0ms
2023-08-30 21:02:04.996 [Eureka-EvictionTimer] INFO  c.n.e.r.AbstractInstanceRegistry - Running the evict task with compensationTime 0ms
2023-08-30 21:02:09.996 [Eureka-EvictionTimer] INFO  c.n.e.r.AbstractInstanceRegistry - Running the evict task with compensationTime 0ms
2023-08-30 21:02:14.996 [Eureka-EvictionTimer] INFO  c.n.e.r.AbstractInstanceRegistry - Running the evict task with compensationTime 0ms
2023-08-30 21:02:19.996 [Eureka-EvictionTimer] INFO  c.n.e.r.AbstractInstanceRegistry - Running the evict task with compensationTime 0ms
2023-08-30 21:02:24.996 [Eureka-EvictionTimer] INFO  c.n.e.r.AbstractInstanceRegistry - Running the evict task with compensationTime 0ms
2023-08-30 21:02:29.996 [Eureka-EvictionTimer] INFO  c.n.e.r.AbstractInstanceRegistry - Running the evict task with compensationTime 0ms
2023-08-30 21:02:34.996 [Eureka-EvictionTimer] INFO  c.n.e.r.AbstractInstanceRegistry - Running the evict task with compensationTime 0ms
2023-08-30 21:02:39.996 [Eureka-EvictionTimer] INFO  c.n.e.r.AbstractInstanceRegistry - Running the evict task with compensationTime 0ms
2023-08-30 21:02:44.996 [Eureka-EvictionTimer] INFO  c.n.e.r.AbstractInstanceRegistry - Running the evict task with compensationTime 0ms
2023-08-30 21:02:49.996 [Eureka-EvictionTimer] INFO  c.n.e.r.AbstractInstanceRegistry - Running the evict task with compensationTime 0ms
2023-08-30 21:02:54.996 [Eureka-EvictionTimer] INFO  c.n.e.r.AbstractInstanceRegistry - Running the evict task with compensationTime 0ms
2023-08-30 21:02:59.996 [Eureka-EvictionTimer] INFO  c.n.e.r.AbstractInstanceRegistry - Running the evict task with compensationTime 0ms
2023-08-30 21:03:04.996 [Eureka-EvictionTimer] INFO  c.n.e.r.AbstractInstanceRegistry - Running the evict task with compensationTime 0ms
2023-08-30 21:03:09.996 [Eureka-EvictionTimer] INFO  c.n.e.r.AbstractInstanceRegistry - Running the evict task with compensationTime 0ms
2023-08-30 21:03:14.996 [Eureka-EvictionTimer] INFO  c.n.e.r.AbstractInstanceRegistry - Running the evict task with compensationTime 0ms
2023-08-30 21:03:19.996 [Eureka-EvictionTimer] INFO  c.n.e.r.AbstractInstanceRegistry - Running the evict task with compensationTime 0ms
2023-08-30 21:03:24.996 [Eureka-EvictionTimer] INFO  c.n.e.r.AbstractInstanceRegistry - Running the evict task with compensationTime 0ms
2023-08-30 21:03:29.996 [Eureka-EvictionTimer] INFO  c.n.e.r.AbstractInstanceRegistry - Running the evict task with compensationTime 0ms
2023-08-30 21:03:34.996 [Eureka-EvictionTimer] INFO  c.n.e.r.AbstractInstanceRegistry - Running the evict task with compensationTime 0ms
2023-08-30 21:03:39.996 [Eureka-EvictionTimer] INFO  c.n.e.r.AbstractInstanceRegistry - Running the evict task with compensationTime 0ms
2023-08-30 21:03:44.996 [Eureka-EvictionTimer] INFO  c.n.e.r.AbstractInstanceRegistry - Running the evict task with compensationTime 0ms
2023-08-30 21:03:49.996 [Eureka-EvictionTimer] INFO  c.n.e.r.AbstractInstanceRegistry - Running the evict task with compensationTime 0ms
2023-08-30 21:03:54.996 [Eureka-EvictionTimer] INFO  c.n.e.r.AbstractInstanceRegistry - Running the evict task with compensationTime 0ms
2023-08-30 21:03:59.996 [Eureka-EvictionTimer] INFO  c.n.e.r.AbstractInstanceRegistry - Running the evict task with compensationTime 0ms
2023-08-30 21:04:04.996 [Eureka-EvictionTimer] INFO  c.n.e.r.AbstractInstanceRegistry - Running the evict task with compensationTime 0ms
2023-08-30 21:04:09.996 [Eureka-EvictionTimer] INFO  c.n.e.r.AbstractInstanceRegistry - Running the evict task with compensationTime 0ms
2023-08-30 21:04:14.996 [Eureka-EvictionTimer] INFO  c.n.e.r.AbstractInstanceRegistry - Running the evict task with compensationTime 0ms
2023-08-30 21:04:19.996 [Eureka-EvictionTimer] INFO  c.n.e.r.AbstractInstanceRegistry - Running the evict task with compensationTime 0ms
2023-08-30 21:04:24.996 [Eureka-EvictionTimer] INFO  c.n.e.r.AbstractInstanceRegistry - Running the evict task with compensationTime 0ms
2023-08-30 21:04:29.996 [Eureka-EvictionTimer] INFO  c.n.e.r.AbstractInstanceRegistry - Running the evict task with compensationTime 0ms
2023-08-30 21:04:34.996 [Eureka-EvictionTimer] INFO  c.n.e.r.AbstractInstanceRegistry - Running the evict task with compensationTime 0ms
2023-08-30 21:04:39.996 [Eureka-EvictionTimer] INFO  c.n.e.r.AbstractInstanceRegistry - Running the evict task with compensationTime 0ms
2023-08-30 21:04:44.996 [Eureka-EvictionTimer] INFO  c.n.e.r.AbstractInstanceRegistry - Running the evict task with compensationTime 0ms
2023-08-30 21:04:49.996 [Eureka-EvictionTimer] INFO  c.n.e.r.AbstractInstanceRegistry - Running the evict task with compensationTime 0ms
2023-08-30 21:04:54.996 [Eureka-EvictionTimer] INFO  c.n.e.r.AbstractInstanceRegistry - Running the evict task with compensationTime 0ms
2023-08-30 21:04:59.996 [Eureka-EvictionTimer] INFO  c.n.e.r.AbstractInstanceRegistry - Running the evict task with compensationTime 0ms
2023-08-30 21:05:04.996 [Eureka-EvictionTimer] INFO  c.n.e.r.AbstractInstanceRegistry - Running the evict task with compensationTime 0ms
2023-08-30 21:05:09.996 [Eureka-EvictionTimer] INFO  c.n.e.r.AbstractInstanceRegistry - Running the evict task with compensationTime 0ms
2023-08-30 21:05:14.996 [Eureka-EvictionTimer] INFO  c.n.e.r.AbstractInstanceRegistry - Running the evict task with compensationTime 0ms
2023-08-30 21:05:19.996 [Eureka-EvictionTimer] INFO  c.n.e.r.AbstractInstanceRegistry - Running the evict task with compensationTime 0ms
2023-08-30 21:05:24.996 [Eureka-EvictionTimer] INFO  c.n.e.r.AbstractInstanceRegistry - Running the evict task with compensationTime 0ms
2023-08-30 21:05:29.996 [Eureka-EvictionTimer] INFO  c.n.e.r.AbstractInstanceRegistry - Running the evict task with compensationTime 0ms
2023-08-30 21:05:34.996 [Eureka-EvictionTimer] INFO  c.n.e.r.AbstractInstanceRegistry - Running the evict task with compensationTime 0ms
2023-08-30 21:05:39.996 [Eureka-EvictionTimer] INFO  c.n.e.r.AbstractInstanceRegistry - Running the evict task with compensationTime 0ms
2023-08-30 21:05:44.996 [Eureka-EvictionTimer] INFO  c.n.e.r.AbstractInstanceRegistry - Running the evict task with compensationTime 0ms
2023-08-30 21:05:49.996 [Eureka-EvictionTimer] INFO  c.n.e.r.AbstractInstanceRegistry - Running the evict task with compensationTime 0ms
2023-08-30 21:05:54.996 [Eureka-EvictionTimer] INFO  c.n.e.r.AbstractInstanceRegistry - Running the evict task with compensationTime 0ms
2023-08-30 21:05:59.996 [Eureka-EvictionTimer] INFO  c.n.e.r.AbstractInstanceRegistry - Running the evict task with compensationTime 0ms
2023-08-30 21:06:04.996 [Eureka-EvictionTimer] INFO  c.n.e.r.AbstractInstanceRegistry - Running the evict task with compensationTime 0ms
2023-08-30 21:06:09.996 [Eureka-EvictionTimer] INFO  c.n.e.r.AbstractInstanceRegistry - Running the evict task with compensationTime 0ms
2023-08-30 21:06:14.996 [Eureka-EvictionTimer] INFO  c.n.e.r.AbstractInstanceRegistry - Running the evict task with compensationTime 0ms
2023-08-30 21:06:19.996 [Eureka-EvictionTimer] INFO  c.n.e.r.AbstractInstanceRegistry - Running the evict task with compensationTime 0ms
2023-08-30 21:06:24.996 [Eureka-EvictionTimer] INFO  c.n.e.r.AbstractInstanceRegistry - Running the evict task with compensationTime 0ms
2023-08-30 21:06:29.996 [Eureka-EvictionTimer] INFO  c.n.e.r.AbstractInstanceRegistry - Running the evict task with compensationTime 0ms
2023-08-30 21:06:34.996 [Eureka-EvictionTimer] INFO  c.n.e.r.AbstractInstanceRegistry - Running the evict task with compensationTime 0ms
2023-08-30 21:06:39.996 [Eureka-EvictionTimer] INFO  c.n.e.r.AbstractInstanceRegistry - Running the evict task with compensationTime 0ms
2023-08-30 21:06:44.996 [Eureka-EvictionTimer] INFO  c.n.e.r.AbstractInstanceRegistry - Running the evict task with compensationTime 0ms
2023-08-30 21:06:49.996 [Eureka-EvictionTimer] INFO  c.n.e.r.AbstractInstanceRegistry - Running the evict task with compensationTime 0ms
2023-08-30 21:06:54.996 [Eureka-EvictionTimer] INFO  c.n.e.r.AbstractInstanceRegistry - Running the evict task with compensationTime 0ms
2023-08-30 21:06:59.996 [Eureka-EvictionTimer] INFO  c.n.e.r.AbstractInstanceRegistry - Running the evict task with compensationTime 0ms
2023-08-30 21:07:04.996 [Eureka-EvictionTimer] INFO  c.n.e.r.AbstractInstanceRegistry - Running the evict task with compensationTime 0ms
2023-08-30 21:07:09.996 [Eureka-EvictionTimer] INFO  c.n.e.r.AbstractInstanceRegistry - Running the evict task with compensationTime 0ms
2023-08-30 21:07:14.996 [Eureka-EvictionTimer] INFO  c.n.e.r.AbstractInstanceRegistry - Running the evict task with compensationTime 0ms
2023-08-30 21:07:19.996 [Eureka-EvictionTimer] INFO  c.n.e.r.AbstractInstanceRegistry - Running the evict task with compensationTime 0ms
2023-08-30 21:07:24.996 [Eureka-EvictionTimer] INFO  c.n.e.r.AbstractInstanceRegistry - Running the evict task with compensationTime 0ms
2023-08-30 21:07:29.996 [Eureka-EvictionTimer] INFO  c.n.e.r.AbstractInstanceRegistry - Running the evict task with compensationTime 0ms
2023-08-30 21:07:34.996 [Eureka-EvictionTimer] INFO  c.n.e.r.AbstractInstanceRegistry - Running the evict task with compensationTime 0ms
2023-08-30 21:07:39.996 [Eureka-EvictionTimer] INFO  c.n.e.r.AbstractInstanceRegistry - Running the evict task with compensationTime 0ms
2023-08-30 21:07:44.996 [Eureka-EvictionTimer] INFO  c.n.e.r.AbstractInstanceRegistry - Running the evict task with compensationTime 0ms
2023-08-30 21:07:49.996 [Eureka-EvictionTimer] INFO  c.n.e.r.AbstractInstanceRegistry - Running the evict task with compensationTime 0ms
2023-08-30 21:07:54.996 [Eureka-EvictionTimer] INFO  c.n.e.r.AbstractInstanceRegistry - Running the evict task with compensationTime 0ms
2023-08-30 21:07:59.996 [Eureka-EvictionTimer] INFO  c.n.e.r.AbstractInstanceRegistry - Running the evict task with compensationTime 0ms
2023-08-30 21:08:04.996 [Eureka-EvictionTimer] INFO  c.n.e.r.AbstractInstanceRegistry - Running the evict task with compensationTime 0ms
2023-08-30 21:08:09.996 [Eureka-EvictionTimer] INFO  c.n.e.r.AbstractInstanceRegistry - Running the evict task with compensationTime 0ms
2023-08-30 21:08:14.996 [Eureka-EvictionTimer] INFO  c.n.e.r.AbstractInstanceRegistry - Running the evict task with compensationTime 0ms
2023-08-30 21:08:19.996 [Eureka-EvictionTimer] INFO  c.n.e.r.AbstractInstanceRegistry - Running the evict task with compensationTime 0ms
2023-08-30 21:08:24.996 [Eureka-EvictionTimer] INFO  c.n.e.r.AbstractInstanceRegistry - Running the evict task with compensationTime 0ms
2023-08-30 21:08:29.996 [Eureka-EvictionTimer] INFO  c.n.e.r.AbstractInstanceRegistry - Running the evict task with compensationTime 0ms
2023-08-30 21:08:34.996 [Eureka-EvictionTimer] INFO  c.n.e.r.AbstractInstanceRegistry - Running the evict task with compensationTime 0ms
2023-08-30 21:08:39.996 [Eureka-EvictionTimer] INFO  c.n.e.r.AbstractInstanceRegistry - Running the evict task with compensationTime 0ms
2023-08-30 21:08:44.996 [Eureka-EvictionTimer] INFO  c.n.e.r.AbstractInstanceRegistry - Running the evict task with compensationTime 0ms
2023-08-30 21:08:49.996 [Eureka-EvictionTimer] INFO  c.n.e.r.AbstractInstanceRegistry - Running the evict task with compensationTime 0ms
2023-08-30 21:08:54.996 [Eureka-EvictionTimer] INFO  c.n.e.r.AbstractInstanceRegistry - Running the evict task with compensationTime 0ms
2023-08-30 21:08:59.996 [Eureka-EvictionTimer] INFO  c.n.e.r.AbstractInstanceRegistry - Running the evict task with compensationTime 0ms
2023-08-30 21:09:04.996 [Eureka-EvictionTimer] INFO  c.n.e.r.AbstractInstanceRegistry - Running the evict task with compensationTime 0ms
2023-08-30 21:09:09.996 [Eureka-EvictionTimer] INFO  c.n.e.r.AbstractInstanceRegistry - Running the evict task with compensationTime 0ms
2023-08-30 21:09:14.996 [Eureka-EvictionTimer] INFO  c.n.e.r.AbstractInstanceRegistry - Running the evict task with compensationTime 0ms
2023-08-30 21:09:19.996 [Eureka-EvictionTimer] INFO  c.n.e.r.AbstractInstanceRegistry - Running the evict task with compensationTime 0ms
2023-08-30 21:09:24.996 [Eureka-EvictionTimer] INFO  c.n.e.r.AbstractInstanceRegistry - Running the evict task with compensationTime 0ms
2023-08-30 21:09:29.996 [Eureka-EvictionTimer] INFO  c.n.e.r.AbstractInstanceRegistry - Running the evict task with compensationTime 0ms
2023-08-30 21:09:34.996 [Eureka-EvictionTimer] INFO  c.n.e.r.AbstractInstanceRegistry - Running the evict task with compensationTime 0ms
2023-08-30 21:09:39.996 [Eureka-EvictionTimer] INFO  c.n.e.r.AbstractInstanceRegistry - Running the evict task with compensationTime 0ms
2023-08-30 21:09:44.996 [Eureka-EvictionTimer] INFO  c.n.e.r.AbstractInstanceRegistry - Running the evict task with compensationTime 0ms
2023-08-30 21:09:49.996 [Eureka-EvictionTimer] INFO  c.n.e.r.AbstractInstanceRegistry - Running the evict task with compensationTime 0ms
2023-08-30 21:09:54.996 [Eureka-EvictionTimer] INFO  c.n.e.r.AbstractInstanceRegistry - Running the evict task with compensationTime 0ms
2023-08-30 21:09:59.996 [Eureka-EvictionTimer] INFO  c.n.e.r.AbstractInstanceRegistry - Running the evict task with compensationTime 0ms
2023-08-30 21:10:04.996 [Eureka-EvictionTimer] INFO  c.n.e.r.AbstractInstanceRegistry - Running the evict task with compensationTime 0ms
2023-08-30 21:10:09.996 [Eureka-EvictionTimer] INFO  c.n.e.r.AbstractInstanceRegistry - Running the evict task with compensationTime 0ms
2023-08-30 21:10:14.996 [Eureka-EvictionTimer] INFO  c.n.e.r.AbstractInstanceRegistry - Running the evict task with compensationTime 0ms
2023-08-30 21:10:19.996 [Eureka-EvictionTimer] INFO  c.n.e.r.AbstractInstanceRegistry - Running the evict task with compensationTime 0ms
2023-08-30 21:10:24.996 [Eureka-EvictionTimer] INFO  c.n.e.r.AbstractInstanceRegistry - Running the evict task with compensationTime 0ms
2023-08-30 21:10:29.996 [Eureka-EvictionTimer] INFO  c.n.e.r.AbstractInstanceRegistry - Running the evict task with compensationTime 0ms
2023-08-30 21:10:34.996 [Eureka-EvictionTimer] INFO  c.n.e.r.AbstractInstanceRegistry - Running the evict task with compensationTime 0ms
2023-08-30 21:10:39.996 [Eureka-EvictionTimer] INFO  c.n.e.r.AbstractInstanceRegistry - Running the evict task with compensationTime 0ms
2023-08-30 21:10:44.996 [Eureka-EvictionTimer] INFO  c.n.e.r.AbstractInstanceRegistry - Running the evict task with compensationTime 0ms
2023-08-30 21:10:49.996 [Eureka-EvictionTimer] INFO  c.n.e.r.AbstractInstanceRegistry - Running the evict task with compensationTime 0ms
2023-08-30 21:10:54.996 [Eureka-EvictionTimer] INFO  c.n.e.r.AbstractInstanceRegistry - Running the evict task with compensationTime 0ms
2023-08-30 21:10:59.996 [Eureka-EvictionTimer] INFO  c.n.e.r.AbstractInstanceRegistry - Running the evict task with compensationTime 0ms
2023-08-30 21:11:04.996 [Eureka-EvictionTimer] INFO  c.n.e.r.AbstractInstanceRegistry - Running the evict task with compensationTime 0ms
2023-08-30 21:11:09.996 [Eureka-EvictionTimer] INFO  c.n.e.r.AbstractInstanceRegistry - Running the evict task with compensationTime 0ms
2023-08-30 21:11:14.996 [Eureka-EvictionTimer] INFO  c.n.e.r.AbstractInstanceRegistry - Running the evict task with compensationTime 0ms
2023-08-30 21:11:19.996 [Eureka-EvictionTimer] INFO  c.n.e.r.AbstractInstanceRegistry - Running the evict task with compensationTime 0ms
2023-08-30 21:11:24.996 [Eureka-EvictionTimer] INFO  c.n.e.r.AbstractInstanceRegistry - Running the evict task with compensationTime 0ms
2023-08-30 21:11:29.996 [Eureka-EvictionTimer] INFO  c.n.e.r.AbstractInstanceRegistry - Running the evict task with compensationTime 0ms
2023-08-30 21:11:34.996 [Eureka-EvictionTimer] INFO  c.n.e.r.AbstractInstanceRegistry - Running the evict task with compensationTime 0ms
2023-08-30 21:11:39.996 [Eureka-EvictionTimer] INFO  c.n.e.r.AbstractInstanceRegistry - Running the evict task with compensationTime 0ms
2023-08-30 21:11:44.996 [Eureka-EvictionTimer] INFO  c.n.e.r.AbstractInstanceRegistry - Running the evict task with compensationTime 0ms
2023-08-30 21:11:49.996 [Eureka-EvictionTimer] INFO  c.n.e.r.AbstractInstanceRegistry - Running the evict task with compensationTime 0ms
2023-08-30 21:11:54.996 [Eureka-EvictionTimer] INFO  c.n.e.r.AbstractInstanceRegistry - Running the evict task with compensationTime 0ms
2023-08-30 21:11:59.996 [Eureka-EvictionTimer] INFO  c.n.e.r.AbstractInstanceRegistry - Running the evict task with compensationTime 0ms
2023-08-30 21:12:04.996 [Eureka-EvictionTimer] INFO  c.n.e.r.AbstractInstanceRegistry - Running the evict task with compensationTime 0ms
2023-08-30 21:12:09.996 [Eureka-EvictionTimer] INFO  c.n.e.r.AbstractInstanceRegistry - Running the evict task with compensationTime 0ms
2023-08-30 21:12:14.996 [Eureka-EvictionTimer] INFO  c.n.e.r.AbstractInstanceRegistry - Running the evict task with compensationTime 0ms
2023-08-30 21:12:19.996 [Eureka-EvictionTimer] INFO  c.n.e.r.AbstractInstanceRegistry - Running the evict task with compensationTime 0ms
2023-08-30 21:12:24.996 [Eureka-EvictionTimer] INFO  c.n.e.r.AbstractInstanceRegistry - Running the evict task with compensationTime 0ms
2023-08-30 21:12:29.996 [Eureka-EvictionTimer] INFO  c.n.e.r.AbstractInstanceRegistry - Running the evict task with compensationTime 0ms
2023-08-30 21:12:34.996 [Eureka-EvictionTimer] INFO  c.n.e.r.AbstractInstanceRegistry - Running the evict task with compensationTime 0ms
2023-08-30 21:12:39.996 [Eureka-EvictionTimer] INFO  c.n.e.r.AbstractInstanceRegistry - Running the evict task with compensationTime 0ms
2023-08-30 21:12:44.996 [Eureka-EvictionTimer] INFO  c.n.e.r.AbstractInstanceRegistry - Running the evict task with compensationTime 0ms
2023-08-30 21:12:49.996 [Eureka-EvictionTimer] INFO  c.n.e.r.AbstractInstanceRegistry - Running the evict task with compensationTime 0ms
2023-08-30 21:12:54.996 [Eureka-EvictionTimer] INFO  c.n.e.r.AbstractInstanceRegistry - Running the evict task with compensationTime 0ms
2023-08-30 21:12:59.996 [Eureka-EvictionTimer] INFO  c.n.e.r.AbstractInstanceRegistry - Running the evict task with compensationTime 0ms
2023-08-30 21:13:04.996 [Eureka-EvictionTimer] INFO  c.n.e.r.AbstractInstanceRegistry - Running the evict task with compensationTime 0ms
2023-08-30 21:13:09.996 [Eureka-EvictionTimer] INFO  c.n.e.r.AbstractInstanceRegistry - Running the evict task with compensationTime 0ms
2023-08-30 21:13:14.996 [Eureka-EvictionTimer] INFO  c.n.e.r.AbstractInstanceRegistry - Running the evict task with compensationTime 0ms
2023-08-30 21:13:19.996 [Eureka-EvictionTimer] INFO  c.n.e.r.AbstractInstanceRegistry - Running the evict task with compensationTime 0ms
2023-08-30 21:13:24.996 [Eureka-EvictionTimer] INFO  c.n.e.r.AbstractInstanceRegistry - Running the evict task with compensationTime 0ms
2023-08-30 21:13:29.996 [Eureka-EvictionTimer] INFO  c.n.e.r.AbstractInstanceRegistry - Running the evict task with compensationTime 0ms
2023-08-30 21:13:34.996 [Eureka-EvictionTimer] INFO  c.n.e.r.AbstractInstanceRegistry - Running the evict task with compensationTime 0ms
2023-08-30 21:13:39.996 [Eureka-EvictionTimer] INFO  c.n.e.r.AbstractInstanceRegistry - Running the evict task with compensationTime 0ms
2023-08-30 21:13:44.996 [Eureka-EvictionTimer] INFO  c.n.e.r.AbstractInstanceRegistry - Running the evict task with compensationTime 0ms
2023-08-30 21:13:49.996 [Eureka-EvictionTimer] INFO  c.n.e.r.AbstractInstanceRegistry - Running the evict task with compensationTime 0ms
2023-08-30 21:13:54.996 [Eureka-EvictionTimer] INFO  c.n.e.r.AbstractInstanceRegistry - Running the evict task with compensationTime 0ms
2023-08-30 21:13:59.996 [Eureka-EvictionTimer] INFO  c.n.e.r.AbstractInstanceRegistry - Running the evict task with compensationTime 0ms
2023-08-30 21:14:04.996 [Eureka-EvictionTimer] INFO  c.n.e.r.AbstractInstanceRegistry - Running the evict task with compensationTime 0ms
2023-08-30 21:14:09.996 [Eureka-EvictionTimer] INFO  c.n.e.r.AbstractInstanceRegistry - Running the evict task with compensationTime 0ms
2023-08-30 21:14:14.996 [Eureka-EvictionTimer] INFO  c.n.e.r.AbstractInstanceRegistry - Running the evict task with compensationTime 0ms
2023-08-30 21:14:19.996 [Eureka-EvictionTimer] INFO  c.n.e.r.AbstractInstanceRegistry - Running the evict task with compensationTime 0ms
2023-08-30 21:14:24.996 [Eureka-EvictionTimer] INFO  c.n.e.r.AbstractInstanceRegistry - Running the evict task with compensationTime 0ms
2023-08-30 21:14:29.996 [Eureka-EvictionTimer] INFO  c.n.e.r.AbstractInstanceRegistry - Running the evict task with compensationTime 0ms
2023-08-30 21:14:34.996 [Eureka-EvictionTimer] INFO  c.n.e.r.AbstractInstanceRegistry - Running the evict task with compensationTime 0ms
2023-08-30 21:14:39.996 [Eureka-EvictionTimer] INFO  c.n.e.r.AbstractInstanceRegistry - Running the evict task with compensationTime 0ms
2023-08-30 21:14:44.996 [Eureka-EvictionTimer] INFO  c.n.e.r.AbstractInstanceRegistry - Running the evict task with compensationTime 0ms
2023-08-30 21:14:49.996 [Eureka-EvictionTimer] INFO  c.n.e.r.AbstractInstanceRegistry - Running the evict task with compensationTime 0ms
2023-08-30 21:14:54.996 [Eureka-EvictionTimer] INFO  c.n.e.r.AbstractInstanceRegistry - Running the evict task with compensationTime 0ms
2023-08-30 21:14:59.996 [Eureka-EvictionTimer] INFO  c.n.e.r.AbstractInstanceRegistry - Running the evict task with compensationTime 0ms
2023-08-30 21:15:04.996 [Eureka-EvictionTimer] INFO  c.n.e.r.AbstractInstanceRegistry - Running the evict task with compensationTime 0ms
2023-08-30 21:15:09.996 [Eureka-EvictionTimer] INFO  c.n.e.r.AbstractInstanceRegistry - Running the evict task with compensationTime 0ms
2023-08-30 21:15:14.996 [Eureka-EvictionTimer] INFO  c.n.e.r.AbstractInstanceRegistry - Running the evict task with compensationTime 0ms
2023-08-30 21:15:19.996 [Eureka-EvictionTimer] INFO  c.n.e.r.AbstractInstanceRegistry - Running the evict task with compensationTime 0ms
2023-08-30 21:15:24.996 [Eureka-EvictionTimer] INFO  c.n.e.r.AbstractInstanceRegistry - Running the evict task with compensationTime 0ms
2023-08-30 21:15:29.996 [Eureka-EvictionTimer] INFO  c.n.e.r.AbstractInstanceRegistry - Running the evict task with compensationTime 0ms
2023-08-30 21:15:34.996 [Eureka-EvictionTimer] INFO  c.n.e.r.AbstractInstanceRegistry - Running the evict task with compensationTime 0ms
2023-08-30 21:15:39.996 [Eureka-EvictionTimer] INFO  c.n.e.r.AbstractInstanceRegistry - Running the evict task with compensationTime 0ms
2023-08-30 21:15:44.996 [Eureka-EvictionTimer] INFO  c.n.e.r.AbstractInstanceRegistry - Running the evict task with compensationTime 0ms
2023-08-30 21:15:49.996 [Eureka-EvictionTimer] INFO  c.n.e.r.AbstractInstanceRegistry - Running the evict task with compensationTime 0ms
2023-08-30 21:15:54.859 [ReplicaAwareInstanceRegistry - RenewalThresholdUpdater] INFO  c.n.e.r.PeerAwareInstanceRegistryImpl - Current renewal threshold is : 0
2023-08-30 21:15:54.996 [Eureka-EvictionTimer] INFO  c.n.e.r.AbstractInstanceRegistry - Running the evict task with compensationTime 0ms
2023-08-30 21:15:59.996 [Eureka-EvictionTimer] INFO  c.n.e.r.AbstractInstanceRegistry - Running the evict task with compensationTime 0ms
2023-08-30 21:16:04.996 [Eureka-EvictionTimer] INFO  c.n.e.r.AbstractInstanceRegistry - Running the evict task with compensationTime 0ms
2023-08-30 21:16:09.996 [Eureka-EvictionTimer] INFO  c.n.e.r.AbstractInstanceRegistry - Running the evict task with compensationTime 0ms
2023-08-30 21:16:14.996 [Eureka-EvictionTimer] INFO  c.n.e.r.AbstractInstanceRegistry - Running the evict task with compensationTime 0ms
2023-08-30 21:16:19.996 [Eureka-EvictionTimer] INFO  c.n.e.r.AbstractInstanceRegistry - Running the evict task with compensationTime 0ms
2023-08-30 21:16:24.996 [Eureka-EvictionTimer] INFO  c.n.e.r.AbstractInstanceRegistry - Running the evict task with compensationTime 0ms
2023-08-30 21:16:29.996 [Eureka-EvictionTimer] INFO  c.n.e.r.AbstractInstanceRegistry - Running the evict task with compensationTime 0ms
2023-08-30 21:16:34.996 [Eureka-EvictionTimer] INFO  c.n.e.r.AbstractInstanceRegistry - Running the evict task with compensationTime 0ms
2023-08-30 21:16:39.996 [Eureka-EvictionTimer] INFO  c.n.e.r.AbstractInstanceRegistry - Running the evict task with compensationTime 0ms
2023-08-30 21:16:44.996 [Eureka-EvictionTimer] INFO  c.n.e.r.AbstractInstanceRegistry - Running the evict task with compensationTime 0ms
2023-08-30 21:16:49.996 [Eureka-EvictionTimer] INFO  c.n.e.r.AbstractInstanceRegistry - Running the evict task with compensationTime 0ms
2023-08-30 21:16:54.996 [Eureka-EvictionTimer] INFO  c.n.e.r.AbstractInstanceRegistry - Running the evict task with compensationTime 0ms
2023-08-30 21:16:59.996 [Eureka-EvictionTimer] INFO  c.n.e.r.AbstractInstanceRegistry - Running the evict task with compensationTime 0ms
2023-08-30 21:17:04.996 [Eureka-EvictionTimer] INFO  c.n.e.r.AbstractInstanceRegistry - Running the evict task with compensationTime 0ms
2023-08-30 21:17:09.996 [Eureka-EvictionTimer] INFO  c.n.e.r.AbstractInstanceRegistry - Running the evict task with compensationTime 0ms
2023-08-30 21:17:14.996 [Eureka-EvictionTimer] INFO  c.n.e.r.AbstractInstanceRegistry - Running the evict task with compensationTime 0ms
2023-08-30 21:17:19.996 [Eureka-EvictionTimer] INFO  c.n.e.r.AbstractInstanceRegistry - Running the evict task with compensationTime 0ms
2023-08-30 21:17:24.996 [Eureka-EvictionTimer] INFO  c.n.e.r.AbstractInstanceRegistry - Running the evict task with compensationTime 0ms
2023-08-30 21:17:29.996 [Eureka-EvictionTimer] INFO  c.n.e.r.AbstractInstanceRegistry - Running the evict task with compensationTime 0ms
2023-08-30 21:17:34.996 [Eureka-EvictionTimer] INFO  c.n.e.r.AbstractInstanceRegistry - Running the evict task with compensationTime 0ms
2023-08-30 21:17:39.996 [Eureka-EvictionTimer] INFO  c.n.e.r.AbstractInstanceRegistry - Running the evict task with compensationTime 0ms
2023-08-30 21:17:44.996 [Eureka-EvictionTimer] INFO  c.n.e.r.AbstractInstanceRegistry - Running the evict task with compensationTime 0ms
2023-08-30 21:17:49.996 [Eureka-EvictionTimer] INFO  c.n.e.r.AbstractInstanceRegistry - Running the evict task with compensationTime 0ms
2023-08-30 21:17:54.996 [Eureka-EvictionTimer] INFO  c.n.e.r.AbstractInstanceRegistry - Running the evict task with compensationTime 0ms
2023-08-30 21:17:59.996 [Eureka-EvictionTimer] INFO  c.n.e.r.AbstractInstanceRegistry - Running the evict task with compensationTime 0ms
2023-08-30 21:18:04.996 [Eureka-EvictionTimer] INFO  c.n.e.r.AbstractInstanceRegistry - Running the evict task with compensationTime 0ms
2023-08-30 21:18:09.996 [Eureka-EvictionTimer] INFO  c.n.e.r.AbstractInstanceRegistry - Running the evict task with compensationTime 0ms
2023-08-30 21:18:14.996 [Eureka-EvictionTimer] INFO  c.n.e.r.AbstractInstanceRegistry - Running the evict task with compensationTime 0ms
2023-08-30 21:18:19.996 [Eureka-EvictionTimer] INFO  c.n.e.r.AbstractInstanceRegistry - Running the evict task with compensationTime 0ms
2023-08-30 21:18:24.996 [Eureka-EvictionTimer] INFO  c.n.e.r.AbstractInstanceRegistry - Running the evict task with compensationTime 0ms
2023-08-30 21:18:29.996 [Eureka-EvictionTimer] INFO  c.n.e.r.AbstractInstanceRegistry - Running the evict task with compensationTime 0ms
2023-08-30 21:18:34.996 [Eureka-EvictionTimer] INFO  c.n.e.r.AbstractInstanceRegistry - Running the evict task with compensationTime 0ms
2023-08-30 21:18:39.996 [Eureka-EvictionTimer] INFO  c.n.e.r.AbstractInstanceRegistry - Running the evict task with compensationTime 0ms
2023-08-30 21:18:44.996 [Eureka-EvictionTimer] INFO  c.n.e.r.AbstractInstanceRegistry - Running the evict task with compensationTime 0ms
2023-08-30 21:18:49.996 [Eureka-EvictionTimer] INFO  c.n.e.r.AbstractInstanceRegistry - Running the evict task with compensationTime 0ms
2023-08-30 21:18:54.996 [Eureka-EvictionTimer] INFO  c.n.e.r.AbstractInstanceRegistry - Running the evict task with compensationTime 0ms
2023-08-30 21:18:59.996 [Eureka-EvictionTimer] INFO  c.n.e.r.AbstractInstanceRegistry - Running the evict task with compensationTime 0ms
2023-08-30 21:19:04.996 [Eureka-EvictionTimer] INFO  c.n.e.r.AbstractInstanceRegistry - Running the evict task with compensationTime 0ms
2023-08-30 21:19:09.996 [Eureka-EvictionTimer] INFO  c.n.e.r.AbstractInstanceRegistry - Running the evict task with compensationTime 0ms
2023-08-30 21:19:14.996 [Eureka-EvictionTimer] INFO  c.n.e.r.AbstractInstanceRegistry - Running the evict task with compensationTime 0ms
2023-08-30 21:19:19.996 [Eureka-EvictionTimer] INFO  c.n.e.r.AbstractInstanceRegistry - Running the evict task with compensationTime 0ms
2023-08-30 21:19:24.996 [Eureka-EvictionTimer] INFO  c.n.e.r.AbstractInstanceRegistry - Running the evict task with compensationTime 0ms
2023-08-30 21:19:29.996 [Eureka-EvictionTimer] INFO  c.n.e.r.AbstractInstanceRegistry - Running the evict task with compensationTime 0ms
2023-08-30 21:19:34.996 [Eureka-EvictionTimer] INFO  c.n.e.r.AbstractInstanceRegistry - Running the evict task with compensationTime 0ms
2023-08-30 21:19:39.996 [Eureka-EvictionTimer] INFO  c.n.e.r.AbstractInstanceRegistry - Running the evict task with compensationTime 0ms
2023-08-30 21:19:44.996 [Eureka-EvictionTimer] INFO  c.n.e.r.AbstractInstanceRegistry - Running the evict task with compensationTime 0ms
2023-08-30 21:19:49.996 [Eureka-EvictionTimer] INFO  c.n.e.r.AbstractInstanceRegistry - Running the evict task with compensationTime 0ms
2023-08-30 21:19:54.996 [Eureka-EvictionTimer] INFO  c.n.e.r.AbstractInstanceRegistry - Running the evict task with compensationTime 0ms
2023-08-30 21:19:59.996 [Eureka-EvictionTimer] INFO  c.n.e.r.AbstractInstanceRegistry - Running the evict task with compensationTime 0ms
2023-08-30 21:20:04.996 [Eureka-EvictionTimer] INFO  c.n.e.r.AbstractInstanceRegistry - Running the evict task with compensationTime 0ms
2023-08-30 21:20:09.996 [Eureka-EvictionTimer] INFO  c.n.e.r.AbstractInstanceRegistry - Running the evict task with compensationTime 0ms
2023-08-30 21:20:14.996 [Eureka-EvictionTimer] INFO  c.n.e.r.AbstractInstanceRegistry - Running the evict task with compensationTime 0ms
2023-08-30 21:20:19.996 [Eureka-EvictionTimer] INFO  c.n.e.r.AbstractInstanceRegistry - Running the evict task with compensationTime 0ms
2023-08-30 21:20:24.996 [Eureka-EvictionTimer] INFO  c.n.e.r.AbstractInstanceRegistry - Running the evict task with compensationTime 0ms
2023-08-30 21:20:29.996 [Eureka-EvictionTimer] INFO  c.n.e.r.AbstractInstanceRegistry - Running the evict task with compensationTime 0ms
2023-08-30 21:20:34.996 [Eureka-EvictionTimer] INFO  c.n.e.r.AbstractInstanceRegistry - Running the evict task with compensationTime 0ms
2023-08-30 21:20:39.996 [Eureka-EvictionTimer] INFO  c.n.e.r.AbstractInstanceRegistry - Running the evict task with compensationTime 0ms
2023-08-30 21:20:44.996 [Eureka-EvictionTimer] INFO  c.n.e.r.AbstractInstanceRegistry - Running the evict task with compensationTime 0ms
2023-08-30 21:20:49.996 [Eureka-EvictionTimer] INFO  c.n.e.r.AbstractInstanceRegistry - Running the evict task with compensationTime 0ms
2023-08-30 21:20:54.996 [Eureka-EvictionTimer] INFO  c.n.e.r.AbstractInstanceRegistry - Running the evict task with compensationTime 0ms
2023-08-30 21:20:59.996 [Eureka-EvictionTimer] INFO  c.n.e.r.AbstractInstanceRegistry - Running the evict task with compensationTime 0ms
2023-08-30 21:21:04.996 [Eureka-EvictionTimer] INFO  c.n.e.r.AbstractInstanceRegistry - Running the evict task with compensationTime 0ms
2023-08-30 21:21:09.996 [Eureka-EvictionTimer] INFO  c.n.e.r.AbstractInstanceRegistry - Running the evict task with compensationTime 0ms
2023-08-30 21:21:14.996 [Eureka-EvictionTimer] INFO  c.n.e.r.AbstractInstanceRegistry - Running the evict task with compensationTime 0ms
2023-08-30 21:21:19.996 [Eureka-EvictionTimer] INFO  c.n.e.r.AbstractInstanceRegistry - Running the evict task with compensationTime 0ms
2023-08-30 21:21:24.996 [Eureka-EvictionTimer] INFO  c.n.e.r.AbstractInstanceRegistry - Running the evict task with compensationTime 0ms
2023-08-30 21:21:29.996 [Eureka-EvictionTimer] INFO  c.n.e.r.AbstractInstanceRegistry - Running the evict task with compensationTime 0ms
2023-08-30 21:21:34.996 [Eureka-EvictionTimer] INFO  c.n.e.r.AbstractInstanceRegistry - Running the evict task with compensationTime 0ms
2023-08-30 21:21:39.996 [Eureka-EvictionTimer] INFO  c.n.e.r.AbstractInstanceRegistry - Running the evict task with compensationTime 0ms
2023-08-30 21:21:44.996 [Eureka-EvictionTimer] INFO  c.n.e.r.AbstractInstanceRegistry - Running the evict task with compensationTime 0ms
2023-08-30 21:21:49.996 [Eureka-EvictionTimer] INFO  c.n.e.r.AbstractInstanceRegistry - Running the evict task with compensationTime 0ms
2023-08-30 21:21:54.996 [Eureka-EvictionTimer] INFO  c.n.e.r.AbstractInstanceRegistry - Running the evict task with compensationTime 0ms
2023-08-30 21:21:59.996 [Eureka-EvictionTimer] INFO  c.n.e.r.AbstractInstanceRegistry - Running the evict task with compensationTime 0ms
2023-08-30 21:22:04.996 [Eureka-EvictionTimer] INFO  c.n.e.r.AbstractInstanceRegistry - Running the evict task with compensationTime 0ms
2023-08-30 21:22:09.996 [Eureka-EvictionTimer] INFO  c.n.e.r.AbstractInstanceRegistry - Running the evict task with compensationTime 0ms
2023-08-30 21:22:14.996 [Eureka-EvictionTimer] INFO  c.n.e.r.AbstractInstanceRegistry - Running the evict task with compensationTime 0ms
2023-08-30 21:22:19.996 [Eureka-EvictionTimer] INFO  c.n.e.r.AbstractInstanceRegistry - Running the evict task with compensationTime 0ms
2023-08-30 21:22:24.996 [Eureka-EvictionTimer] INFO  c.n.e.r.AbstractInstanceRegistry - Running the evict task with compensationTime 0ms
2023-08-30 21:22:29.996 [Eureka-EvictionTimer] INFO  c.n.e.r.AbstractInstanceRegistry - Running the evict task with compensationTime 0ms
2023-08-30 21:22:34.996 [Eureka-EvictionTimer] INFO  c.n.e.r.AbstractInstanceRegistry - Running the evict task with compensationTime 0ms
2023-08-30 21:22:39.996 [Eureka-EvictionTimer] INFO  c.n.e.r.AbstractInstanceRegistry - Running the evict task with compensationTime 0ms
2023-08-30 21:22:44.996 [Eureka-EvictionTimer] INFO  c.n.e.r.AbstractInstanceRegistry - Running the evict task with compensationTime 0ms
2023-08-30 21:22:49.996 [Eureka-EvictionTimer] INFO  c.n.e.r.AbstractInstanceRegistry - Running the evict task with compensationTime 0ms
2023-08-30 21:22:54.996 [Eureka-EvictionTimer] INFO  c.n.e.r.AbstractInstanceRegistry - Running the evict task with compensationTime 0ms
2023-08-30 21:22:59.996 [Eureka-EvictionTimer] INFO  c.n.e.r.AbstractInstanceRegistry - Running the evict task with compensationTime 0ms
2023-08-30 21:23:04.996 [Eureka-EvictionTimer] INFO  c.n.e.r.AbstractInstanceRegistry - Running the evict task with compensationTime 0ms
2023-08-30 21:23:09.996 [Eureka-EvictionTimer] INFO  c.n.e.r.AbstractInstanceRegistry - Running the evict task with compensationTime 0ms
2023-08-30 21:23:14.996 [Eureka-EvictionTimer] INFO  c.n.e.r.AbstractInstanceRegistry - Running the evict task with compensationTime 0ms
2023-08-30 21:23:19.996 [Eureka-EvictionTimer] INFO  c.n.e.r.AbstractInstanceRegistry - Running the evict task with compensationTime 0ms
2023-08-30 21:23:24.996 [Eureka-EvictionTimer] INFO  c.n.e.r.AbstractInstanceRegistry - Running the evict task with compensationTime 0ms
2023-08-30 21:23:29.996 [Eureka-EvictionTimer] INFO  c.n.e.r.AbstractInstanceRegistry - Running the evict task with compensationTime 0ms
2023-08-30 21:23:34.996 [Eureka-EvictionTimer] INFO  c.n.e.r.AbstractInstanceRegistry - Running the evict task with compensationTime 0ms
2023-08-30 21:23:39.996 [Eureka-EvictionTimer] INFO  c.n.e.r.AbstractInstanceRegistry - Running the evict task with compensationTime 0ms
2023-08-30 21:23:44.996 [Eureka-EvictionTimer] INFO  c.n.e.r.AbstractInstanceRegistry - Running the evict task with compensationTime 0ms
2023-08-30 21:23:49.996 [Eureka-EvictionTimer] INFO  c.n.e.r.AbstractInstanceRegistry - Running the evict task with compensationTime 0ms
2023-08-30 21:23:54.996 [Eureka-EvictionTimer] INFO  c.n.e.r.AbstractInstanceRegistry - Running the evict task with compensationTime 0ms
2023-08-30 21:23:59.996 [Eureka-EvictionTimer] INFO  c.n.e.r.AbstractInstanceRegistry - Running the evict task with compensationTime 0ms
2023-08-30 21:24:04.996 [Eureka-EvictionTimer] INFO  c.n.e.r.AbstractInstanceRegistry - Running the evict task with compensationTime 0ms
2023-08-30 21:24:09.996 [Eureka-EvictionTimer] INFO  c.n.e.r.AbstractInstanceRegistry - Running the evict task with compensationTime 0ms
2023-08-30 21:24:14.996 [Eureka-EvictionTimer] INFO  c.n.e.r.AbstractInstanceRegistry - Running the evict task with compensationTime 0ms
2023-08-30 21:24:19.996 [Eureka-EvictionTimer] INFO  c.n.e.r.AbstractInstanceRegistry - Running the evict task with compensationTime 0ms
2023-08-30 21:24:24.996 [Eureka-EvictionTimer] INFO  c.n.e.r.AbstractInstanceRegistry - Running the evict task with compensationTime 0ms
2023-08-30 21:24:29.996 [Eureka-EvictionTimer] INFO  c.n.e.r.AbstractInstanceRegistry - Running the evict task with compensationTime 0ms
2023-08-30 21:24:34.996 [Eureka-EvictionTimer] INFO  c.n.e.r.AbstractInstanceRegistry - Running the evict task with compensationTime 0ms
2023-08-30 21:24:39.996 [Eureka-EvictionTimer] INFO  c.n.e.r.AbstractInstanceRegistry - Running the evict task with compensationTime 0ms
2023-08-30 21:24:44.996 [Eureka-EvictionTimer] INFO  c.n.e.r.AbstractInstanceRegistry - Running the evict task with compensationTime 0ms
2023-08-30 21:24:49.996 [Eureka-EvictionTimer] INFO  c.n.e.r.AbstractInstanceRegistry - Running the evict task with compensationTime 0ms
2023-08-30 21:24:54.996 [Eureka-EvictionTimer] INFO  c.n.e.r.AbstractInstanceRegistry - Running the evict task with compensationTime 0ms
2023-08-30 21:24:59.996 [Eureka-EvictionTimer] INFO  c.n.e.r.AbstractInstanceRegistry - Running the evict task with compensationTime 0ms
2023-08-30 21:25:04.996 [Eureka-EvictionTimer] INFO  c.n.e.r.AbstractInstanceRegistry - Running the evict task with compensationTime 0ms
2023-08-30 21:25:09.996 [Eureka-EvictionTimer] INFO  c.n.e.r.AbstractInstanceRegistry - Running the evict task with compensationTime 0ms
2023-08-30 21:25:14.996 [Eureka-EvictionTimer] INFO  c.n.e.r.AbstractInstanceRegistry - Running the evict task with compensationTime 0ms
2023-08-30 21:25:19.996 [Eureka-EvictionTimer] INFO  c.n.e.r.AbstractInstanceRegistry - Running the evict task with compensationTime 0ms
2023-08-30 21:25:24.996 [Eureka-EvictionTimer] INFO  c.n.e.r.AbstractInstanceRegistry - Running the evict task with compensationTime 0ms
2023-08-30 21:25:29.996 [Eureka-EvictionTimer] INFO  c.n.e.r.AbstractInstanceRegistry - Running the evict task with compensationTime 0ms
2023-08-30 21:25:34.996 [Eureka-EvictionTimer] INFO  c.n.e.r.AbstractInstanceRegistry - Running the evict task with compensationTime 0ms
2023-08-30 21:25:39.996 [Eureka-EvictionTimer] INFO  c.n.e.r.AbstractInstanceRegistry - Running the evict task with compensationTime 0ms
2023-08-30 21:25:44.996 [Eureka-EvictionTimer] INFO  c.n.e.r.AbstractInstanceRegistry - Running the evict task with compensationTime 0ms
2023-08-30 21:25:49.996 [Eureka-EvictionTimer] INFO  c.n.e.r.AbstractInstanceRegistry - Running the evict task with compensationTime 0ms
2023-08-30 21:25:54.996 [Eureka-EvictionTimer] INFO  c.n.e.r.AbstractInstanceRegistry - Running the evict task with compensationTime 0ms
2023-08-30 21:25:59.996 [Eureka-EvictionTimer] INFO  c.n.e.r.AbstractInstanceRegistry - Running the evict task with compensationTime 0ms
2023-08-30 21:26:04.996 [Eureka-EvictionTimer] INFO  c.n.e.r.AbstractInstanceRegistry - Running the evict task with compensationTime 0ms
2023-08-30 21:26:09.996 [Eureka-EvictionTimer] INFO  c.n.e.r.AbstractInstanceRegistry - Running the evict task with compensationTime 0ms
2023-08-30 21:26:14.996 [Eureka-EvictionTimer] INFO  c.n.e.r.AbstractInstanceRegistry - Running the evict task with compensationTime 0ms
2023-08-30 21:26:19.996 [Eureka-EvictionTimer] INFO  c.n.e.r.AbstractInstanceRegistry - Running the evict task with compensationTime 0ms
2023-08-30 21:26:24.996 [Eureka-EvictionTimer] INFO  c.n.e.r.AbstractInstanceRegistry - Running the evict task with compensationTime 0ms
2023-08-30 21:26:29.996 [Eureka-EvictionTimer] INFO  c.n.e.r.AbstractInstanceRegistry - Running the evict task with compensationTime 0ms
2023-08-30 21:26:34.996 [Eureka-EvictionTimer] INFO  c.n.e.r.AbstractInstanceRegistry - Running the evict task with compensationTime 0ms
2023-08-30 21:26:39.996 [Eureka-EvictionTimer] INFO  c.n.e.r.AbstractInstanceRegistry - Running the evict task with compensationTime 0ms
2023-08-30 21:26:44.996 [Eureka-EvictionTimer] INFO  c.n.e.r.AbstractInstanceRegistry - Running the evict task with compensationTime 0ms
2023-08-30 21:26:49.996 [Eureka-EvictionTimer] INFO  c.n.e.r.AbstractInstanceRegistry - Running the evict task with compensationTime 0ms
2023-08-30 21:26:54.996 [Eureka-EvictionTimer] INFO  c.n.e.r.AbstractInstanceRegistry - Running the evict task with compensationTime 0ms
2023-08-30 21:26:59.996 [Eureka-EvictionTimer] INFO  c.n.e.r.AbstractInstanceRegistry - Running the evict task with compensationTime 0ms
2023-08-30 21:27:04.996 [Eureka-EvictionTimer] INFO  c.n.e.r.AbstractInstanceRegistry - Running the evict task with compensationTime 0ms
2023-08-30 21:27:09.996 [Eureka-EvictionTimer] INFO  c.n.e.r.AbstractInstanceRegistry - Running the evict task with compensationTime 0ms
2023-08-30 21:27:14.996 [Eureka-EvictionTimer] INFO  c.n.e.r.AbstractInstanceRegistry - Running the evict task with compensationTime 0ms
2023-08-30 21:27:19.996 [Eureka-EvictionTimer] INFO  c.n.e.r.AbstractInstanceRegistry - Running the evict task with compensationTime 0ms
2023-08-30 21:27:24.996 [Eureka-EvictionTimer] INFO  c.n.e.r.AbstractInstanceRegistry - Running the evict task with compensationTime 0ms
2023-08-30 21:27:29.996 [Eureka-EvictionTimer] INFO  c.n.e.r.AbstractInstanceRegistry - Running the evict task with compensationTime 0ms
2023-08-30 21:27:34.996 [Eureka-EvictionTimer] INFO  c.n.e.r.AbstractInstanceRegistry - Running the evict task with compensationTime 0ms
2023-08-30 21:27:39.996 [Eureka-EvictionTimer] INFO  c.n.e.r.AbstractInstanceRegistry - Running the evict task with compensationTime 0ms
2023-08-30 21:27:44.996 [Eureka-EvictionTimer] INFO  c.n.e.r.AbstractInstanceRegistry - Running the evict task with compensationTime 0ms
2023-08-30 21:27:49.996 [Eureka-EvictionTimer] INFO  c.n.e.r.AbstractInstanceRegistry - Running the evict task with compensationTime 0ms
2023-08-30 21:27:54.996 [Eureka-EvictionTimer] INFO  c.n.e.r.AbstractInstanceRegistry - Running the evict task with compensationTime 0ms
2023-08-30 21:27:59.996 [Eureka-EvictionTimer] INFO  c.n.e.r.AbstractInstanceRegistry - Running the evict task with compensationTime 0ms
2023-08-30 21:28:04.996 [Eureka-EvictionTimer] INFO  c.n.e.r.AbstractInstanceRegistry - Running the evict task with compensationTime 0ms
2023-08-30 21:28:09.996 [Eureka-EvictionTimer] INFO  c.n.e.r.AbstractInstanceRegistry - Running the evict task with compensationTime 0ms
2023-08-30 21:28:14.996 [Eureka-EvictionTimer] INFO  c.n.e.r.AbstractInstanceRegistry - Running the evict task with compensationTime 0ms
2023-08-30 21:28:19.996 [Eureka-EvictionTimer] INFO  c.n.e.r.AbstractInstanceRegistry - Running the evict task with compensationTime 0ms
2023-08-30 21:28:24.996 [Eureka-EvictionTimer] INFO  c.n.e.r.AbstractInstanceRegistry - Running the evict task with compensationTime 0ms
2023-08-30 21:28:29.996 [Eureka-EvictionTimer] INFO  c.n.e.r.AbstractInstanceRegistry - Running the evict task with compensationTime 0ms
2023-08-30 21:28:34.996 [Eureka-EvictionTimer] INFO  c.n.e.r.AbstractInstanceRegistry - Running the evict task with compensationTime 0ms
2023-08-30 21:28:39.996 [Eureka-EvictionTimer] INFO  c.n.e.r.AbstractInstanceRegistry - Running the evict task with compensationTime 0ms
2023-08-30 21:28:44.996 [Eureka-EvictionTimer] INFO  c.n.e.r.AbstractInstanceRegistry - Running the evict task with compensationTime 0ms
2023-08-30 21:28:49.996 [Eureka-EvictionTimer] INFO  c.n.e.r.AbstractInstanceRegistry - Running the evict task with compensationTime 0ms
2023-08-30 21:28:54.996 [Eureka-EvictionTimer] INFO  c.n.e.r.AbstractInstanceRegistry - Running the evict task with compensationTime 0ms
2023-08-30 21:28:59.996 [Eureka-EvictionTimer] INFO  c.n.e.r.AbstractInstanceRegistry - Running the evict task with compensationTime 0ms
2023-08-30 21:29:04.996 [Eureka-EvictionTimer] INFO  c.n.e.r.AbstractInstanceRegistry - Running the evict task with compensationTime 0ms
2023-08-30 21:29:09.996 [Eureka-EvictionTimer] INFO  c.n.e.r.AbstractInstanceRegistry - Running the evict task with compensationTime 0ms
2023-08-30 21:29:14.996 [Eureka-EvictionTimer] INFO  c.n.e.r.AbstractInstanceRegistry - Running the evict task with compensationTime 0ms
2023-08-30 21:29:19.996 [Eureka-EvictionTimer] INFO  c.n.e.r.AbstractInstanceRegistry - Running the evict task with compensationTime 0ms
2023-08-30 21:29:24.996 [Eureka-EvictionTimer] INFO  c.n.e.r.AbstractInstanceRegistry - Running the evict task with compensationTime 0ms
2023-08-30 21:29:29.996 [Eureka-EvictionTimer] INFO  c.n.e.r.AbstractInstanceRegistry - Running the evict task with compensationTime 0ms
2023-08-30 21:29:34.996 [Eureka-EvictionTimer] INFO  c.n.e.r.AbstractInstanceRegistry - Running the evict task with compensationTime 0ms
2023-08-30 21:29:39.996 [Eureka-EvictionTimer] INFO  c.n.e.r.AbstractInstanceRegistry - Running the evict task with compensationTime 0ms
2023-08-30 21:29:44.996 [Eureka-EvictionTimer] INFO  c.n.e.r.AbstractInstanceRegistry - Running the evict task with compensationTime 0ms
2023-08-30 21:29:49.996 [Eureka-EvictionTimer] INFO  c.n.e.r.AbstractInstanceRegistry - Running the evict task with compensationTime 0ms
2023-08-30 21:29:54.996 [Eureka-EvictionTimer] INFO  c.n.e.r.AbstractInstanceRegistry - Running the evict task with compensationTime 0ms
2023-08-30 21:29:59.996 [Eureka-EvictionTimer] INFO  c.n.e.r.AbstractInstanceRegistry - Running the evict task with compensationTime 0ms
2023-08-30 21:30:04.996 [Eureka-EvictionTimer] INFO  c.n.e.r.AbstractInstanceRegistry - Running the evict task with compensationTime 0ms
2023-08-30 21:30:09.996 [Eureka-EvictionTimer] INFO  c.n.e.r.AbstractInstanceRegistry - Running the evict task with compensationTime 0ms
2023-08-30 21:30:14.996 [Eureka-EvictionTimer] INFO  c.n.e.r.AbstractInstanceRegistry - Running the evict task with compensationTime 0ms
2023-08-30 21:30:19.996 [Eureka-EvictionTimer] INFO  c.n.e.r.AbstractInstanceRegistry - Running the evict task with compensationTime 0ms
2023-08-30 21:30:24.996 [Eureka-EvictionTimer] INFO  c.n.e.r.AbstractInstanceRegistry - Running the evict task with compensationTime 0ms
2023-08-30 21:30:29.996 [Eureka-EvictionTimer] INFO  c.n.e.r.AbstractInstanceRegistry - Running the evict task with compensationTime 0ms
2023-08-30 21:30:34.996 [Eureka-EvictionTimer] INFO  c.n.e.r.AbstractInstanceRegistry - Running the evict task with compensationTime 0ms
2023-08-30 21:30:39.996 [Eureka-EvictionTimer] INFO  c.n.e.r.AbstractInstanceRegistry - Running the evict task with compensationTime 0ms
2023-08-30 21:30:44.996 [Eureka-EvictionTimer] INFO  c.n.e.r.AbstractInstanceRegistry - Running the evict task with compensationTime 0ms
2023-08-30 21:30:49.996 [Eureka-EvictionTimer] INFO  c.n.e.r.AbstractInstanceRegistry - Running the evict task with compensationTime 0ms
2023-08-30 21:30:54.859 [ReplicaAwareInstanceRegistry - RenewalThresholdUpdater] INFO  c.n.e.r.PeerAwareInstanceRegistryImpl - Current renewal threshold is : 0
2023-08-30 21:30:54.996 [Eureka-EvictionTimer] INFO  c.n.e.r.AbstractInstanceRegistry - Running the evict task with compensationTime 0ms
2023-08-30 21:30:59.996 [Eureka-EvictionTimer] INFO  c.n.e.r.AbstractInstanceRegistry - Running the evict task with compensationTime 0ms
2023-08-30 21:31:04.996 [Eureka-EvictionTimer] INFO  c.n.e.r.AbstractInstanceRegistry - Running the evict task with compensationTime 0ms
2023-08-30 21:31:09.996 [Eureka-EvictionTimer] INFO  c.n.e.r.AbstractInstanceRegistry - Running the evict task with compensationTime 0ms
2023-08-30 21:31:14.996 [Eureka-EvictionTimer] INFO  c.n.e.r.AbstractInstanceRegistry - Running the evict task with compensationTime 0ms
2023-08-30 21:31:19.996 [Eureka-EvictionTimer] INFO  c.n.e.r.AbstractInstanceRegistry - Running the evict task with compensationTime 0ms
2023-08-30 21:31:24.996 [Eureka-EvictionTimer] INFO  c.n.e.r.AbstractInstanceRegistry - Running the evict task with compensationTime 0ms
2023-08-30 21:31:29.996 [Eureka-EvictionTimer] INFO  c.n.e.r.AbstractInstanceRegistry - Running the evict task with compensationTime 0ms
2023-08-30 21:31:34.996 [Eureka-EvictionTimer] INFO  c.n.e.r.AbstractInstanceRegistry - Running the evict task with compensationTime 0ms
2023-08-30 21:31:39.996 [Eureka-EvictionTimer] INFO  c.n.e.r.AbstractInstanceRegistry - Running the evict task with compensationTime 0ms
2023-08-30 21:31:44.996 [Eureka-EvictionTimer] INFO  c.n.e.r.AbstractInstanceRegistry - Running the evict task with compensationTime 0ms
2023-08-30 21:31:49.996 [Eureka-EvictionTimer] INFO  c.n.e.r.AbstractInstanceRegistry - Running the evict task with compensationTime 0ms
2023-08-30 21:31:54.996 [Eureka-EvictionTimer] INFO  c.n.e.r.AbstractInstanceRegistry - Running the evict task with compensationTime 0ms
2023-08-30 21:31:59.996 [Eureka-EvictionTimer] INFO  c.n.e.r.AbstractInstanceRegistry - Running the evict task with compensationTime 0ms
2023-08-30 21:32:04.996 [Eureka-EvictionTimer] INFO  c.n.e.r.AbstractInstanceRegistry - Running the evict task with compensationTime 0ms
2023-08-30 21:32:09.996 [Eureka-EvictionTimer] INFO  c.n.e.r.AbstractInstanceRegistry - Running the evict task with compensationTime 0ms
2023-08-30 21:32:14.996 [Eureka-EvictionTimer] INFO  c.n.e.r.AbstractInstanceRegistry - Running the evict task with compensationTime 0ms
2023-08-30 21:32:19.996 [Eureka-EvictionTimer] INFO  c.n.e.r.AbstractInstanceRegistry - Running the evict task with compensationTime 0ms
2023-08-30 21:32:24.996 [Eureka-EvictionTimer] INFO  c.n.e.r.AbstractInstanceRegistry - Running the evict task with compensationTime 0ms
2023-08-30 21:32:29.996 [Eureka-EvictionTimer] INFO  c.n.e.r.AbstractInstanceRegistry - Running the evict task with compensationTime 0ms
2023-08-30 21:32:34.996 [Eureka-EvictionTimer] INFO  c.n.e.r.AbstractInstanceRegistry - Running the evict task with compensationTime 0ms
2023-08-30 21:32:39.996 [Eureka-EvictionTimer] INFO  c.n.e.r.AbstractInstanceRegistry - Running the evict task with compensationTime 0ms
2023-08-30 21:32:44.996 [Eureka-EvictionTimer] INFO  c.n.e.r.AbstractInstanceRegistry - Running the evict task with compensationTime 0ms
2023-08-30 21:32:49.996 [Eureka-EvictionTimer] INFO  c.n.e.r.AbstractInstanceRegistry - Running the evict task with compensationTime 0ms
2023-08-30 21:32:54.996 [Eureka-EvictionTimer] INFO  c.n.e.r.AbstractInstanceRegistry - Running the evict task with compensationTime 0ms
2023-08-30 21:32:59.996 [Eureka-EvictionTimer] INFO  c.n.e.r.AbstractInstanceRegistry - Running the evict task with compensationTime 0ms
2023-08-30 21:33:04.996 [Eureka-EvictionTimer] INFO  c.n.e.r.AbstractInstanceRegistry - Running the evict task with compensationTime 0ms
2023-08-30 21:33:09.996 [Eureka-EvictionTimer] INFO  c.n.e.r.AbstractInstanceRegistry - Running the evict task with compensationTime 0ms
2023-08-30 21:33:14.996 [Eureka-EvictionTimer] INFO  c.n.e.r.AbstractInstanceRegistry - Running the evict task with compensationTime 0ms
2023-08-30 21:33:19.996 [Eureka-EvictionTimer] INFO  c.n.e.r.AbstractInstanceRegistry - Running the evict task with compensationTime 0ms
2023-08-30 21:33:24.996 [Eureka-EvictionTimer] INFO  c.n.e.r.AbstractInstanceRegistry - Running the evict task with compensationTime 0ms
2023-08-30 21:33:29.996 [Eureka-EvictionTimer] INFO  c.n.e.r.AbstractInstanceRegistry - Running the evict task with compensationTime 0ms
2023-08-30 21:33:34.996 [Eureka-EvictionTimer] INFO  c.n.e.r.AbstractInstanceRegistry - Running the evict task with compensationTime 0ms
2023-08-30 21:33:39.996 [Eureka-EvictionTimer] INFO  c.n.e.r.AbstractInstanceRegistry - Running the evict task with compensationTime 0ms
2023-08-30 21:33:44.996 [Eureka-EvictionTimer] INFO  c.n.e.r.AbstractInstanceRegistry - Running the evict task with compensationTime 0ms
2023-08-30 21:33:49.996 [Eureka-EvictionTimer] INFO  c.n.e.r.AbstractInstanceRegistry - Running the evict task with compensationTime 0ms
2023-08-30 21:33:54.996 [Eureka-EvictionTimer] INFO  c.n.e.r.AbstractInstanceRegistry - Running the evict task with compensationTime 0ms
2023-08-30 21:33:59.996 [Eureka-EvictionTimer] INFO  c.n.e.r.AbstractInstanceRegistry - Running the evict task with compensationTime 0ms
2023-08-30 21:34:04.996 [Eureka-EvictionTimer] INFO  c.n.e.r.AbstractInstanceRegistry - Running the evict task with compensationTime 0ms
2023-08-30 21:34:09.996 [Eureka-EvictionTimer] INFO  c.n.e.r.AbstractInstanceRegistry - Running the evict task with compensationTime 0ms
2023-08-30 21:34:14.996 [Eureka-EvictionTimer] INFO  c.n.e.r.AbstractInstanceRegistry - Running the evict task with compensationTime 0ms
2023-08-30 21:34:19.996 [Eureka-EvictionTimer] INFO  c.n.e.r.AbstractInstanceRegistry - Running the evict task with compensationTime 0ms
2023-08-30 21:34:24.996 [Eureka-EvictionTimer] INFO  c.n.e.r.AbstractInstanceRegistry - Running the evict task with compensationTime 0ms
2023-08-30 21:34:29.996 [Eureka-EvictionTimer] INFO  c.n.e.r.AbstractInstanceRegistry - Running the evict task with compensationTime 0ms
2023-08-30 21:34:34.996 [Eureka-EvictionTimer] INFO  c.n.e.r.AbstractInstanceRegistry - Running the evict task with compensationTime 0ms
2023-08-30 21:34:39.996 [Eureka-EvictionTimer] INFO  c.n.e.r.AbstractInstanceRegistry - Running the evict task with compensationTime 0ms
2023-08-30 21:34:44.996 [Eureka-EvictionTimer] INFO  c.n.e.r.AbstractInstanceRegistry - Running the evict task with compensationTime 0ms
2023-08-30 21:34:49.996 [Eureka-EvictionTimer] INFO  c.n.e.r.AbstractInstanceRegistry - Running the evict task with compensationTime 0ms
2023-08-30 21:34:54.996 [Eureka-EvictionTimer] INFO  c.n.e.r.AbstractInstanceRegistry - Running the evict task with compensationTime 0ms
2023-08-30 21:34:59.996 [Eureka-EvictionTimer] INFO  c.n.e.r.AbstractInstanceRegistry - Running the evict task with compensationTime 0ms
2023-08-30 21:35:04.996 [Eureka-EvictionTimer] INFO  c.n.e.r.AbstractInstanceRegistry - Running the evict task with compensationTime 0ms
2023-08-30 21:35:09.996 [Eureka-EvictionTimer] INFO  c.n.e.r.AbstractInstanceRegistry - Running the evict task with compensationTime 0ms
2023-08-30 21:35:14.996 [Eureka-EvictionTimer] INFO  c.n.e.r.AbstractInstanceRegistry - Running the evict task with compensationTime 0ms
2023-08-30 21:35:19.996 [Eureka-EvictionTimer] INFO  c.n.e.r.AbstractInstanceRegistry - Running the evict task with compensationTime 0ms
2023-08-30 21:35:24.996 [Eureka-EvictionTimer] INFO  c.n.e.r.AbstractInstanceRegistry - Running the evict task with compensationTime 0ms
2023-08-30 21:35:29.996 [Eureka-EvictionTimer] INFO  c.n.e.r.AbstractInstanceRegistry - Running the evict task with compensationTime 0ms
2023-08-30 21:35:34.996 [Eureka-EvictionTimer] INFO  c.n.e.r.AbstractInstanceRegistry - Running the evict task with compensationTime 0ms
2023-08-30 21:35:39.996 [Eureka-EvictionTimer] INFO  c.n.e.r.AbstractInstanceRegistry - Running the evict task with compensationTime 0ms
2023-08-30 21:35:44.996 [Eureka-EvictionTimer] INFO  c.n.e.r.AbstractInstanceRegistry - Running the evict task with compensationTime 0ms
2023-08-30 21:35:49.996 [Eureka-EvictionTimer] INFO  c.n.e.r.AbstractInstanceRegistry - Running the evict task with compensationTime 0ms
2023-08-30 21:35:54.996 [Eureka-EvictionTimer] INFO  c.n.e.r.AbstractInstanceRegistry - Running the evict task with compensationTime 0ms
2023-08-30 21:35:59.996 [Eureka-EvictionTimer] INFO  c.n.e.r.AbstractInstanceRegistry - Running the evict task with compensationTime 0ms
2023-08-30 21:36:04.996 [Eureka-EvictionTimer] INFO  c.n.e.r.AbstractInstanceRegistry - Running the evict task with compensationTime 0ms
2023-08-30 21:36:09.996 [Eureka-EvictionTimer] INFO  c.n.e.r.AbstractInstanceRegistry - Running the evict task with compensationTime 0ms
2023-08-30 21:36:14.996 [Eureka-EvictionTimer] INFO  c.n.e.r.AbstractInstanceRegistry - Running the evict task with compensationTime 0ms
2023-08-30 21:36:19.996 [Eureka-EvictionTimer] INFO  c.n.e.r.AbstractInstanceRegistry - Running the evict task with compensationTime 0ms
2023-08-30 21:36:24.996 [Eureka-EvictionTimer] INFO  c.n.e.r.AbstractInstanceRegistry - Running the evict task with compensationTime 0ms
2023-08-30 21:36:29.996 [Eureka-EvictionTimer] INFO  c.n.e.r.AbstractInstanceRegistry - Running the evict task with compensationTime 0ms
2023-08-30 21:36:34.996 [Eureka-EvictionTimer] INFO  c.n.e.r.AbstractInstanceRegistry - Running the evict task with compensationTime 0ms
2023-08-30 21:36:39.996 [Eureka-EvictionTimer] INFO  c.n.e.r.AbstractInstanceRegistry - Running the evict task with compensationTime 0ms
2023-08-30 21:36:44.996 [Eureka-EvictionTimer] INFO  c.n.e.r.AbstractInstanceRegistry - Running the evict task with compensationTime 0ms
2023-08-30 21:36:49.996 [Eureka-EvictionTimer] INFO  c.n.e.r.AbstractInstanceRegistry - Running the evict task with compensationTime 0ms
2023-08-30 21:36:54.996 [Eureka-EvictionTimer] INFO  c.n.e.r.AbstractInstanceRegistry - Running the evict task with compensationTime 0ms
2023-08-30 21:36:59.996 [Eureka-EvictionTimer] INFO  c.n.e.r.AbstractInstanceRegistry - Running the evict task with compensationTime 0ms
2023-08-30 21:37:04.996 [Eureka-EvictionTimer] INFO  c.n.e.r.AbstractInstanceRegistry - Running the evict task with compensationTime 0ms
2023-08-30 21:37:09.996 [Eureka-EvictionTimer] INFO  c.n.e.r.AbstractInstanceRegistry - Running the evict task with compensationTime 0ms
2023-08-30 21:37:14.996 [Eureka-EvictionTimer] INFO  c.n.e.r.AbstractInstanceRegistry - Running the evict task with compensationTime 0ms
2023-08-30 21:37:19.996 [Eureka-EvictionTimer] INFO  c.n.e.r.AbstractInstanceRegistry - Running the evict task with compensationTime 0ms
2023-08-30 21:37:24.996 [Eureka-EvictionTimer] INFO  c.n.e.r.AbstractInstanceRegistry - Running the evict task with compensationTime 0ms
2023-08-30 21:37:29.996 [Eureka-EvictionTimer] INFO  c.n.e.r.AbstractInstanceRegistry - Running the evict task with compensationTime 0ms
2023-08-30 21:37:34.996 [Eureka-EvictionTimer] INFO  c.n.e.r.AbstractInstanceRegistry - Running the evict task with compensationTime 0ms
2023-08-30 21:37:39.996 [Eureka-EvictionTimer] INFO  c.n.e.r.AbstractInstanceRegistry - Running the evict task with compensationTime 0ms
2023-08-30 21:37:44.996 [Eureka-EvictionTimer] INFO  c.n.e.r.AbstractInstanceRegistry - Running the evict task with compensationTime 0ms
2023-08-30 21:37:49.996 [Eureka-EvictionTimer] INFO  c.n.e.r.AbstractInstanceRegistry - Running the evict task with compensationTime 0ms
2023-08-30 21:37:54.996 [Eureka-EvictionTimer] INFO  c.n.e.r.AbstractInstanceRegistry - Running the evict task with compensationTime 0ms
2023-08-30 21:37:59.996 [Eureka-EvictionTimer] INFO  c.n.e.r.AbstractInstanceRegistry - Running the evict task with compensationTime 0ms
2023-08-30 21:38:04.996 [Eureka-EvictionTimer] INFO  c.n.e.r.AbstractInstanceRegistry - Running the evict task with compensationTime 0ms
2023-08-30 21:38:09.996 [Eureka-EvictionTimer] INFO  c.n.e.r.AbstractInstanceRegistry - Running the evict task with compensationTime 0ms
2023-08-30 21:38:14.996 [Eureka-EvictionTimer] INFO  c.n.e.r.AbstractInstanceRegistry - Running the evict task with compensationTime 0ms
2023-08-30 21:38:19.996 [Eureka-EvictionTimer] INFO  c.n.e.r.AbstractInstanceRegistry - Running the evict task with compensationTime 0ms
2023-08-30 21:38:24.996 [Eureka-EvictionTimer] INFO  c.n.e.r.AbstractInstanceRegistry - Running the evict task with compensationTime 0ms
2023-08-30 21:38:29.996 [Eureka-EvictionTimer] INFO  c.n.e.r.AbstractInstanceRegistry - Running the evict task with compensationTime 0ms
2023-08-30 21:38:34.996 [Eureka-EvictionTimer] INFO  c.n.e.r.AbstractInstanceRegistry - Running the evict task with compensationTime 0ms
2023-08-30 21:38:39.996 [Eureka-EvictionTimer] INFO  c.n.e.r.AbstractInstanceRegistry - Running the evict task with compensationTime 0ms
2023-08-30 21:38:44.996 [Eureka-EvictionTimer] INFO  c.n.e.r.AbstractInstanceRegistry - Running the evict task with compensationTime 0ms
2023-08-30 21:38:49.996 [Eureka-EvictionTimer] INFO  c.n.e.r.AbstractInstanceRegistry - Running the evict task with compensationTime 0ms
2023-08-30 21:38:54.996 [Eureka-EvictionTimer] INFO  c.n.e.r.AbstractInstanceRegistry - Running the evict task with compensationTime 0ms
2023-08-30 21:38:59.996 [Eureka-EvictionTimer] INFO  c.n.e.r.AbstractInstanceRegistry - Running the evict task with compensationTime 0ms
2023-08-30 21:39:04.996 [Eureka-EvictionTimer] INFO  c.n.e.r.AbstractInstanceRegistry - Running the evict task with compensationTime 0ms
2023-08-30 21:39:09.996 [Eureka-EvictionTimer] INFO  c.n.e.r.AbstractInstanceRegistry - Running the evict task with compensationTime 0ms
2023-08-30 21:39:14.996 [Eureka-EvictionTimer] INFO  c.n.e.r.AbstractInstanceRegistry - Running the evict task with compensationTime 0ms
2023-08-30 21:39:19.996 [Eureka-EvictionTimer] INFO  c.n.e.r.AbstractInstanceRegistry - Running the evict task with compensationTime 0ms
2023-08-30 21:39:24.996 [Eureka-EvictionTimer] INFO  c.n.e.r.AbstractInstanceRegistry - Running the evict task with compensationTime 0ms
2023-08-30 21:39:29.996 [Eureka-EvictionTimer] INFO  c.n.e.r.AbstractInstanceRegistry - Running the evict task with compensationTime 0ms
2023-08-30 21:39:34.996 [Eureka-EvictionTimer] INFO  c.n.e.r.AbstractInstanceRegistry - Running the evict task with compensationTime 0ms
2023-08-30 21:39:39.996 [Eureka-EvictionTimer] INFO  c.n.e.r.AbstractInstanceRegistry - Running the evict task with compensationTime 0ms
2023-08-30 21:39:44.996 [Eureka-EvictionTimer] INFO  c.n.e.r.AbstractInstanceRegistry - Running the evict task with compensationTime 0ms
2023-08-30 21:39:49.996 [Eureka-EvictionTimer] INFO  c.n.e.r.AbstractInstanceRegistry - Running the evict task with compensationTime 0ms
2023-08-30 21:39:54.996 [Eureka-EvictionTimer] INFO  c.n.e.r.AbstractInstanceRegistry - Running the evict task with compensationTime 0ms
2023-08-30 21:39:59.996 [Eureka-EvictionTimer] INFO  c.n.e.r.AbstractInstanceRegistry - Running the evict task with compensationTime 0ms
2023-08-30 21:40:04.996 [Eureka-EvictionTimer] INFO  c.n.e.r.AbstractInstanceRegistry - Running the evict task with compensationTime 0ms
2023-08-30 21:40:09.996 [Eureka-EvictionTimer] INFO  c.n.e.r.AbstractInstanceRegistry - Running the evict task with compensationTime 0ms
2023-08-30 21:40:14.996 [Eureka-EvictionTimer] INFO  c.n.e.r.AbstractInstanceRegistry - Running the evict task with compensationTime 0ms
2023-08-30 21:40:19.996 [Eureka-EvictionTimer] INFO  c.n.e.r.AbstractInstanceRegistry - Running the evict task with compensationTime 0ms
2023-08-30 21:40:24.996 [Eureka-EvictionTimer] INFO  c.n.e.r.AbstractInstanceRegistry - Running the evict task with compensationTime 0ms
2023-08-30 21:40:29.996 [Eureka-EvictionTimer] INFO  c.n.e.r.AbstractInstanceRegistry - Running the evict task with compensationTime 0ms
2023-08-30 21:40:34.996 [Eureka-EvictionTimer] INFO  c.n.e.r.AbstractInstanceRegistry - Running the evict task with compensationTime 0ms
2023-08-30 21:40:39.996 [Eureka-EvictionTimer] INFO  c.n.e.r.AbstractInstanceRegistry - Running the evict task with compensationTime 0ms
2023-08-30 21:40:44.996 [Eureka-EvictionTimer] INFO  c.n.e.r.AbstractInstanceRegistry - Running the evict task with compensationTime 0ms
2023-08-30 21:40:49.996 [Eureka-EvictionTimer] INFO  c.n.e.r.AbstractInstanceRegistry - Running the evict task with compensationTime 0ms
2023-08-30 21:40:54.996 [Eureka-EvictionTimer] INFO  c.n.e.r.AbstractInstanceRegistry - Running the evict task with compensationTime 0ms
2023-08-30 21:40:59.996 [Eureka-EvictionTimer] INFO  c.n.e.r.AbstractInstanceRegistry - Running the evict task with compensationTime 0ms
2023-08-30 21:41:04.996 [Eureka-EvictionTimer] INFO  c.n.e.r.AbstractInstanceRegistry - Running the evict task with compensationTime 0ms
2023-08-30 21:41:09.996 [Eureka-EvictionTimer] INFO  c.n.e.r.AbstractInstanceRegistry - Running the evict task with compensationTime 0ms
2023-08-30 21:41:14.996 [Eureka-EvictionTimer] INFO  c.n.e.r.AbstractInstanceRegistry - Running the evict task with compensationTime 0ms
2023-08-30 21:41:19.996 [Eureka-EvictionTimer] INFO  c.n.e.r.AbstractInstanceRegistry - Running the evict task with compensationTime 0ms
2023-08-30 21:41:24.996 [Eureka-EvictionTimer] INFO  c.n.e.r.AbstractInstanceRegistry - Running the evict task with compensationTime 0ms
2023-08-30 21:41:29.996 [Eureka-EvictionTimer] INFO  c.n.e.r.AbstractInstanceRegistry - Running the evict task with compensationTime 0ms
2023-08-30 21:41:34.996 [Eureka-EvictionTimer] INFO  c.n.e.r.AbstractInstanceRegistry - Running the evict task with compensationTime 0ms
2023-08-30 21:41:39.996 [Eureka-EvictionTimer] INFO  c.n.e.r.AbstractInstanceRegistry - Running the evict task with compensationTime 0ms
2023-08-30 21:41:44.996 [Eureka-EvictionTimer] INFO  c.n.e.r.AbstractInstanceRegistry - Running the evict task with compensationTime 0ms
2023-08-30 21:41:49.996 [Eureka-EvictionTimer] INFO  c.n.e.r.AbstractInstanceRegistry - Running the evict task with compensationTime 0ms
2023-08-30 21:41:54.996 [Eureka-EvictionTimer] INFO  c.n.e.r.AbstractInstanceRegistry - Running the evict task with compensationTime 0ms
2023-08-30 21:41:59.996 [Eureka-EvictionTimer] INFO  c.n.e.r.AbstractInstanceRegistry - Running the evict task with compensationTime 0ms
2023-08-30 21:42:04.996 [Eureka-EvictionTimer] INFO  c.n.e.r.AbstractInstanceRegistry - Running the evict task with compensationTime 0ms
2023-08-30 21:42:09.996 [Eureka-EvictionTimer] INFO  c.n.e.r.AbstractInstanceRegistry - Running the evict task with compensationTime 0ms
2023-08-30 21:42:14.996 [Eureka-EvictionTimer] INFO  c.n.e.r.AbstractInstanceRegistry - Running the evict task with compensationTime 0ms
2023-08-30 21:42:19.996 [Eureka-EvictionTimer] INFO  c.n.e.r.AbstractInstanceRegistry - Running the evict task with compensationTime 0ms
2023-08-30 21:42:24.996 [Eureka-EvictionTimer] INFO  c.n.e.r.AbstractInstanceRegistry - Running the evict task with compensationTime 0ms
2023-08-30 21:42:29.996 [Eureka-EvictionTimer] INFO  c.n.e.r.AbstractInstanceRegistry - Running the evict task with compensationTime 0ms
2023-08-30 21:42:34.996 [Eureka-EvictionTimer] INFO  c.n.e.r.AbstractInstanceRegistry - Running the evict task with compensationTime 0ms
2023-08-30 21:42:39.996 [Eureka-EvictionTimer] INFO  c.n.e.r.AbstractInstanceRegistry - Running the evict task with compensationTime 0ms
2023-08-30 21:42:44.996 [Eureka-EvictionTimer] INFO  c.n.e.r.AbstractInstanceRegistry - Running the evict task with compensationTime 0ms
2023-08-30 21:42:49.996 [Eureka-EvictionTimer] INFO  c.n.e.r.AbstractInstanceRegistry - Running the evict task with compensationTime 0ms
2023-08-30 21:42:54.996 [Eureka-EvictionTimer] INFO  c.n.e.r.AbstractInstanceRegistry - Running the evict task with compensationTime 0ms
2023-08-30 21:42:59.996 [Eureka-EvictionTimer] INFO  c.n.e.r.AbstractInstanceRegistry - Running the evict task with compensationTime 0ms
2023-08-30 21:43:04.996 [Eureka-EvictionTimer] INFO  c.n.e.r.AbstractInstanceRegistry - Running the evict task with compensationTime 0ms
2023-08-30 21:43:09.996 [Eureka-EvictionTimer] INFO  c.n.e.r.AbstractInstanceRegistry - Running the evict task with compensationTime 0ms
2023-08-30 21:43:14.996 [Eureka-EvictionTimer] INFO  c.n.e.r.AbstractInstanceRegistry - Running the evict task with compensationTime 0ms
2023-08-30 21:43:19.996 [Eureka-EvictionTimer] INFO  c.n.e.r.AbstractInstanceRegistry - Running the evict task with compensationTime 0ms
2023-08-30 21:43:24.996 [Eureka-EvictionTimer] INFO  c.n.e.r.AbstractInstanceRegistry - Running the evict task with compensationTime 0ms
2023-08-30 21:43:29.996 [Eureka-EvictionTimer] INFO  c.n.e.r.AbstractInstanceRegistry - Running the evict task with compensationTime 0ms
2023-08-30 21:43:34.996 [Eureka-EvictionTimer] INFO  c.n.e.r.AbstractInstanceRegistry - Running the evict task with compensationTime 0ms
2023-08-30 21:43:39.996 [Eureka-EvictionTimer] INFO  c.n.e.r.AbstractInstanceRegistry - Running the evict task with compensationTime 0ms
2023-08-30 21:43:44.996 [Eureka-EvictionTimer] INFO  c.n.e.r.AbstractInstanceRegistry - Running the evict task with compensationTime 0ms
2023-08-30 21:43:49.996 [Eureka-EvictionTimer] INFO  c.n.e.r.AbstractInstanceRegistry - Running the evict task with compensationTime 0ms
2023-08-30 21:43:54.996 [Eureka-EvictionTimer] INFO  c.n.e.r.AbstractInstanceRegistry - Running the evict task with compensationTime 0ms
2023-08-30 21:43:59.996 [Eureka-EvictionTimer] INFO  c.n.e.r.AbstractInstanceRegistry - Running the evict task with compensationTime 0ms
2023-08-30 21:44:04.996 [Eureka-EvictionTimer] INFO  c.n.e.r.AbstractInstanceRegistry - Running the evict task with compensationTime 0ms
2023-08-30 21:44:09.996 [Eureka-EvictionTimer] INFO  c.n.e.r.AbstractInstanceRegistry - Running the evict task with compensationTime 0ms
2023-08-30 21:44:14.996 [Eureka-EvictionTimer] INFO  c.n.e.r.AbstractInstanceRegistry - Running the evict task with compensationTime 0ms
2023-08-30 21:44:19.996 [Eureka-EvictionTimer] INFO  c.n.e.r.AbstractInstanceRegistry - Running the evict task with compensationTime 0ms
2023-08-30 21:44:24.996 [Eureka-EvictionTimer] INFO  c.n.e.r.AbstractInstanceRegistry - Running the evict task with compensationTime 0ms
2023-08-30 21:44:29.996 [Eureka-EvictionTimer] INFO  c.n.e.r.AbstractInstanceRegistry - Running the evict task with compensationTime 0ms
2023-08-30 21:44:34.996 [Eureka-EvictionTimer] INFO  c.n.e.r.AbstractInstanceRegistry - Running the evict task with compensationTime 0ms
2023-08-30 21:44:39.996 [Eureka-EvictionTimer] INFO  c.n.e.r.AbstractInstanceRegistry - Running the evict task with compensationTime 0ms
2023-08-30 21:44:44.996 [Eureka-EvictionTimer] INFO  c.n.e.r.AbstractInstanceRegistry - Running the evict task with compensationTime 0ms
2023-08-30 21:44:49.996 [Eureka-EvictionTimer] INFO  c.n.e.r.AbstractInstanceRegistry - Running the evict task with compensationTime 0ms
2023-08-30 21:44:54.996 [Eureka-EvictionTimer] INFO  c.n.e.r.AbstractInstanceRegistry - Running the evict task with compensationTime 0ms
2023-08-30 21:44:59.996 [Eureka-EvictionTimer] INFO  c.n.e.r.AbstractInstanceRegistry - Running the evict task with compensationTime 0ms
2023-08-30 21:45:04.996 [Eureka-EvictionTimer] INFO  c.n.e.r.AbstractInstanceRegistry - Running the evict task with compensationTime 0ms
2023-08-30 21:45:09.996 [Eureka-EvictionTimer] INFO  c.n.e.r.AbstractInstanceRegistry - Running the evict task with compensationTime 0ms
2023-08-30 21:45:14.996 [Eureka-EvictionTimer] INFO  c.n.e.r.AbstractInstanceRegistry - Running the evict task with compensationTime 0ms
2023-08-30 21:45:19.996 [Eureka-EvictionTimer] INFO  c.n.e.r.AbstractInstanceRegistry - Running the evict task with compensationTime 0ms
2023-08-30 21:45:24.996 [Eureka-EvictionTimer] INFO  c.n.e.r.AbstractInstanceRegistry - Running the evict task with compensationTime 0ms
2023-08-30 21:45:29.996 [Eureka-EvictionTimer] INFO  c.n.e.r.AbstractInstanceRegistry - Running the evict task with compensationTime 0ms
2023-08-30 21:45:34.996 [Eureka-EvictionTimer] INFO  c.n.e.r.AbstractInstanceRegistry - Running the evict task with compensationTime 0ms
2023-08-30 21:45:39.996 [Eureka-EvictionTimer] INFO  c.n.e.r.AbstractInstanceRegistry - Running the evict task with compensationTime 0ms
2023-08-30 21:45:44.996 [Eureka-EvictionTimer] INFO  c.n.e.r.AbstractInstanceRegistry - Running the evict task with compensationTime 0ms
2023-08-30 21:45:49.996 [Eureka-EvictionTimer] INFO  c.n.e.r.AbstractInstanceRegistry - Running the evict task with compensationTime 0ms
2023-08-30 21:45:54.859 [ReplicaAwareInstanceRegistry - RenewalThresholdUpdater] INFO  c.n.e.r.PeerAwareInstanceRegistryImpl - Current renewal threshold is : 0
2023-08-30 21:45:54.996 [Eureka-EvictionTimer] INFO  c.n.e.r.AbstractInstanceRegistry - Running the evict task with compensationTime 0ms
2023-08-30 21:45:59.996 [Eureka-EvictionTimer] INFO  c.n.e.r.AbstractInstanceRegistry - Running the evict task with compensationTime 0ms
2023-08-30 21:46:04.996 [Eureka-EvictionTimer] INFO  c.n.e.r.AbstractInstanceRegistry - Running the evict task with compensationTime 0ms
2023-08-30 21:46:09.996 [Eureka-EvictionTimer] INFO  c.n.e.r.AbstractInstanceRegistry - Running the evict task with compensationTime 0ms
2023-08-30 21:46:14.996 [Eureka-EvictionTimer] INFO  c.n.e.r.AbstractInstanceRegistry - Running the evict task with compensationTime 0ms
2023-08-30 21:46:19.996 [Eureka-EvictionTimer] INFO  c.n.e.r.AbstractInstanceRegistry - Running the evict task with compensationTime 0ms
2023-08-30 21:46:24.996 [Eureka-EvictionTimer] INFO  c.n.e.r.AbstractInstanceRegistry - Running the evict task with compensationTime 0ms
2023-08-30 21:46:29.996 [Eureka-EvictionTimer] INFO  c.n.e.r.AbstractInstanceRegistry - Running the evict task with compensationTime 0ms
2023-08-30 21:46:34.996 [Eureka-EvictionTimer] INFO  c.n.e.r.AbstractInstanceRegistry - Running the evict task with compensationTime 0ms
2023-08-30 21:46:39.996 [Eureka-EvictionTimer] INFO  c.n.e.r.AbstractInstanceRegistry - Running the evict task with compensationTime 0ms
2023-08-30 21:46:44.996 [Eureka-EvictionTimer] INFO  c.n.e.r.AbstractInstanceRegistry - Running the evict task with compensationTime 0ms
2023-08-30 21:46:49.996 [Eureka-EvictionTimer] INFO  c.n.e.r.AbstractInstanceRegistry - Running the evict task with compensationTime 0ms
2023-08-30 21:46:54.996 [Eureka-EvictionTimer] INFO  c.n.e.r.AbstractInstanceRegistry - Running the evict task with compensationTime 0ms
2023-08-30 21:46:59.996 [Eureka-EvictionTimer] INFO  c.n.e.r.AbstractInstanceRegistry - Running the evict task with compensationTime 0ms
2023-08-30 21:47:04.996 [Eureka-EvictionTimer] INFO  c.n.e.r.AbstractInstanceRegistry - Running the evict task with compensationTime 0ms
2023-08-30 21:47:09.996 [Eureka-EvictionTimer] INFO  c.n.e.r.AbstractInstanceRegistry - Running the evict task with compensationTime 0ms
2023-08-30 21:47:14.996 [Eureka-EvictionTimer] INFO  c.n.e.r.AbstractInstanceRegistry - Running the evict task with compensationTime 0ms
2023-08-30 21:47:19.996 [Eureka-EvictionTimer] INFO  c.n.e.r.AbstractInstanceRegistry - Running the evict task with compensationTime 0ms
2023-08-30 21:47:24.996 [Eureka-EvictionTimer] INFO  c.n.e.r.AbstractInstanceRegistry - Running the evict task with compensationTime 0ms
2023-08-30 21:47:29.996 [Eureka-EvictionTimer] INFO  c.n.e.r.AbstractInstanceRegistry - Running the evict task with compensationTime 0ms
2023-08-30 21:47:34.996 [Eureka-EvictionTimer] INFO  c.n.e.r.AbstractInstanceRegistry - Running the evict task with compensationTime 0ms
2023-08-30 21:47:39.996 [Eureka-EvictionTimer] INFO  c.n.e.r.AbstractInstanceRegistry - Running the evict task with compensationTime 0ms
2023-08-30 21:47:44.996 [Eureka-EvictionTimer] INFO  c.n.e.r.AbstractInstanceRegistry - Running the evict task with compensationTime 0ms
2023-08-30 21:47:49.996 [Eureka-EvictionTimer] INFO  c.n.e.r.AbstractInstanceRegistry - Running the evict task with compensationTime 0ms
2023-08-30 21:47:54.996 [Eureka-EvictionTimer] INFO  c.n.e.r.AbstractInstanceRegistry - Running the evict task with compensationTime 0ms
2023-08-30 21:47:59.996 [Eureka-EvictionTimer] INFO  c.n.e.r.AbstractInstanceRegistry - Running the evict task with compensationTime 0ms
2023-08-30 21:48:04.996 [Eureka-EvictionTimer] INFO  c.n.e.r.AbstractInstanceRegistry - Running the evict task with compensationTime 0ms
2023-08-30 21:48:09.996 [Eureka-EvictionTimer] INFO  c.n.e.r.AbstractInstanceRegistry - Running the evict task with compensationTime 0ms
2023-08-30 21:48:14.996 [Eureka-EvictionTimer] INFO  c.n.e.r.AbstractInstanceRegistry - Running the evict task with compensationTime 0ms
2023-08-30 21:48:19.996 [Eureka-EvictionTimer] INFO  c.n.e.r.AbstractInstanceRegistry - Running the evict task with compensationTime 0ms
2023-08-30 21:48:24.996 [Eureka-EvictionTimer] INFO  c.n.e.r.AbstractInstanceRegistry - Running the evict task with compensationTime 0ms
2023-08-30 21:48:29.996 [Eureka-EvictionTimer] INFO  c.n.e.r.AbstractInstanceRegistry - Running the evict task with compensationTime 0ms
2023-08-30 21:48:34.996 [Eureka-EvictionTimer] INFO  c.n.e.r.AbstractInstanceRegistry - Running the evict task with compensationTime 0ms
2023-08-30 21:48:39.996 [Eureka-EvictionTimer] INFO  c.n.e.r.AbstractInstanceRegistry - Running the evict task with compensationTime 0ms
2023-08-30 21:48:44.996 [Eureka-EvictionTimer] INFO  c.n.e.r.AbstractInstanceRegistry - Running the evict task with compensationTime 0ms
2023-08-30 21:48:49.996 [Eureka-EvictionTimer] INFO  c.n.e.r.AbstractInstanceRegistry - Running the evict task with compensationTime 0ms
2023-08-30 21:48:54.996 [Eureka-EvictionTimer] INFO  c.n.e.r.AbstractInstanceRegistry - Running the evict task with compensationTime 0ms
2023-08-30 21:48:59.996 [Eureka-EvictionTimer] INFO  c.n.e.r.AbstractInstanceRegistry - Running the evict task with compensationTime 0ms
2023-08-30 21:49:04.996 [Eureka-EvictionTimer] INFO  c.n.e.r.AbstractInstanceRegistry - Running the evict task with compensationTime 0ms
2023-08-30 21:49:09.996 [Eureka-EvictionTimer] INFO  c.n.e.r.AbstractInstanceRegistry - Running the evict task with compensationTime 0ms
2023-08-30 21:49:14.996 [Eureka-EvictionTimer] INFO  c.n.e.r.AbstractInstanceRegistry - Running the evict task with compensationTime 0ms
2023-08-30 21:49:19.996 [Eureka-EvictionTimer] INFO  c.n.e.r.AbstractInstanceRegistry - Running the evict task with compensationTime 0ms
2023-08-30 21:49:24.996 [Eureka-EvictionTimer] INFO  c.n.e.r.AbstractInstanceRegistry - Running the evict task with compensationTime 0ms
2023-08-30 21:49:29.996 [Eureka-EvictionTimer] INFO  c.n.e.r.AbstractInstanceRegistry - Running the evict task with compensationTime 0ms
2023-08-30 21:49:34.996 [Eureka-EvictionTimer] INFO  c.n.e.r.AbstractInstanceRegistry - Running the evict task with compensationTime 0ms
2023-08-30 21:49:39.996 [Eureka-EvictionTimer] INFO  c.n.e.r.AbstractInstanceRegistry - Running the evict task with compensationTime 0ms
2023-08-30 21:49:44.996 [Eureka-EvictionTimer] INFO  c.n.e.r.AbstractInstanceRegistry - Running the evict task with compensationTime 0ms
2023-08-30 21:49:49.996 [Eureka-EvictionTimer] INFO  c.n.e.r.AbstractInstanceRegistry - Running the evict task with compensationTime 0ms
2023-08-30 21:49:54.996 [Eureka-EvictionTimer] INFO  c.n.e.r.AbstractInstanceRegistry - Running the evict task with compensationTime 0ms
2023-08-30 21:49:59.996 [Eureka-EvictionTimer] INFO  c.n.e.r.AbstractInstanceRegistry - Running the evict task with compensationTime 0ms
2023-08-30 21:50:04.996 [Eureka-EvictionTimer] INFO  c.n.e.r.AbstractInstanceRegistry - Running the evict task with compensationTime 0ms
2023-08-30 21:50:09.996 [Eureka-EvictionTimer] INFO  c.n.e.r.AbstractInstanceRegistry - Running the evict task with compensationTime 0ms
2023-08-30 21:50:14.996 [Eureka-EvictionTimer] INFO  c.n.e.r.AbstractInstanceRegistry - Running the evict task with compensationTime 0ms
2023-08-30 21:50:19.996 [Eureka-EvictionTimer] INFO  c.n.e.r.AbstractInstanceRegistry - Running the evict task with compensationTime 0ms
2023-08-30 21:50:24.996 [Eureka-EvictionTimer] INFO  c.n.e.r.AbstractInstanceRegistry - Running the evict task with compensationTime 0ms
2023-08-30 21:50:29.996 [Eureka-EvictionTimer] INFO  c.n.e.r.AbstractInstanceRegistry - Running the evict task with compensationTime 0ms
2023-08-30 21:50:34.996 [Eureka-EvictionTimer] INFO  c.n.e.r.AbstractInstanceRegistry - Running the evict task with compensationTime 0ms
2023-08-30 21:50:39.996 [Eureka-EvictionTimer] INFO  c.n.e.r.AbstractInstanceRegistry - Running the evict task with compensationTime 0ms
2023-08-30 21:50:44.996 [Eureka-EvictionTimer] INFO  c.n.e.r.AbstractInstanceRegistry - Running the evict task with compensationTime 0ms
2023-08-30 21:50:49.996 [Eureka-EvictionTimer] INFO  c.n.e.r.AbstractInstanceRegistry - Running the evict task with compensationTime 0ms
2023-08-30 21:50:54.996 [Eureka-EvictionTimer] INFO  c.n.e.r.AbstractInstanceRegistry - Running the evict task with compensationTime 0ms
2023-08-30 21:50:59.996 [Eureka-EvictionTimer] INFO  c.n.e.r.AbstractInstanceRegistry - Running the evict task with compensationTime 0ms
2023-08-30 21:51:04.996 [Eureka-EvictionTimer] INFO  c.n.e.r.AbstractInstanceRegistry - Running the evict task with compensationTime 0ms
2023-08-30 21:51:09.996 [Eureka-EvictionTimer] INFO  c.n.e.r.AbstractInstanceRegistry - Running the evict task with compensationTime 0ms
2023-08-30 21:51:14.996 [Eureka-EvictionTimer] INFO  c.n.e.r.AbstractInstanceRegistry - Running the evict task with compensationTime 0ms
2023-08-30 21:51:19.996 [Eureka-EvictionTimer] INFO  c.n.e.r.AbstractInstanceRegistry - Running the evict task with compensationTime 0ms
2023-08-30 21:51:24.996 [Eureka-EvictionTimer] INFO  c.n.e.r.AbstractInstanceRegistry - Running the evict task with compensationTime 0ms
2023-08-30 21:51:29.996 [Eureka-EvictionTimer] INFO  c.n.e.r.AbstractInstanceRegistry - Running the evict task with compensationTime 0ms
2023-08-30 21:51:34.996 [Eureka-EvictionTimer] INFO  c.n.e.r.AbstractInstanceRegistry - Running the evict task with compensationTime 0ms
2023-08-30 21:51:39.996 [Eureka-EvictionTimer] INFO  c.n.e.r.AbstractInstanceRegistry - Running the evict task with compensationTime 0ms
2023-08-30 21:51:44.996 [Eureka-EvictionTimer] INFO  c.n.e.r.AbstractInstanceRegistry - Running the evict task with compensationTime 0ms
2023-08-30 21:51:49.996 [Eureka-EvictionTimer] INFO  c.n.e.r.AbstractInstanceRegistry - Running the evict task with compensationTime 0ms
2023-08-30 21:51:54.996 [Eureka-EvictionTimer] INFO  c.n.e.r.AbstractInstanceRegistry - Running the evict task with compensationTime 0ms
2023-08-30 21:51:59.996 [Eureka-EvictionTimer] INFO  c.n.e.r.AbstractInstanceRegistry - Running the evict task with compensationTime 0ms
2023-08-30 21:52:04.996 [Eureka-EvictionTimer] INFO  c.n.e.r.AbstractInstanceRegistry - Running the evict task with compensationTime 0ms
2023-08-30 21:52:09.996 [Eureka-EvictionTimer] INFO  c.n.e.r.AbstractInstanceRegistry - Running the evict task with compensationTime 0ms
2023-08-30 21:52:14.996 [Eureka-EvictionTimer] INFO  c.n.e.r.AbstractInstanceRegistry - Running the evict task with compensationTime 0ms
2023-08-30 21:52:19.996 [Eureka-EvictionTimer] INFO  c.n.e.r.AbstractInstanceRegistry - Running the evict task with compensationTime 0ms
2023-08-30 21:52:24.996 [Eureka-EvictionTimer] INFO  c.n.e.r.AbstractInstanceRegistry - Running the evict task with compensationTime 0ms
2023-08-30 21:52:29.996 [Eureka-EvictionTimer] INFO  c.n.e.r.AbstractInstanceRegistry - Running the evict task with compensationTime 0ms
2023-08-30 21:52:34.996 [Eureka-EvictionTimer] INFO  c.n.e.r.AbstractInstanceRegistry - Running the evict task with compensationTime 0ms
2023-08-30 21:52:39.996 [Eureka-EvictionTimer] INFO  c.n.e.r.AbstractInstanceRegistry - Running the evict task with compensationTime 0ms
2023-08-30 21:52:44.996 [Eureka-EvictionTimer] INFO  c.n.e.r.AbstractInstanceRegistry - Running the evict task with compensationTime 0ms
2023-08-30 21:52:49.996 [Eureka-EvictionTimer] INFO  c.n.e.r.AbstractInstanceRegistry - Running the evict task with compensationTime 0ms
2023-08-30 21:52:54.996 [Eureka-EvictionTimer] INFO  c.n.e.r.AbstractInstanceRegistry - Running the evict task with compensationTime 0ms
2023-08-30 21:52:59.996 [Eureka-EvictionTimer] INFO  c.n.e.r.AbstractInstanceRegistry - Running the evict task with compensationTime 0ms
2023-08-30 21:53:04.996 [Eureka-EvictionTimer] INFO  c.n.e.r.AbstractInstanceRegistry - Running the evict task with compensationTime 0ms
2023-08-30 21:53:09.996 [Eureka-EvictionTimer] INFO  c.n.e.r.AbstractInstanceRegistry - Running the evict task with compensationTime 0ms
2023-08-30 21:53:14.996 [Eureka-EvictionTimer] INFO  c.n.e.r.AbstractInstanceRegistry - Running the evict task with compensationTime 0ms
2023-08-30 21:53:19.996 [Eureka-EvictionTimer] INFO  c.n.e.r.AbstractInstanceRegistry - Running the evict task with compensationTime 0ms
2023-08-30 21:53:24.996 [Eureka-EvictionTimer] INFO  c.n.e.r.AbstractInstanceRegistry - Running the evict task with compensationTime 0ms
2023-08-30 21:53:29.996 [Eureka-EvictionTimer] INFO  c.n.e.r.AbstractInstanceRegistry - Running the evict task with compensationTime 0ms
2023-08-30 21:53:34.996 [Eureka-EvictionTimer] INFO  c.n.e.r.AbstractInstanceRegistry - Running the evict task with compensationTime 0ms
2023-08-30 21:53:39.996 [Eureka-EvictionTimer] INFO  c.n.e.r.AbstractInstanceRegistry - Running the evict task with compensationTime 0ms
2023-08-30 21:53:44.996 [Eureka-EvictionTimer] INFO  c.n.e.r.AbstractInstanceRegistry - Running the evict task with compensationTime 0ms
2023-08-30 21:53:49.996 [Eureka-EvictionTimer] INFO  c.n.e.r.AbstractInstanceRegistry - Running the evict task with compensationTime 0ms
2023-08-30 21:53:54.996 [Eureka-EvictionTimer] INFO  c.n.e.r.AbstractInstanceRegistry - Running the evict task with compensationTime 0ms
2023-08-30 21:53:59.996 [Eureka-EvictionTimer] INFO  c.n.e.r.AbstractInstanceRegistry - Running the evict task with compensationTime 0ms
2023-08-30 21:54:04.996 [Eureka-EvictionTimer] INFO  c.n.e.r.AbstractInstanceRegistry - Running the evict task with compensationTime 0ms
2023-08-30 21:54:09.996 [Eureka-EvictionTimer] INFO  c.n.e.r.AbstractInstanceRegistry - Running the evict task with compensationTime 0ms
2023-08-30 21:54:14.996 [Eureka-EvictionTimer] INFO  c.n.e.r.AbstractInstanceRegistry - Running the evict task with compensationTime 0ms
2023-08-30 21:54:19.996 [Eureka-EvictionTimer] INFO  c.n.e.r.AbstractInstanceRegistry - Running the evict task with compensationTime 0ms
2023-08-30 21:54:24.996 [Eureka-EvictionTimer] INFO  c.n.e.r.AbstractInstanceRegistry - Running the evict task with compensationTime 0ms
2023-08-30 21:54:29.996 [Eureka-EvictionTimer] INFO  c.n.e.r.AbstractInstanceRegistry - Running the evict task with compensationTime 0ms
2023-08-30 21:54:34.996 [Eureka-EvictionTimer] INFO  c.n.e.r.AbstractInstanceRegistry - Running the evict task with compensationTime 0ms
2023-08-30 21:54:39.996 [Eureka-EvictionTimer] INFO  c.n.e.r.AbstractInstanceRegistry - Running the evict task with compensationTime 0ms
2023-08-30 21:54:44.996 [Eureka-EvictionTimer] INFO  c.n.e.r.AbstractInstanceRegistry - Running the evict task with compensationTime 0ms
2023-08-30 21:54:49.996 [Eureka-EvictionTimer] INFO  c.n.e.r.AbstractInstanceRegistry - Running the evict task with compensationTime 0ms
2023-08-30 21:54:54.996 [Eureka-EvictionTimer] INFO  c.n.e.r.AbstractInstanceRegistry - Running the evict task with compensationTime 0ms
2023-08-30 21:54:59.996 [Eureka-EvictionTimer] INFO  c.n.e.r.AbstractInstanceRegistry - Running the evict task with compensationTime 0ms
2023-08-30 21:55:04.996 [Eureka-EvictionTimer] INFO  c.n.e.r.AbstractInstanceRegistry - Running the evict task with compensationTime 0ms
2023-08-30 21:55:09.996 [Eureka-EvictionTimer] INFO  c.n.e.r.AbstractInstanceRegistry - Running the evict task with compensationTime 0ms
2023-08-30 21:55:14.996 [Eureka-EvictionTimer] INFO  c.n.e.r.AbstractInstanceRegistry - Running the evict task with compensationTime 0ms
2023-08-30 21:55:19.996 [Eureka-EvictionTimer] INFO  c.n.e.r.AbstractInstanceRegistry - Running the evict task with compensationTime 0ms
2023-08-30 21:55:24.996 [Eureka-EvictionTimer] INFO  c.n.e.r.AbstractInstanceRegistry - Running the evict task with compensationTime 0ms
2023-08-30 21:55:29.996 [Eureka-EvictionTimer] INFO  c.n.e.r.AbstractInstanceRegistry - Running the evict task with compensationTime 0ms
2023-08-30 21:55:34.996 [Eureka-EvictionTimer] INFO  c.n.e.r.AbstractInstanceRegistry - Running the evict task with compensationTime 0ms
2023-08-30 21:55:39.996 [Eureka-EvictionTimer] INFO  c.n.e.r.AbstractInstanceRegistry - Running the evict task with compensationTime 0ms
2023-08-30 21:55:44.996 [Eureka-EvictionTimer] INFO  c.n.e.r.AbstractInstanceRegistry - Running the evict task with compensationTime 0ms
2023-08-30 21:55:49.996 [Eureka-EvictionTimer] INFO  c.n.e.r.AbstractInstanceRegistry - Running the evict task with compensationTime 0ms
2023-08-30 21:55:54.996 [Eureka-EvictionTimer] INFO  c.n.e.r.AbstractInstanceRegistry - Running the evict task with compensationTime 0ms
2023-08-30 21:55:59.996 [Eureka-EvictionTimer] INFO  c.n.e.r.AbstractInstanceRegistry - Running the evict task with compensationTime 0ms
2023-08-30 21:56:04.996 [Eureka-EvictionTimer] INFO  c.n.e.r.AbstractInstanceRegistry - Running the evict task with compensationTime 0ms
2023-08-30 21:56:09.996 [Eureka-EvictionTimer] INFO  c.n.e.r.AbstractInstanceRegistry - Running the evict task with compensationTime 0ms
2023-08-30 21:56:14.996 [Eureka-EvictionTimer] INFO  c.n.e.r.AbstractInstanceRegistry - Running the evict task with compensationTime 0ms
2023-08-30 21:56:19.996 [Eureka-EvictionTimer] INFO  c.n.e.r.AbstractInstanceRegistry - Running the evict task with compensationTime 0ms
2023-08-30 21:56:24.996 [Eureka-EvictionTimer] INFO  c.n.e.r.AbstractInstanceRegistry - Running the evict task with compensationTime 0ms
2023-08-30 21:56:29.996 [Eureka-EvictionTimer] INFO  c.n.e.r.AbstractInstanceRegistry - Running the evict task with compensationTime 0ms
2023-08-30 21:56:34.996 [Eureka-EvictionTimer] INFO  c.n.e.r.AbstractInstanceRegistry - Running the evict task with compensationTime 0ms
2023-08-30 21:56:39.996 [Eureka-EvictionTimer] INFO  c.n.e.r.AbstractInstanceRegistry - Running the evict task with compensationTime 0ms
2023-08-30 21:56:44.996 [Eureka-EvictionTimer] INFO  c.n.e.r.AbstractInstanceRegistry - Running the evict task with compensationTime 0ms
2023-08-30 21:56:49.996 [Eureka-EvictionTimer] INFO  c.n.e.r.AbstractInstanceRegistry - Running the evict task with compensationTime 0ms
2023-08-30 21:56:54.996 [Eureka-EvictionTimer] INFO  c.n.e.r.AbstractInstanceRegistry - Running the evict task with compensationTime 0ms
2023-08-30 21:56:59.996 [Eureka-EvictionTimer] INFO  c.n.e.r.AbstractInstanceRegistry - Running the evict task with compensationTime 0ms
2023-08-30 21:57:04.996 [Eureka-EvictionTimer] INFO  c.n.e.r.AbstractInstanceRegistry - Running the evict task with compensationTime 0ms
2023-08-30 21:57:09.996 [Eureka-EvictionTimer] INFO  c.n.e.r.AbstractInstanceRegistry - Running the evict task with compensationTime 0ms
2023-08-30 21:57:14.996 [Eureka-EvictionTimer] INFO  c.n.e.r.AbstractInstanceRegistry - Running the evict task with compensationTime 0ms
2023-08-30 21:57:19.996 [Eureka-EvictionTimer] INFO  c.n.e.r.AbstractInstanceRegistry - Running the evict task with compensationTime 0ms
2023-08-30 21:57:24.996 [Eureka-EvictionTimer] INFO  c.n.e.r.AbstractInstanceRegistry - Running the evict task with compensationTime 0ms
2023-08-30 21:57:29.996 [Eureka-EvictionTimer] INFO  c.n.e.r.AbstractInstanceRegistry - Running the evict task with compensationTime 0ms
2023-08-30 21:57:34.996 [Eureka-EvictionTimer] INFO  c.n.e.r.AbstractInstanceRegistry - Running the evict task with compensationTime 0ms
2023-08-30 21:57:39.996 [Eureka-EvictionTimer] INFO  c.n.e.r.AbstractInstanceRegistry - Running the evict task with compensationTime 0ms
2023-08-30 21:57:44.996 [Eureka-EvictionTimer] INFO  c.n.e.r.AbstractInstanceRegistry - Running the evict task with compensationTime 0ms
2023-08-30 21:57:49.996 [Eureka-EvictionTimer] INFO  c.n.e.r.AbstractInstanceRegistry - Running the evict task with compensationTime 0ms
2023-08-30 21:57:54.996 [Eureka-EvictionTimer] INFO  c.n.e.r.AbstractInstanceRegistry - Running the evict task with compensationTime 0ms
2023-08-30 21:57:59.996 [Eureka-EvictionTimer] INFO  c.n.e.r.AbstractInstanceRegistry - Running the evict task with compensationTime 0ms
2023-08-30 21:58:04.996 [Eureka-EvictionTimer] INFO  c.n.e.r.AbstractInstanceRegistry - Running the evict task with compensationTime 0ms
2023-08-30 21:58:09.996 [Eureka-EvictionTimer] INFO  c.n.e.r.AbstractInstanceRegistry - Running the evict task with compensationTime 0ms
2023-08-30 21:58:14.996 [Eureka-EvictionTimer] INFO  c.n.e.r.AbstractInstanceRegistry - Running the evict task with compensationTime 0ms
2023-08-30 21:58:19.996 [Eureka-EvictionTimer] INFO  c.n.e.r.AbstractInstanceRegistry - Running the evict task with compensationTime 0ms
2023-08-30 21:58:24.996 [Eureka-EvictionTimer] INFO  c.n.e.r.AbstractInstanceRegistry - Running the evict task with compensationTime 0ms
2023-08-30 21:58:29.996 [Eureka-EvictionTimer] INFO  c.n.e.r.AbstractInstanceRegistry - Running the evict task with compensationTime 0ms
2023-08-30 21:58:34.996 [Eureka-EvictionTimer] INFO  c.n.e.r.AbstractInstanceRegistry - Running the evict task with compensationTime 0ms
2023-08-30 21:58:39.996 [Eureka-EvictionTimer] INFO  c.n.e.r.AbstractInstanceRegistry - Running the evict task with compensationTime 0ms
2023-08-30 21:58:44.996 [Eureka-EvictionTimer] INFO  c.n.e.r.AbstractInstanceRegistry - Running the evict task with compensationTime 0ms
2023-08-30 21:58:49.996 [Eureka-EvictionTimer] INFO  c.n.e.r.AbstractInstanceRegistry - Running the evict task with compensationTime 0ms
2023-08-30 21:58:54.996 [Eureka-EvictionTimer] INFO  c.n.e.r.AbstractInstanceRegistry - Running the evict task with compensationTime 0ms
2023-08-30 21:58:59.996 [Eureka-EvictionTimer] INFO  c.n.e.r.AbstractInstanceRegistry - Running the evict task with compensationTime 0ms
2023-08-30 21:59:04.996 [Eureka-EvictionTimer] INFO  c.n.e.r.AbstractInstanceRegistry - Running the evict task with compensationTime 0ms
2023-08-30 21:59:09.996 [Eureka-EvictionTimer] INFO  c.n.e.r.AbstractInstanceRegistry - Running the evict task with compensationTime 0ms
2023-08-30 21:59:14.996 [Eureka-EvictionTimer] INFO  c.n.e.r.AbstractInstanceRegistry - Running the evict task with compensationTime 0ms
2023-08-30 21:59:19.996 [Eureka-EvictionTimer] INFO  c.n.e.r.AbstractInstanceRegistry - Running the evict task with compensationTime 0ms
2023-08-30 21:59:24.996 [Eureka-EvictionTimer] INFO  c.n.e.r.AbstractInstanceRegistry - Running the evict task with compensationTime 0ms
2023-08-30 21:59:29.996 [Eureka-EvictionTimer] INFO  c.n.e.r.AbstractInstanceRegistry - Running the evict task with compensationTime 0ms
2023-08-30 21:59:34.996 [Eureka-EvictionTimer] INFO  c.n.e.r.AbstractInstanceRegistry - Running the evict task with compensationTime 0ms
2023-08-30 21:59:39.996 [Eureka-EvictionTimer] INFO  c.n.e.r.AbstractInstanceRegistry - Running the evict task with compensationTime 0ms
2023-08-30 21:59:44.996 [Eureka-EvictionTimer] INFO  c.n.e.r.AbstractInstanceRegistry - Running the evict task with compensationTime 0ms
2023-08-30 21:59:49.996 [Eureka-EvictionTimer] INFO  c.n.e.r.AbstractInstanceRegistry - Running the evict task with compensationTime 0ms
2023-08-30 21:59:54.996 [Eureka-EvictionTimer] INFO  c.n.e.r.AbstractInstanceRegistry - Running the evict task with compensationTime 0ms
2023-08-30 21:59:59.996 [Eureka-EvictionTimer] INFO  c.n.e.r.AbstractInstanceRegistry - Running the evict task with compensationTime 0ms
2023-08-30 22:00:04.996 [Eureka-EvictionTimer] INFO  c.n.e.r.AbstractInstanceRegistry - Running the evict task with compensationTime 0ms
2023-08-30 22:00:09.996 [Eureka-EvictionTimer] INFO  c.n.e.r.AbstractInstanceRegistry - Running the evict task with compensationTime 0ms
2023-08-30 22:00:14.996 [Eureka-EvictionTimer] INFO  c.n.e.r.AbstractInstanceRegistry - Running the evict task with compensationTime 0ms
2023-08-30 22:00:19.996 [Eureka-EvictionTimer] INFO  c.n.e.r.AbstractInstanceRegistry - Running the evict task with compensationTime 0ms
2023-08-30 22:00:24.996 [Eureka-EvictionTimer] INFO  c.n.e.r.AbstractInstanceRegistry - Running the evict task with compensationTime 0ms
2023-08-30 22:00:29.996 [Eureka-EvictionTimer] INFO  c.n.e.r.AbstractInstanceRegistry - Running the evict task with compensationTime 0ms
2023-08-30 22:00:34.996 [Eureka-EvictionTimer] INFO  c.n.e.r.AbstractInstanceRegistry - Running the evict task with compensationTime 0ms
2023-08-30 22:00:39.996 [Eureka-EvictionTimer] INFO  c.n.e.r.AbstractInstanceRegistry - Running the evict task with compensationTime 0ms
2023-08-30 22:00:44.996 [Eureka-EvictionTimer] INFO  c.n.e.r.AbstractInstanceRegistry - Running the evict task with compensationTime 0ms
2023-08-30 22:00:49.996 [Eureka-EvictionTimer] INFO  c.n.e.r.AbstractInstanceRegistry - Running the evict task with compensationTime 0ms
2023-08-30 22:00:54.859 [ReplicaAwareInstanceRegistry - RenewalThresholdUpdater] INFO  c.n.e.r.PeerAwareInstanceRegistryImpl - Current renewal threshold is : 0
2023-08-30 22:00:54.996 [Eureka-EvictionTimer] INFO  c.n.e.r.AbstractInstanceRegistry - Running the evict task with compensationTime 0ms
2023-08-30 22:00:59.996 [Eureka-EvictionTimer] INFO  c.n.e.r.AbstractInstanceRegistry - Running the evict task with compensationTime 0ms
2023-08-30 22:01:04.996 [Eureka-EvictionTimer] INFO  c.n.e.r.AbstractInstanceRegistry - Running the evict task with compensationTime 0ms
2023-08-30 22:01:09.996 [Eureka-EvictionTimer] INFO  c.n.e.r.AbstractInstanceRegistry - Running the evict task with compensationTime 0ms
2023-08-30 22:01:14.996 [Eureka-EvictionTimer] INFO  c.n.e.r.AbstractInstanceRegistry - Running the evict task with compensationTime 0ms
2023-08-30 22:01:19.996 [Eureka-EvictionTimer] INFO  c.n.e.r.AbstractInstanceRegistry - Running the evict task with compensationTime 0ms
2023-08-30 22:01:24.996 [Eureka-EvictionTimer] INFO  c.n.e.r.AbstractInstanceRegistry - Running the evict task with compensationTime 0ms
2023-08-30 22:01:29.996 [Eureka-EvictionTimer] INFO  c.n.e.r.AbstractInstanceRegistry - Running the evict task with compensationTime 0ms
2023-08-30 22:01:34.996 [Eureka-EvictionTimer] INFO  c.n.e.r.AbstractInstanceRegistry - Running the evict task with compensationTime 0ms
2023-08-30 22:01:39.996 [Eureka-EvictionTimer] INFO  c.n.e.r.AbstractInstanceRegistry - Running the evict task with compensationTime 0ms
2023-08-30 22:01:44.996 [Eureka-EvictionTimer] INFO  c.n.e.r.AbstractInstanceRegistry - Running the evict task with compensationTime 0ms
2023-08-30 22:01:49.996 [Eureka-EvictionTimer] INFO  c.n.e.r.AbstractInstanceRegistry - Running the evict task with compensationTime 0ms
2023-08-30 22:01:54.996 [Eureka-EvictionTimer] INFO  c.n.e.r.AbstractInstanceRegistry - Running the evict task with compensationTime 0ms
2023-08-30 22:01:59.996 [Eureka-EvictionTimer] INFO  c.n.e.r.AbstractInstanceRegistry - Running the evict task with compensationTime 0ms
2023-08-30 22:02:04.996 [Eureka-EvictionTimer] INFO  c.n.e.r.AbstractInstanceRegistry - Running the evict task with compensationTime 0ms
2023-08-30 22:02:09.996 [Eureka-EvictionTimer] INFO  c.n.e.r.AbstractInstanceRegistry - Running the evict task with compensationTime 0ms
2023-08-30 22:02:14.996 [Eureka-EvictionTimer] INFO  c.n.e.r.AbstractInstanceRegistry - Running the evict task with compensationTime 0ms
2023-08-30 22:02:19.996 [Eureka-EvictionTimer] INFO  c.n.e.r.AbstractInstanceRegistry - Running the evict task with compensationTime 0ms
2023-08-30 22:02:24.996 [Eureka-EvictionTimer] INFO  c.n.e.r.AbstractInstanceRegistry - Running the evict task with compensationTime 0ms
2023-08-30 22:02:29.996 [Eureka-EvictionTimer] INFO  c.n.e.r.AbstractInstanceRegistry - Running the evict task with compensationTime 0ms
2023-08-30 22:02:34.996 [Eureka-EvictionTimer] INFO  c.n.e.r.AbstractInstanceRegistry - Running the evict task with compensationTime 0ms
2023-08-30 22:02:39.996 [Eureka-EvictionTimer] INFO  c.n.e.r.AbstractInstanceRegistry - Running the evict task with compensationTime 0ms
2023-08-30 22:02:44.996 [Eureka-EvictionTimer] INFO  c.n.e.r.AbstractInstanceRegistry - Running the evict task with compensationTime 0ms
2023-08-30 22:02:49.996 [Eureka-EvictionTimer] INFO  c.n.e.r.AbstractInstanceRegistry - Running the evict task with compensationTime 0ms
2023-08-30 22:02:54.996 [Eureka-EvictionTimer] INFO  c.n.e.r.AbstractInstanceRegistry - Running the evict task with compensationTime 0ms
2023-08-30 22:02:59.996 [Eureka-EvictionTimer] INFO  c.n.e.r.AbstractInstanceRegistry - Running the evict task with compensationTime 0ms
2023-08-30 22:03:04.996 [Eureka-EvictionTimer] INFO  c.n.e.r.AbstractInstanceRegistry - Running the evict task with compensationTime 0ms
2023-08-30 22:03:09.996 [Eureka-EvictionTimer] INFO  c.n.e.r.AbstractInstanceRegistry - Running the evict task with compensationTime 0ms
2023-08-30 22:03:14.996 [Eureka-EvictionTimer] INFO  c.n.e.r.AbstractInstanceRegistry - Running the evict task with compensationTime 0ms
2023-08-30 22:03:19.996 [Eureka-EvictionTimer] INFO  c.n.e.r.AbstractInstanceRegistry - Running the evict task with compensationTime 0ms
2023-08-30 22:03:24.996 [Eureka-EvictionTimer] INFO  c.n.e.r.AbstractInstanceRegistry - Running the evict task with compensationTime 0ms
2023-08-30 22:03:29.996 [Eureka-EvictionTimer] INFO  c.n.e.r.AbstractInstanceRegistry - Running the evict task with compensationTime 0ms
2023-08-30 22:03:34.996 [Eureka-EvictionTimer] INFO  c.n.e.r.AbstractInstanceRegistry - Running the evict task with compensationTime 0ms
2023-08-30 22:03:39.996 [Eureka-EvictionTimer] INFO  c.n.e.r.AbstractInstanceRegistry - Running the evict task with compensationTime 0ms
2023-08-30 22:03:44.996 [Eureka-EvictionTimer] INFO  c.n.e.r.AbstractInstanceRegistry - Running the evict task with compensationTime 0ms
2023-08-30 22:03:49.996 [Eureka-EvictionTimer] INFO  c.n.e.r.AbstractInstanceRegistry - Running the evict task with compensationTime 0ms
2023-08-30 22:03:54.996 [Eureka-EvictionTimer] INFO  c.n.e.r.AbstractInstanceRegistry - Running the evict task with compensationTime 0ms
2023-08-30 22:03:59.996 [Eureka-EvictionTimer] INFO  c.n.e.r.AbstractInstanceRegistry - Running the evict task with compensationTime 0ms
2023-08-30 22:04:04.996 [Eureka-EvictionTimer] INFO  c.n.e.r.AbstractInstanceRegistry - Running the evict task with compensationTime 0ms
2023-08-30 22:04:09.996 [Eureka-EvictionTimer] INFO  c.n.e.r.AbstractInstanceRegistry - Running the evict task with compensationTime 0ms
2023-08-30 22:04:14.996 [Eureka-EvictionTimer] INFO  c.n.e.r.AbstractInstanceRegistry - Running the evict task with compensationTime 0ms
2023-08-30 22:04:19.996 [Eureka-EvictionTimer] INFO  c.n.e.r.AbstractInstanceRegistry - Running the evict task with compensationTime 0ms
2023-08-30 22:04:24.996 [Eureka-EvictionTimer] INFO  c.n.e.r.AbstractInstanceRegistry - Running the evict task with compensationTime 0ms
2023-08-30 22:04:29.996 [Eureka-EvictionTimer] INFO  c.n.e.r.AbstractInstanceRegistry - Running the evict task with compensationTime 0ms
2023-08-30 22:04:34.996 [Eureka-EvictionTimer] INFO  c.n.e.r.AbstractInstanceRegistry - Running the evict task with compensationTime 0ms
2023-08-30 22:04:39.996 [Eureka-EvictionTimer] INFO  c.n.e.r.AbstractInstanceRegistry - Running the evict task with compensationTime 0ms
2023-08-30 22:04:44.996 [Eureka-EvictionTimer] INFO  c.n.e.r.AbstractInstanceRegistry - Running the evict task with compensationTime 0ms
2023-08-30 22:04:49.996 [Eureka-EvictionTimer] INFO  c.n.e.r.AbstractInstanceRegistry - Running the evict task with compensationTime 0ms
2023-08-30 22:04:54.996 [Eureka-EvictionTimer] INFO  c.n.e.r.AbstractInstanceRegistry - Running the evict task with compensationTime 0ms
2023-08-30 22:04:59.996 [Eureka-EvictionTimer] INFO  c.n.e.r.AbstractInstanceRegistry - Running the evict task with compensationTime 0ms
2023-08-30 22:05:04.996 [Eureka-EvictionTimer] INFO  c.n.e.r.AbstractInstanceRegistry - Running the evict task with compensationTime 0ms
2023-08-30 22:05:09.996 [Eureka-EvictionTimer] INFO  c.n.e.r.AbstractInstanceRegistry - Running the evict task with compensationTime 0ms
2023-08-30 22:05:14.996 [Eureka-EvictionTimer] INFO  c.n.e.r.AbstractInstanceRegistry - Running the evict task with compensationTime 0ms
2023-08-30 22:05:19.996 [Eureka-EvictionTimer] INFO  c.n.e.r.AbstractInstanceRegistry - Running the evict task with compensationTime 0ms
2023-08-30 22:05:24.996 [Eureka-EvictionTimer] INFO  c.n.e.r.AbstractInstanceRegistry - Running the evict task with compensationTime 0ms
2023-08-30 22:05:29.996 [Eureka-EvictionTimer] INFO  c.n.e.r.AbstractInstanceRegistry - Running the evict task with compensationTime 0ms
2023-08-30 22:05:34.996 [Eureka-EvictionTimer] INFO  c.n.e.r.AbstractInstanceRegistry - Running the evict task with compensationTime 0ms
2023-08-30 22:05:39.996 [Eureka-EvictionTimer] INFO  c.n.e.r.AbstractInstanceRegistry - Running the evict task with compensationTime 0ms
2023-08-30 22:05:44.996 [Eureka-EvictionTimer] INFO  c.n.e.r.AbstractInstanceRegistry - Running the evict task with compensationTime 0ms
2023-08-30 22:05:49.996 [Eureka-EvictionTimer] INFO  c.n.e.r.AbstractInstanceRegistry - Running the evict task with compensationTime 0ms
2023-08-30 22:05:54.996 [Eureka-EvictionTimer] INFO  c.n.e.r.AbstractInstanceRegistry - Running the evict task with compensationTime 0ms
2023-08-30 22:05:59.996 [Eureka-EvictionTimer] INFO  c.n.e.r.AbstractInstanceRegistry - Running the evict task with compensationTime 0ms
2023-08-30 22:06:04.996 [Eureka-EvictionTimer] INFO  c.n.e.r.AbstractInstanceRegistry - Running the evict task with compensationTime 0ms
2023-08-30 22:06:09.996 [Eureka-EvictionTimer] INFO  c.n.e.r.AbstractInstanceRegistry - Running the evict task with compensationTime 0ms
2023-08-30 22:06:14.996 [Eureka-EvictionTimer] INFO  c.n.e.r.AbstractInstanceRegistry - Running the evict task with compensationTime 0ms
2023-08-30 22:06:19.996 [Eureka-EvictionTimer] INFO  c.n.e.r.AbstractInstanceRegistry - Running the evict task with compensationTime 0ms
2023-08-30 22:06:24.996 [Eureka-EvictionTimer] INFO  c.n.e.r.AbstractInstanceRegistry - Running the evict task with compensationTime 0ms
2023-08-30 22:06:29.996 [Eureka-EvictionTimer] INFO  c.n.e.r.AbstractInstanceRegistry - Running the evict task with compensationTime 0ms
2023-08-30 22:06:34.996 [Eureka-EvictionTimer] INFO  c.n.e.r.AbstractInstanceRegistry - Running the evict task with compensationTime 0ms
2023-08-30 22:06:39.996 [Eureka-EvictionTimer] INFO  c.n.e.r.AbstractInstanceRegistry - Running the evict task with compensationTime 0ms
2023-08-30 22:06:44.996 [Eureka-EvictionTimer] INFO  c.n.e.r.AbstractInstanceRegistry - Running the evict task with compensationTime 0ms
2023-08-30 22:06:49.996 [Eureka-EvictionTimer] INFO  c.n.e.r.AbstractInstanceRegistry - Running the evict task with compensationTime 0ms
2023-08-30 22:06:54.996 [Eureka-EvictionTimer] INFO  c.n.e.r.AbstractInstanceRegistry - Running the evict task with compensationTime 0ms
2023-08-30 22:06:59.996 [Eureka-EvictionTimer] INFO  c.n.e.r.AbstractInstanceRegistry - Running the evict task with compensationTime 0ms
2023-08-30 22:07:04.996 [Eureka-EvictionTimer] INFO  c.n.e.r.AbstractInstanceRegistry - Running the evict task with compensationTime 0ms
2023-08-30 22:07:09.996 [Eureka-EvictionTimer] INFO  c.n.e.r.AbstractInstanceRegistry - Running the evict task with compensationTime 0ms
2023-08-30 22:07:14.996 [Eureka-EvictionTimer] INFO  c.n.e.r.AbstractInstanceRegistry - Running the evict task with compensationTime 0ms
2023-08-30 22:07:19.996 [Eureka-EvictionTimer] INFO  c.n.e.r.AbstractInstanceRegistry - Running the evict task with compensationTime 0ms
2023-08-30 22:07:24.996 [Eureka-EvictionTimer] INFO  c.n.e.r.AbstractInstanceRegistry - Running the evict task with compensationTime 0ms
2023-08-30 22:07:29.996 [Eureka-EvictionTimer] INFO  c.n.e.r.AbstractInstanceRegistry - Running the evict task with compensationTime 0ms
2023-08-30 22:07:34.996 [Eureka-EvictionTimer] INFO  c.n.e.r.AbstractInstanceRegistry - Running the evict task with compensationTime 0ms
2023-08-30 22:07:39.996 [Eureka-EvictionTimer] INFO  c.n.e.r.AbstractInstanceRegistry - Running the evict task with compensationTime 0ms
2023-08-30 22:07:44.996 [Eureka-EvictionTimer] INFO  c.n.e.r.AbstractInstanceRegistry - Running the evict task with compensationTime 0ms
2023-08-30 22:07:49.996 [Eureka-EvictionTimer] INFO  c.n.e.r.AbstractInstanceRegistry - Running the evict task with compensationTime 0ms
2023-08-30 22:07:54.996 [Eureka-EvictionTimer] INFO  c.n.e.r.AbstractInstanceRegistry - Running the evict task with compensationTime 0ms
2023-08-30 22:07:59.996 [Eureka-EvictionTimer] INFO  c.n.e.r.AbstractInstanceRegistry - Running the evict task with compensationTime 0ms
2023-08-30 22:08:04.996 [Eureka-EvictionTimer] INFO  c.n.e.r.AbstractInstanceRegistry - Running the evict task with compensationTime 0ms
2023-08-30 22:08:09.996 [Eureka-EvictionTimer] INFO  c.n.e.r.AbstractInstanceRegistry - Running the evict task with compensationTime 0ms
2023-08-30 22:08:14.996 [Eureka-EvictionTimer] INFO  c.n.e.r.AbstractInstanceRegistry - Running the evict task with compensationTime 0ms
2023-08-30 22:08:19.996 [Eureka-EvictionTimer] INFO  c.n.e.r.AbstractInstanceRegistry - Running the evict task with compensationTime 0ms
2023-08-30 22:08:24.996 [Eureka-EvictionTimer] INFO  c.n.e.r.AbstractInstanceRegistry - Running the evict task with compensationTime 0ms
2023-08-30 22:08:29.996 [Eureka-EvictionTimer] INFO  c.n.e.r.AbstractInstanceRegistry - Running the evict task with compensationTime 0ms
2023-08-30 22:08:34.996 [Eureka-EvictionTimer] INFO  c.n.e.r.AbstractInstanceRegistry - Running the evict task with compensationTime 0ms
2023-08-30 22:08:39.996 [Eureka-EvictionTimer] INFO  c.n.e.r.AbstractInstanceRegistry - Running the evict task with compensationTime 0ms
2023-08-30 22:08:44.996 [Eureka-EvictionTimer] INFO  c.n.e.r.AbstractInstanceRegistry - Running the evict task with compensationTime 0ms
2023-08-30 22:08:49.996 [Eureka-EvictionTimer] INFO  c.n.e.r.AbstractInstanceRegistry - Running the evict task with compensationTime 0ms
2023-08-30 22:08:54.996 [Eureka-EvictionTimer] INFO  c.n.e.r.AbstractInstanceRegistry - Running the evict task with compensationTime 0ms
2023-08-30 22:08:59.996 [Eureka-EvictionTimer] INFO  c.n.e.r.AbstractInstanceRegistry - Running the evict task with compensationTime 0ms
2023-08-30 22:09:04.996 [Eureka-EvictionTimer] INFO  c.n.e.r.AbstractInstanceRegistry - Running the evict task with compensationTime 0ms
2023-08-30 22:09:09.996 [Eureka-EvictionTimer] INFO  c.n.e.r.AbstractInstanceRegistry - Running the evict task with compensationTime 0ms
2023-08-30 22:09:14.996 [Eureka-EvictionTimer] INFO  c.n.e.r.AbstractInstanceRegistry - Running the evict task with compensationTime 0ms
2023-08-30 22:09:19.996 [Eureka-EvictionTimer] INFO  c.n.e.r.AbstractInstanceRegistry - Running the evict task with compensationTime 0ms
2023-08-30 22:09:24.996 [Eureka-EvictionTimer] INFO  c.n.e.r.AbstractInstanceRegistry - Running the evict task with compensationTime 0ms
2023-08-30 22:09:29.996 [Eureka-EvictionTimer] INFO  c.n.e.r.AbstractInstanceRegistry - Running the evict task with compensationTime 0ms
2023-08-30 22:09:34.996 [Eureka-EvictionTimer] INFO  c.n.e.r.AbstractInstanceRegistry - Running the evict task with compensationTime 0ms
2023-08-30 22:09:39.996 [Eureka-EvictionTimer] INFO  c.n.e.r.AbstractInstanceRegistry - Running the evict task with compensationTime 0ms
2023-08-30 22:09:44.996 [Eureka-EvictionTimer] INFO  c.n.e.r.AbstractInstanceRegistry - Running the evict task with compensationTime 0ms
2023-08-30 22:09:49.996 [Eureka-EvictionTimer] INFO  c.n.e.r.AbstractInstanceRegistry - Running the evict task with compensationTime 0ms
2023-08-30 22:09:54.996 [Eureka-EvictionTimer] INFO  c.n.e.r.AbstractInstanceRegistry - Running the evict task with compensationTime 0ms
2023-08-30 22:09:59.996 [Eureka-EvictionTimer] INFO  c.n.e.r.AbstractInstanceRegistry - Running the evict task with compensationTime 0ms
2023-08-30 22:10:04.996 [Eureka-EvictionTimer] INFO  c.n.e.r.AbstractInstanceRegistry - Running the evict task with compensationTime 0ms
2023-08-30 22:10:09.996 [Eureka-EvictionTimer] INFO  c.n.e.r.AbstractInstanceRegistry - Running the evict task with compensationTime 0ms
2023-08-30 22:10:14.996 [Eureka-EvictionTimer] INFO  c.n.e.r.AbstractInstanceRegistry - Running the evict task with compensationTime 0ms
2023-08-30 22:10:19.996 [Eureka-EvictionTimer] INFO  c.n.e.r.AbstractInstanceRegistry - Running the evict task with compensationTime 0ms
2023-08-30 22:10:24.996 [Eureka-EvictionTimer] INFO  c.n.e.r.AbstractInstanceRegistry - Running the evict task with compensationTime 0ms
2023-08-30 22:10:29.996 [Eureka-EvictionTimer] INFO  c.n.e.r.AbstractInstanceRegistry - Running the evict task with compensationTime 0ms
2023-08-30 22:10:34.996 [Eureka-EvictionTimer] INFO  c.n.e.r.AbstractInstanceRegistry - Running the evict task with compensationTime 0ms
2023-08-30 22:10:39.996 [Eureka-EvictionTimer] INFO  c.n.e.r.AbstractInstanceRegistry - Running the evict task with compensationTime 0ms
2023-08-30 22:10:44.996 [Eureka-EvictionTimer] INFO  c.n.e.r.AbstractInstanceRegistry - Running the evict task with compensationTime 0ms
2023-08-30 22:10:49.996 [Eureka-EvictionTimer] INFO  c.n.e.r.AbstractInstanceRegistry - Running the evict task with compensationTime 0ms
2023-08-30 22:10:54.996 [Eureka-EvictionTimer] INFO  c.n.e.r.AbstractInstanceRegistry - Running the evict task with compensationTime 0ms
2023-08-30 22:10:59.996 [Eureka-EvictionTimer] INFO  c.n.e.r.AbstractInstanceRegistry - Running the evict task with compensationTime 0ms
2023-08-30 22:11:04.996 [Eureka-EvictionTimer] INFO  c.n.e.r.AbstractInstanceRegistry - Running the evict task with compensationTime 0ms
2023-08-30 22:11:09.996 [Eureka-EvictionTimer] INFO  c.n.e.r.AbstractInstanceRegistry - Running the evict task with compensationTime 0ms
2023-08-30 22:11:14.996 [Eureka-EvictionTimer] INFO  c.n.e.r.AbstractInstanceRegistry - Running the evict task with compensationTime 0ms
2023-08-30 22:11:19.996 [Eureka-EvictionTimer] INFO  c.n.e.r.AbstractInstanceRegistry - Running the evict task with compensationTime 0ms
2023-08-30 22:11:24.996 [Eureka-EvictionTimer] INFO  c.n.e.r.AbstractInstanceRegistry - Running the evict task with compensationTime 0ms
2023-08-30 22:11:29.996 [Eureka-EvictionTimer] INFO  c.n.e.r.AbstractInstanceRegistry - Running the evict task with compensationTime 0ms
2023-08-30 22:11:34.996 [Eureka-EvictionTimer] INFO  c.n.e.r.AbstractInstanceRegistry - Running the evict task with compensationTime 0ms
2023-08-30 22:11:39.996 [Eureka-EvictionTimer] INFO  c.n.e.r.AbstractInstanceRegistry - Running the evict task with compensationTime 0ms
2023-08-30 22:11:44.996 [Eureka-EvictionTimer] INFO  c.n.e.r.AbstractInstanceRegistry - Running the evict task with compensationTime 0ms
2023-08-30 22:11:49.996 [Eureka-EvictionTimer] INFO  c.n.e.r.AbstractInstanceRegistry - Running the evict task with compensationTime 0ms
2023-08-30 22:11:54.996 [Eureka-EvictionTimer] INFO  c.n.e.r.AbstractInstanceRegistry - Running the evict task with compensationTime 0ms
2023-08-30 22:11:59.996 [Eureka-EvictionTimer] INFO  c.n.e.r.AbstractInstanceRegistry - Running the evict task with compensationTime 0ms
2023-08-30 22:12:04.996 [Eureka-EvictionTimer] INFO  c.n.e.r.AbstractInstanceRegistry - Running the evict task with compensationTime 0ms
2023-08-30 22:12:09.996 [Eureka-EvictionTimer] INFO  c.n.e.r.AbstractInstanceRegistry - Running the evict task with compensationTime 0ms
2023-08-30 22:12:14.996 [Eureka-EvictionTimer] INFO  c.n.e.r.AbstractInstanceRegistry - Running the evict task with compensationTime 0ms
2023-08-30 22:12:19.996 [Eureka-EvictionTimer] INFO  c.n.e.r.AbstractInstanceRegistry - Running the evict task with compensationTime 0ms
2023-08-30 22:12:24.996 [Eureka-EvictionTimer] INFO  c.n.e.r.AbstractInstanceRegistry - Running the evict task with compensationTime 0ms
2023-08-30 22:12:29.996 [Eureka-EvictionTimer] INFO  c.n.e.r.AbstractInstanceRegistry - Running the evict task with compensationTime 0ms
2023-08-30 22:12:34.996 [Eureka-EvictionTimer] INFO  c.n.e.r.AbstractInstanceRegistry - Running the evict task with compensationTime 0ms
2023-08-30 22:12:39.996 [Eureka-EvictionTimer] INFO  c.n.e.r.AbstractInstanceRegistry - Running the evict task with compensationTime 0ms
2023-08-30 22:12:44.996 [Eureka-EvictionTimer] INFO  c.n.e.r.AbstractInstanceRegistry - Running the evict task with compensationTime 0ms
2023-08-30 22:12:49.996 [Eureka-EvictionTimer] INFO  c.n.e.r.AbstractInstanceRegistry - Running the evict task with compensationTime 0ms
2023-08-30 22:12:54.996 [Eureka-EvictionTimer] INFO  c.n.e.r.AbstractInstanceRegistry - Running the evict task with compensationTime 0ms
2023-08-30 22:12:59.996 [Eureka-EvictionTimer] INFO  c.n.e.r.AbstractInstanceRegistry - Running the evict task with compensationTime 0ms
2023-08-30 22:13:04.996 [Eureka-EvictionTimer] INFO  c.n.e.r.AbstractInstanceRegistry - Running the evict task with compensationTime 0ms
2023-08-30 22:13:09.996 [Eureka-EvictionTimer] INFO  c.n.e.r.AbstractInstanceRegistry - Running the evict task with compensationTime 0ms
2023-08-30 22:13:14.996 [Eureka-EvictionTimer] INFO  c.n.e.r.AbstractInstanceRegistry - Running the evict task with compensationTime 0ms
2023-08-30 22:13:19.996 [Eureka-EvictionTimer] INFO  c.n.e.r.AbstractInstanceRegistry - Running the evict task with compensationTime 0ms
2023-08-30 22:13:24.996 [Eureka-EvictionTimer] INFO  c.n.e.r.AbstractInstanceRegistry - Running the evict task with compensationTime 0ms
2023-08-30 22:13:29.996 [Eureka-EvictionTimer] INFO  c.n.e.r.AbstractInstanceRegistry - Running the evict task with compensationTime 0ms
2023-08-30 22:13:34.996 [Eureka-EvictionTimer] INFO  c.n.e.r.AbstractInstanceRegistry - Running the evict task with compensationTime 0ms
2023-08-30 22:13:39.996 [Eureka-EvictionTimer] INFO  c.n.e.r.AbstractInstanceRegistry - Running the evict task with compensationTime 0ms
2023-08-30 22:13:44.996 [Eureka-EvictionTimer] INFO  c.n.e.r.AbstractInstanceRegistry - Running the evict task with compensationTime 0ms
2023-08-30 22:13:49.996 [Eureka-EvictionTimer] INFO  c.n.e.r.AbstractInstanceRegistry - Running the evict task with compensationTime 0ms
2023-08-30 22:13:54.996 [Eureka-EvictionTimer] INFO  c.n.e.r.AbstractInstanceRegistry - Running the evict task with compensationTime 0ms
2023-08-30 22:13:59.996 [Eureka-EvictionTimer] INFO  c.n.e.r.AbstractInstanceRegistry - Running the evict task with compensationTime 0ms
2023-08-30 22:14:04.996 [Eureka-EvictionTimer] INFO  c.n.e.r.AbstractInstanceRegistry - Running the evict task with compensationTime 0ms
2023-08-30 22:14:09.996 [Eureka-EvictionTimer] INFO  c.n.e.r.AbstractInstanceRegistry - Running the evict task with compensationTime 0ms
2023-08-30 22:14:14.996 [Eureka-EvictionTimer] INFO  c.n.e.r.AbstractInstanceRegistry - Running the evict task with compensationTime 0ms
2023-08-30 22:14:19.996 [Eureka-EvictionTimer] INFO  c.n.e.r.AbstractInstanceRegistry - Running the evict task with compensationTime 0ms
2023-08-30 22:14:24.996 [Eureka-EvictionTimer] INFO  c.n.e.r.AbstractInstanceRegistry - Running the evict task with compensationTime 0ms
2023-08-30 22:14:29.996 [Eureka-EvictionTimer] INFO  c.n.e.r.AbstractInstanceRegistry - Running the evict task with compensationTime 0ms
2023-08-30 22:14:34.996 [Eureka-EvictionTimer] INFO  c.n.e.r.AbstractInstanceRegistry - Running the evict task with compensationTime 0ms
2023-08-30 22:14:39.996 [Eureka-EvictionTimer] INFO  c.n.e.r.AbstractInstanceRegistry - Running the evict task with compensationTime 0ms
2023-08-30 22:14:44.996 [Eureka-EvictionTimer] INFO  c.n.e.r.AbstractInstanceRegistry - Running the evict task with compensationTime 0ms
2023-08-30 22:14:49.996 [Eureka-EvictionTimer] INFO  c.n.e.r.AbstractInstanceRegistry - Running the evict task with compensationTime 0ms
2023-08-30 22:14:54.996 [Eureka-EvictionTimer] INFO  c.n.e.r.AbstractInstanceRegistry - Running the evict task with compensationTime 0ms
2023-08-30 22:14:59.996 [Eureka-EvictionTimer] INFO  c.n.e.r.AbstractInstanceRegistry - Running the evict task with compensationTime 0ms
2023-08-30 22:15:04.996 [Eureka-EvictionTimer] INFO  c.n.e.r.AbstractInstanceRegistry - Running the evict task with compensationTime 0ms
2023-08-30 22:15:09.996 [Eureka-EvictionTimer] INFO  c.n.e.r.AbstractInstanceRegistry - Running the evict task with compensationTime 0ms
2023-08-30 22:15:14.996 [Eureka-EvictionTimer] INFO  c.n.e.r.AbstractInstanceRegistry - Running the evict task with compensationTime 0ms
2023-08-30 22:15:19.996 [Eureka-EvictionTimer] INFO  c.n.e.r.AbstractInstanceRegistry - Running the evict task with compensationTime 0ms
2023-08-30 22:15:24.996 [Eureka-EvictionTimer] INFO  c.n.e.r.AbstractInstanceRegistry - Running the evict task with compensationTime 0ms
2023-08-30 22:15:29.996 [Eureka-EvictionTimer] INFO  c.n.e.r.AbstractInstanceRegistry - Running the evict task with compensationTime 0ms
2023-08-30 22:15:34.996 [Eureka-EvictionTimer] INFO  c.n.e.r.AbstractInstanceRegistry - Running the evict task with compensationTime 0ms
2023-08-30 22:15:39.996 [Eureka-EvictionTimer] INFO  c.n.e.r.AbstractInstanceRegistry - Running the evict task with compensationTime 0ms
2023-08-30 22:15:44.996 [Eureka-EvictionTimer] INFO  c.n.e.r.AbstractInstanceRegistry - Running the evict task with compensationTime 0ms
2023-08-30 22:15:49.996 [Eureka-EvictionTimer] INFO  c.n.e.r.AbstractInstanceRegistry - Running the evict task with compensationTime 0ms
2023-08-30 22:15:54.859 [ReplicaAwareInstanceRegistry - RenewalThresholdUpdater] INFO  c.n.e.r.PeerAwareInstanceRegistryImpl - Current renewal threshold is : 0
2023-08-30 22:15:54.996 [Eureka-EvictionTimer] INFO  c.n.e.r.AbstractInstanceRegistry - Running the evict task with compensationTime 0ms
2023-08-30 22:15:59.996 [Eureka-EvictionTimer] INFO  c.n.e.r.AbstractInstanceRegistry - Running the evict task with compensationTime 0ms
2023-08-30 22:16:04.996 [Eureka-EvictionTimer] INFO  c.n.e.r.AbstractInstanceRegistry - Running the evict task with compensationTime 0ms
2023-08-30 22:16:09.996 [Eureka-EvictionTimer] INFO  c.n.e.r.AbstractInstanceRegistry - Running the evict task with compensationTime 0ms
2023-08-30 22:16:14.996 [Eureka-EvictionTimer] INFO  c.n.e.r.AbstractInstanceRegistry - Running the evict task with compensationTime 0ms
2023-08-30 22:16:19.996 [Eureka-EvictionTimer] INFO  c.n.e.r.AbstractInstanceRegistry - Running the evict task with compensationTime 0ms
2023-08-30 22:16:24.996 [Eureka-EvictionTimer] INFO  c.n.e.r.AbstractInstanceRegistry - Running the evict task with compensationTime 0ms
2023-08-30 22:16:29.996 [Eureka-EvictionTimer] INFO  c.n.e.r.AbstractInstanceRegistry - Running the evict task with compensationTime 0ms
2023-08-30 22:16:34.996 [Eureka-EvictionTimer] INFO  c.n.e.r.AbstractInstanceRegistry - Running the evict task with compensationTime 0ms
2023-08-30 22:16:39.996 [Eureka-EvictionTimer] INFO  c.n.e.r.AbstractInstanceRegistry - Running the evict task with compensationTime 0ms
2023-08-30 22:16:44.996 [Eureka-EvictionTimer] INFO  c.n.e.r.AbstractInstanceRegistry - Running the evict task with compensationTime 0ms
2023-08-30 22:16:49.996 [Eureka-EvictionTimer] INFO  c.n.e.r.AbstractInstanceRegistry - Running the evict task with compensationTime 0ms
2023-08-30 22:16:54.996 [Eureka-EvictionTimer] INFO  c.n.e.r.AbstractInstanceRegistry - Running the evict task with compensationTime 0ms
2023-08-30 22:16:59.996 [Eureka-EvictionTimer] INFO  c.n.e.r.AbstractInstanceRegistry - Running the evict task with compensationTime 0ms
2023-08-30 22:17:04.996 [Eureka-EvictionTimer] INFO  c.n.e.r.AbstractInstanceRegistry - Running the evict task with compensationTime 0ms
2023-08-30 22:17:09.996 [Eureka-EvictionTimer] INFO  c.n.e.r.AbstractInstanceRegistry - Running the evict task with compensationTime 0ms
2023-08-30 22:17:14.996 [Eureka-EvictionTimer] INFO  c.n.e.r.AbstractInstanceRegistry - Running the evict task with compensationTime 0ms
2023-08-30 22:17:19.996 [Eureka-EvictionTimer] INFO  c.n.e.r.AbstractInstanceRegistry - Running the evict task with compensationTime 0ms
2023-08-30 22:17:24.996 [Eureka-EvictionTimer] INFO  c.n.e.r.AbstractInstanceRegistry - Running the evict task with compensationTime 0ms
2023-08-30 22:17:29.996 [Eureka-EvictionTimer] INFO  c.n.e.r.AbstractInstanceRegistry - Running the evict task with compensationTime 0ms
2023-08-30 22:17:34.996 [Eureka-EvictionTimer] INFO  c.n.e.r.AbstractInstanceRegistry - Running the evict task with compensationTime 0ms
2023-08-30 22:17:39.996 [Eureka-EvictionTimer] INFO  c.n.e.r.AbstractInstanceRegistry - Running the evict task with compensationTime 0ms
2023-08-30 22:17:44.996 [Eureka-EvictionTimer] INFO  c.n.e.r.AbstractInstanceRegistry - Running the evict task with compensationTime 0ms
2023-08-30 22:17:49.996 [Eureka-EvictionTimer] INFO  c.n.e.r.AbstractInstanceRegistry - Running the evict task with compensationTime 0ms
2023-08-30 22:17:54.996 [Eureka-EvictionTimer] INFO  c.n.e.r.AbstractInstanceRegistry - Running the evict task with compensationTime 0ms
2023-08-30 22:17:59.996 [Eureka-EvictionTimer] INFO  c.n.e.r.AbstractInstanceRegistry - Running the evict task with compensationTime 0ms
2023-08-30 22:18:04.996 [Eureka-EvictionTimer] INFO  c.n.e.r.AbstractInstanceRegistry - Running the evict task with compensationTime 0ms
2023-08-30 22:18:09.996 [Eureka-EvictionTimer] INFO  c.n.e.r.AbstractInstanceRegistry - Running the evict task with compensationTime 0ms
2023-08-30 22:18:14.996 [Eureka-EvictionTimer] INFO  c.n.e.r.AbstractInstanceRegistry - Running the evict task with compensationTime 0ms
2023-08-30 22:18:19.996 [Eureka-EvictionTimer] INFO  c.n.e.r.AbstractInstanceRegistry - Running the evict task with compensationTime 0ms
2023-08-30 22:18:24.996 [Eureka-EvictionTimer] INFO  c.n.e.r.AbstractInstanceRegistry - Running the evict task with compensationTime 0ms
2023-08-30 22:18:29.996 [Eureka-EvictionTimer] INFO  c.n.e.r.AbstractInstanceRegistry - Running the evict task with compensationTime 0ms
2023-08-30 22:18:34.996 [Eureka-EvictionTimer] INFO  c.n.e.r.AbstractInstanceRegistry - Running the evict task with compensationTime 0ms
2023-08-30 22:18:39.996 [Eureka-EvictionTimer] INFO  c.n.e.r.AbstractInstanceRegistry - Running the evict task with compensationTime 0ms
2023-08-30 22:18:44.996 [Eureka-EvictionTimer] INFO  c.n.e.r.AbstractInstanceRegistry - Running the evict task with compensationTime 0ms
2023-08-30 22:18:49.996 [Eureka-EvictionTimer] INFO  c.n.e.r.AbstractInstanceRegistry - Running the evict task with compensationTime 0ms
2023-08-30 22:18:54.996 [Eureka-EvictionTimer] INFO  c.n.e.r.AbstractInstanceRegistry - Running the evict task with compensationTime 0ms
2023-08-30 22:18:59.996 [Eureka-EvictionTimer] INFO  c.n.e.r.AbstractInstanceRegistry - Running the evict task with compensationTime 0ms
2023-08-30 22:19:04.996 [Eureka-EvictionTimer] INFO  c.n.e.r.AbstractInstanceRegistry - Running the evict task with compensationTime 0ms
2023-08-30 22:19:09.996 [Eureka-EvictionTimer] INFO  c.n.e.r.AbstractInstanceRegistry - Running the evict task with compensationTime 0ms
2023-08-30 22:19:14.996 [Eureka-EvictionTimer] INFO  c.n.e.r.AbstractInstanceRegistry - Running the evict task with compensationTime 0ms
2023-08-30 22:19:19.996 [Eureka-EvictionTimer] INFO  c.n.e.r.AbstractInstanceRegistry - Running the evict task with compensationTime 0ms
2023-08-30 22:19:24.996 [Eureka-EvictionTimer] INFO  c.n.e.r.AbstractInstanceRegistry - Running the evict task with compensationTime 0ms
2023-08-30 22:19:29.996 [Eureka-EvictionTimer] INFO  c.n.e.r.AbstractInstanceRegistry - Running the evict task with compensationTime 0ms
2023-08-30 22:19:34.996 [Eureka-EvictionTimer] INFO  c.n.e.r.AbstractInstanceRegistry - Running the evict task with compensationTime 0ms
2023-08-30 22:19:39.996 [Eureka-EvictionTimer] INFO  c.n.e.r.AbstractInstanceRegistry - Running the evict task with compensationTime 0ms
2023-08-30 22:19:44.996 [Eureka-EvictionTimer] INFO  c.n.e.r.AbstractInstanceRegistry - Running the evict task with compensationTime 0ms
2023-08-30 22:19:49.996 [Eureka-EvictionTimer] INFO  c.n.e.r.AbstractInstanceRegistry - Running the evict task with compensationTime 0ms
2023-08-30 22:19:54.996 [Eureka-EvictionTimer] INFO  c.n.e.r.AbstractInstanceRegistry - Running the evict task with compensationTime 0ms
2023-08-30 22:19:59.996 [Eureka-EvictionTimer] INFO  c.n.e.r.AbstractInstanceRegistry - Running the evict task with compensationTime 0ms
2023-08-30 22:20:04.996 [Eureka-EvictionTimer] INFO  c.n.e.r.AbstractInstanceRegistry - Running the evict task with compensationTime 0ms
2023-08-30 22:20:09.996 [Eureka-EvictionTimer] INFO  c.n.e.r.AbstractInstanceRegistry - Running the evict task with compensationTime 0ms
2023-08-30 22:20:14.996 [Eureka-EvictionTimer] INFO  c.n.e.r.AbstractInstanceRegistry - Running the evict task with compensationTime 0ms
2023-08-30 22:20:19.996 [Eureka-EvictionTimer] INFO  c.n.e.r.AbstractInstanceRegistry - Running the evict task with compensationTime 0ms
2023-08-30 22:20:24.996 [Eureka-EvictionTimer] INFO  c.n.e.r.AbstractInstanceRegistry - Running the evict task with compensationTime 0ms
2023-08-30 22:20:29.996 [Eureka-EvictionTimer] INFO  c.n.e.r.AbstractInstanceRegistry - Running the evict task with compensationTime 0ms
2023-08-30 22:20:34.996 [Eureka-EvictionTimer] INFO  c.n.e.r.AbstractInstanceRegistry - Running the evict task with compensationTime 0ms
2023-08-30 22:20:39.996 [Eureka-EvictionTimer] INFO  c.n.e.r.AbstractInstanceRegistry - Running the evict task with compensationTime 0ms
2023-08-30 22:20:44.996 [Eureka-EvictionTimer] INFO  c.n.e.r.AbstractInstanceRegistry - Running the evict task with compensationTime 0ms
2023-08-30 22:20:49.996 [Eureka-EvictionTimer] INFO  c.n.e.r.AbstractInstanceRegistry - Running the evict task with compensationTime 0ms
2023-08-30 22:20:54.996 [Eureka-EvictionTimer] INFO  c.n.e.r.AbstractInstanceRegistry - Running the evict task with compensationTime 0ms
2023-08-30 22:20:59.996 [Eureka-EvictionTimer] INFO  c.n.e.r.AbstractInstanceRegistry - Running the evict task with compensationTime 0ms
2023-08-30 22:21:04.996 [Eureka-EvictionTimer] INFO  c.n.e.r.AbstractInstanceRegistry - Running the evict task with compensationTime 0ms
2023-08-30 22:21:09.996 [Eureka-EvictionTimer] INFO  c.n.e.r.AbstractInstanceRegistry - Running the evict task with compensationTime 0ms
2023-08-30 22:21:14.996 [Eureka-EvictionTimer] INFO  c.n.e.r.AbstractInstanceRegistry - Running the evict task with compensationTime 0ms
2023-08-30 22:21:19.996 [Eureka-EvictionTimer] INFO  c.n.e.r.AbstractInstanceRegistry - Running the evict task with compensationTime 0ms
2023-08-30 22:21:24.996 [Eureka-EvictionTimer] INFO  c.n.e.r.AbstractInstanceRegistry - Running the evict task with compensationTime 0ms
2023-08-30 22:21:29.996 [Eureka-EvictionTimer] INFO  c.n.e.r.AbstractInstanceRegistry - Running the evict task with compensationTime 0ms
2023-08-30 22:21:34.996 [Eureka-EvictionTimer] INFO  c.n.e.r.AbstractInstanceRegistry - Running the evict task with compensationTime 0ms
2023-08-30 22:21:39.996 [Eureka-EvictionTimer] INFO  c.n.e.r.AbstractInstanceRegistry - Running the evict task with compensationTime 0ms
2023-08-30 22:21:44.996 [Eureka-EvictionTimer] INFO  c.n.e.r.AbstractInstanceRegistry - Running the evict task with compensationTime 0ms
2023-08-30 22:21:49.996 [Eureka-EvictionTimer] INFO  c.n.e.r.AbstractInstanceRegistry - Running the evict task with compensationTime 0ms
2023-08-30 22:21:54.996 [Eureka-EvictionTimer] INFO  c.n.e.r.AbstractInstanceRegistry - Running the evict task with compensationTime 0ms
2023-08-30 22:21:59.996 [Eureka-EvictionTimer] INFO  c.n.e.r.AbstractInstanceRegistry - Running the evict task with compensationTime 0ms
2023-08-30 22:22:04.996 [Eureka-EvictionTimer] INFO  c.n.e.r.AbstractInstanceRegistry - Running the evict task with compensationTime 0ms
2023-08-30 22:22:09.996 [Eureka-EvictionTimer] INFO  c.n.e.r.AbstractInstanceRegistry - Running the evict task with compensationTime 0ms
2023-08-30 22:22:14.996 [Eureka-EvictionTimer] INFO  c.n.e.r.AbstractInstanceRegistry - Running the evict task with compensationTime 0ms
2023-08-30 22:22:19.996 [Eureka-EvictionTimer] INFO  c.n.e.r.AbstractInstanceRegistry - Running the evict task with compensationTime 0ms
2023-08-30 22:22:24.996 [Eureka-EvictionTimer] INFO  c.n.e.r.AbstractInstanceRegistry - Running the evict task with compensationTime 0ms
2023-08-30 22:22:29.996 [Eureka-EvictionTimer] INFO  c.n.e.r.AbstractInstanceRegistry - Running the evict task with compensationTime 0ms
2023-08-30 22:22:34.996 [Eureka-EvictionTimer] INFO  c.n.e.r.AbstractInstanceRegistry - Running the evict task with compensationTime 0ms
2023-08-30 22:22:39.996 [Eureka-EvictionTimer] INFO  c.n.e.r.AbstractInstanceRegistry - Running the evict task with compensationTime 0ms
2023-08-30 22:22:44.996 [Eureka-EvictionTimer] INFO  c.n.e.r.AbstractInstanceRegistry - Running the evict task with compensationTime 0ms
2023-08-30 22:22:49.996 [Eureka-EvictionTimer] INFO  c.n.e.r.AbstractInstanceRegistry - Running the evict task with compensationTime 0ms
2023-08-30 22:22:54.996 [Eureka-EvictionTimer] INFO  c.n.e.r.AbstractInstanceRegistry - Running the evict task with compensationTime 0ms
2023-08-30 22:22:59.996 [Eureka-EvictionTimer] INFO  c.n.e.r.AbstractInstanceRegistry - Running the evict task with compensationTime 0ms
2023-08-30 22:23:04.996 [Eureka-EvictionTimer] INFO  c.n.e.r.AbstractInstanceRegistry - Running the evict task with compensationTime 0ms
2023-08-30 22:23:09.996 [Eureka-EvictionTimer] INFO  c.n.e.r.AbstractInstanceRegistry - Running the evict task with compensationTime 0ms
2023-08-30 22:23:14.996 [Eureka-EvictionTimer] INFO  c.n.e.r.AbstractInstanceRegistry - Running the evict task with compensationTime 0ms
2023-08-30 22:23:19.996 [Eureka-EvictionTimer] INFO  c.n.e.r.AbstractInstanceRegistry - Running the evict task with compensationTime 0ms
2023-08-30 22:23:24.996 [Eureka-EvictionTimer] INFO  c.n.e.r.AbstractInstanceRegistry - Running the evict task with compensationTime 0ms
2023-08-30 22:23:29.996 [Eureka-EvictionTimer] INFO  c.n.e.r.AbstractInstanceRegistry - Running the evict task with compensationTime 0ms
2023-08-30 22:23:34.996 [Eureka-EvictionTimer] INFO  c.n.e.r.AbstractInstanceRegistry - Running the evict task with compensationTime 0ms
2023-08-30 22:23:39.996 [Eureka-EvictionTimer] INFO  c.n.e.r.AbstractInstanceRegistry - Running the evict task with compensationTime 0ms
2023-08-30 22:23:44.996 [Eureka-EvictionTimer] INFO  c.n.e.r.AbstractInstanceRegistry - Running the evict task with compensationTime 0ms
2023-08-30 22:23:49.996 [Eureka-EvictionTimer] INFO  c.n.e.r.AbstractInstanceRegistry - Running the evict task with compensationTime 0ms
2023-08-30 22:23:54.996 [Eureka-EvictionTimer] INFO  c.n.e.r.AbstractInstanceRegistry - Running the evict task with compensationTime 0ms
2023-08-30 22:23:59.996 [Eureka-EvictionTimer] INFO  c.n.e.r.AbstractInstanceRegistry - Running the evict task with compensationTime 0ms
2023-08-30 22:24:04.996 [Eureka-EvictionTimer] INFO  c.n.e.r.AbstractInstanceRegistry - Running the evict task with compensationTime 0ms
2023-08-30 22:24:09.996 [Eureka-EvictionTimer] INFO  c.n.e.r.AbstractInstanceRegistry - Running the evict task with compensationTime 0ms
2023-08-30 22:24:14.996 [Eureka-EvictionTimer] INFO  c.n.e.r.AbstractInstanceRegistry - Running the evict task with compensationTime 0ms
2023-08-30 22:24:19.996 [Eureka-EvictionTimer] INFO  c.n.e.r.AbstractInstanceRegistry - Running the evict task with compensationTime 0ms
2023-08-30 22:24:24.996 [Eureka-EvictionTimer] INFO  c.n.e.r.AbstractInstanceRegistry - Running the evict task with compensationTime 0ms
2023-08-30 22:24:29.996 [Eureka-EvictionTimer] INFO  c.n.e.r.AbstractInstanceRegistry - Running the evict task with compensationTime 0ms
2023-08-30 22:24:34.996 [Eureka-EvictionTimer] INFO  c.n.e.r.AbstractInstanceRegistry - Running the evict task with compensationTime 0ms
2023-08-30 22:24:39.996 [Eureka-EvictionTimer] INFO  c.n.e.r.AbstractInstanceRegistry - Running the evict task with compensationTime 0ms
2023-08-30 22:24:44.996 [Eureka-EvictionTimer] INFO  c.n.e.r.AbstractInstanceRegistry - Running the evict task with compensationTime 0ms
2023-08-30 22:24:49.996 [Eureka-EvictionTimer] INFO  c.n.e.r.AbstractInstanceRegistry - Running the evict task with compensationTime 0ms
2023-08-30 22:24:54.996 [Eureka-EvictionTimer] INFO  c.n.e.r.AbstractInstanceRegistry - Running the evict task with compensationTime 0ms
2023-08-30 22:24:59.996 [Eureka-EvictionTimer] INFO  c.n.e.r.AbstractInstanceRegistry - Running the evict task with compensationTime 0ms
2023-08-30 22:25:04.996 [Eureka-EvictionTimer] INFO  c.n.e.r.AbstractInstanceRegistry - Running the evict task with compensationTime 0ms
2023-08-30 22:25:09.996 [Eureka-EvictionTimer] INFO  c.n.e.r.AbstractInstanceRegistry - Running the evict task with compensationTime 0ms
2023-08-30 22:25:14.996 [Eureka-EvictionTimer] INFO  c.n.e.r.AbstractInstanceRegistry - Running the evict task with compensationTime 0ms
2023-08-30 22:25:19.996 [Eureka-EvictionTimer] INFO  c.n.e.r.AbstractInstanceRegistry - Running the evict task with compensationTime 0ms
2023-08-30 22:25:24.996 [Eureka-EvictionTimer] INFO  c.n.e.r.AbstractInstanceRegistry - Running the evict task with compensationTime 0ms
2023-08-30 22:25:29.996 [Eureka-EvictionTimer] INFO  c.n.e.r.AbstractInstanceRegistry - Running the evict task with compensationTime 0ms
2023-08-30 22:25:34.996 [Eureka-EvictionTimer] INFO  c.n.e.r.AbstractInstanceRegistry - Running the evict task with compensationTime 0ms
2023-08-30 22:25:39.996 [Eureka-EvictionTimer] INFO  c.n.e.r.AbstractInstanceRegistry - Running the evict task with compensationTime 0ms
2023-08-30 22:25:44.996 [Eureka-EvictionTimer] INFO  c.n.e.r.AbstractInstanceRegistry - Running the evict task with compensationTime 0ms
2023-08-30 22:25:49.996 [Eureka-EvictionTimer] INFO  c.n.e.r.AbstractInstanceRegistry - Running the evict task with compensationTime 0ms
2023-08-30 22:25:54.996 [Eureka-EvictionTimer] INFO  c.n.e.r.AbstractInstanceRegistry - Running the evict task with compensationTime 0ms
2023-08-30 22:25:59.996 [Eureka-EvictionTimer] INFO  c.n.e.r.AbstractInstanceRegistry - Running the evict task with compensationTime 0ms
2023-08-30 22:26:04.996 [Eureka-EvictionTimer] INFO  c.n.e.r.AbstractInstanceRegistry - Running the evict task with compensationTime 0ms
2023-08-30 22:26:09.996 [Eureka-EvictionTimer] INFO  c.n.e.r.AbstractInstanceRegistry - Running the evict task with compensationTime 0ms
2023-08-30 22:26:14.996 [Eureka-EvictionTimer] INFO  c.n.e.r.AbstractInstanceRegistry - Running the evict task with compensationTime 0ms
2023-08-30 22:26:19.996 [Eureka-EvictionTimer] INFO  c.n.e.r.AbstractInstanceRegistry - Running the evict task with compensationTime 0ms
2023-08-30 22:26:24.996 [Eureka-EvictionTimer] INFO  c.n.e.r.AbstractInstanceRegistry - Running the evict task with compensationTime 0ms
2023-08-30 22:26:29.996 [Eureka-EvictionTimer] INFO  c.n.e.r.AbstractInstanceRegistry - Running the evict task with compensationTime 0ms
2023-08-30 22:26:34.996 [Eureka-EvictionTimer] INFO  c.n.e.r.AbstractInstanceRegistry - Running the evict task with compensationTime 0ms
2023-08-30 22:26:39.996 [Eureka-EvictionTimer] INFO  c.n.e.r.AbstractInstanceRegistry - Running the evict task with compensationTime 0ms
2023-08-30 22:26:44.996 [Eureka-EvictionTimer] INFO  c.n.e.r.AbstractInstanceRegistry - Running the evict task with compensationTime 0ms
2023-08-30 22:26:49.996 [Eureka-EvictionTimer] INFO  c.n.e.r.AbstractInstanceRegistry - Running the evict task with compensationTime 0ms
2023-08-30 22:26:54.996 [Eureka-EvictionTimer] INFO  c.n.e.r.AbstractInstanceRegistry - Running the evict task with compensationTime 0ms
2023-08-30 22:26:59.996 [Eureka-EvictionTimer] INFO  c.n.e.r.AbstractInstanceRegistry - Running the evict task with compensationTime 0ms
2023-08-30 22:27:04.996 [Eureka-EvictionTimer] INFO  c.n.e.r.AbstractInstanceRegistry - Running the evict task with compensationTime 0ms
2023-08-30 22:27:09.996 [Eureka-EvictionTimer] INFO  c.n.e.r.AbstractInstanceRegistry - Running the evict task with compensationTime 0ms
2023-08-30 22:27:14.996 [Eureka-EvictionTimer] INFO  c.n.e.r.AbstractInstanceRegistry - Running the evict task with compensationTime 0ms
2023-08-30 22:27:19.996 [Eureka-EvictionTimer] INFO  c.n.e.r.AbstractInstanceRegistry - Running the evict task with compensationTime 0ms
2023-08-30 22:27:24.996 [Eureka-EvictionTimer] INFO  c.n.e.r.AbstractInstanceRegistry - Running the evict task with compensationTime 0ms
2023-08-30 22:27:29.996 [Eureka-EvictionTimer] INFO  c.n.e.r.AbstractInstanceRegistry - Running the evict task with compensationTime 0ms
2023-08-30 22:27:34.996 [Eureka-EvictionTimer] INFO  c.n.e.r.AbstractInstanceRegistry - Running the evict task with compensationTime 0ms
2023-08-30 22:27:39.996 [Eureka-EvictionTimer] INFO  c.n.e.r.AbstractInstanceRegistry - Running the evict task with compensationTime 0ms
2023-08-30 22:27:44.996 [Eureka-EvictionTimer] INFO  c.n.e.r.AbstractInstanceRegistry - Running the evict task with compensationTime 0ms
2023-08-30 22:27:49.996 [Eureka-EvictionTimer] INFO  c.n.e.r.AbstractInstanceRegistry - Running the evict task with compensationTime 0ms
2023-08-30 22:27:54.996 [Eureka-EvictionTimer] INFO  c.n.e.r.AbstractInstanceRegistry - Running the evict task with compensationTime 0ms
2023-08-30 22:27:59.996 [Eureka-EvictionTimer] INFO  c.n.e.r.AbstractInstanceRegistry - Running the evict task with compensationTime 0ms
2023-08-30 22:28:04.996 [Eureka-EvictionTimer] INFO  c.n.e.r.AbstractInstanceRegistry - Running the evict task with compensationTime 0ms
2023-08-30 22:28:09.996 [Eureka-EvictionTimer] INFO  c.n.e.r.AbstractInstanceRegistry - Running the evict task with compensationTime 0ms
2023-08-30 22:28:14.996 [Eureka-EvictionTimer] INFO  c.n.e.r.AbstractInstanceRegistry - Running the evict task with compensationTime 0ms
2023-08-30 22:28:19.996 [Eureka-EvictionTimer] INFO  c.n.e.r.AbstractInstanceRegistry - Running the evict task with compensationTime 0ms
2023-08-30 22:28:24.996 [Eureka-EvictionTimer] INFO  c.n.e.r.AbstractInstanceRegistry - Running the evict task with compensationTime 0ms
2023-08-30 22:28:29.996 [Eureka-EvictionTimer] INFO  c.n.e.r.AbstractInstanceRegistry - Running the evict task with compensationTime 0ms
2023-08-30 22:28:34.996 [Eureka-EvictionTimer] INFO  c.n.e.r.AbstractInstanceRegistry - Running the evict task with compensationTime 0ms
2023-08-30 22:28:39.996 [Eureka-EvictionTimer] INFO  c.n.e.r.AbstractInstanceRegistry - Running the evict task with compensationTime 0ms
2023-08-30 22:28:44.996 [Eureka-EvictionTimer] INFO  c.n.e.r.AbstractInstanceRegistry - Running the evict task with compensationTime 0ms
2023-08-30 22:28:49.996 [Eureka-EvictionTimer] INFO  c.n.e.r.AbstractInstanceRegistry - Running the evict task with compensationTime 0ms
2023-08-30 22:28:54.996 [Eureka-EvictionTimer] INFO  c.n.e.r.AbstractInstanceRegistry - Running the evict task with compensationTime 0ms
2023-08-30 22:28:59.996 [Eureka-EvictionTimer] INFO  c.n.e.r.AbstractInstanceRegistry - Running the evict task with compensationTime 0ms
2023-08-30 22:29:04.996 [Eureka-EvictionTimer] INFO  c.n.e.r.AbstractInstanceRegistry - Running the evict task with compensationTime 0ms
2023-08-30 22:29:09.996 [Eureka-EvictionTimer] INFO  c.n.e.r.AbstractInstanceRegistry - Running the evict task with compensationTime 0ms
2023-08-30 22:29:14.996 [Eureka-EvictionTimer] INFO  c.n.e.r.AbstractInstanceRegistry - Running the evict task with compensationTime 0ms
2023-08-30 22:29:19.996 [Eureka-EvictionTimer] INFO  c.n.e.r.AbstractInstanceRegistry - Running the evict task with compensationTime 0ms
2023-08-30 22:29:24.996 [Eureka-EvictionTimer] INFO  c.n.e.r.AbstractInstanceRegistry - Running the evict task with compensationTime 0ms
2023-08-30 22:29:29.996 [Eureka-EvictionTimer] INFO  c.n.e.r.AbstractInstanceRegistry - Running the evict task with compensationTime 0ms
2023-08-30 22:29:34.996 [Eureka-EvictionTimer] INFO  c.n.e.r.AbstractInstanceRegistry - Running the evict task with compensationTime 0ms
2023-08-30 22:29:39.996 [Eureka-EvictionTimer] INFO  c.n.e.r.AbstractInstanceRegistry - Running the evict task with compensationTime 0ms
2023-08-30 22:29:44.996 [Eureka-EvictionTimer] INFO  c.n.e.r.AbstractInstanceRegistry - Running the evict task with compensationTime 0ms
2023-08-30 22:29:49.996 [Eureka-EvictionTimer] INFO  c.n.e.r.AbstractInstanceRegistry - Running the evict task with compensationTime 0ms
2023-08-30 22:29:54.996 [Eureka-EvictionTimer] INFO  c.n.e.r.AbstractInstanceRegistry - Running the evict task with compensationTime 0ms
2023-08-30 22:29:59.996 [Eureka-EvictionTimer] INFO  c.n.e.r.AbstractInstanceRegistry - Running the evict task with compensationTime 0ms
2023-08-30 22:30:04.996 [Eureka-EvictionTimer] INFO  c.n.e.r.AbstractInstanceRegistry - Running the evict task with compensationTime 0ms
2023-08-30 22:30:09.996 [Eureka-EvictionTimer] INFO  c.n.e.r.AbstractInstanceRegistry - Running the evict task with compensationTime 0ms
2023-08-30 22:30:14.996 [Eureka-EvictionTimer] INFO  c.n.e.r.AbstractInstanceRegistry - Running the evict task with compensationTime 0ms
2023-08-30 22:30:19.996 [Eureka-EvictionTimer] INFO  c.n.e.r.AbstractInstanceRegistry - Running the evict task with compensationTime 0ms
2023-08-30 22:30:24.996 [Eureka-EvictionTimer] INFO  c.n.e.r.AbstractInstanceRegistry - Running the evict task with compensationTime 0ms
2023-08-30 22:30:29.996 [Eureka-EvictionTimer] INFO  c.n.e.r.AbstractInstanceRegistry - Running the evict task with compensationTime 0ms
2023-08-30 22:30:34.996 [Eureka-EvictionTimer] INFO  c.n.e.r.AbstractInstanceRegistry - Running the evict task with compensationTime 0ms
2023-08-30 22:30:39.996 [Eureka-EvictionTimer] INFO  c.n.e.r.AbstractInstanceRegistry - Running the evict task with compensationTime 0ms
2023-08-30 22:30:44.996 [Eureka-EvictionTimer] INFO  c.n.e.r.AbstractInstanceRegistry - Running the evict task with compensationTime 0ms
2023-08-30 22:30:49.996 [Eureka-EvictionTimer] INFO  c.n.e.r.AbstractInstanceRegistry - Running the evict task with compensationTime 0ms
2023-08-30 22:30:54.859 [ReplicaAwareInstanceRegistry - RenewalThresholdUpdater] INFO  c.n.e.r.PeerAwareInstanceRegistryImpl - Current renewal threshold is : 0
2023-08-30 22:30:54.996 [Eureka-EvictionTimer] INFO  c.n.e.r.AbstractInstanceRegistry - Running the evict task with compensationTime 0ms
2023-08-30 22:30:59.996 [Eureka-EvictionTimer] INFO  c.n.e.r.AbstractInstanceRegistry - Running the evict task with compensationTime 0ms
2023-08-30 22:31:04.996 [Eureka-EvictionTimer] INFO  c.n.e.r.AbstractInstanceRegistry - Running the evict task with compensationTime 0ms
2023-08-30 22:31:09.996 [Eureka-EvictionTimer] INFO  c.n.e.r.AbstractInstanceRegistry - Running the evict task with compensationTime 0ms
2023-08-30 22:31:14.996 [Eureka-EvictionTimer] INFO  c.n.e.r.AbstractInstanceRegistry - Running the evict task with compensationTime 0ms
2023-08-30 22:31:19.996 [Eureka-EvictionTimer] INFO  c.n.e.r.AbstractInstanceRegistry - Running the evict task with compensationTime 0ms
2023-08-30 22:31:24.996 [Eureka-EvictionTimer] INFO  c.n.e.r.AbstractInstanceRegistry - Running the evict task with compensationTime 0ms
2023-08-30 22:31:29.996 [Eureka-EvictionTimer] INFO  c.n.e.r.AbstractInstanceRegistry - Running the evict task with compensationTime 0ms
2023-08-30 22:31:34.996 [Eureka-EvictionTimer] INFO  c.n.e.r.AbstractInstanceRegistry - Running the evict task with compensationTime 0ms
2023-08-30 22:31:39.996 [Eureka-EvictionTimer] INFO  c.n.e.r.AbstractInstanceRegistry - Running the evict task with compensationTime 0ms
2023-08-30 22:31:44.996 [Eureka-EvictionTimer] INFO  c.n.e.r.AbstractInstanceRegistry - Running the evict task with compensationTime 0ms
2023-08-30 22:31:49.996 [Eureka-EvictionTimer] INFO  c.n.e.r.AbstractInstanceRegistry - Running the evict task with compensationTime 0ms
2023-08-30 22:31:54.996 [Eureka-EvictionTimer] INFO  c.n.e.r.AbstractInstanceRegistry - Running the evict task with compensationTime 0ms
2023-08-30 22:31:59.996 [Eureka-EvictionTimer] INFO  c.n.e.r.AbstractInstanceRegistry - Running the evict task with compensationTime 0ms
2023-08-30 22:32:04.996 [Eureka-EvictionTimer] INFO  c.n.e.r.AbstractInstanceRegistry - Running the evict task with compensationTime 0ms
2023-08-30 22:32:09.996 [Eureka-EvictionTimer] INFO  c.n.e.r.AbstractInstanceRegistry - Running the evict task with compensationTime 0ms
2023-08-30 22:32:14.996 [Eureka-EvictionTimer] INFO  c.n.e.r.AbstractInstanceRegistry - Running the evict task with compensationTime 0ms
2023-08-30 22:32:19.996 [Eureka-EvictionTimer] INFO  c.n.e.r.AbstractInstanceRegistry - Running the evict task with compensationTime 0ms
2023-08-30 22:32:24.996 [Eureka-EvictionTimer] INFO  c.n.e.r.AbstractInstanceRegistry - Running the evict task with compensationTime 0ms
2023-08-30 22:32:29.996 [Eureka-EvictionTimer] INFO  c.n.e.r.AbstractInstanceRegistry - Running the evict task with compensationTime 0ms
2023-08-30 22:32:34.996 [Eureka-EvictionTimer] INFO  c.n.e.r.AbstractInstanceRegistry - Running the evict task with compensationTime 0ms
2023-08-30 22:32:39.996 [Eureka-EvictionTimer] INFO  c.n.e.r.AbstractInstanceRegistry - Running the evict task with compensationTime 0ms
2023-08-30 22:32:44.996 [Eureka-EvictionTimer] INFO  c.n.e.r.AbstractInstanceRegistry - Running the evict task with compensationTime 0ms
2023-08-30 22:32:49.996 [Eureka-EvictionTimer] INFO  c.n.e.r.AbstractInstanceRegistry - Running the evict task with compensationTime 0ms
2023-08-30 22:32:54.996 [Eureka-EvictionTimer] INFO  c.n.e.r.AbstractInstanceRegistry - Running the evict task with compensationTime 0ms
2023-08-30 22:32:59.996 [Eureka-EvictionTimer] INFO  c.n.e.r.AbstractInstanceRegistry - Running the evict task with compensationTime 0ms
2023-08-30 22:33:04.996 [Eureka-EvictionTimer] INFO  c.n.e.r.AbstractInstanceRegistry - Running the evict task with compensationTime 0ms
2023-08-30 22:33:09.996 [Eureka-EvictionTimer] INFO  c.n.e.r.AbstractInstanceRegistry - Running the evict task with compensationTime 0ms
2023-08-30 22:33:14.996 [Eureka-EvictionTimer] INFO  c.n.e.r.AbstractInstanceRegistry - Running the evict task with compensationTime 0ms
2023-08-30 22:33:19.996 [Eureka-EvictionTimer] INFO  c.n.e.r.AbstractInstanceRegistry - Running the evict task with compensationTime 0ms
2023-08-30 22:33:24.996 [Eureka-EvictionTimer] INFO  c.n.e.r.AbstractInstanceRegistry - Running the evict task with compensationTime 0ms
2023-08-30 22:33:29.996 [Eureka-EvictionTimer] INFO  c.n.e.r.AbstractInstanceRegistry - Running the evict task with compensationTime 0ms
2023-08-30 22:33:34.996 [Eureka-EvictionTimer] INFO  c.n.e.r.AbstractInstanceRegistry - Running the evict task with compensationTime 0ms
2023-08-30 22:33:39.996 [Eureka-EvictionTimer] INFO  c.n.e.r.AbstractInstanceRegistry - Running the evict task with compensationTime 0ms
2023-08-30 22:33:44.996 [Eureka-EvictionTimer] INFO  c.n.e.r.AbstractInstanceRegistry - Running the evict task with compensationTime 0ms
2023-08-30 22:33:49.996 [Eureka-EvictionTimer] INFO  c.n.e.r.AbstractInstanceRegistry - Running the evict task with compensationTime 0ms
2023-08-30 22:33:54.996 [Eureka-EvictionTimer] INFO  c.n.e.r.AbstractInstanceRegistry - Running the evict task with compensationTime 0ms
2023-08-30 22:33:59.996 [Eureka-EvictionTimer] INFO  c.n.e.r.AbstractInstanceRegistry - Running the evict task with compensationTime 0ms
2023-08-30 22:34:04.996 [Eureka-EvictionTimer] INFO  c.n.e.r.AbstractInstanceRegistry - Running the evict task with compensationTime 0ms
2023-08-30 22:34:09.996 [Eureka-EvictionTimer] INFO  c.n.e.r.AbstractInstanceRegistry - Running the evict task with compensationTime 0ms
2023-08-30 22:34:14.996 [Eureka-EvictionTimer] INFO  c.n.e.r.AbstractInstanceRegistry - Running the evict task with compensationTime 0ms
2023-08-30 22:34:19.996 [Eureka-EvictionTimer] INFO  c.n.e.r.AbstractInstanceRegistry - Running the evict task with compensationTime 0ms
2023-08-30 22:34:24.996 [Eureka-EvictionTimer] INFO  c.n.e.r.AbstractInstanceRegistry - Running the evict task with compensationTime 0ms
2023-08-30 22:34:29.996 [Eureka-EvictionTimer] INFO  c.n.e.r.AbstractInstanceRegistry - Running the evict task with compensationTime 0ms
2023-08-30 22:34:34.996 [Eureka-EvictionTimer] INFO  c.n.e.r.AbstractInstanceRegistry - Running the evict task with compensationTime 0ms
2023-08-30 22:34:39.996 [Eureka-EvictionTimer] INFO  c.n.e.r.AbstractInstanceRegistry - Running the evict task with compensationTime 0ms
2023-08-30 22:34:44.996 [Eureka-EvictionTimer] INFO  c.n.e.r.AbstractInstanceRegistry - Running the evict task with compensationTime 0ms
2023-08-30 22:34:49.996 [Eureka-EvictionTimer] INFO  c.n.e.r.AbstractInstanceRegistry - Running the evict task with compensationTime 0ms
2023-08-30 22:34:54.996 [Eureka-EvictionTimer] INFO  c.n.e.r.AbstractInstanceRegistry - Running the evict task with compensationTime 0ms
2023-08-30 22:34:59.996 [Eureka-EvictionTimer] INFO  c.n.e.r.AbstractInstanceRegistry - Running the evict task with compensationTime 0ms
2023-08-30 22:35:04.996 [Eureka-EvictionTimer] INFO  c.n.e.r.AbstractInstanceRegistry - Running the evict task with compensationTime 0ms
2023-08-30 22:35:09.996 [Eureka-EvictionTimer] INFO  c.n.e.r.AbstractInstanceRegistry - Running the evict task with compensationTime 0ms
2023-08-30 22:35:14.996 [Eureka-EvictionTimer] INFO  c.n.e.r.AbstractInstanceRegistry - Running the evict task with compensationTime 0ms
2023-08-30 22:35:19.996 [Eureka-EvictionTimer] INFO  c.n.e.r.AbstractInstanceRegistry - Running the evict task with compensationTime 0ms
2023-08-30 22:35:24.996 [Eureka-EvictionTimer] INFO  c.n.e.r.AbstractInstanceRegistry - Running the evict task with compensationTime 0ms
2023-08-30 22:35:29.996 [Eureka-EvictionTimer] INFO  c.n.e.r.AbstractInstanceRegistry - Running the evict task with compensationTime 0ms
2023-08-30 22:35:34.996 [Eureka-EvictionTimer] INFO  c.n.e.r.AbstractInstanceRegistry - Running the evict task with compensationTime 0ms
2023-08-30 22:35:39.996 [Eureka-EvictionTimer] INFO  c.n.e.r.AbstractInstanceRegistry - Running the evict task with compensationTime 0ms
2023-08-30 22:35:44.996 [Eureka-EvictionTimer] INFO  c.n.e.r.AbstractInstanceRegistry - Running the evict task with compensationTime 0ms
2023-08-30 22:35:49.996 [Eureka-EvictionTimer] INFO  c.n.e.r.AbstractInstanceRegistry - Running the evict task with compensationTime 0ms
2023-08-30 22:35:54.996 [Eureka-EvictionTimer] INFO  c.n.e.r.AbstractInstanceRegistry - Running the evict task with compensationTime 0ms
2023-08-30 22:35:59.996 [Eureka-EvictionTimer] INFO  c.n.e.r.AbstractInstanceRegistry - Running the evict task with compensationTime 0ms
2023-08-30 22:36:04.996 [Eureka-EvictionTimer] INFO  c.n.e.r.AbstractInstanceRegistry - Running the evict task with compensationTime 0ms
2023-08-30 22:36:09.996 [Eureka-EvictionTimer] INFO  c.n.e.r.AbstractInstanceRegistry - Running the evict task with compensationTime 0ms
2023-08-30 22:36:14.996 [Eureka-EvictionTimer] INFO  c.n.e.r.AbstractInstanceRegistry - Running the evict task with compensationTime 0ms
2023-08-30 22:36:19.996 [Eureka-EvictionTimer] INFO  c.n.e.r.AbstractInstanceRegistry - Running the evict task with compensationTime 0ms
2023-08-30 22:36:24.996 [Eureka-EvictionTimer] INFO  c.n.e.r.AbstractInstanceRegistry - Running the evict task with compensationTime 0ms
2023-08-30 22:36:29.996 [Eureka-EvictionTimer] INFO  c.n.e.r.AbstractInstanceRegistry - Running the evict task with compensationTime 0ms
2023-08-30 22:36:34.996 [Eureka-EvictionTimer] INFO  c.n.e.r.AbstractInstanceRegistry - Running the evict task with compensationTime 0ms
2023-08-30 22:36:39.996 [Eureka-EvictionTimer] INFO  c.n.e.r.AbstractInstanceRegistry - Running the evict task with compensationTime 0ms
2023-08-30 22:36:44.996 [Eureka-EvictionTimer] INFO  c.n.e.r.AbstractInstanceRegistry - Running the evict task with compensationTime 0ms
2023-08-30 22:36:49.996 [Eureka-EvictionTimer] INFO  c.n.e.r.AbstractInstanceRegistry - Running the evict task with compensationTime 0ms
2023-08-30 22:36:54.996 [Eureka-EvictionTimer] INFO  c.n.e.r.AbstractInstanceRegistry - Running the evict task with compensationTime 0ms
2023-08-30 22:36:59.996 [Eureka-EvictionTimer] INFO  c.n.e.r.AbstractInstanceRegistry - Running the evict task with compensationTime 0ms
2023-08-30 22:37:04.996 [Eureka-EvictionTimer] INFO  c.n.e.r.AbstractInstanceRegistry - Running the evict task with compensationTime 0ms
2023-08-30 22:37:09.996 [Eureka-EvictionTimer] INFO  c.n.e.r.AbstractInstanceRegistry - Running the evict task with compensationTime 0ms
2023-08-30 22:37:14.996 [Eureka-EvictionTimer] INFO  c.n.e.r.AbstractInstanceRegistry - Running the evict task with compensationTime 0ms
2023-08-30 22:37:19.996 [Eureka-EvictionTimer] INFO  c.n.e.r.AbstractInstanceRegistry - Running the evict task with compensationTime 0ms
2023-08-30 22:37:24.996 [Eureka-EvictionTimer] INFO  c.n.e.r.AbstractInstanceRegistry - Running the evict task with compensationTime 0ms
2023-08-30 22:37:29.996 [Eureka-EvictionTimer] INFO  c.n.e.r.AbstractInstanceRegistry - Running the evict task with compensationTime 0ms
2023-08-30 22:37:34.996 [Eureka-EvictionTimer] INFO  c.n.e.r.AbstractInstanceRegistry - Running the evict task with compensationTime 0ms
2023-08-30 22:37:39.996 [Eureka-EvictionTimer] INFO  c.n.e.r.AbstractInstanceRegistry - Running the evict task with compensationTime 0ms
2023-08-30 22:37:44.996 [Eureka-EvictionTimer] INFO  c.n.e.r.AbstractInstanceRegistry - Running the evict task with compensationTime 0ms
2023-08-30 22:37:49.996 [Eureka-EvictionTimer] INFO  c.n.e.r.AbstractInstanceRegistry - Running the evict task with compensationTime 0ms
2023-08-30 22:37:54.996 [Eureka-EvictionTimer] INFO  c.n.e.r.AbstractInstanceRegistry - Running the evict task with compensationTime 0ms
2023-08-30 22:37:59.996 [Eureka-EvictionTimer] INFO  c.n.e.r.AbstractInstanceRegistry - Running the evict task with compensationTime 0ms
2023-08-30 22:38:04.996 [Eureka-EvictionTimer] INFO  c.n.e.r.AbstractInstanceRegistry - Running the evict task with compensationTime 0ms
2023-08-30 22:38:09.996 [Eureka-EvictionTimer] INFO  c.n.e.r.AbstractInstanceRegistry - Running the evict task with compensationTime 0ms
2023-08-30 22:38:14.996 [Eureka-EvictionTimer] INFO  c.n.e.r.AbstractInstanceRegistry - Running the evict task with compensationTime 0ms
2023-08-30 22:38:19.996 [Eureka-EvictionTimer] INFO  c.n.e.r.AbstractInstanceRegistry - Running the evict task with compensationTime 0ms
2023-08-30 22:38:24.996 [Eureka-EvictionTimer] INFO  c.n.e.r.AbstractInstanceRegistry - Running the evict task with compensationTime 0ms
2023-08-30 22:38:29.996 [Eureka-EvictionTimer] INFO  c.n.e.r.AbstractInstanceRegistry - Running the evict task with compensationTime 0ms
2023-08-30 22:38:34.996 [Eureka-EvictionTimer] INFO  c.n.e.r.AbstractInstanceRegistry - Running the evict task with compensationTime 0ms
2023-08-30 22:38:39.996 [Eureka-EvictionTimer] INFO  c.n.e.r.AbstractInstanceRegistry - Running the evict task with compensationTime 0ms
2023-08-30 22:38:44.996 [Eureka-EvictionTimer] INFO  c.n.e.r.AbstractInstanceRegistry - Running the evict task with compensationTime 0ms
2023-08-30 22:38:49.996 [Eureka-EvictionTimer] INFO  c.n.e.r.AbstractInstanceRegistry - Running the evict task with compensationTime 0ms
2023-08-30 22:38:54.996 [Eureka-EvictionTimer] INFO  c.n.e.r.AbstractInstanceRegistry - Running the evict task with compensationTime 0ms
2023-08-30 22:38:59.996 [Eureka-EvictionTimer] INFO  c.n.e.r.AbstractInstanceRegistry - Running the evict task with compensationTime 0ms
2023-08-30 22:39:04.996 [Eureka-EvictionTimer] INFO  c.n.e.r.AbstractInstanceRegistry - Running the evict task with compensationTime 0ms
2023-08-30 22:39:09.996 [Eureka-EvictionTimer] INFO  c.n.e.r.AbstractInstanceRegistry - Running the evict task with compensationTime 0ms
2023-08-30 22:39:14.996 [Eureka-EvictionTimer] INFO  c.n.e.r.AbstractInstanceRegistry - Running the evict task with compensationTime 0ms
2023-08-30 22:39:19.996 [Eureka-EvictionTimer] INFO  c.n.e.r.AbstractInstanceRegistry - Running the evict task with compensationTime 0ms
2023-08-30 22:39:24.996 [Eureka-EvictionTimer] INFO  c.n.e.r.AbstractInstanceRegistry - Running the evict task with compensationTime 0ms
2023-08-30 22:39:29.996 [Eureka-EvictionTimer] INFO  c.n.e.r.AbstractInstanceRegistry - Running the evict task with compensationTime 0ms
2023-08-30 22:39:34.996 [Eureka-EvictionTimer] INFO  c.n.e.r.AbstractInstanceRegistry - Running the evict task with compensationTime 0ms
2023-08-30 22:39:39.996 [Eureka-EvictionTimer] INFO  c.n.e.r.AbstractInstanceRegistry - Running the evict task with compensationTime 0ms
2023-08-30 22:39:44.996 [Eureka-EvictionTimer] INFO  c.n.e.r.AbstractInstanceRegistry - Running the evict task with compensationTime 0ms
2023-08-30 22:39:49.996 [Eureka-EvictionTimer] INFO  c.n.e.r.AbstractInstanceRegistry - Running the evict task with compensationTime 0ms
2023-08-30 22:39:54.996 [Eureka-EvictionTimer] INFO  c.n.e.r.AbstractInstanceRegistry - Running the evict task with compensationTime 0ms
2023-08-30 22:39:59.996 [Eureka-EvictionTimer] INFO  c.n.e.r.AbstractInstanceRegistry - Running the evict task with compensationTime 0ms
2023-08-30 22:40:04.996 [Eureka-EvictionTimer] INFO  c.n.e.r.AbstractInstanceRegistry - Running the evict task with compensationTime 0ms
2023-08-30 22:40:09.996 [Eureka-EvictionTimer] INFO  c.n.e.r.AbstractInstanceRegistry - Running the evict task with compensationTime 0ms
2023-08-30 22:40:14.996 [Eureka-EvictionTimer] INFO  c.n.e.r.AbstractInstanceRegistry - Running the evict task with compensationTime 0ms
2023-08-30 22:40:19.996 [Eureka-EvictionTimer] INFO  c.n.e.r.AbstractInstanceRegistry - Running the evict task with compensationTime 0ms
2023-08-30 22:40:24.996 [Eureka-EvictionTimer] INFO  c.n.e.r.AbstractInstanceRegistry - Running the evict task with compensationTime 0ms
2023-08-30 22:40:29.996 [Eureka-EvictionTimer] INFO  c.n.e.r.AbstractInstanceRegistry - Running the evict task with compensationTime 0ms
2023-08-30 22:40:34.996 [Eureka-EvictionTimer] INFO  c.n.e.r.AbstractInstanceRegistry - Running the evict task with compensationTime 0ms
2023-08-30 22:40:39.996 [Eureka-EvictionTimer] INFO  c.n.e.r.AbstractInstanceRegistry - Running the evict task with compensationTime 0ms
2023-08-30 22:40:44.996 [Eureka-EvictionTimer] INFO  c.n.e.r.AbstractInstanceRegistry - Running the evict task with compensationTime 0ms
2023-08-30 22:40:49.996 [Eureka-EvictionTimer] INFO  c.n.e.r.AbstractInstanceRegistry - Running the evict task with compensationTime 0ms
2023-08-30 22:40:54.996 [Eureka-EvictionTimer] INFO  c.n.e.r.AbstractInstanceRegistry - Running the evict task with compensationTime 0ms
2023-08-30 22:40:59.996 [Eureka-EvictionTimer] INFO  c.n.e.r.AbstractInstanceRegistry - Running the evict task with compensationTime 0ms
2023-08-30 22:41:04.996 [Eureka-EvictionTimer] INFO  c.n.e.r.AbstractInstanceRegistry - Running the evict task with compensationTime 0ms
2023-08-30 22:41:09.996 [Eureka-EvictionTimer] INFO  c.n.e.r.AbstractInstanceRegistry - Running the evict task with compensationTime 0ms
2023-08-30 22:41:14.996 [Eureka-EvictionTimer] INFO  c.n.e.r.AbstractInstanceRegistry - Running the evict task with compensationTime 0ms
2023-08-30 22:41:19.996 [Eureka-EvictionTimer] INFO  c.n.e.r.AbstractInstanceRegistry - Running the evict task with compensationTime 0ms
2023-08-30 22:41:24.996 [Eureka-EvictionTimer] INFO  c.n.e.r.AbstractInstanceRegistry - Running the evict task with compensationTime 0ms
2023-08-30 22:41:29.996 [Eureka-EvictionTimer] INFO  c.n.e.r.AbstractInstanceRegistry - Running the evict task with compensationTime 0ms
2023-08-30 22:41:34.996 [Eureka-EvictionTimer] INFO  c.n.e.r.AbstractInstanceRegistry - Running the evict task with compensationTime 0ms
2023-08-30 22:41:39.996 [Eureka-EvictionTimer] INFO  c.n.e.r.AbstractInstanceRegistry - Running the evict task with compensationTime 0ms
2023-08-30 22:41:44.996 [Eureka-EvictionTimer] INFO  c.n.e.r.AbstractInstanceRegistry - Running the evict task with compensationTime 0ms
2023-08-30 22:41:49.996 [Eureka-EvictionTimer] INFO  c.n.e.r.AbstractInstanceRegistry - Running the evict task with compensationTime 0ms
2023-08-30 22:41:54.996 [Eureka-EvictionTimer] INFO  c.n.e.r.AbstractInstanceRegistry - Running the evict task with compensationTime 0ms
2023-08-30 22:41:59.996 [Eureka-EvictionTimer] INFO  c.n.e.r.AbstractInstanceRegistry - Running the evict task with compensationTime 0ms
2023-08-30 22:42:04.996 [Eureka-EvictionTimer] INFO  c.n.e.r.AbstractInstanceRegistry - Running the evict task with compensationTime 0ms
2023-08-30 22:42:09.996 [Eureka-EvictionTimer] INFO  c.n.e.r.AbstractInstanceRegistry - Running the evict task with compensationTime 0ms
2023-08-30 22:42:14.996 [Eureka-EvictionTimer] INFO  c.n.e.r.AbstractInstanceRegistry - Running the evict task with compensationTime 0ms
2023-08-30 22:42:19.996 [Eureka-EvictionTimer] INFO  c.n.e.r.AbstractInstanceRegistry - Running the evict task with compensationTime 0ms
2023-08-30 22:42:24.996 [Eureka-EvictionTimer] INFO  c.n.e.r.AbstractInstanceRegistry - Running the evict task with compensationTime 0ms
2023-08-30 22:42:29.996 [Eureka-EvictionTimer] INFO  c.n.e.r.AbstractInstanceRegistry - Running the evict task with compensationTime 0ms
2023-08-30 22:42:34.996 [Eureka-EvictionTimer] INFO  c.n.e.r.AbstractInstanceRegistry - Running the evict task with compensationTime 0ms
2023-08-30 22:42:39.996 [Eureka-EvictionTimer] INFO  c.n.e.r.AbstractInstanceRegistry - Running the evict task with compensationTime 0ms
2023-08-30 22:42:44.996 [Eureka-EvictionTimer] INFO  c.n.e.r.AbstractInstanceRegistry - Running the evict task with compensationTime 0ms
2023-08-30 22:42:49.996 [Eureka-EvictionTimer] INFO  c.n.e.r.AbstractInstanceRegistry - Running the evict task with compensationTime 0ms
2023-08-30 22:42:54.996 [Eureka-EvictionTimer] INFO  c.n.e.r.AbstractInstanceRegistry - Running the evict task with compensationTime 0ms
2023-08-30 22:42:59.996 [Eureka-EvictionTimer] INFO  c.n.e.r.AbstractInstanceRegistry - Running the evict task with compensationTime 0ms
2023-08-30 22:43:04.996 [Eureka-EvictionTimer] INFO  c.n.e.r.AbstractInstanceRegistry - Running the evict task with compensationTime 0ms
2023-08-30 22:43:09.996 [Eureka-EvictionTimer] INFO  c.n.e.r.AbstractInstanceRegistry - Running the evict task with compensationTime 0ms
2023-08-30 22:43:14.996 [Eureka-EvictionTimer] INFO  c.n.e.r.AbstractInstanceRegistry - Running the evict task with compensationTime 0ms
2023-08-30 22:43:19.996 [Eureka-EvictionTimer] INFO  c.n.e.r.AbstractInstanceRegistry - Running the evict task with compensationTime 0ms
2023-08-30 22:43:24.996 [Eureka-EvictionTimer] INFO  c.n.e.r.AbstractInstanceRegistry - Running the evict task with compensationTime 0ms
2023-08-30 22:43:29.996 [Eureka-EvictionTimer] INFO  c.n.e.r.AbstractInstanceRegistry - Running the evict task with compensationTime 0ms
2023-08-30 22:43:34.996 [Eureka-EvictionTimer] INFO  c.n.e.r.AbstractInstanceRegistry - Running the evict task with compensationTime 0ms
2023-08-30 22:43:39.996 [Eureka-EvictionTimer] INFO  c.n.e.r.AbstractInstanceRegistry - Running the evict task with compensationTime 0ms
2023-08-30 22:43:44.996 [Eureka-EvictionTimer] INFO  c.n.e.r.AbstractInstanceRegistry - Running the evict task with compensationTime 0ms
2023-08-30 22:43:49.996 [Eureka-EvictionTimer] INFO  c.n.e.r.AbstractInstanceRegistry - Running the evict task with compensationTime 0ms
2023-08-30 22:43:54.996 [Eureka-EvictionTimer] INFO  c.n.e.r.AbstractInstanceRegistry - Running the evict task with compensationTime 0ms
2023-08-30 22:43:59.996 [Eureka-EvictionTimer] INFO  c.n.e.r.AbstractInstanceRegistry - Running the evict task with compensationTime 0ms
2023-08-30 22:44:04.996 [Eureka-EvictionTimer] INFO  c.n.e.r.AbstractInstanceRegistry - Running the evict task with compensationTime 0ms
2023-08-30 22:44:09.996 [Eureka-EvictionTimer] INFO  c.n.e.r.AbstractInstanceRegistry - Running the evict task with compensationTime 0ms
2023-08-30 22:44:14.996 [Eureka-EvictionTimer] INFO  c.n.e.r.AbstractInstanceRegistry - Running the evict task with compensationTime 0ms
2023-08-30 22:44:19.996 [Eureka-EvictionTimer] INFO  c.n.e.r.AbstractInstanceRegistry - Running the evict task with compensationTime 0ms
2023-08-30 22:44:24.996 [Eureka-EvictionTimer] INFO  c.n.e.r.AbstractInstanceRegistry - Running the evict task with compensationTime 0ms
2023-08-30 22:44:29.996 [Eureka-EvictionTimer] INFO  c.n.e.r.AbstractInstanceRegistry - Running the evict task with compensationTime 0ms
2023-08-30 22:44:34.996 [Eureka-EvictionTimer] INFO  c.n.e.r.AbstractInstanceRegistry - Running the evict task with compensationTime 0ms
2023-08-30 22:44:39.996 [Eureka-EvictionTimer] INFO  c.n.e.r.AbstractInstanceRegistry - Running the evict task with compensationTime 0ms
2023-08-30 22:44:44.996 [Eureka-EvictionTimer] INFO  c.n.e.r.AbstractInstanceRegistry - Running the evict task with compensationTime 0ms
2023-08-30 22:44:49.996 [Eureka-EvictionTimer] INFO  c.n.e.r.AbstractInstanceRegistry - Running the evict task with compensationTime 0ms
2023-08-30 22:44:54.996 [Eureka-EvictionTimer] INFO  c.n.e.r.AbstractInstanceRegistry - Running the evict task with compensationTime 0ms
2023-08-30 22:44:59.996 [Eureka-EvictionTimer] INFO  c.n.e.r.AbstractInstanceRegistry - Running the evict task with compensationTime 0ms
2023-08-30 22:45:04.996 [Eureka-EvictionTimer] INFO  c.n.e.r.AbstractInstanceRegistry - Running the evict task with compensationTime 0ms
2023-08-30 22:45:09.996 [Eureka-EvictionTimer] INFO  c.n.e.r.AbstractInstanceRegistry - Running the evict task with compensationTime 0ms
2023-08-30 22:45:14.996 [Eureka-EvictionTimer] INFO  c.n.e.r.AbstractInstanceRegistry - Running the evict task with compensationTime 0ms
2023-08-30 22:45:19.996 [Eureka-EvictionTimer] INFO  c.n.e.r.AbstractInstanceRegistry - Running the evict task with compensationTime 0ms
2023-08-30 22:45:24.996 [Eureka-EvictionTimer] INFO  c.n.e.r.AbstractInstanceRegistry - Running the evict task with compensationTime 0ms
2023-08-30 22:45:29.996 [Eureka-EvictionTimer] INFO  c.n.e.r.AbstractInstanceRegistry - Running the evict task with compensationTime 0ms
2023-08-30 22:45:34.996 [Eureka-EvictionTimer] INFO  c.n.e.r.AbstractInstanceRegistry - Running the evict task with compensationTime 0ms
2023-08-30 22:45:39.996 [Eureka-EvictionTimer] INFO  c.n.e.r.AbstractInstanceRegistry - Running the evict task with compensationTime 0ms
2023-08-30 22:45:44.996 [Eureka-EvictionTimer] INFO  c.n.e.r.AbstractInstanceRegistry - Running the evict task with compensationTime 0ms
2023-08-30 22:45:49.996 [Eureka-EvictionTimer] INFO  c.n.e.r.AbstractInstanceRegistry - Running the evict task with compensationTime 0ms
2023-08-30 22:45:54.859 [ReplicaAwareInstanceRegistry - RenewalThresholdUpdater] INFO  c.n.e.r.PeerAwareInstanceRegistryImpl - Current renewal threshold is : 0
2023-08-30 22:45:54.996 [Eureka-EvictionTimer] INFO  c.n.e.r.AbstractInstanceRegistry - Running the evict task with compensationTime 0ms
2023-08-30 22:45:59.996 [Eureka-EvictionTimer] INFO  c.n.e.r.AbstractInstanceRegistry - Running the evict task with compensationTime 0ms
2023-08-30 22:46:04.996 [Eureka-EvictionTimer] INFO  c.n.e.r.AbstractInstanceRegistry - Running the evict task with compensationTime 0ms
2023-08-30 22:46:09.996 [Eureka-EvictionTimer] INFO  c.n.e.r.AbstractInstanceRegistry - Running the evict task with compensationTime 0ms
2023-08-30 22:46:14.996 [Eureka-EvictionTimer] INFO  c.n.e.r.AbstractInstanceRegistry - Running the evict task with compensationTime 0ms
2023-08-30 22:46:19.996 [Eureka-EvictionTimer] INFO  c.n.e.r.AbstractInstanceRegistry - Running the evict task with compensationTime 0ms
2023-08-30 22:46:24.996 [Eureka-EvictionTimer] INFO  c.n.e.r.AbstractInstanceRegistry - Running the evict task with compensationTime 0ms
2023-08-30 22:46:29.996 [Eureka-EvictionTimer] INFO  c.n.e.r.AbstractInstanceRegistry - Running the evict task with compensationTime 0ms
2023-08-30 22:46:34.996 [Eureka-EvictionTimer] INFO  c.n.e.r.AbstractInstanceRegistry - Running the evict task with compensationTime 0ms
2023-08-30 22:46:39.996 [Eureka-EvictionTimer] INFO  c.n.e.r.AbstractInstanceRegistry - Running the evict task with compensationTime 0ms
2023-08-30 22:46:44.996 [Eureka-EvictionTimer] INFO  c.n.e.r.AbstractInstanceRegistry - Running the evict task with compensationTime 0ms
2023-08-30 22:46:49.996 [Eureka-EvictionTimer] INFO  c.n.e.r.AbstractInstanceRegistry - Running the evict task with compensationTime 0ms
2023-08-30 22:46:54.996 [Eureka-EvictionTimer] INFO  c.n.e.r.AbstractInstanceRegistry - Running the evict task with compensationTime 0ms
2023-08-30 22:46:59.996 [Eureka-EvictionTimer] INFO  c.n.e.r.AbstractInstanceRegistry - Running the evict task with compensationTime 0ms
2023-08-30 22:47:04.996 [Eureka-EvictionTimer] INFO  c.n.e.r.AbstractInstanceRegistry - Running the evict task with compensationTime 0ms
2023-08-30 22:47:09.996 [Eureka-EvictionTimer] INFO  c.n.e.r.AbstractInstanceRegistry - Running the evict task with compensationTime 0ms
2023-08-30 22:47:14.996 [Eureka-EvictionTimer] INFO  c.n.e.r.AbstractInstanceRegistry - Running the evict task with compensationTime 0ms
2023-08-30 22:47:19.996 [Eureka-EvictionTimer] INFO  c.n.e.r.AbstractInstanceRegistry - Running the evict task with compensationTime 0ms
2023-08-30 22:47:24.996 [Eureka-EvictionTimer] INFO  c.n.e.r.AbstractInstanceRegistry - Running the evict task with compensationTime 0ms
2023-08-30 22:47:29.996 [Eureka-EvictionTimer] INFO  c.n.e.r.AbstractInstanceRegistry - Running the evict task with compensationTime 0ms
2023-08-30 22:47:34.996 [Eureka-EvictionTimer] INFO  c.n.e.r.AbstractInstanceRegistry - Running the evict task with compensationTime 0ms
2023-08-30 22:47:39.996 [Eureka-EvictionTimer] INFO  c.n.e.r.AbstractInstanceRegistry - Running the evict task with compensationTime 0ms
2023-08-30 22:47:44.996 [Eureka-EvictionTimer] INFO  c.n.e.r.AbstractInstanceRegistry - Running the evict task with compensationTime 0ms
2023-08-30 22:47:49.996 [Eureka-EvictionTimer] INFO  c.n.e.r.AbstractInstanceRegistry - Running the evict task with compensationTime 0ms
2023-08-30 22:47:54.996 [Eureka-EvictionTimer] INFO  c.n.e.r.AbstractInstanceRegistry - Running the evict task with compensationTime 0ms
2023-08-30 22:47:59.996 [Eureka-EvictionTimer] INFO  c.n.e.r.AbstractInstanceRegistry - Running the evict task with compensationTime 0ms
2023-08-30 22:48:04.996 [Eureka-EvictionTimer] INFO  c.n.e.r.AbstractInstanceRegistry - Running the evict task with compensationTime 0ms
2023-08-30 22:48:09.996 [Eureka-EvictionTimer] INFO  c.n.e.r.AbstractInstanceRegistry - Running the evict task with compensationTime 0ms
2023-08-30 22:48:14.996 [Eureka-EvictionTimer] INFO  c.n.e.r.AbstractInstanceRegistry - Running the evict task with compensationTime 0ms
2023-08-30 22:48:19.996 [Eureka-EvictionTimer] INFO  c.n.e.r.AbstractInstanceRegistry - Running the evict task with compensationTime 0ms
2023-08-30 22:48:24.996 [Eureka-EvictionTimer] INFO  c.n.e.r.AbstractInstanceRegistry - Running the evict task with compensationTime 0ms
2023-08-30 22:48:29.996 [Eureka-EvictionTimer] INFO  c.n.e.r.AbstractInstanceRegistry - Running the evict task with compensationTime 0ms
2023-08-30 22:48:34.996 [Eureka-EvictionTimer] INFO  c.n.e.r.AbstractInstanceRegistry - Running the evict task with compensationTime 0ms
2023-08-30 22:48:39.996 [Eureka-EvictionTimer] INFO  c.n.e.r.AbstractInstanceRegistry - Running the evict task with compensationTime 0ms
2023-08-30 22:48:44.996 [Eureka-EvictionTimer] INFO  c.n.e.r.AbstractInstanceRegistry - Running the evict task with compensationTime 0ms
2023-08-30 22:48:49.996 [Eureka-EvictionTimer] INFO  c.n.e.r.AbstractInstanceRegistry - Running the evict task with compensationTime 0ms
2023-08-30 22:48:54.996 [Eureka-EvictionTimer] INFO  c.n.e.r.AbstractInstanceRegistry - Running the evict task with compensationTime 0ms
2023-08-30 22:48:59.996 [Eureka-EvictionTimer] INFO  c.n.e.r.AbstractInstanceRegistry - Running the evict task with compensationTime 0ms
2023-08-30 22:49:04.996 [Eureka-EvictionTimer] INFO  c.n.e.r.AbstractInstanceRegistry - Running the evict task with compensationTime 0ms
2023-08-30 22:49:09.996 [Eureka-EvictionTimer] INFO  c.n.e.r.AbstractInstanceRegistry - Running the evict task with compensationTime 0ms
2023-08-30 22:49:14.996 [Eureka-EvictionTimer] INFO  c.n.e.r.AbstractInstanceRegistry - Running the evict task with compensationTime 0ms
2023-08-30 22:49:19.996 [Eureka-EvictionTimer] INFO  c.n.e.r.AbstractInstanceRegistry - Running the evict task with compensationTime 0ms
2023-08-30 22:49:24.996 [Eureka-EvictionTimer] INFO  c.n.e.r.AbstractInstanceRegistry - Running the evict task with compensationTime 0ms
2023-08-30 22:49:29.996 [Eureka-EvictionTimer] INFO  c.n.e.r.AbstractInstanceRegistry - Running the evict task with compensationTime 0ms
2023-08-30 22:49:34.996 [Eureka-EvictionTimer] INFO  c.n.e.r.AbstractInstanceRegistry - Running the evict task with compensationTime 0ms
2023-08-30 22:49:39.996 [Eureka-EvictionTimer] INFO  c.n.e.r.AbstractInstanceRegistry - Running the evict task with compensationTime 0ms
2023-08-30 22:49:44.996 [Eureka-EvictionTimer] INFO  c.n.e.r.AbstractInstanceRegistry - Running the evict task with compensationTime 0ms
2023-08-30 22:49:49.996 [Eureka-EvictionTimer] INFO  c.n.e.r.AbstractInstanceRegistry - Running the evict task with compensationTime 0ms
2023-08-30 22:49:54.996 [Eureka-EvictionTimer] INFO  c.n.e.r.AbstractInstanceRegistry - Running the evict task with compensationTime 0ms
2023-08-30 22:49:59.996 [Eureka-EvictionTimer] INFO  c.n.e.r.AbstractInstanceRegistry - Running the evict task with compensationTime 0ms
2023-08-30 22:50:04.996 [Eureka-EvictionTimer] INFO  c.n.e.r.AbstractInstanceRegistry - Running the evict task with compensationTime 0ms
2023-08-30 22:50:09.996 [Eureka-EvictionTimer] INFO  c.n.e.r.AbstractInstanceRegistry - Running the evict task with compensationTime 0ms
2023-08-30 22:50:14.996 [Eureka-EvictionTimer] INFO  c.n.e.r.AbstractInstanceRegistry - Running the evict task with compensationTime 0ms
2023-08-30 22:50:19.996 [Eureka-EvictionTimer] INFO  c.n.e.r.AbstractInstanceRegistry - Running the evict task with compensationTime 0ms
2023-08-30 22:50:24.996 [Eureka-EvictionTimer] INFO  c.n.e.r.AbstractInstanceRegistry - Running the evict task with compensationTime 0ms
2023-08-30 22:50:29.996 [Eureka-EvictionTimer] INFO  c.n.e.r.AbstractInstanceRegistry - Running the evict task with compensationTime 0ms
2023-08-30 22:50:34.996 [Eureka-EvictionTimer] INFO  c.n.e.r.AbstractInstanceRegistry - Running the evict task with compensationTime 0ms
2023-08-30 22:50:39.996 [Eureka-EvictionTimer] INFO  c.n.e.r.AbstractInstanceRegistry - Running the evict task with compensationTime 0ms
2023-08-30 22:50:44.996 [Eureka-EvictionTimer] INFO  c.n.e.r.AbstractInstanceRegistry - Running the evict task with compensationTime 0ms
2023-08-30 22:50:49.996 [Eureka-EvictionTimer] INFO  c.n.e.r.AbstractInstanceRegistry - Running the evict task with compensationTime 0ms
2023-08-30 22:50:54.996 [Eureka-EvictionTimer] INFO  c.n.e.r.AbstractInstanceRegistry - Running the evict task with compensationTime 0ms
2023-08-30 22:50:59.996 [Eureka-EvictionTimer] INFO  c.n.e.r.AbstractInstanceRegistry - Running the evict task with compensationTime 0ms
2023-08-30 22:51:04.996 [Eureka-EvictionTimer] INFO  c.n.e.r.AbstractInstanceRegistry - Running the evict task with compensationTime 0ms
2023-08-30 22:51:09.996 [Eureka-EvictionTimer] INFO  c.n.e.r.AbstractInstanceRegistry - Running the evict task with compensationTime 0ms
2023-08-30 22:51:14.996 [Eureka-EvictionTimer] INFO  c.n.e.r.AbstractInstanceRegistry - Running the evict task with compensationTime 0ms
2023-08-30 22:51:19.996 [Eureka-EvictionTimer] INFO  c.n.e.r.AbstractInstanceRegistry - Running the evict task with compensationTime 0ms
2023-08-30 22:51:24.996 [Eureka-EvictionTimer] INFO  c.n.e.r.AbstractInstanceRegistry - Running the evict task with compensationTime 0ms
2023-08-30 22:51:29.996 [Eureka-EvictionTimer] INFO  c.n.e.r.AbstractInstanceRegistry - Running the evict task with compensationTime 0ms
2023-08-30 22:51:34.996 [Eureka-EvictionTimer] INFO  c.n.e.r.AbstractInstanceRegistry - Running the evict task with compensationTime 0ms
2023-08-30 22:51:39.996 [Eureka-EvictionTimer] INFO  c.n.e.r.AbstractInstanceRegistry - Running the evict task with compensationTime 0ms
2023-08-30 22:51:44.996 [Eureka-EvictionTimer] INFO  c.n.e.r.AbstractInstanceRegistry - Running the evict task with compensationTime 0ms
2023-08-30 22:51:49.996 [Eureka-EvictionTimer] INFO  c.n.e.r.AbstractInstanceRegistry - Running the evict task with compensationTime 0ms
2023-08-30 22:51:54.996 [Eureka-EvictionTimer] INFO  c.n.e.r.AbstractInstanceRegistry - Running the evict task with compensationTime 0ms
2023-08-30 22:51:59.996 [Eureka-EvictionTimer] INFO  c.n.e.r.AbstractInstanceRegistry - Running the evict task with compensationTime 0ms
2023-08-30 22:52:04.996 [Eureka-EvictionTimer] INFO  c.n.e.r.AbstractInstanceRegistry - Running the evict task with compensationTime 0ms
2023-08-30 22:52:09.996 [Eureka-EvictionTimer] INFO  c.n.e.r.AbstractInstanceRegistry - Running the evict task with compensationTime 0ms
2023-08-30 22:52:14.996 [Eureka-EvictionTimer] INFO  c.n.e.r.AbstractInstanceRegistry - Running the evict task with compensationTime 0ms
2023-08-30 22:52:19.996 [Eureka-EvictionTimer] INFO  c.n.e.r.AbstractInstanceRegistry - Running the evict task with compensationTime 0ms
2023-08-30 22:52:24.996 [Eureka-EvictionTimer] INFO  c.n.e.r.AbstractInstanceRegistry - Running the evict task with compensationTime 0ms
2023-08-30 22:52:29.996 [Eureka-EvictionTimer] INFO  c.n.e.r.AbstractInstanceRegistry - Running the evict task with compensationTime 0ms
2023-08-30 22:52:34.996 [Eureka-EvictionTimer] INFO  c.n.e.r.AbstractInstanceRegistry - Running the evict task with compensationTime 0ms
2023-08-30 22:52:39.996 [Eureka-EvictionTimer] INFO  c.n.e.r.AbstractInstanceRegistry - Running the evict task with compensationTime 0ms
2023-08-30 22:52:44.996 [Eureka-EvictionTimer] INFO  c.n.e.r.AbstractInstanceRegistry - Running the evict task with compensationTime 0ms
2023-08-30 22:52:49.996 [Eureka-EvictionTimer] INFO  c.n.e.r.AbstractInstanceRegistry - Running the evict task with compensationTime 0ms
2023-08-30 22:52:54.996 [Eureka-EvictionTimer] INFO  c.n.e.r.AbstractInstanceRegistry - Running the evict task with compensationTime 0ms
2023-08-30 22:52:59.996 [Eureka-EvictionTimer] INFO  c.n.e.r.AbstractInstanceRegistry - Running the evict task with compensationTime 0ms
2023-08-30 22:53:04.996 [Eureka-EvictionTimer] INFO  c.n.e.r.AbstractInstanceRegistry - Running the evict task with compensationTime 0ms
2023-08-30 22:53:09.996 [Eureka-EvictionTimer] INFO  c.n.e.r.AbstractInstanceRegistry - Running the evict task with compensationTime 0ms
2023-08-30 22:53:14.996 [Eureka-EvictionTimer] INFO  c.n.e.r.AbstractInstanceRegistry - Running the evict task with compensationTime 0ms
2023-08-30 22:53:19.996 [Eureka-EvictionTimer] INFO  c.n.e.r.AbstractInstanceRegistry - Running the evict task with compensationTime 0ms
2023-08-30 22:53:24.996 [Eureka-EvictionTimer] INFO  c.n.e.r.AbstractInstanceRegistry - Running the evict task with compensationTime 0ms
2023-08-30 22:53:29.996 [Eureka-EvictionTimer] INFO  c.n.e.r.AbstractInstanceRegistry - Running the evict task with compensationTime 0ms
2023-08-30 22:53:34.996 [Eureka-EvictionTimer] INFO  c.n.e.r.AbstractInstanceRegistry - Running the evict task with compensationTime 0ms
2023-08-30 22:53:39.996 [Eureka-EvictionTimer] INFO  c.n.e.r.AbstractInstanceRegistry - Running the evict task with compensationTime 0ms
2023-08-30 22:53:44.996 [Eureka-EvictionTimer] INFO  c.n.e.r.AbstractInstanceRegistry - Running the evict task with compensationTime 0ms
2023-08-30 22:53:49.996 [Eureka-EvictionTimer] INFO  c.n.e.r.AbstractInstanceRegistry - Running the evict task with compensationTime 0ms
2023-08-30 22:53:54.996 [Eureka-EvictionTimer] INFO  c.n.e.r.AbstractInstanceRegistry - Running the evict task with compensationTime 0ms
2023-08-30 22:53:59.996 [Eureka-EvictionTimer] INFO  c.n.e.r.AbstractInstanceRegistry - Running the evict task with compensationTime 0ms
2023-08-30 22:54:04.996 [Eureka-EvictionTimer] INFO  c.n.e.r.AbstractInstanceRegistry - Running the evict task with compensationTime 0ms
2023-08-30 22:54:09.996 [Eureka-EvictionTimer] INFO  c.n.e.r.AbstractInstanceRegistry - Running the evict task with compensationTime 0ms
2023-08-30 22:54:14.996 [Eureka-EvictionTimer] INFO  c.n.e.r.AbstractInstanceRegistry - Running the evict task with compensationTime 0ms
2023-08-30 22:54:19.996 [Eureka-EvictionTimer] INFO  c.n.e.r.AbstractInstanceRegistry - Running the evict task with compensationTime 0ms
2023-08-30 22:54:24.996 [Eureka-EvictionTimer] INFO  c.n.e.r.AbstractInstanceRegistry - Running the evict task with compensationTime 0ms
2023-08-30 22:54:29.996 [Eureka-EvictionTimer] INFO  c.n.e.r.AbstractInstanceRegistry - Running the evict task with compensationTime 0ms
2023-08-30 22:54:34.996 [Eureka-EvictionTimer] INFO  c.n.e.r.AbstractInstanceRegistry - Running the evict task with compensationTime 0ms
2023-08-30 22:54:39.996 [Eureka-EvictionTimer] INFO  c.n.e.r.AbstractInstanceRegistry - Running the evict task with compensationTime 0ms
2023-08-30 22:54:44.996 [Eureka-EvictionTimer] INFO  c.n.e.r.AbstractInstanceRegistry - Running the evict task with compensationTime 0ms
2023-08-30 22:54:49.996 [Eureka-EvictionTimer] INFO  c.n.e.r.AbstractInstanceRegistry - Running the evict task with compensationTime 0ms
2023-08-30 22:54:54.996 [Eureka-EvictionTimer] INFO  c.n.e.r.AbstractInstanceRegistry - Running the evict task with compensationTime 0ms
2023-08-30 22:54:59.996 [Eureka-EvictionTimer] INFO  c.n.e.r.AbstractInstanceRegistry - Running the evict task with compensationTime 0ms
2023-08-30 22:55:04.996 [Eureka-EvictionTimer] INFO  c.n.e.r.AbstractInstanceRegistry - Running the evict task with compensationTime 0ms
2023-08-30 22:55:09.996 [Eureka-EvictionTimer] INFO  c.n.e.r.AbstractInstanceRegistry - Running the evict task with compensationTime 0ms
2023-08-30 22:55:14.996 [Eureka-EvictionTimer] INFO  c.n.e.r.AbstractInstanceRegistry - Running the evict task with compensationTime 0ms
2023-08-30 22:55:19.996 [Eureka-EvictionTimer] INFO  c.n.e.r.AbstractInstanceRegistry - Running the evict task with compensationTime 0ms
2023-08-30 22:55:24.996 [Eureka-EvictionTimer] INFO  c.n.e.r.AbstractInstanceRegistry - Running the evict task with compensationTime 0ms
2023-08-30 22:55:29.996 [Eureka-EvictionTimer] INFO  c.n.e.r.AbstractInstanceRegistry - Running the evict task with compensationTime 0ms
2023-08-30 22:55:34.996 [Eureka-EvictionTimer] INFO  c.n.e.r.AbstractInstanceRegistry - Running the evict task with compensationTime 0ms
2023-08-30 22:55:39.996 [Eureka-EvictionTimer] INFO  c.n.e.r.AbstractInstanceRegistry - Running the evict task with compensationTime 0ms
2023-08-30 22:55:44.996 [Eureka-EvictionTimer] INFO  c.n.e.r.AbstractInstanceRegistry - Running the evict task with compensationTime 0ms
2023-08-30 22:55:49.996 [Eureka-EvictionTimer] INFO  c.n.e.r.AbstractInstanceRegistry - Running the evict task with compensationTime 0ms
2023-08-30 22:55:54.996 [Eureka-EvictionTimer] INFO  c.n.e.r.AbstractInstanceRegistry - Running the evict task with compensationTime 0ms
2023-08-30 22:55:59.996 [Eureka-EvictionTimer] INFO  c.n.e.r.AbstractInstanceRegistry - Running the evict task with compensationTime 0ms
2023-08-30 22:56:04.996 [Eureka-EvictionTimer] INFO  c.n.e.r.AbstractInstanceRegistry - Running the evict task with compensationTime 0ms
2023-08-30 22:56:09.996 [Eureka-EvictionTimer] INFO  c.n.e.r.AbstractInstanceRegistry - Running the evict task with compensationTime 0ms
2023-08-30 22:56:14.996 [Eureka-EvictionTimer] INFO  c.n.e.r.AbstractInstanceRegistry - Running the evict task with compensationTime 0ms
2023-08-30 22:56:19.996 [Eureka-EvictionTimer] INFO  c.n.e.r.AbstractInstanceRegistry - Running the evict task with compensationTime 0ms
2023-08-30 22:56:24.996 [Eureka-EvictionTimer] INFO  c.n.e.r.AbstractInstanceRegistry - Running the evict task with compensationTime 0ms
2023-08-30 22:56:29.996 [Eureka-EvictionTimer] INFO  c.n.e.r.AbstractInstanceRegistry - Running the evict task with compensationTime 0ms
2023-08-30 22:56:34.996 [Eureka-EvictionTimer] INFO  c.n.e.r.AbstractInstanceRegistry - Running the evict task with compensationTime 0ms
2023-08-30 22:56:39.996 [Eureka-EvictionTimer] INFO  c.n.e.r.AbstractInstanceRegistry - Running the evict task with compensationTime 0ms
2023-08-30 22:56:44.996 [Eureka-EvictionTimer] INFO  c.n.e.r.AbstractInstanceRegistry - Running the evict task with compensationTime 0ms
2023-08-30 22:56:49.996 [Eureka-EvictionTimer] INFO  c.n.e.r.AbstractInstanceRegistry - Running the evict task with compensationTime 0ms
2023-08-30 22:56:54.996 [Eureka-EvictionTimer] INFO  c.n.e.r.AbstractInstanceRegistry - Running the evict task with compensationTime 0ms
2023-08-30 22:56:59.996 [Eureka-EvictionTimer] INFO  c.n.e.r.AbstractInstanceRegistry - Running the evict task with compensationTime 0ms
2023-08-30 22:57:04.996 [Eureka-EvictionTimer] INFO  c.n.e.r.AbstractInstanceRegistry - Running the evict task with compensationTime 0ms
2023-08-30 22:57:09.996 [Eureka-EvictionTimer] INFO  c.n.e.r.AbstractInstanceRegistry - Running the evict task with compensationTime 0ms
2023-08-30 22:57:14.996 [Eureka-EvictionTimer] INFO  c.n.e.r.AbstractInstanceRegistry - Running the evict task with compensationTime 0ms
2023-08-30 22:57:19.996 [Eureka-EvictionTimer] INFO  c.n.e.r.AbstractInstanceRegistry - Running the evict task with compensationTime 0ms
2023-08-30 22:57:24.996 [Eureka-EvictionTimer] INFO  c.n.e.r.AbstractInstanceRegistry - Running the evict task with compensationTime 0ms
2023-08-30 22:57:29.996 [Eureka-EvictionTimer] INFO  c.n.e.r.AbstractInstanceRegistry - Running the evict task with compensationTime 0ms
2023-08-30 22:57:34.996 [Eureka-EvictionTimer] INFO  c.n.e.r.AbstractInstanceRegistry - Running the evict task with compensationTime 0ms
2023-08-30 22:57:39.996 [Eureka-EvictionTimer] INFO  c.n.e.r.AbstractInstanceRegistry - Running the evict task with compensationTime 0ms
2023-08-30 22:57:44.996 [Eureka-EvictionTimer] INFO  c.n.e.r.AbstractInstanceRegistry - Running the evict task with compensationTime 0ms
2023-08-30 22:57:49.996 [Eureka-EvictionTimer] INFO  c.n.e.r.AbstractInstanceRegistry - Running the evict task with compensationTime 0ms
2023-08-30 22:57:54.996 [Eureka-EvictionTimer] INFO  c.n.e.r.AbstractInstanceRegistry - Running the evict task with compensationTime 0ms
2023-08-30 22:57:59.996 [Eureka-EvictionTimer] INFO  c.n.e.r.AbstractInstanceRegistry - Running the evict task with compensationTime 0ms
2023-08-30 22:58:04.996 [Eureka-EvictionTimer] INFO  c.n.e.r.AbstractInstanceRegistry - Running the evict task with compensationTime 0ms
2023-08-30 22:58:09.996 [Eureka-EvictionTimer] INFO  c.n.e.r.AbstractInstanceRegistry - Running the evict task with compensationTime 0ms
2023-08-30 22:58:14.996 [Eureka-EvictionTimer] INFO  c.n.e.r.AbstractInstanceRegistry - Running the evict task with compensationTime 0ms
2023-08-30 22:58:19.996 [Eureka-EvictionTimer] INFO  c.n.e.r.AbstractInstanceRegistry - Running the evict task with compensationTime 0ms
2023-08-30 22:58:24.996 [Eureka-EvictionTimer] INFO  c.n.e.r.AbstractInstanceRegistry - Running the evict task with compensationTime 0ms
2023-08-30 22:58:29.996 [Eureka-EvictionTimer] INFO  c.n.e.r.AbstractInstanceRegistry - Running the evict task with compensationTime 0ms
2023-08-30 22:58:34.996 [Eureka-EvictionTimer] INFO  c.n.e.r.AbstractInstanceRegistry - Running the evict task with compensationTime 0ms
2023-08-30 22:58:39.996 [Eureka-EvictionTimer] INFO  c.n.e.r.AbstractInstanceRegistry - Running the evict task with compensationTime 0ms
2023-08-30 22:58:44.996 [Eureka-EvictionTimer] INFO  c.n.e.r.AbstractInstanceRegistry - Running the evict task with compensationTime 0ms
2023-08-30 22:58:49.996 [Eureka-EvictionTimer] INFO  c.n.e.r.AbstractInstanceRegistry - Running the evict task with compensationTime 0ms
2023-08-30 22:58:54.996 [Eureka-EvictionTimer] INFO  c.n.e.r.AbstractInstanceRegistry - Running the evict task with compensationTime 0ms
2023-08-30 22:58:59.996 [Eureka-EvictionTimer] INFO  c.n.e.r.AbstractInstanceRegistry - Running the evict task with compensationTime 0ms
2023-08-30 22:59:04.996 [Eureka-EvictionTimer] INFO  c.n.e.r.AbstractInstanceRegistry - Running the evict task with compensationTime 0ms
2023-08-30 22:59:09.996 [Eureka-EvictionTimer] INFO  c.n.e.r.AbstractInstanceRegistry - Running the evict task with compensationTime 0ms
2023-08-30 22:59:14.996 [Eureka-EvictionTimer] INFO  c.n.e.r.AbstractInstanceRegistry - Running the evict task with compensationTime 0ms
2023-08-30 22:59:19.996 [Eureka-EvictionTimer] INFO  c.n.e.r.AbstractInstanceRegistry - Running the evict task with compensationTime 0ms
2023-08-30 22:59:24.996 [Eureka-EvictionTimer] INFO  c.n.e.r.AbstractInstanceRegistry - Running the evict task with compensationTime 0ms
2023-08-30 22:59:29.996 [Eureka-EvictionTimer] INFO  c.n.e.r.AbstractInstanceRegistry - Running the evict task with compensationTime 0ms
2023-08-30 22:59:34.996 [Eureka-EvictionTimer] INFO  c.n.e.r.AbstractInstanceRegistry - Running the evict task with compensationTime 0ms
2023-08-30 22:59:39.996 [Eureka-EvictionTimer] INFO  c.n.e.r.AbstractInstanceRegistry - Running the evict task with compensationTime 0ms
2023-08-30 22:59:44.996 [Eureka-EvictionTimer] INFO  c.n.e.r.AbstractInstanceRegistry - Running the evict task with compensationTime 0ms
2023-08-30 22:59:49.996 [Eureka-EvictionTimer] INFO  c.n.e.r.AbstractInstanceRegistry - Running the evict task with compensationTime 0ms
2023-08-30 22:59:54.996 [Eureka-EvictionTimer] INFO  c.n.e.r.AbstractInstanceRegistry - Running the evict task with compensationTime 0ms
2023-08-30 22:59:59.996 [Eureka-EvictionTimer] INFO  c.n.e.r.AbstractInstanceRegistry - Running the evict task with compensationTime 0ms
2023-08-30 23:00:04.996 [Eureka-EvictionTimer] INFO  c.n.e.r.AbstractInstanceRegistry - Running the evict task with compensationTime 0ms
2023-08-30 23:00:09.996 [Eureka-EvictionTimer] INFO  c.n.e.r.AbstractInstanceRegistry - Running the evict task with compensationTime 0ms
2023-08-30 23:00:14.996 [Eureka-EvictionTimer] INFO  c.n.e.r.AbstractInstanceRegistry - Running the evict task with compensationTime 0ms
2023-08-30 23:00:19.996 [Eureka-EvictionTimer] INFO  c.n.e.r.AbstractInstanceRegistry - Running the evict task with compensationTime 0ms
2023-08-30 23:00:24.996 [Eureka-EvictionTimer] INFO  c.n.e.r.AbstractInstanceRegistry - Running the evict task with compensationTime 0ms
2023-08-30 23:00:29.996 [Eureka-EvictionTimer] INFO  c.n.e.r.AbstractInstanceRegistry - Running the evict task with compensationTime 0ms
2023-08-30 23:00:34.996 [Eureka-EvictionTimer] INFO  c.n.e.r.AbstractInstanceRegistry - Running the evict task with compensationTime 0ms
2023-08-30 23:00:39.996 [Eureka-EvictionTimer] INFO  c.n.e.r.AbstractInstanceRegistry - Running the evict task with compensationTime 0ms
2023-08-30 23:00:44.996 [Eureka-EvictionTimer] INFO  c.n.e.r.AbstractInstanceRegistry - Running the evict task with compensationTime 0ms
2023-08-30 23:00:49.996 [Eureka-EvictionTimer] INFO  c.n.e.r.AbstractInstanceRegistry - Running the evict task with compensationTime 0ms
2023-08-30 23:00:54.859 [ReplicaAwareInstanceRegistry - RenewalThresholdUpdater] INFO  c.n.e.r.PeerAwareInstanceRegistryImpl - Current renewal threshold is : 0
2023-08-30 23:00:54.996 [Eureka-EvictionTimer] INFO  c.n.e.r.AbstractInstanceRegistry - Running the evict task with compensationTime 0ms
2023-08-30 23:00:59.996 [Eureka-EvictionTimer] INFO  c.n.e.r.AbstractInstanceRegistry - Running the evict task with compensationTime 0ms
2023-08-30 23:01:04.996 [Eureka-EvictionTimer] INFO  c.n.e.r.AbstractInstanceRegistry - Running the evict task with compensationTime 0ms
2023-08-30 23:01:09.996 [Eureka-EvictionTimer] INFO  c.n.e.r.AbstractInstanceRegistry - Running the evict task with compensationTime 0ms
2023-08-30 23:01:14.996 [Eureka-EvictionTimer] INFO  c.n.e.r.AbstractInstanceRegistry - Running the evict task with compensationTime 0ms
2023-08-30 23:01:19.996 [Eureka-EvictionTimer] INFO  c.n.e.r.AbstractInstanceRegistry - Running the evict task with compensationTime 0ms
2023-08-30 23:01:24.996 [Eureka-EvictionTimer] INFO  c.n.e.r.AbstractInstanceRegistry - Running the evict task with compensationTime 0ms
2023-08-30 23:01:29.996 [Eureka-EvictionTimer] INFO  c.n.e.r.AbstractInstanceRegistry - Running the evict task with compensationTime 0ms
2023-08-30 23:01:34.996 [Eureka-EvictionTimer] INFO  c.n.e.r.AbstractInstanceRegistry - Running the evict task with compensationTime 0ms
2023-08-30 23:01:39.996 [Eureka-EvictionTimer] INFO  c.n.e.r.AbstractInstanceRegistry - Running the evict task with compensationTime 0ms
2023-08-30 23:01:44.996 [Eureka-EvictionTimer] INFO  c.n.e.r.AbstractInstanceRegistry - Running the evict task with compensationTime 0ms
2023-08-30 23:01:49.996 [Eureka-EvictionTimer] INFO  c.n.e.r.AbstractInstanceRegistry - Running the evict task with compensationTime 0ms
2023-08-30 23:01:54.996 [Eureka-EvictionTimer] INFO  c.n.e.r.AbstractInstanceRegistry - Running the evict task with compensationTime 0ms
2023-08-30 23:01:59.996 [Eureka-EvictionTimer] INFO  c.n.e.r.AbstractInstanceRegistry - Running the evict task with compensationTime 0ms
2023-08-30 23:02:04.996 [Eureka-EvictionTimer] INFO  c.n.e.r.AbstractInstanceRegistry - Running the evict task with compensationTime 0ms
2023-08-30 23:02:09.996 [Eureka-EvictionTimer] INFO  c.n.e.r.AbstractInstanceRegistry - Running the evict task with compensationTime 0ms
2023-08-30 23:02:14.996 [Eureka-EvictionTimer] INFO  c.n.e.r.AbstractInstanceRegistry - Running the evict task with compensationTime 0ms
2023-08-30 23:02:19.996 [Eureka-EvictionTimer] INFO  c.n.e.r.AbstractInstanceRegistry - Running the evict task with compensationTime 0ms
2023-08-30 23:02:24.996 [Eureka-EvictionTimer] INFO  c.n.e.r.AbstractInstanceRegistry - Running the evict task with compensationTime 0ms
2023-08-30 23:02:29.996 [Eureka-EvictionTimer] INFO  c.n.e.r.AbstractInstanceRegistry - Running the evict task with compensationTime 0ms
2023-08-30 23:02:34.996 [Eureka-EvictionTimer] INFO  c.n.e.r.AbstractInstanceRegistry - Running the evict task with compensationTime 0ms
2023-08-30 23:02:39.996 [Eureka-EvictionTimer] INFO  c.n.e.r.AbstractInstanceRegistry - Running the evict task with compensationTime 0ms
2023-08-30 23:02:44.996 [Eureka-EvictionTimer] INFO  c.n.e.r.AbstractInstanceRegistry - Running the evict task with compensationTime 0ms
2023-08-30 23:02:49.996 [Eureka-EvictionTimer] INFO  c.n.e.r.AbstractInstanceRegistry - Running the evict task with compensationTime 0ms
2023-08-30 23:02:54.996 [Eureka-EvictionTimer] INFO  c.n.e.r.AbstractInstanceRegistry - Running the evict task with compensationTime 0ms
2023-08-30 23:02:59.996 [Eureka-EvictionTimer] INFO  c.n.e.r.AbstractInstanceRegistry - Running the evict task with compensationTime 0ms
2023-08-30 23:03:04.996 [Eureka-EvictionTimer] INFO  c.n.e.r.AbstractInstanceRegistry - Running the evict task with compensationTime 0ms
2023-08-30 23:03:09.996 [Eureka-EvictionTimer] INFO  c.n.e.r.AbstractInstanceRegistry - Running the evict task with compensationTime 0ms
2023-08-30 23:03:14.996 [Eureka-EvictionTimer] INFO  c.n.e.r.AbstractInstanceRegistry - Running the evict task with compensationTime 0ms
2023-08-30 23:03:19.996 [Eureka-EvictionTimer] INFO  c.n.e.r.AbstractInstanceRegistry - Running the evict task with compensationTime 0ms
2023-08-30 23:03:24.996 [Eureka-EvictionTimer] INFO  c.n.e.r.AbstractInstanceRegistry - Running the evict task with compensationTime 0ms
2023-08-30 23:03:29.996 [Eureka-EvictionTimer] INFO  c.n.e.r.AbstractInstanceRegistry - Running the evict task with compensationTime 0ms
2023-08-30 23:03:34.996 [Eureka-EvictionTimer] INFO  c.n.e.r.AbstractInstanceRegistry - Running the evict task with compensationTime 0ms
2023-08-30 23:03:39.996 [Eureka-EvictionTimer] INFO  c.n.e.r.AbstractInstanceRegistry - Running the evict task with compensationTime 0ms
2023-08-30 23:03:44.996 [Eureka-EvictionTimer] INFO  c.n.e.r.AbstractInstanceRegistry - Running the evict task with compensationTime 0ms
2023-08-30 23:03:49.996 [Eureka-EvictionTimer] INFO  c.n.e.r.AbstractInstanceRegistry - Running the evict task with compensationTime 0ms
2023-08-30 23:03:54.996 [Eureka-EvictionTimer] INFO  c.n.e.r.AbstractInstanceRegistry - Running the evict task with compensationTime 0ms
2023-08-30 23:03:59.996 [Eureka-EvictionTimer] INFO  c.n.e.r.AbstractInstanceRegistry - Running the evict task with compensationTime 0ms
2023-08-30 23:04:04.996 [Eureka-EvictionTimer] INFO  c.n.e.r.AbstractInstanceRegistry - Running the evict task with compensationTime 0ms
2023-08-30 23:04:09.996 [Eureka-EvictionTimer] INFO  c.n.e.r.AbstractInstanceRegistry - Running the evict task with compensationTime 0ms
2023-08-30 23:04:14.996 [Eureka-EvictionTimer] INFO  c.n.e.r.AbstractInstanceRegistry - Running the evict task with compensationTime 0ms
2023-08-30 23:04:19.996 [Eureka-EvictionTimer] INFO  c.n.e.r.AbstractInstanceRegistry - Running the evict task with compensationTime 0ms
2023-08-30 23:04:24.996 [Eureka-EvictionTimer] INFO  c.n.e.r.AbstractInstanceRegistry - Running the evict task with compensationTime 0ms
2023-08-30 23:04:29.996 [Eureka-EvictionTimer] INFO  c.n.e.r.AbstractInstanceRegistry - Running the evict task with compensationTime 0ms
2023-08-30 23:04:34.996 [Eureka-EvictionTimer] INFO  c.n.e.r.AbstractInstanceRegistry - Running the evict task with compensationTime 0ms
2023-08-30 23:04:39.996 [Eureka-EvictionTimer] INFO  c.n.e.r.AbstractInstanceRegistry - Running the evict task with compensationTime 0ms
2023-08-30 23:04:44.996 [Eureka-EvictionTimer] INFO  c.n.e.r.AbstractInstanceRegistry - Running the evict task with compensationTime 0ms
2023-08-30 23:04:49.996 [Eureka-EvictionTimer] INFO  c.n.e.r.AbstractInstanceRegistry - Running the evict task with compensationTime 0ms
2023-08-30 23:04:54.996 [Eureka-EvictionTimer] INFO  c.n.e.r.AbstractInstanceRegistry - Running the evict task with compensationTime 0ms
2023-08-30 23:04:59.996 [Eureka-EvictionTimer] INFO  c.n.e.r.AbstractInstanceRegistry - Running the evict task with compensationTime 0ms
2023-08-30 23:05:04.996 [Eureka-EvictionTimer] INFO  c.n.e.r.AbstractInstanceRegistry - Running the evict task with compensationTime 0ms
2023-08-30 23:05:09.996 [Eureka-EvictionTimer] INFO  c.n.e.r.AbstractInstanceRegistry - Running the evict task with compensationTime 0ms
2023-08-30 23:05:14.996 [Eureka-EvictionTimer] INFO  c.n.e.r.AbstractInstanceRegistry - Running the evict task with compensationTime 0ms
2023-08-30 23:05:19.996 [Eureka-EvictionTimer] INFO  c.n.e.r.AbstractInstanceRegistry - Running the evict task with compensationTime 0ms
2023-08-30 23:05:24.996 [Eureka-EvictionTimer] INFO  c.n.e.r.AbstractInstanceRegistry - Running the evict task with compensationTime 0ms
2023-08-30 23:05:29.996 [Eureka-EvictionTimer] INFO  c.n.e.r.AbstractInstanceRegistry - Running the evict task with compensationTime 0ms
2023-08-30 23:05:34.996 [Eureka-EvictionTimer] INFO  c.n.e.r.AbstractInstanceRegistry - Running the evict task with compensationTime 0ms
2023-08-30 23:05:39.996 [Eureka-EvictionTimer] INFO  c.n.e.r.AbstractInstanceRegistry - Running the evict task with compensationTime 0ms
2023-08-30 23:05:44.996 [Eureka-EvictionTimer] INFO  c.n.e.r.AbstractInstanceRegistry - Running the evict task with compensationTime 0ms
2023-08-30 23:05:49.996 [Eureka-EvictionTimer] INFO  c.n.e.r.AbstractInstanceRegistry - Running the evict task with compensationTime 0ms
2023-08-30 23:05:54.996 [Eureka-EvictionTimer] INFO  c.n.e.r.AbstractInstanceRegistry - Running the evict task with compensationTime 0ms
2023-08-30 23:05:59.996 [Eureka-EvictionTimer] INFO  c.n.e.r.AbstractInstanceRegistry - Running the evict task with compensationTime 0ms
2023-08-30 23:06:04.996 [Eureka-EvictionTimer] INFO  c.n.e.r.AbstractInstanceRegistry - Running the evict task with compensationTime 0ms
2023-08-30 23:06:09.996 [Eureka-EvictionTimer] INFO  c.n.e.r.AbstractInstanceRegistry - Running the evict task with compensationTime 0ms
2023-08-30 23:06:14.996 [Eureka-EvictionTimer] INFO  c.n.e.r.AbstractInstanceRegistry - Running the evict task with compensationTime 0ms
2023-08-30 23:06:19.996 [Eureka-EvictionTimer] INFO  c.n.e.r.AbstractInstanceRegistry - Running the evict task with compensationTime 0ms
2023-08-30 23:06:24.996 [Eureka-EvictionTimer] INFO  c.n.e.r.AbstractInstanceRegistry - Running the evict task with compensationTime 0ms
2023-08-30 23:06:29.996 [Eureka-EvictionTimer] INFO  c.n.e.r.AbstractInstanceRegistry - Running the evict task with compensationTime 0ms
2023-08-30 23:06:34.996 [Eureka-EvictionTimer] INFO  c.n.e.r.AbstractInstanceRegistry - Running the evict task with compensationTime 0ms
2023-08-30 23:06:39.996 [Eureka-EvictionTimer] INFO  c.n.e.r.AbstractInstanceRegistry - Running the evict task with compensationTime 0ms
2023-08-30 23:06:44.996 [Eureka-EvictionTimer] INFO  c.n.e.r.AbstractInstanceRegistry - Running the evict task with compensationTime 0ms
2023-08-30 23:06:49.996 [Eureka-EvictionTimer] INFO  c.n.e.r.AbstractInstanceRegistry - Running the evict task with compensationTime 0ms
2023-08-30 23:06:54.996 [Eureka-EvictionTimer] INFO  c.n.e.r.AbstractInstanceRegistry - Running the evict task with compensationTime 0ms
2023-08-30 23:06:59.996 [Eureka-EvictionTimer] INFO  c.n.e.r.AbstractInstanceRegistry - Running the evict task with compensationTime 0ms
2023-08-30 23:07:04.996 [Eureka-EvictionTimer] INFO  c.n.e.r.AbstractInstanceRegistry - Running the evict task with compensationTime 0ms
2023-08-30 23:07:09.996 [Eureka-EvictionTimer] INFO  c.n.e.r.AbstractInstanceRegistry - Running the evict task with compensationTime 0ms
2023-08-30 23:07:14.996 [Eureka-EvictionTimer] INFO  c.n.e.r.AbstractInstanceRegistry - Running the evict task with compensationTime 0ms
2023-08-30 23:07:19.996 [Eureka-EvictionTimer] INFO  c.n.e.r.AbstractInstanceRegistry - Running the evict task with compensationTime 0ms
2023-08-30 23:07:24.996 [Eureka-EvictionTimer] INFO  c.n.e.r.AbstractInstanceRegistry - Running the evict task with compensationTime 0ms
2023-08-30 23:07:29.996 [Eureka-EvictionTimer] INFO  c.n.e.r.AbstractInstanceRegistry - Running the evict task with compensationTime 0ms
2023-08-30 23:07:34.996 [Eureka-EvictionTimer] INFO  c.n.e.r.AbstractInstanceRegistry - Running the evict task with compensationTime 0ms
2023-08-30 23:07:39.996 [Eureka-EvictionTimer] INFO  c.n.e.r.AbstractInstanceRegistry - Running the evict task with compensationTime 0ms
2023-08-30 23:07:44.996 [Eureka-EvictionTimer] INFO  c.n.e.r.AbstractInstanceRegistry - Running the evict task with compensationTime 0ms
2023-08-30 23:07:49.996 [Eureka-EvictionTimer] INFO  c.n.e.r.AbstractInstanceRegistry - Running the evict task with compensationTime 0ms
2023-08-30 23:07:54.996 [Eureka-EvictionTimer] INFO  c.n.e.r.AbstractInstanceRegistry - Running the evict task with compensationTime 0ms
2023-08-30 23:07:59.996 [Eureka-EvictionTimer] INFO  c.n.e.r.AbstractInstanceRegistry - Running the evict task with compensationTime 0ms
2023-08-30 23:08:04.996 [Eureka-EvictionTimer] INFO  c.n.e.r.AbstractInstanceRegistry - Running the evict task with compensationTime 0ms
2023-08-30 23:08:09.996 [Eureka-EvictionTimer] INFO  c.n.e.r.AbstractInstanceRegistry - Running the evict task with compensationTime 0ms
2023-08-30 23:08:14.996 [Eureka-EvictionTimer] INFO  c.n.e.r.AbstractInstanceRegistry - Running the evict task with compensationTime 0ms
2023-08-30 23:08:19.996 [Eureka-EvictionTimer] INFO  c.n.e.r.AbstractInstanceRegistry - Running the evict task with compensationTime 0ms
2023-08-30 23:08:24.996 [Eureka-EvictionTimer] INFO  c.n.e.r.AbstractInstanceRegistry - Running the evict task with compensationTime 0ms
2023-08-30 23:08:29.996 [Eureka-EvictionTimer] INFO  c.n.e.r.AbstractInstanceRegistry - Running the evict task with compensationTime 0ms
2023-08-30 23:08:34.996 [Eureka-EvictionTimer] INFO  c.n.e.r.AbstractInstanceRegistry - Running the evict task with compensationTime 0ms
2023-08-30 23:08:39.996 [Eureka-EvictionTimer] INFO  c.n.e.r.AbstractInstanceRegistry - Running the evict task with compensationTime 0ms
2023-08-30 23:08:44.996 [Eureka-EvictionTimer] INFO  c.n.e.r.AbstractInstanceRegistry - Running the evict task with compensationTime 0ms
2023-08-30 23:08:49.996 [Eureka-EvictionTimer] INFO  c.n.e.r.AbstractInstanceRegistry - Running the evict task with compensationTime 0ms
2023-08-30 23:08:54.996 [Eureka-EvictionTimer] INFO  c.n.e.r.AbstractInstanceRegistry - Running the evict task with compensationTime 0ms
2023-08-30 23:08:59.996 [Eureka-EvictionTimer] INFO  c.n.e.r.AbstractInstanceRegistry - Running the evict task with compensationTime 0ms
2023-08-30 23:09:04.996 [Eureka-EvictionTimer] INFO  c.n.e.r.AbstractInstanceRegistry - Running the evict task with compensationTime 0ms
2023-08-30 23:09:09.996 [Eureka-EvictionTimer] INFO  c.n.e.r.AbstractInstanceRegistry - Running the evict task with compensationTime 0ms
2023-08-30 23:09:14.996 [Eureka-EvictionTimer] INFO  c.n.e.r.AbstractInstanceRegistry - Running the evict task with compensationTime 0ms
2023-08-30 23:09:19.996 [Eureka-EvictionTimer] INFO  c.n.e.r.AbstractInstanceRegistry - Running the evict task with compensationTime 0ms
2023-08-30 23:09:24.996 [Eureka-EvictionTimer] INFO  c.n.e.r.AbstractInstanceRegistry - Running the evict task with compensationTime 0ms
2023-08-30 23:09:29.996 [Eureka-EvictionTimer] INFO  c.n.e.r.AbstractInstanceRegistry - Running the evict task with compensationTime 0ms
2023-08-30 23:09:34.996 [Eureka-EvictionTimer] INFO  c.n.e.r.AbstractInstanceRegistry - Running the evict task with compensationTime 0ms
2023-08-30 23:09:39.996 [Eureka-EvictionTimer] INFO  c.n.e.r.AbstractInstanceRegistry - Running the evict task with compensationTime 0ms
2023-08-30 23:09:44.996 [Eureka-EvictionTimer] INFO  c.n.e.r.AbstractInstanceRegistry - Running the evict task with compensationTime 0ms
2023-08-30 23:09:49.996 [Eureka-EvictionTimer] INFO  c.n.e.r.AbstractInstanceRegistry - Running the evict task with compensationTime 0ms
2023-08-30 23:09:54.996 [Eureka-EvictionTimer] INFO  c.n.e.r.AbstractInstanceRegistry - Running the evict task with compensationTime 0ms
2023-08-30 23:09:59.996 [Eureka-EvictionTimer] INFO  c.n.e.r.AbstractInstanceRegistry - Running the evict task with compensationTime 0ms
2023-08-30 23:10:04.996 [Eureka-EvictionTimer] INFO  c.n.e.r.AbstractInstanceRegistry - Running the evict task with compensationTime 0ms
2023-08-30 23:10:09.996 [Eureka-EvictionTimer] INFO  c.n.e.r.AbstractInstanceRegistry - Running the evict task with compensationTime 0ms
2023-08-30 23:10:14.996 [Eureka-EvictionTimer] INFO  c.n.e.r.AbstractInstanceRegistry - Running the evict task with compensationTime 0ms
2023-08-30 23:10:19.996 [Eureka-EvictionTimer] INFO  c.n.e.r.AbstractInstanceRegistry - Running the evict task with compensationTime 0ms
2023-08-30 23:10:24.996 [Eureka-EvictionTimer] INFO  c.n.e.r.AbstractInstanceRegistry - Running the evict task with compensationTime 0ms
2023-08-30 23:10:29.996 [Eureka-EvictionTimer] INFO  c.n.e.r.AbstractInstanceRegistry - Running the evict task with compensationTime 0ms
2023-08-30 23:10:34.996 [Eureka-EvictionTimer] INFO  c.n.e.r.AbstractInstanceRegistry - Running the evict task with compensationTime 0ms
2023-08-30 23:10:39.996 [Eureka-EvictionTimer] INFO  c.n.e.r.AbstractInstanceRegistry - Running the evict task with compensationTime 0ms
2023-08-30 23:10:44.996 [Eureka-EvictionTimer] INFO  c.n.e.r.AbstractInstanceRegistry - Running the evict task with compensationTime 0ms
2023-08-30 23:10:49.996 [Eureka-EvictionTimer] INFO  c.n.e.r.AbstractInstanceRegistry - Running the evict task with compensationTime 0ms
2023-08-30 23:10:54.996 [Eureka-EvictionTimer] INFO  c.n.e.r.AbstractInstanceRegistry - Running the evict task with compensationTime 0ms
2023-08-30 23:10:59.996 [Eureka-EvictionTimer] INFO  c.n.e.r.AbstractInstanceRegistry - Running the evict task with compensationTime 0ms
2023-08-30 23:11:04.996 [Eureka-EvictionTimer] INFO  c.n.e.r.AbstractInstanceRegistry - Running the evict task with compensationTime 0ms
2023-08-30 23:11:09.996 [Eureka-EvictionTimer] INFO  c.n.e.r.AbstractInstanceRegistry - Running the evict task with compensationTime 0ms
2023-08-30 23:11:14.996 [Eureka-EvictionTimer] INFO  c.n.e.r.AbstractInstanceRegistry - Running the evict task with compensationTime 0ms
2023-08-30 23:11:19.996 [Eureka-EvictionTimer] INFO  c.n.e.r.AbstractInstanceRegistry - Running the evict task with compensationTime 0ms
2023-08-30 23:11:24.996 [Eureka-EvictionTimer] INFO  c.n.e.r.AbstractInstanceRegistry - Running the evict task with compensationTime 0ms
2023-08-30 23:11:29.996 [Eureka-EvictionTimer] INFO  c.n.e.r.AbstractInstanceRegistry - Running the evict task with compensationTime 0ms
2023-08-30 23:11:34.996 [Eureka-EvictionTimer] INFO  c.n.e.r.AbstractInstanceRegistry - Running the evict task with compensationTime 0ms
2023-08-30 23:11:39.996 [Eureka-EvictionTimer] INFO  c.n.e.r.AbstractInstanceRegistry - Running the evict task with compensationTime 0ms
2023-08-30 23:11:44.996 [Eureka-EvictionTimer] INFO  c.n.e.r.AbstractInstanceRegistry - Running the evict task with compensationTime 0ms
2023-08-30 23:11:49.996 [Eureka-EvictionTimer] INFO  c.n.e.r.AbstractInstanceRegistry - Running the evict task with compensationTime 0ms
2023-08-30 23:11:54.996 [Eureka-EvictionTimer] INFO  c.n.e.r.AbstractInstanceRegistry - Running the evict task with compensationTime 0ms
2023-08-30 23:11:59.996 [Eureka-EvictionTimer] INFO  c.n.e.r.AbstractInstanceRegistry - Running the evict task with compensationTime 0ms
2023-08-30 23:12:04.996 [Eureka-EvictionTimer] INFO  c.n.e.r.AbstractInstanceRegistry - Running the evict task with compensationTime 0ms
2023-08-30 23:12:09.996 [Eureka-EvictionTimer] INFO  c.n.e.r.AbstractInstanceRegistry - Running the evict task with compensationTime 0ms
2023-08-30 23:12:14.996 [Eureka-EvictionTimer] INFO  c.n.e.r.AbstractInstanceRegistry - Running the evict task with compensationTime 0ms
2023-08-30 23:12:19.996 [Eureka-EvictionTimer] INFO  c.n.e.r.AbstractInstanceRegistry - Running the evict task with compensationTime 0ms
2023-08-30 23:12:24.996 [Eureka-EvictionTimer] INFO  c.n.e.r.AbstractInstanceRegistry - Running the evict task with compensationTime 0ms
2023-08-30 23:12:29.996 [Eureka-EvictionTimer] INFO  c.n.e.r.AbstractInstanceRegistry - Running the evict task with compensationTime 0ms
2023-08-30 23:12:34.996 [Eureka-EvictionTimer] INFO  c.n.e.r.AbstractInstanceRegistry - Running the evict task with compensationTime 0ms
2023-08-30 23:12:39.996 [Eureka-EvictionTimer] INFO  c.n.e.r.AbstractInstanceRegistry - Running the evict task with compensationTime 0ms
2023-08-30 23:12:44.996 [Eureka-EvictionTimer] INFO  c.n.e.r.AbstractInstanceRegistry - Running the evict task with compensationTime 0ms
2023-08-30 23:12:49.996 [Eureka-EvictionTimer] INFO  c.n.e.r.AbstractInstanceRegistry - Running the evict task with compensationTime 0ms
2023-08-30 23:12:54.996 [Eureka-EvictionTimer] INFO  c.n.e.r.AbstractInstanceRegistry - Running the evict task with compensationTime 0ms
2023-08-30 23:12:59.996 [Eureka-EvictionTimer] INFO  c.n.e.r.AbstractInstanceRegistry - Running the evict task with compensationTime 0ms
2023-08-30 23:13:04.996 [Eureka-EvictionTimer] INFO  c.n.e.r.AbstractInstanceRegistry - Running the evict task with compensationTime 0ms
2023-08-30 23:13:09.996 [Eureka-EvictionTimer] INFO  c.n.e.r.AbstractInstanceRegistry - Running the evict task with compensationTime 0ms
2023-08-30 23:13:14.996 [Eureka-EvictionTimer] INFO  c.n.e.r.AbstractInstanceRegistry - Running the evict task with compensationTime 0ms
2023-08-30 23:13:19.996 [Eureka-EvictionTimer] INFO  c.n.e.r.AbstractInstanceRegistry - Running the evict task with compensationTime 0ms
2023-08-30 23:13:24.996 [Eureka-EvictionTimer] INFO  c.n.e.r.AbstractInstanceRegistry - Running the evict task with compensationTime 0ms
2023-08-30 23:13:29.996 [Eureka-EvictionTimer] INFO  c.n.e.r.AbstractInstanceRegistry - Running the evict task with compensationTime 0ms
2023-08-30 23:13:34.996 [Eureka-EvictionTimer] INFO  c.n.e.r.AbstractInstanceRegistry - Running the evict task with compensationTime 0ms
2023-08-30 23:13:39.996 [Eureka-EvictionTimer] INFO  c.n.e.r.AbstractInstanceRegistry - Running the evict task with compensationTime 0ms
2023-08-30 23:13:44.996 [Eureka-EvictionTimer] INFO  c.n.e.r.AbstractInstanceRegistry - Running the evict task with compensationTime 0ms
2023-08-30 23:13:49.996 [Eureka-EvictionTimer] INFO  c.n.e.r.AbstractInstanceRegistry - Running the evict task with compensationTime 0ms
2023-08-30 23:13:54.996 [Eureka-EvictionTimer] INFO  c.n.e.r.AbstractInstanceRegistry - Running the evict task with compensationTime 0ms
2023-08-30 23:13:59.996 [Eureka-EvictionTimer] INFO  c.n.e.r.AbstractInstanceRegistry - Running the evict task with compensationTime 0ms
2023-08-30 23:14:04.996 [Eureka-EvictionTimer] INFO  c.n.e.r.AbstractInstanceRegistry - Running the evict task with compensationTime 0ms
2023-08-30 23:14:09.996 [Eureka-EvictionTimer] INFO  c.n.e.r.AbstractInstanceRegistry - Running the evict task with compensationTime 0ms
2023-08-30 23:14:14.996 [Eureka-EvictionTimer] INFO  c.n.e.r.AbstractInstanceRegistry - Running the evict task with compensationTime 0ms
2023-08-30 23:14:19.996 [Eureka-EvictionTimer] INFO  c.n.e.r.AbstractInstanceRegistry - Running the evict task with compensationTime 0ms
2023-08-30 23:14:24.996 [Eureka-EvictionTimer] INFO  c.n.e.r.AbstractInstanceRegistry - Running the evict task with compensationTime 0ms
2023-08-30 23:14:29.996 [Eureka-EvictionTimer] INFO  c.n.e.r.AbstractInstanceRegistry - Running the evict task with compensationTime 0ms
2023-08-30 23:14:34.996 [Eureka-EvictionTimer] INFO  c.n.e.r.AbstractInstanceRegistry - Running the evict task with compensationTime 0ms
2023-08-30 23:14:39.996 [Eureka-EvictionTimer] INFO  c.n.e.r.AbstractInstanceRegistry - Running the evict task with compensationTime 0ms
2023-08-30 23:14:44.996 [Eureka-EvictionTimer] INFO  c.n.e.r.AbstractInstanceRegistry - Running the evict task with compensationTime 0ms
2023-08-30 23:14:49.996 [Eureka-EvictionTimer] INFO  c.n.e.r.AbstractInstanceRegistry - Running the evict task with compensationTime 0ms
2023-08-30 23:14:54.996 [Eureka-EvictionTimer] INFO  c.n.e.r.AbstractInstanceRegistry - Running the evict task with compensationTime 0ms
2023-08-30 23:14:59.996 [Eureka-EvictionTimer] INFO  c.n.e.r.AbstractInstanceRegistry - Running the evict task with compensationTime 0ms
2023-08-30 23:15:04.996 [Eureka-EvictionTimer] INFO  c.n.e.r.AbstractInstanceRegistry - Running the evict task with compensationTime 0ms
2023-08-30 23:15:09.996 [Eureka-EvictionTimer] INFO  c.n.e.r.AbstractInstanceRegistry - Running the evict task with compensationTime 0ms
2023-08-30 23:15:14.996 [Eureka-EvictionTimer] INFO  c.n.e.r.AbstractInstanceRegistry - Running the evict task with compensationTime 0ms
2023-08-30 23:15:19.996 [Eureka-EvictionTimer] INFO  c.n.e.r.AbstractInstanceRegistry - Running the evict task with compensationTime 0ms
2023-08-30 23:15:24.996 [Eureka-EvictionTimer] INFO  c.n.e.r.AbstractInstanceRegistry - Running the evict task with compensationTime 0ms
2023-08-30 23:15:29.996 [Eureka-EvictionTimer] INFO  c.n.e.r.AbstractInstanceRegistry - Running the evict task with compensationTime 0ms
2023-08-30 23:15:34.996 [Eureka-EvictionTimer] INFO  c.n.e.r.AbstractInstanceRegistry - Running the evict task with compensationTime 0ms
2023-08-30 23:15:39.996 [Eureka-EvictionTimer] INFO  c.n.e.r.AbstractInstanceRegistry - Running the evict task with compensationTime 0ms
2023-08-30 23:15:44.996 [Eureka-EvictionTimer] INFO  c.n.e.r.AbstractInstanceRegistry - Running the evict task with compensationTime 0ms
2023-08-30 23:15:49.996 [Eureka-EvictionTimer] INFO  c.n.e.r.AbstractInstanceRegistry - Running the evict task with compensationTime 0ms
2023-08-30 23:15:54.859 [ReplicaAwareInstanceRegistry - RenewalThresholdUpdater] INFO  c.n.e.r.PeerAwareInstanceRegistryImpl - Current renewal threshold is : 0
2023-08-30 23:15:54.996 [Eureka-EvictionTimer] INFO  c.n.e.r.AbstractInstanceRegistry - Running the evict task with compensationTime 0ms
2023-08-30 23:15:59.996 [Eureka-EvictionTimer] INFO  c.n.e.r.AbstractInstanceRegistry - Running the evict task with compensationTime 0ms
2023-08-30 23:16:04.996 [Eureka-EvictionTimer] INFO  c.n.e.r.AbstractInstanceRegistry - Running the evict task with compensationTime 0ms
2023-08-30 23:16:09.996 [Eureka-EvictionTimer] INFO  c.n.e.r.AbstractInstanceRegistry - Running the evict task with compensationTime 0ms
2023-08-30 23:16:14.996 [Eureka-EvictionTimer] INFO  c.n.e.r.AbstractInstanceRegistry - Running the evict task with compensationTime 0ms
2023-08-30 23:16:19.996 [Eureka-EvictionTimer] INFO  c.n.e.r.AbstractInstanceRegistry - Running the evict task with compensationTime 0ms
2023-08-30 23:16:24.996 [Eureka-EvictionTimer] INFO  c.n.e.r.AbstractInstanceRegistry - Running the evict task with compensationTime 0ms
2023-08-30 23:16:29.996 [Eureka-EvictionTimer] INFO  c.n.e.r.AbstractInstanceRegistry - Running the evict task with compensationTime 0ms
2023-08-30 23:16:34.996 [Eureka-EvictionTimer] INFO  c.n.e.r.AbstractInstanceRegistry - Running the evict task with compensationTime 0ms
2023-08-30 23:16:39.996 [Eureka-EvictionTimer] INFO  c.n.e.r.AbstractInstanceRegistry - Running the evict task with compensationTime 0ms
2023-08-30 23:16:44.996 [Eureka-EvictionTimer] INFO  c.n.e.r.AbstractInstanceRegistry - Running the evict task with compensationTime 0ms
2023-08-30 23:16:49.996 [Eureka-EvictionTimer] INFO  c.n.e.r.AbstractInstanceRegistry - Running the evict task with compensationTime 0ms
2023-08-30 23:16:54.996 [Eureka-EvictionTimer] INFO  c.n.e.r.AbstractInstanceRegistry - Running the evict task with compensationTime 0ms
2023-08-30 23:16:59.996 [Eureka-EvictionTimer] INFO  c.n.e.r.AbstractInstanceRegistry - Running the evict task with compensationTime 0ms
2023-08-30 23:17:04.996 [Eureka-EvictionTimer] INFO  c.n.e.r.AbstractInstanceRegistry - Running the evict task with compensationTime 0ms
2023-08-30 23:17:09.996 [Eureka-EvictionTimer] INFO  c.n.e.r.AbstractInstanceRegistry - Running the evict task with compensationTime 0ms
2023-08-30 23:17:14.996 [Eureka-EvictionTimer] INFO  c.n.e.r.AbstractInstanceRegistry - Running the evict task with compensationTime 0ms
2023-08-30 23:17:19.996 [Eureka-EvictionTimer] INFO  c.n.e.r.AbstractInstanceRegistry - Running the evict task with compensationTime 0ms
2023-08-30 23:17:24.996 [Eureka-EvictionTimer] INFO  c.n.e.r.AbstractInstanceRegistry - Running the evict task with compensationTime 0ms
2023-08-30 23:17:29.996 [Eureka-EvictionTimer] INFO  c.n.e.r.AbstractInstanceRegistry - Running the evict task with compensationTime 0ms
2023-08-30 23:17:34.996 [Eureka-EvictionTimer] INFO  c.n.e.r.AbstractInstanceRegistry - Running the evict task with compensationTime 0ms
2023-08-30 23:17:39.996 [Eureka-EvictionTimer] INFO  c.n.e.r.AbstractInstanceRegistry - Running the evict task with compensationTime 0ms
2023-08-30 23:17:44.996 [Eureka-EvictionTimer] INFO  c.n.e.r.AbstractInstanceRegistry - Running the evict task with compensationTime 0ms
2023-08-30 23:17:49.996 [Eureka-EvictionTimer] INFO  c.n.e.r.AbstractInstanceRegistry - Running the evict task with compensationTime 0ms
2023-08-30 23:17:54.996 [Eureka-EvictionTimer] INFO  c.n.e.r.AbstractInstanceRegistry - Running the evict task with compensationTime 0ms
2023-08-30 23:17:59.996 [Eureka-EvictionTimer] INFO  c.n.e.r.AbstractInstanceRegistry - Running the evict task with compensationTime 0ms
2023-08-30 23:18:04.996 [Eureka-EvictionTimer] INFO  c.n.e.r.AbstractInstanceRegistry - Running the evict task with compensationTime 0ms
2023-08-30 23:18:09.996 [Eureka-EvictionTimer] INFO  c.n.e.r.AbstractInstanceRegistry - Running the evict task with compensationTime 0ms
2023-08-30 23:18:14.996 [Eureka-EvictionTimer] INFO  c.n.e.r.AbstractInstanceRegistry - Running the evict task with compensationTime 0ms
2023-08-30 23:18:19.996 [Eureka-EvictionTimer] INFO  c.n.e.r.AbstractInstanceRegistry - Running the evict task with compensationTime 0ms
2023-08-30 23:18:24.996 [Eureka-EvictionTimer] INFO  c.n.e.r.AbstractInstanceRegistry - Running the evict task with compensationTime 0ms
2023-08-30 23:18:29.996 [Eureka-EvictionTimer] INFO  c.n.e.r.AbstractInstanceRegistry - Running the evict task with compensationTime 0ms
2023-08-30 23:18:34.996 [Eureka-EvictionTimer] INFO  c.n.e.r.AbstractInstanceRegistry - Running the evict task with compensationTime 0ms
2023-08-30 23:18:39.996 [Eureka-EvictionTimer] INFO  c.n.e.r.AbstractInstanceRegistry - Running the evict task with compensationTime 0ms
2023-08-30 23:18:44.996 [Eureka-EvictionTimer] INFO  c.n.e.r.AbstractInstanceRegistry - Running the evict task with compensationTime 0ms
2023-08-30 23:18:49.996 [Eureka-EvictionTimer] INFO  c.n.e.r.AbstractInstanceRegistry - Running the evict task with compensationTime 0ms
2023-08-30 23:18:54.996 [Eureka-EvictionTimer] INFO  c.n.e.r.AbstractInstanceRegistry - Running the evict task with compensationTime 0ms
2023-08-30 23:18:59.996 [Eureka-EvictionTimer] INFO  c.n.e.r.AbstractInstanceRegistry - Running the evict task with compensationTime 0ms
2023-08-30 23:19:04.996 [Eureka-EvictionTimer] INFO  c.n.e.r.AbstractInstanceRegistry - Running the evict task with compensationTime 0ms
2023-08-30 23:19:09.996 [Eureka-EvictionTimer] INFO  c.n.e.r.AbstractInstanceRegistry - Running the evict task with compensationTime 0ms
2023-08-30 23:19:14.996 [Eureka-EvictionTimer] INFO  c.n.e.r.AbstractInstanceRegistry - Running the evict task with compensationTime 0ms
2023-08-30 23:19:19.996 [Eureka-EvictionTimer] INFO  c.n.e.r.AbstractInstanceRegistry - Running the evict task with compensationTime 0ms
2023-08-30 23:19:24.996 [Eureka-EvictionTimer] INFO  c.n.e.r.AbstractInstanceRegistry - Running the evict task with compensationTime 0ms
2023-08-30 23:19:29.996 [Eureka-EvictionTimer] INFO  c.n.e.r.AbstractInstanceRegistry - Running the evict task with compensationTime 0ms
2023-08-30 23:19:34.996 [Eureka-EvictionTimer] INFO  c.n.e.r.AbstractInstanceRegistry - Running the evict task with compensationTime 0ms
2023-08-30 23:19:39.996 [Eureka-EvictionTimer] INFO  c.n.e.r.AbstractInstanceRegistry - Running the evict task with compensationTime 0ms
2023-08-30 23:19:44.996 [Eureka-EvictionTimer] INFO  c.n.e.r.AbstractInstanceRegistry - Running the evict task with compensationTime 0ms
2023-08-30 23:19:49.996 [Eureka-EvictionTimer] INFO  c.n.e.r.AbstractInstanceRegistry - Running the evict task with compensationTime 0ms
2023-08-30 23:19:54.996 [Eureka-EvictionTimer] INFO  c.n.e.r.AbstractInstanceRegistry - Running the evict task with compensationTime 0ms
2023-08-30 23:19:59.996 [Eureka-EvictionTimer] INFO  c.n.e.r.AbstractInstanceRegistry - Running the evict task with compensationTime 0ms
2023-08-30 23:20:04.996 [Eureka-EvictionTimer] INFO  c.n.e.r.AbstractInstanceRegistry - Running the evict task with compensationTime 0ms
2023-08-30 23:20:09.996 [Eureka-EvictionTimer] INFO  c.n.e.r.AbstractInstanceRegistry - Running the evict task with compensationTime 0ms
2023-08-30 23:20:14.996 [Eureka-EvictionTimer] INFO  c.n.e.r.AbstractInstanceRegistry - Running the evict task with compensationTime 0ms
2023-08-30 23:20:19.996 [Eureka-EvictionTimer] INFO  c.n.e.r.AbstractInstanceRegistry - Running the evict task with compensationTime 0ms
2023-08-30 23:20:24.996 [Eureka-EvictionTimer] INFO  c.n.e.r.AbstractInstanceRegistry - Running the evict task with compensationTime 0ms
2023-08-30 23:20:29.996 [Eureka-EvictionTimer] INFO  c.n.e.r.AbstractInstanceRegistry - Running the evict task with compensationTime 0ms
2023-08-30 23:20:34.996 [Eureka-EvictionTimer] INFO  c.n.e.r.AbstractInstanceRegistry - Running the evict task with compensationTime 0ms
2023-08-30 23:20:39.996 [Eureka-EvictionTimer] INFO  c.n.e.r.AbstractInstanceRegistry - Running the evict task with compensationTime 0ms
2023-08-30 23:20:44.996 [Eureka-EvictionTimer] INFO  c.n.e.r.AbstractInstanceRegistry - Running the evict task with compensationTime 0ms
2023-08-30 23:20:49.996 [Eureka-EvictionTimer] INFO  c.n.e.r.AbstractInstanceRegistry - Running the evict task with compensationTime 0ms
2023-08-30 23:20:54.996 [Eureka-EvictionTimer] INFO  c.n.e.r.AbstractInstanceRegistry - Running the evict task with compensationTime 0ms
2023-08-30 23:20:59.996 [Eureka-EvictionTimer] INFO  c.n.e.r.AbstractInstanceRegistry - Running the evict task with compensationTime 0ms
2023-08-30 23:21:04.996 [Eureka-EvictionTimer] INFO  c.n.e.r.AbstractInstanceRegistry - Running the evict task with compensationTime 0ms
2023-08-30 23:21:09.996 [Eureka-EvictionTimer] INFO  c.n.e.r.AbstractInstanceRegistry - Running the evict task with compensationTime 0ms
2023-08-30 23:21:14.996 [Eureka-EvictionTimer] INFO  c.n.e.r.AbstractInstanceRegistry - Running the evict task with compensationTime 0ms
2023-08-30 23:21:19.996 [Eureka-EvictionTimer] INFO  c.n.e.r.AbstractInstanceRegistry - Running the evict task with compensationTime 0ms
2023-08-30 23:21:24.996 [Eureka-EvictionTimer] INFO  c.n.e.r.AbstractInstanceRegistry - Running the evict task with compensationTime 0ms
2023-08-30 23:21:29.996 [Eureka-EvictionTimer] INFO  c.n.e.r.AbstractInstanceRegistry - Running the evict task with compensationTime 0ms
2023-08-30 23:21:34.996 [Eureka-EvictionTimer] INFO  c.n.e.r.AbstractInstanceRegistry - Running the evict task with compensationTime 0ms
2023-08-30 23:21:39.996 [Eureka-EvictionTimer] INFO  c.n.e.r.AbstractInstanceRegistry - Running the evict task with compensationTime 0ms
2023-08-30 23:21:44.996 [Eureka-EvictionTimer] INFO  c.n.e.r.AbstractInstanceRegistry - Running the evict task with compensationTime 0ms
2023-08-30 23:21:49.996 [Eureka-EvictionTimer] INFO  c.n.e.r.AbstractInstanceRegistry - Running the evict task with compensationTime 0ms
2023-08-30 23:21:54.996 [Eureka-EvictionTimer] INFO  c.n.e.r.AbstractInstanceRegistry - Running the evict task with compensationTime 0ms
2023-08-30 23:21:59.996 [Eureka-EvictionTimer] INFO  c.n.e.r.AbstractInstanceRegistry - Running the evict task with compensationTime 0ms
2023-08-30 23:22:04.996 [Eureka-EvictionTimer] INFO  c.n.e.r.AbstractInstanceRegistry - Running the evict task with compensationTime 0ms
2023-08-30 23:22:09.996 [Eureka-EvictionTimer] INFO  c.n.e.r.AbstractInstanceRegistry - Running the evict task with compensationTime 0ms
2023-08-30 23:22:14.996 [Eureka-EvictionTimer] INFO  c.n.e.r.AbstractInstanceRegistry - Running the evict task with compensationTime 0ms
2023-08-30 23:22:19.996 [Eureka-EvictionTimer] INFO  c.n.e.r.AbstractInstanceRegistry - Running the evict task with compensationTime 0ms
2023-08-30 23:22:24.996 [Eureka-EvictionTimer] INFO  c.n.e.r.AbstractInstanceRegistry - Running the evict task with compensationTime 0ms
2023-08-30 23:22:29.996 [Eureka-EvictionTimer] INFO  c.n.e.r.AbstractInstanceRegistry - Running the evict task with compensationTime 0ms
2023-08-30 23:22:34.996 [Eureka-EvictionTimer] INFO  c.n.e.r.AbstractInstanceRegistry - Running the evict task with compensationTime 0ms
2023-08-30 23:22:39.996 [Eureka-EvictionTimer] INFO  c.n.e.r.AbstractInstanceRegistry - Running the evict task with compensationTime 0ms
2023-08-30 23:22:44.996 [Eureka-EvictionTimer] INFO  c.n.e.r.AbstractInstanceRegistry - Running the evict task with compensationTime 0ms
2023-08-30 23:22:49.996 [Eureka-EvictionTimer] INFO  c.n.e.r.AbstractInstanceRegistry - Running the evict task with compensationTime 0ms
2023-08-30 23:22:54.996 [Eureka-EvictionTimer] INFO  c.n.e.r.AbstractInstanceRegistry - Running the evict task with compensationTime 0ms
2023-08-30 23:22:59.996 [Eureka-EvictionTimer] INFO  c.n.e.r.AbstractInstanceRegistry - Running the evict task with compensationTime 0ms
2023-08-30 23:23:04.996 [Eureka-EvictionTimer] INFO  c.n.e.r.AbstractInstanceRegistry - Running the evict task with compensationTime 0ms
2023-08-30 23:23:09.996 [Eureka-EvictionTimer] INFO  c.n.e.r.AbstractInstanceRegistry - Running the evict task with compensationTime 0ms
2023-08-30 23:23:14.996 [Eureka-EvictionTimer] INFO  c.n.e.r.AbstractInstanceRegistry - Running the evict task with compensationTime 0ms
2023-08-30 23:23:19.996 [Eureka-EvictionTimer] INFO  c.n.e.r.AbstractInstanceRegistry - Running the evict task with compensationTime 0ms
2023-08-30 23:23:24.996 [Eureka-EvictionTimer] INFO  c.n.e.r.AbstractInstanceRegistry - Running the evict task with compensationTime 0ms
2023-08-30 23:23:29.996 [Eureka-EvictionTimer] INFO  c.n.e.r.AbstractInstanceRegistry - Running the evict task with compensationTime 0ms
2023-08-30 23:23:34.996 [Eureka-EvictionTimer] INFO  c.n.e.r.AbstractInstanceRegistry - Running the evict task with compensationTime 0ms
2023-08-30 23:23:39.996 [Eureka-EvictionTimer] INFO  c.n.e.r.AbstractInstanceRegistry - Running the evict task with compensationTime 0ms
2023-08-30 23:23:44.996 [Eureka-EvictionTimer] INFO  c.n.e.r.AbstractInstanceRegistry - Running the evict task with compensationTime 0ms
2023-08-30 23:23:49.996 [Eureka-EvictionTimer] INFO  c.n.e.r.AbstractInstanceRegistry - Running the evict task with compensationTime 0ms
2023-08-30 23:23:54.996 [Eureka-EvictionTimer] INFO  c.n.e.r.AbstractInstanceRegistry - Running the evict task with compensationTime 0ms
2023-08-30 23:23:59.996 [Eureka-EvictionTimer] INFO  c.n.e.r.AbstractInstanceRegistry - Running the evict task with compensationTime 0ms
2023-08-30 23:24:04.996 [Eureka-EvictionTimer] INFO  c.n.e.r.AbstractInstanceRegistry - Running the evict task with compensationTime 0ms
2023-08-30 23:24:09.996 [Eureka-EvictionTimer] INFO  c.n.e.r.AbstractInstanceRegistry - Running the evict task with compensationTime 0ms
2023-08-30 23:24:14.996 [Eureka-EvictionTimer] INFO  c.n.e.r.AbstractInstanceRegistry - Running the evict task with compensationTime 0ms
2023-08-30 23:24:19.996 [Eureka-EvictionTimer] INFO  c.n.e.r.AbstractInstanceRegistry - Running the evict task with compensationTime 0ms
2023-08-30 23:24:24.996 [Eureka-EvictionTimer] INFO  c.n.e.r.AbstractInstanceRegistry - Running the evict task with compensationTime 0ms
2023-08-30 23:24:29.996 [Eureka-EvictionTimer] INFO  c.n.e.r.AbstractInstanceRegistry - Running the evict task with compensationTime 0ms
2023-08-30 23:24:34.996 [Eureka-EvictionTimer] INFO  c.n.e.r.AbstractInstanceRegistry - Running the evict task with compensationTime 0ms
2023-08-30 23:24:39.996 [Eureka-EvictionTimer] INFO  c.n.e.r.AbstractInstanceRegistry - Running the evict task with compensationTime 0ms
2023-08-30 23:24:44.996 [Eureka-EvictionTimer] INFO  c.n.e.r.AbstractInstanceRegistry - Running the evict task with compensationTime 0ms
2023-08-30 23:24:49.996 [Eureka-EvictionTimer] INFO  c.n.e.r.AbstractInstanceRegistry - Running the evict task with compensationTime 0ms
2023-08-30 23:24:54.996 [Eureka-EvictionTimer] INFO  c.n.e.r.AbstractInstanceRegistry - Running the evict task with compensationTime 0ms
2023-08-30 23:24:59.996 [Eureka-EvictionTimer] INFO  c.n.e.r.AbstractInstanceRegistry - Running the evict task with compensationTime 0ms
2023-08-30 23:25:04.996 [Eureka-EvictionTimer] INFO  c.n.e.r.AbstractInstanceRegistry - Running the evict task with compensationTime 0ms
2023-08-30 23:25:09.996 [Eureka-EvictionTimer] INFO  c.n.e.r.AbstractInstanceRegistry - Running the evict task with compensationTime 0ms
2023-08-30 23:25:14.996 [Eureka-EvictionTimer] INFO  c.n.e.r.AbstractInstanceRegistry - Running the evict task with compensationTime 0ms
2023-08-30 23:25:19.996 [Eureka-EvictionTimer] INFO  c.n.e.r.AbstractInstanceRegistry - Running the evict task with compensationTime 0ms
2023-08-30 23:25:24.996 [Eureka-EvictionTimer] INFO  c.n.e.r.AbstractInstanceRegistry - Running the evict task with compensationTime 0ms
2023-08-30 23:25:29.996 [Eureka-EvictionTimer] INFO  c.n.e.r.AbstractInstanceRegistry - Running the evict task with compensationTime 0ms
2023-08-30 23:25:34.996 [Eureka-EvictionTimer] INFO  c.n.e.r.AbstractInstanceRegistry - Running the evict task with compensationTime 0ms
2023-08-30 23:25:39.996 [Eureka-EvictionTimer] INFO  c.n.e.r.AbstractInstanceRegistry - Running the evict task with compensationTime 0ms
2023-08-30 23:25:44.996 [Eureka-EvictionTimer] INFO  c.n.e.r.AbstractInstanceRegistry - Running the evict task with compensationTime 0ms
2023-08-30 23:25:49.996 [Eureka-EvictionTimer] INFO  c.n.e.r.AbstractInstanceRegistry - Running the evict task with compensationTime 0ms
2023-08-30 23:25:54.996 [Eureka-EvictionTimer] INFO  c.n.e.r.AbstractInstanceRegistry - Running the evict task with compensationTime 0ms
2023-08-30 23:25:59.996 [Eureka-EvictionTimer] INFO  c.n.e.r.AbstractInstanceRegistry - Running the evict task with compensationTime 0ms
2023-08-30 23:26:04.996 [Eureka-EvictionTimer] INFO  c.n.e.r.AbstractInstanceRegistry - Running the evict task with compensationTime 0ms
2023-08-30 23:26:09.996 [Eureka-EvictionTimer] INFO  c.n.e.r.AbstractInstanceRegistry - Running the evict task with compensationTime 0ms
2023-08-30 23:26:14.996 [Eureka-EvictionTimer] INFO  c.n.e.r.AbstractInstanceRegistry - Running the evict task with compensationTime 0ms
2023-08-30 23:26:19.996 [Eureka-EvictionTimer] INFO  c.n.e.r.AbstractInstanceRegistry - Running the evict task with compensationTime 0ms
2023-08-30 23:26:24.996 [Eureka-EvictionTimer] INFO  c.n.e.r.AbstractInstanceRegistry - Running the evict task with compensationTime 0ms
2023-08-30 23:26:29.996 [Eureka-EvictionTimer] INFO  c.n.e.r.AbstractInstanceRegistry - Running the evict task with compensationTime 0ms
2023-08-30 23:26:34.996 [Eureka-EvictionTimer] INFO  c.n.e.r.AbstractInstanceRegistry - Running the evict task with compensationTime 0ms
2023-08-30 23:26:39.996 [Eureka-EvictionTimer] INFO  c.n.e.r.AbstractInstanceRegistry - Running the evict task with compensationTime 0ms
2023-08-30 23:26:44.996 [Eureka-EvictionTimer] INFO  c.n.e.r.AbstractInstanceRegistry - Running the evict task with compensationTime 0ms
2023-08-30 23:26:49.996 [Eureka-EvictionTimer] INFO  c.n.e.r.AbstractInstanceRegistry - Running the evict task with compensationTime 0ms
2023-08-30 23:26:54.996 [Eureka-EvictionTimer] INFO  c.n.e.r.AbstractInstanceRegistry - Running the evict task with compensationTime 0ms
2023-08-30 23:26:59.996 [Eureka-EvictionTimer] INFO  c.n.e.r.AbstractInstanceRegistry - Running the evict task with compensationTime 0ms
2023-08-30 23:27:04.996 [Eureka-EvictionTimer] INFO  c.n.e.r.AbstractInstanceRegistry - Running the evict task with compensationTime 0ms
2023-08-30 23:27:09.996 [Eureka-EvictionTimer] INFO  c.n.e.r.AbstractInstanceRegistry - Running the evict task with compensationTime 0ms
2023-08-30 23:27:14.996 [Eureka-EvictionTimer] INFO  c.n.e.r.AbstractInstanceRegistry - Running the evict task with compensationTime 0ms
2023-08-30 23:27:19.996 [Eureka-EvictionTimer] INFO  c.n.e.r.AbstractInstanceRegistry - Running the evict task with compensationTime 0ms
2023-08-30 23:27:24.996 [Eureka-EvictionTimer] INFO  c.n.e.r.AbstractInstanceRegistry - Running the evict task with compensationTime 0ms
2023-08-30 23:27:29.996 [Eureka-EvictionTimer] INFO  c.n.e.r.AbstractInstanceRegistry - Running the evict task with compensationTime 0ms
2023-08-30 23:27:34.996 [Eureka-EvictionTimer] INFO  c.n.e.r.AbstractInstanceRegistry - Running the evict task with compensationTime 0ms
2023-08-30 23:27:39.996 [Eureka-EvictionTimer] INFO  c.n.e.r.AbstractInstanceRegistry - Running the evict task with compensationTime 0ms
2023-08-30 23:27:44.996 [Eureka-EvictionTimer] INFO  c.n.e.r.AbstractInstanceRegistry - Running the evict task with compensationTime 0ms
2023-08-30 23:27:49.996 [Eureka-EvictionTimer] INFO  c.n.e.r.AbstractInstanceRegistry - Running the evict task with compensationTime 0ms
2023-08-30 23:27:54.996 [Eureka-EvictionTimer] INFO  c.n.e.r.AbstractInstanceRegistry - Running the evict task with compensationTime 0ms
2023-08-30 23:27:59.996 [Eureka-EvictionTimer] INFO  c.n.e.r.AbstractInstanceRegistry - Running the evict task with compensationTime 0ms
2023-08-30 23:28:04.996 [Eureka-EvictionTimer] INFO  c.n.e.r.AbstractInstanceRegistry - Running the evict task with compensationTime 0ms
2023-08-30 23:28:09.996 [Eureka-EvictionTimer] INFO  c.n.e.r.AbstractInstanceRegistry - Running the evict task with compensationTime 0ms
2023-08-30 23:28:14.996 [Eureka-EvictionTimer] INFO  c.n.e.r.AbstractInstanceRegistry - Running the evict task with compensationTime 0ms
2023-08-30 23:28:19.996 [Eureka-EvictionTimer] INFO  c.n.e.r.AbstractInstanceRegistry - Running the evict task with compensationTime 0ms
2023-08-30 23:28:24.996 [Eureka-EvictionTimer] INFO  c.n.e.r.AbstractInstanceRegistry - Running the evict task with compensationTime 0ms
2023-08-30 23:28:29.996 [Eureka-EvictionTimer] INFO  c.n.e.r.AbstractInstanceRegistry - Running the evict task with compensationTime 0ms
2023-08-30 23:28:34.996 [Eureka-EvictionTimer] INFO  c.n.e.r.AbstractInstanceRegistry - Running the evict task with compensationTime 0ms
2023-08-30 23:28:39.996 [Eureka-EvictionTimer] INFO  c.n.e.r.AbstractInstanceRegistry - Running the evict task with compensationTime 0ms
2023-08-30 23:28:44.996 [Eureka-EvictionTimer] INFO  c.n.e.r.AbstractInstanceRegistry - Running the evict task with compensationTime 0ms
2023-08-30 23:28:49.996 [Eureka-EvictionTimer] INFO  c.n.e.r.AbstractInstanceRegistry - Running the evict task with compensationTime 0ms
2023-08-30 23:28:54.996 [Eureka-EvictionTimer] INFO  c.n.e.r.AbstractInstanceRegistry - Running the evict task with compensationTime 0ms
2023-08-30 23:28:59.996 [Eureka-EvictionTimer] INFO  c.n.e.r.AbstractInstanceRegistry - Running the evict task with compensationTime 0ms
2023-08-30 23:29:04.996 [Eureka-EvictionTimer] INFO  c.n.e.r.AbstractInstanceRegistry - Running the evict task with compensationTime 0ms
2023-08-30 23:29:09.996 [Eureka-EvictionTimer] INFO  c.n.e.r.AbstractInstanceRegistry - Running the evict task with compensationTime 0ms
2023-08-30 23:29:14.996 [Eureka-EvictionTimer] INFO  c.n.e.r.AbstractInstanceRegistry - Running the evict task with compensationTime 0ms
2023-08-30 23:29:19.996 [Eureka-EvictionTimer] INFO  c.n.e.r.AbstractInstanceRegistry - Running the evict task with compensationTime 0ms
2023-08-30 23:29:24.996 [Eureka-EvictionTimer] INFO  c.n.e.r.AbstractInstanceRegistry - Running the evict task with compensationTime 0ms
2023-08-30 23:29:29.996 [Eureka-EvictionTimer] INFO  c.n.e.r.AbstractInstanceRegistry - Running the evict task with compensationTime 0ms
2023-08-30 23:29:34.996 [Eureka-EvictionTimer] INFO  c.n.e.r.AbstractInstanceRegistry - Running the evict task with compensationTime 0ms
2023-08-30 23:29:39.996 [Eureka-EvictionTimer] INFO  c.n.e.r.AbstractInstanceRegistry - Running the evict task with compensationTime 0ms
2023-08-30 23:29:44.996 [Eureka-EvictionTimer] INFO  c.n.e.r.AbstractInstanceRegistry - Running the evict task with compensationTime 0ms
2023-08-30 23:29:49.996 [Eureka-EvictionTimer] INFO  c.n.e.r.AbstractInstanceRegistry - Running the evict task with compensationTime 0ms
2023-08-30 23:29:54.996 [Eureka-EvictionTimer] INFO  c.n.e.r.AbstractInstanceRegistry - Running the evict task with compensationTime 0ms
2023-08-30 23:29:59.996 [Eureka-EvictionTimer] INFO  c.n.e.r.AbstractInstanceRegistry - Running the evict task with compensationTime 0ms
2023-08-30 23:30:04.996 [Eureka-EvictionTimer] INFO  c.n.e.r.AbstractInstanceRegistry - Running the evict task with compensationTime 0ms
2023-08-30 23:30:09.996 [Eureka-EvictionTimer] INFO  c.n.e.r.AbstractInstanceRegistry - Running the evict task with compensationTime 0ms
2023-08-30 23:30:14.996 [Eureka-EvictionTimer] INFO  c.n.e.r.AbstractInstanceRegistry - Running the evict task with compensationTime 0ms
2023-08-30 23:30:19.996 [Eureka-EvictionTimer] INFO  c.n.e.r.AbstractInstanceRegistry - Running the evict task with compensationTime 0ms
2023-08-30 23:30:24.996 [Eureka-EvictionTimer] INFO  c.n.e.r.AbstractInstanceRegistry - Running the evict task with compensationTime 0ms
2023-08-30 23:30:29.996 [Eureka-EvictionTimer] INFO  c.n.e.r.AbstractInstanceRegistry - Running the evict task with compensationTime 0ms
2023-08-30 23:30:34.996 [Eureka-EvictionTimer] INFO  c.n.e.r.AbstractInstanceRegistry - Running the evict task with compensationTime 0ms
2023-08-30 23:30:39.996 [Eureka-EvictionTimer] INFO  c.n.e.r.AbstractInstanceRegistry - Running the evict task with compensationTime 0ms
2023-08-30 23:30:44.996 [Eureka-EvictionTimer] INFO  c.n.e.r.AbstractInstanceRegistry - Running the evict task with compensationTime 0ms
2023-08-30 23:30:49.996 [Eureka-EvictionTimer] INFO  c.n.e.r.AbstractInstanceRegistry - Running the evict task with compensationTime 0ms
2023-08-30 23:30:54.859 [ReplicaAwareInstanceRegistry - RenewalThresholdUpdater] INFO  c.n.e.r.PeerAwareInstanceRegistryImpl - Current renewal threshold is : 0
2023-08-30 23:30:54.996 [Eureka-EvictionTimer] INFO  c.n.e.r.AbstractInstanceRegistry - Running the evict task with compensationTime 0ms
2023-08-30 23:30:59.996 [Eureka-EvictionTimer] INFO  c.n.e.r.AbstractInstanceRegistry - Running the evict task with compensationTime 0ms
2023-08-30 23:31:04.996 [Eureka-EvictionTimer] INFO  c.n.e.r.AbstractInstanceRegistry - Running the evict task with compensationTime 0ms
2023-08-30 23:31:09.996 [Eureka-EvictionTimer] INFO  c.n.e.r.AbstractInstanceRegistry - Running the evict task with compensationTime 0ms
2023-08-30 23:31:14.996 [Eureka-EvictionTimer] INFO  c.n.e.r.AbstractInstanceRegistry - Running the evict task with compensationTime 0ms
2023-08-30 23:31:19.996 [Eureka-EvictionTimer] INFO  c.n.e.r.AbstractInstanceRegistry - Running the evict task with compensationTime 0ms
2023-08-30 23:31:24.996 [Eureka-EvictionTimer] INFO  c.n.e.r.AbstractInstanceRegistry - Running the evict task with compensationTime 0ms
2023-08-30 23:31:29.996 [Eureka-EvictionTimer] INFO  c.n.e.r.AbstractInstanceRegistry - Running the evict task with compensationTime 0ms
2023-08-30 23:31:34.996 [Eureka-EvictionTimer] INFO  c.n.e.r.AbstractInstanceRegistry - Running the evict task with compensationTime 0ms
2023-08-30 23:31:39.996 [Eureka-EvictionTimer] INFO  c.n.e.r.AbstractInstanceRegistry - Running the evict task with compensationTime 0ms
2023-08-30 23:31:44.996 [Eureka-EvictionTimer] INFO  c.n.e.r.AbstractInstanceRegistry - Running the evict task with compensationTime 0ms
2023-08-30 23:31:49.996 [Eureka-EvictionTimer] INFO  c.n.e.r.AbstractInstanceRegistry - Running the evict task with compensationTime 0ms
2023-08-30 23:31:54.996 [Eureka-EvictionTimer] INFO  c.n.e.r.AbstractInstanceRegistry - Running the evict task with compensationTime 0ms
2023-08-30 23:31:59.996 [Eureka-EvictionTimer] INFO  c.n.e.r.AbstractInstanceRegistry - Running the evict task with compensationTime 0ms
2023-08-30 23:32:04.996 [Eureka-EvictionTimer] INFO  c.n.e.r.AbstractInstanceRegistry - Running the evict task with compensationTime 0ms
2023-08-30 23:32:09.996 [Eureka-EvictionTimer] INFO  c.n.e.r.AbstractInstanceRegistry - Running the evict task with compensationTime 0ms
2023-08-30 23:32:14.996 [Eureka-EvictionTimer] INFO  c.n.e.r.AbstractInstanceRegistry - Running the evict task with compensationTime 0ms
2023-08-30 23:32:19.996 [Eureka-EvictionTimer] INFO  c.n.e.r.AbstractInstanceRegistry - Running the evict task with compensationTime 0ms
2023-08-30 23:32:24.996 [Eureka-EvictionTimer] INFO  c.n.e.r.AbstractInstanceRegistry - Running the evict task with compensationTime 0ms
2023-08-30 23:32:29.996 [Eureka-EvictionTimer] INFO  c.n.e.r.AbstractInstanceRegistry - Running the evict task with compensationTime 0ms
2023-08-30 23:32:34.996 [Eureka-EvictionTimer] INFO  c.n.e.r.AbstractInstanceRegistry - Running the evict task with compensationTime 0ms
2023-08-30 23:32:39.996 [Eureka-EvictionTimer] INFO  c.n.e.r.AbstractInstanceRegistry - Running the evict task with compensationTime 0ms
2023-08-30 23:32:44.996 [Eureka-EvictionTimer] INFO  c.n.e.r.AbstractInstanceRegistry - Running the evict task with compensationTime 0ms
2023-08-30 23:32:49.996 [Eureka-EvictionTimer] INFO  c.n.e.r.AbstractInstanceRegistry - Running the evict task with compensationTime 0ms
2023-08-30 23:32:54.996 [Eureka-EvictionTimer] INFO  c.n.e.r.AbstractInstanceRegistry - Running the evict task with compensationTime 0ms
2023-08-30 23:32:59.996 [Eureka-EvictionTimer] INFO  c.n.e.r.AbstractInstanceRegistry - Running the evict task with compensationTime 0ms
2023-08-30 23:33:04.996 [Eureka-EvictionTimer] INFO  c.n.e.r.AbstractInstanceRegistry - Running the evict task with compensationTime 0ms
2023-08-30 23:33:09.996 [Eureka-EvictionTimer] INFO  c.n.e.r.AbstractInstanceRegistry - Running the evict task with compensationTime 0ms
2023-08-30 23:33:14.996 [Eureka-EvictionTimer] INFO  c.n.e.r.AbstractInstanceRegistry - Running the evict task with compensationTime 0ms
2023-08-30 23:33:19.996 [Eureka-EvictionTimer] INFO  c.n.e.r.AbstractInstanceRegistry - Running the evict task with compensationTime 0ms
2023-08-30 23:33:24.996 [Eureka-EvictionTimer] INFO  c.n.e.r.AbstractInstanceRegistry - Running the evict task with compensationTime 0ms
2023-08-30 23:33:29.996 [Eureka-EvictionTimer] INFO  c.n.e.r.AbstractInstanceRegistry - Running the evict task with compensationTime 0ms
2023-08-30 23:33:34.996 [Eureka-EvictionTimer] INFO  c.n.e.r.AbstractInstanceRegistry - Running the evict task with compensationTime 0ms
2023-08-30 23:33:39.996 [Eureka-EvictionTimer] INFO  c.n.e.r.AbstractInstanceRegistry - Running the evict task with compensationTime 0ms
2023-08-30 23:33:44.996 [Eureka-EvictionTimer] INFO  c.n.e.r.AbstractInstanceRegistry - Running the evict task with compensationTime 0ms
2023-08-30 23:33:49.996 [Eureka-EvictionTimer] INFO  c.n.e.r.AbstractInstanceRegistry - Running the evict task with compensationTime 0ms
2023-08-30 23:33:54.996 [Eureka-EvictionTimer] INFO  c.n.e.r.AbstractInstanceRegistry - Running the evict task with compensationTime 0ms
2023-08-30 23:33:59.996 [Eureka-EvictionTimer] INFO  c.n.e.r.AbstractInstanceRegistry - Running the evict task with compensationTime 0ms
2023-08-30 23:34:04.996 [Eureka-EvictionTimer] INFO  c.n.e.r.AbstractInstanceRegistry - Running the evict task with compensationTime 0ms
2023-08-30 23:34:09.996 [Eureka-EvictionTimer] INFO  c.n.e.r.AbstractInstanceRegistry - Running the evict task with compensationTime 0ms
2023-08-30 23:34:14.996 [Eureka-EvictionTimer] INFO  c.n.e.r.AbstractInstanceRegistry - Running the evict task with compensationTime 0ms
2023-08-30 23:34:19.996 [Eureka-EvictionTimer] INFO  c.n.e.r.AbstractInstanceRegistry - Running the evict task with compensationTime 0ms
2023-08-30 23:34:24.996 [Eureka-EvictionTimer] INFO  c.n.e.r.AbstractInstanceRegistry - Running the evict task with compensationTime 0ms
2023-08-30 23:34:29.996 [Eureka-EvictionTimer] INFO  c.n.e.r.AbstractInstanceRegistry - Running the evict task with compensationTime 0ms
2023-08-30 23:34:34.996 [Eureka-EvictionTimer] INFO  c.n.e.r.AbstractInstanceRegistry - Running the evict task with compensationTime 0ms
2023-08-30 23:34:39.996 [Eureka-EvictionTimer] INFO  c.n.e.r.AbstractInstanceRegistry - Running the evict task with compensationTime 0ms
2023-08-30 23:34:44.996 [Eureka-EvictionTimer] INFO  c.n.e.r.AbstractInstanceRegistry - Running the evict task with compensationTime 0ms
2023-08-30 23:34:49.996 [Eureka-EvictionTimer] INFO  c.n.e.r.AbstractInstanceRegistry - Running the evict task with compensationTime 0ms
2023-08-30 23:34:54.996 [Eureka-EvictionTimer] INFO  c.n.e.r.AbstractInstanceRegistry - Running the evict task with compensationTime 0ms
2023-08-30 23:34:59.996 [Eureka-EvictionTimer] INFO  c.n.e.r.AbstractInstanceRegistry - Running the evict task with compensationTime 0ms
2023-08-30 23:35:04.996 [Eureka-EvictionTimer] INFO  c.n.e.r.AbstractInstanceRegistry - Running the evict task with compensationTime 0ms
2023-08-30 23:35:09.996 [Eureka-EvictionTimer] INFO  c.n.e.r.AbstractInstanceRegistry - Running the evict task with compensationTime 0ms
2023-08-30 23:35:14.996 [Eureka-EvictionTimer] INFO  c.n.e.r.AbstractInstanceRegistry - Running the evict task with compensationTime 0ms
2023-08-30 23:35:19.996 [Eureka-EvictionTimer] INFO  c.n.e.r.AbstractInstanceRegistry - Running the evict task with compensationTime 0ms
2023-08-30 23:35:24.996 [Eureka-EvictionTimer] INFO  c.n.e.r.AbstractInstanceRegistry - Running the evict task with compensationTime 0ms
2023-08-30 23:35:29.996 [Eureka-EvictionTimer] INFO  c.n.e.r.AbstractInstanceRegistry - Running the evict task with compensationTime 0ms
2023-08-30 23:35:34.996 [Eureka-EvictionTimer] INFO  c.n.e.r.AbstractInstanceRegistry - Running the evict task with compensationTime 0ms
2023-08-30 23:35:39.996 [Eureka-EvictionTimer] INFO  c.n.e.r.AbstractInstanceRegistry - Running the evict task with compensationTime 0ms
2023-08-30 23:35:44.996 [Eureka-EvictionTimer] INFO  c.n.e.r.AbstractInstanceRegistry - Running the evict task with compensationTime 0ms
2023-08-30 23:35:49.996 [Eureka-EvictionTimer] INFO  c.n.e.r.AbstractInstanceRegistry - Running the evict task with compensationTime 0ms
2023-08-30 23:35:54.996 [Eureka-EvictionTimer] INFO  c.n.e.r.AbstractInstanceRegistry - Running the evict task with compensationTime 0ms
2023-08-30 23:35:59.996 [Eureka-EvictionTimer] INFO  c.n.e.r.AbstractInstanceRegistry - Running the evict task with compensationTime 0ms
2023-08-30 23:36:04.996 [Eureka-EvictionTimer] INFO  c.n.e.r.AbstractInstanceRegistry - Running the evict task with compensationTime 0ms
2023-08-30 23:36:09.996 [Eureka-EvictionTimer] INFO  c.n.e.r.AbstractInstanceRegistry - Running the evict task with compensationTime 0ms
2023-08-30 23:36:14.996 [Eureka-EvictionTimer] INFO  c.n.e.r.AbstractInstanceRegistry - Running the evict task with compensationTime 0ms
2023-08-30 23:36:19.996 [Eureka-EvictionTimer] INFO  c.n.e.r.AbstractInstanceRegistry - Running the evict task with compensationTime 0ms
2023-08-30 23:36:24.996 [Eureka-EvictionTimer] INFO  c.n.e.r.AbstractInstanceRegistry - Running the evict task with compensationTime 0ms
2023-08-30 23:36:29.996 [Eureka-EvictionTimer] INFO  c.n.e.r.AbstractInstanceRegistry - Running the evict task with compensationTime 0ms
2023-08-30 23:36:34.996 [Eureka-EvictionTimer] INFO  c.n.e.r.AbstractInstanceRegistry - Running the evict task with compensationTime 0ms
2023-08-30 23:36:39.996 [Eureka-EvictionTimer] INFO  c.n.e.r.AbstractInstanceRegistry - Running the evict task with compensationTime 0ms
2023-08-30 23:36:44.996 [Eureka-EvictionTimer] INFO  c.n.e.r.AbstractInstanceRegistry - Running the evict task with compensationTime 0ms
2023-08-30 23:36:49.996 [Eureka-EvictionTimer] INFO  c.n.e.r.AbstractInstanceRegistry - Running the evict task with compensationTime 0ms
2023-08-30 23:36:54.996 [Eureka-EvictionTimer] INFO  c.n.e.r.AbstractInstanceRegistry - Running the evict task with compensationTime 0ms
2023-08-30 23:36:59.996 [Eureka-EvictionTimer] INFO  c.n.e.r.AbstractInstanceRegistry - Running the evict task with compensationTime 0ms
2023-08-30 23:37:04.996 [Eureka-EvictionTimer] INFO  c.n.e.r.AbstractInstanceRegistry - Running the evict task with compensationTime 0ms
2023-08-30 23:37:09.996 [Eureka-EvictionTimer] INFO  c.n.e.r.AbstractInstanceRegistry - Running the evict task with compensationTime 0ms
2023-08-30 23:37:14.996 [Eureka-EvictionTimer] INFO  c.n.e.r.AbstractInstanceRegistry - Running the evict task with compensationTime 0ms
2023-08-30 23:37:19.996 [Eureka-EvictionTimer] INFO  c.n.e.r.AbstractInstanceRegistry - Running the evict task with compensationTime 0ms
2023-08-30 23:37:24.996 [Eureka-EvictionTimer] INFO  c.n.e.r.AbstractInstanceRegistry - Running the evict task with compensationTime 0ms
2023-08-30 23:37:29.996 [Eureka-EvictionTimer] INFO  c.n.e.r.AbstractInstanceRegistry - Running the evict task with compensationTime 0ms
2023-08-30 23:37:34.996 [Eureka-EvictionTimer] INFO  c.n.e.r.AbstractInstanceRegistry - Running the evict task with compensationTime 0ms
2023-08-30 23:37:39.996 [Eureka-EvictionTimer] INFO  c.n.e.r.AbstractInstanceRegistry - Running the evict task with compensationTime 0ms
2023-08-30 23:37:44.996 [Eureka-EvictionTimer] INFO  c.n.e.r.AbstractInstanceRegistry - Running the evict task with compensationTime 0ms
2023-08-30 23:37:49.996 [Eureka-EvictionTimer] INFO  c.n.e.r.AbstractInstanceRegistry - Running the evict task with compensationTime 0ms
2023-08-30 23:37:54.996 [Eureka-EvictionTimer] INFO  c.n.e.r.AbstractInstanceRegistry - Running the evict task with compensationTime 0ms
2023-08-30 23:37:59.996 [Eureka-EvictionTimer] INFO  c.n.e.r.AbstractInstanceRegistry - Running the evict task with compensationTime 0ms
2023-08-30 23:38:04.996 [Eureka-EvictionTimer] INFO  c.n.e.r.AbstractInstanceRegistry - Running the evict task with compensationTime 0ms
2023-08-30 23:38:09.996 [Eureka-EvictionTimer] INFO  c.n.e.r.AbstractInstanceRegistry - Running the evict task with compensationTime 0ms
2023-08-30 23:38:14.996 [Eureka-EvictionTimer] INFO  c.n.e.r.AbstractInstanceRegistry - Running the evict task with compensationTime 0ms
2023-08-30 23:38:19.996 [Eureka-EvictionTimer] INFO  c.n.e.r.AbstractInstanceRegistry - Running the evict task with compensationTime 0ms
2023-08-30 23:38:24.996 [Eureka-EvictionTimer] INFO  c.n.e.r.AbstractInstanceRegistry - Running the evict task with compensationTime 0ms
2023-08-30 23:38:29.996 [Eureka-EvictionTimer] INFO  c.n.e.r.AbstractInstanceRegistry - Running the evict task with compensationTime 0ms
2023-08-30 23:38:34.996 [Eureka-EvictionTimer] INFO  c.n.e.r.AbstractInstanceRegistry - Running the evict task with compensationTime 0ms
2023-08-30 23:38:39.996 [Eureka-EvictionTimer] INFO  c.n.e.r.AbstractInstanceRegistry - Running the evict task with compensationTime 0ms
2023-08-30 23:38:44.996 [Eureka-EvictionTimer] INFO  c.n.e.r.AbstractInstanceRegistry - Running the evict task with compensationTime 0ms
2023-08-30 23:38:49.996 [Eureka-EvictionTimer] INFO  c.n.e.r.AbstractInstanceRegistry - Running the evict task with compensationTime 0ms
2023-08-30 23:38:54.996 [Eureka-EvictionTimer] INFO  c.n.e.r.AbstractInstanceRegistry - Running the evict task with compensationTime 0ms
2023-08-30 23:38:59.996 [Eureka-EvictionTimer] INFO  c.n.e.r.AbstractInstanceRegistry - Running the evict task with compensationTime 0ms
2023-08-30 23:39:04.996 [Eureka-EvictionTimer] INFO  c.n.e.r.AbstractInstanceRegistry - Running the evict task with compensationTime 0ms
2023-08-30 23:39:09.996 [Eureka-EvictionTimer] INFO  c.n.e.r.AbstractInstanceRegistry - Running the evict task with compensationTime 0ms
2023-08-30 23:39:14.996 [Eureka-EvictionTimer] INFO  c.n.e.r.AbstractInstanceRegistry - Running the evict task with compensationTime 0ms
2023-08-30 23:39:19.996 [Eureka-EvictionTimer] INFO  c.n.e.r.AbstractInstanceRegistry - Running the evict task with compensationTime 0ms
2023-08-30 23:39:24.996 [Eureka-EvictionTimer] INFO  c.n.e.r.AbstractInstanceRegistry - Running the evict task with compensationTime 0ms
2023-08-30 23:39:29.996 [Eureka-EvictionTimer] INFO  c.n.e.r.AbstractInstanceRegistry - Running the evict task with compensationTime 0ms
2023-08-30 23:39:34.996 [Eureka-EvictionTimer] INFO  c.n.e.r.AbstractInstanceRegistry - Running the evict task with compensationTime 0ms
2023-08-30 23:39:39.996 [Eureka-EvictionTimer] INFO  c.n.e.r.AbstractInstanceRegistry - Running the evict task with compensationTime 0ms
2023-08-30 23:39:44.996 [Eureka-EvictionTimer] INFO  c.n.e.r.AbstractInstanceRegistry - Running the evict task with compensationTime 0ms
2023-08-30 23:39:49.996 [Eureka-EvictionTimer] INFO  c.n.e.r.AbstractInstanceRegistry - Running the evict task with compensationTime 0ms
2023-08-30 23:39:54.996 [Eureka-EvictionTimer] INFO  c.n.e.r.AbstractInstanceRegistry - Running the evict task with compensationTime 0ms
2023-08-30 23:39:59.996 [Eureka-EvictionTimer] INFO  c.n.e.r.AbstractInstanceRegistry - Running the evict task with compensationTime 0ms
2023-08-30 23:40:04.996 [Eureka-EvictionTimer] INFO  c.n.e.r.AbstractInstanceRegistry - Running the evict task with compensationTime 0ms
2023-08-30 23:40:09.996 [Eureka-EvictionTimer] INFO  c.n.e.r.AbstractInstanceRegistry - Running the evict task with compensationTime 0ms
2023-08-30 23:40:14.996 [Eureka-EvictionTimer] INFO  c.n.e.r.AbstractInstanceRegistry - Running the evict task with compensationTime 0ms
2023-08-30 23:40:19.996 [Eureka-EvictionTimer] INFO  c.n.e.r.AbstractInstanceRegistry - Running the evict task with compensationTime 0ms
2023-08-30 23:40:24.996 [Eureka-EvictionTimer] INFO  c.n.e.r.AbstractInstanceRegistry - Running the evict task with compensationTime 0ms
2023-08-30 23:40:29.996 [Eureka-EvictionTimer] INFO  c.n.e.r.AbstractInstanceRegistry - Running the evict task with compensationTime 0ms
2023-08-30 23:40:34.996 [Eureka-EvictionTimer] INFO  c.n.e.r.AbstractInstanceRegistry - Running the evict task with compensationTime 0ms
2023-08-30 23:40:39.996 [Eureka-EvictionTimer] INFO  c.n.e.r.AbstractInstanceRegistry - Running the evict task with compensationTime 0ms
2023-08-30 23:40:44.996 [Eureka-EvictionTimer] INFO  c.n.e.r.AbstractInstanceRegistry - Running the evict task with compensationTime 0ms
2023-08-30 23:40:49.996 [Eureka-EvictionTimer] INFO  c.n.e.r.AbstractInstanceRegistry - Running the evict task with compensationTime 0ms
2023-08-30 23:40:54.996 [Eureka-EvictionTimer] INFO  c.n.e.r.AbstractInstanceRegistry - Running the evict task with compensationTime 0ms
2023-08-30 23:40:59.996 [Eureka-EvictionTimer] INFO  c.n.e.r.AbstractInstanceRegistry - Running the evict task with compensationTime 0ms
2023-08-30 23:41:04.996 [Eureka-EvictionTimer] INFO  c.n.e.r.AbstractInstanceRegistry - Running the evict task with compensationTime 0ms
2023-08-30 23:41:09.996 [Eureka-EvictionTimer] INFO  c.n.e.r.AbstractInstanceRegistry - Running the evict task with compensationTime 0ms
2023-08-30 23:41:14.996 [Eureka-EvictionTimer] INFO  c.n.e.r.AbstractInstanceRegistry - Running the evict task with compensationTime 0ms
2023-08-30 23:41:19.996 [Eureka-EvictionTimer] INFO  c.n.e.r.AbstractInstanceRegistry - Running the evict task with compensationTime 0ms
2023-08-30 23:41:24.996 [Eureka-EvictionTimer] INFO  c.n.e.r.AbstractInstanceRegistry - Running the evict task with compensationTime 0ms
2023-08-30 23:41:29.996 [Eureka-EvictionTimer] INFO  c.n.e.r.AbstractInstanceRegistry - Running the evict task with compensationTime 0ms
2023-08-30 23:41:34.996 [Eureka-EvictionTimer] INFO  c.n.e.r.AbstractInstanceRegistry - Running the evict task with compensationTime 0ms
2023-08-30 23:41:39.996 [Eureka-EvictionTimer] INFO  c.n.e.r.AbstractInstanceRegistry - Running the evict task with compensationTime 0ms
2023-08-30 23:41:44.996 [Eureka-EvictionTimer] INFO  c.n.e.r.AbstractInstanceRegistry - Running the evict task with compensationTime 0ms
2023-08-30 23:41:49.996 [Eureka-EvictionTimer] INFO  c.n.e.r.AbstractInstanceRegistry - Running the evict task with compensationTime 0ms
2023-08-30 23:41:54.996 [Eureka-EvictionTimer] INFO  c.n.e.r.AbstractInstanceRegistry - Running the evict task with compensationTime 0ms
2023-08-30 23:41:59.996 [Eureka-EvictionTimer] INFO  c.n.e.r.AbstractInstanceRegistry - Running the evict task with compensationTime 0ms
2023-08-30 23:42:04.996 [Eureka-EvictionTimer] INFO  c.n.e.r.AbstractInstanceRegistry - Running the evict task with compensationTime 0ms
2023-08-30 23:42:09.996 [Eureka-EvictionTimer] INFO  c.n.e.r.AbstractInstanceRegistry - Running the evict task with compensationTime 0ms
2023-08-30 23:42:14.996 [Eureka-EvictionTimer] INFO  c.n.e.r.AbstractInstanceRegistry - Running the evict task with compensationTime 0ms
2023-08-30 23:42:19.996 [Eureka-EvictionTimer] INFO  c.n.e.r.AbstractInstanceRegistry - Running the evict task with compensationTime 0ms
2023-08-30 23:42:24.996 [Eureka-EvictionTimer] INFO  c.n.e.r.AbstractInstanceRegistry - Running the evict task with compensationTime 0ms
2023-08-30 23:42:29.996 [Eureka-EvictionTimer] INFO  c.n.e.r.AbstractInstanceRegistry - Running the evict task with compensationTime 0ms
2023-08-30 23:42:34.996 [Eureka-EvictionTimer] INFO  c.n.e.r.AbstractInstanceRegistry - Running the evict task with compensationTime 0ms
2023-08-30 23:42:39.996 [Eureka-EvictionTimer] INFO  c.n.e.r.AbstractInstanceRegistry - Running the evict task with compensationTime 0ms
2023-08-30 23:42:44.996 [Eureka-EvictionTimer] INFO  c.n.e.r.AbstractInstanceRegistry - Running the evict task with compensationTime 0ms
2023-08-30 23:42:49.996 [Eureka-EvictionTimer] INFO  c.n.e.r.AbstractInstanceRegistry - Running the evict task with compensationTime 0ms
2023-08-30 23:42:54.996 [Eureka-EvictionTimer] INFO  c.n.e.r.AbstractInstanceRegistry - Running the evict task with compensationTime 0ms
2023-08-30 23:42:59.996 [Eureka-EvictionTimer] INFO  c.n.e.r.AbstractInstanceRegistry - Running the evict task with compensationTime 0ms
2023-08-30 23:43:04.996 [Eureka-EvictionTimer] INFO  c.n.e.r.AbstractInstanceRegistry - Running the evict task with compensationTime 0ms
2023-08-30 23:43:09.996 [Eureka-EvictionTimer] INFO  c.n.e.r.AbstractInstanceRegistry - Running the evict task with compensationTime 0ms
2023-08-30 23:43:14.996 [Eureka-EvictionTimer] INFO  c.n.e.r.AbstractInstanceRegistry - Running the evict task with compensationTime 0ms
2023-08-30 23:43:19.996 [Eureka-EvictionTimer] INFO  c.n.e.r.AbstractInstanceRegistry - Running the evict task with compensationTime 0ms
2023-08-30 23:43:24.996 [Eureka-EvictionTimer] INFO  c.n.e.r.AbstractInstanceRegistry - Running the evict task with compensationTime 0ms
2023-08-30 23:43:29.996 [Eureka-EvictionTimer] INFO  c.n.e.r.AbstractInstanceRegistry - Running the evict task with compensationTime 0ms
2023-08-30 23:43:34.996 [Eureka-EvictionTimer] INFO  c.n.e.r.AbstractInstanceRegistry - Running the evict task with compensationTime 0ms
2023-08-30 23:43:39.996 [Eureka-EvictionTimer] INFO  c.n.e.r.AbstractInstanceRegistry - Running the evict task with compensationTime 0ms
2023-08-30 23:43:44.996 [Eureka-EvictionTimer] INFO  c.n.e.r.AbstractInstanceRegistry - Running the evict task with compensationTime 0ms
2023-08-30 23:43:49.996 [Eureka-EvictionTimer] INFO  c.n.e.r.AbstractInstanceRegistry - Running the evict task with compensationTime 0ms
2023-08-30 23:43:54.996 [Eureka-EvictionTimer] INFO  c.n.e.r.AbstractInstanceRegistry - Running the evict task with compensationTime 0ms
2023-08-30 23:43:59.996 [Eureka-EvictionTimer] INFO  c.n.e.r.AbstractInstanceRegistry - Running the evict task with compensationTime 0ms
2023-08-30 23:44:04.996 [Eureka-EvictionTimer] INFO  c.n.e.r.AbstractInstanceRegistry - Running the evict task with compensationTime 0ms
2023-08-30 23:44:09.996 [Eureka-EvictionTimer] INFO  c.n.e.r.AbstractInstanceRegistry - Running the evict task with compensationTime 0ms
2023-08-30 23:44:14.996 [Eureka-EvictionTimer] INFO  c.n.e.r.AbstractInstanceRegistry - Running the evict task with compensationTime 0ms
2023-08-30 23:44:19.996 [Eureka-EvictionTimer] INFO  c.n.e.r.AbstractInstanceRegistry - Running the evict task with compensationTime 0ms
2023-08-30 23:44:24.996 [Eureka-EvictionTimer] INFO  c.n.e.r.AbstractInstanceRegistry - Running the evict task with compensationTime 0ms
2023-08-30 23:44:29.996 [Eureka-EvictionTimer] INFO  c.n.e.r.AbstractInstanceRegistry - Running the evict task with compensationTime 0ms
2023-08-30 23:44:34.996 [Eureka-EvictionTimer] INFO  c.n.e.r.AbstractInstanceRegistry - Running the evict task with compensationTime 0ms
2023-08-30 23:44:39.996 [Eureka-EvictionTimer] INFO  c.n.e.r.AbstractInstanceRegistry - Running the evict task with compensationTime 0ms
2023-08-30 23:44:44.996 [Eureka-EvictionTimer] INFO  c.n.e.r.AbstractInstanceRegistry - Running the evict task with compensationTime 0ms
2023-08-30 23:44:49.996 [Eureka-EvictionTimer] INFO  c.n.e.r.AbstractInstanceRegistry - Running the evict task with compensationTime 0ms
2023-08-30 23:44:54.996 [Eureka-EvictionTimer] INFO  c.n.e.r.AbstractInstanceRegistry - Running the evict task with compensationTime 0ms
2023-08-30 23:44:59.996 [Eureka-EvictionTimer] INFO  c.n.e.r.AbstractInstanceRegistry - Running the evict task with compensationTime 0ms
2023-08-30 23:45:04.996 [Eureka-EvictionTimer] INFO  c.n.e.r.AbstractInstanceRegistry - Running the evict task with compensationTime 0ms
2023-08-30 23:45:09.996 [Eureka-EvictionTimer] INFO  c.n.e.r.AbstractInstanceRegistry - Running the evict task with compensationTime 0ms
2023-08-30 23:45:14.996 [Eureka-EvictionTimer] INFO  c.n.e.r.AbstractInstanceRegistry - Running the evict task with compensationTime 0ms
2023-08-30 23:45:19.996 [Eureka-EvictionTimer] INFO  c.n.e.r.AbstractInstanceRegistry - Running the evict task with compensationTime 0ms
2023-08-30 23:45:24.996 [Eureka-EvictionTimer] INFO  c.n.e.r.AbstractInstanceRegistry - Running the evict task with compensationTime 0ms
2023-08-30 23:45:29.996 [Eureka-EvictionTimer] INFO  c.n.e.r.AbstractInstanceRegistry - Running the evict task with compensationTime 0ms
2023-08-30 23:45:34.996 [Eureka-EvictionTimer] INFO  c.n.e.r.AbstractInstanceRegistry - Running the evict task with compensationTime 0ms
2023-08-30 23:45:39.996 [Eureka-EvictionTimer] INFO  c.n.e.r.AbstractInstanceRegistry - Running the evict task with compensationTime 0ms
2023-08-30 23:45:44.996 [Eureka-EvictionTimer] INFO  c.n.e.r.AbstractInstanceRegistry - Running the evict task with compensationTime 0ms
2023-08-30 23:45:49.996 [Eureka-EvictionTimer] INFO  c.n.e.r.AbstractInstanceRegistry - Running the evict task with compensationTime 0ms
2023-08-30 23:45:54.859 [ReplicaAwareInstanceRegistry - RenewalThresholdUpdater] INFO  c.n.e.r.PeerAwareInstanceRegistryImpl - Current renewal threshold is : 0
2023-08-30 23:45:54.996 [Eureka-EvictionTimer] INFO  c.n.e.r.AbstractInstanceRegistry - Running the evict task with compensationTime 0ms
2023-08-30 23:45:59.996 [Eureka-EvictionTimer] INFO  c.n.e.r.AbstractInstanceRegistry - Running the evict task with compensationTime 0ms
2023-08-30 23:46:04.996 [Eureka-EvictionTimer] INFO  c.n.e.r.AbstractInstanceRegistry - Running the evict task with compensationTime 0ms
2023-08-30 23:46:09.996 [Eureka-EvictionTimer] INFO  c.n.e.r.AbstractInstanceRegistry - Running the evict task with compensationTime 0ms
2023-08-30 23:46:14.996 [Eureka-EvictionTimer] INFO  c.n.e.r.AbstractInstanceRegistry - Running the evict task with compensationTime 0ms
2023-08-30 23:46:19.996 [Eureka-EvictionTimer] INFO  c.n.e.r.AbstractInstanceRegistry - Running the evict task with compensationTime 0ms
2023-08-30 23:46:24.996 [Eureka-EvictionTimer] INFO  c.n.e.r.AbstractInstanceRegistry - Running the evict task with compensationTime 0ms
2023-08-30 23:46:29.996 [Eureka-EvictionTimer] INFO  c.n.e.r.AbstractInstanceRegistry - Running the evict task with compensationTime 0ms
2023-08-30 23:46:34.996 [Eureka-EvictionTimer] INFO  c.n.e.r.AbstractInstanceRegistry - Running the evict task with compensationTime 0ms
2023-08-30 23:46:39.996 [Eureka-EvictionTimer] INFO  c.n.e.r.AbstractInstanceRegistry - Running the evict task with compensationTime 0ms
2023-08-30 23:46:44.996 [Eureka-EvictionTimer] INFO  c.n.e.r.AbstractInstanceRegistry - Running the evict task with compensationTime 0ms
2023-08-30 23:46:49.996 [Eureka-EvictionTimer] INFO  c.n.e.r.AbstractInstanceRegistry - Running the evict task with compensationTime 0ms
2023-08-30 23:46:54.996 [Eureka-EvictionTimer] INFO  c.n.e.r.AbstractInstanceRegistry - Running the evict task with compensationTime 0ms
2023-08-30 23:46:59.996 [Eureka-EvictionTimer] INFO  c.n.e.r.AbstractInstanceRegistry - Running the evict task with compensationTime 0ms
2023-08-30 23:47:04.996 [Eureka-EvictionTimer] INFO  c.n.e.r.AbstractInstanceRegistry - Running the evict task with compensationTime 0ms
2023-08-30 23:47:09.996 [Eureka-EvictionTimer] INFO  c.n.e.r.AbstractInstanceRegistry - Running the evict task with compensationTime 0ms
2023-08-30 23:47:14.996 [Eureka-EvictionTimer] INFO  c.n.e.r.AbstractInstanceRegistry - Running the evict task with compensationTime 0ms
2023-08-30 23:47:19.996 [Eureka-EvictionTimer] INFO  c.n.e.r.AbstractInstanceRegistry - Running the evict task with compensationTime 0ms
2023-08-30 23:47:24.996 [Eureka-EvictionTimer] INFO  c.n.e.r.AbstractInstanceRegistry - Running the evict task with compensationTime 0ms
2023-08-30 23:47:29.996 [Eureka-EvictionTimer] INFO  c.n.e.r.AbstractInstanceRegistry - Running the evict task with compensationTime 0ms
2023-08-30 23:47:34.996 [Eureka-EvictionTimer] INFO  c.n.e.r.AbstractInstanceRegistry - Running the evict task with compensationTime 0ms
2023-08-30 23:47:39.996 [Eureka-EvictionTimer] INFO  c.n.e.r.AbstractInstanceRegistry - Running the evict task with compensationTime 0ms
2023-08-30 23:47:44.996 [Eureka-EvictionTimer] INFO  c.n.e.r.AbstractInstanceRegistry - Running the evict task with compensationTime 0ms
2023-08-30 23:47:49.996 [Eureka-EvictionTimer] INFO  c.n.e.r.AbstractInstanceRegistry - Running the evict task with compensationTime 0ms
2023-08-30 23:47:54.996 [Eureka-EvictionTimer] INFO  c.n.e.r.AbstractInstanceRegistry - Running the evict task with compensationTime 0ms
2023-08-30 23:47:59.996 [Eureka-EvictionTimer] INFO  c.n.e.r.AbstractInstanceRegistry - Running the evict task with compensationTime 0ms
2023-08-30 23:48:04.996 [Eureka-EvictionTimer] INFO  c.n.e.r.AbstractInstanceRegistry - Running the evict task with compensationTime 0ms
2023-08-30 23:48:09.996 [Eureka-EvictionTimer] INFO  c.n.e.r.AbstractInstanceRegistry - Running the evict task with compensationTime 0ms
2023-08-30 23:48:14.996 [Eureka-EvictionTimer] INFO  c.n.e.r.AbstractInstanceRegistry - Running the evict task with compensationTime 0ms
2023-08-30 23:48:19.996 [Eureka-EvictionTimer] INFO  c.n.e.r.AbstractInstanceRegistry - Running the evict task with compensationTime 0ms
2023-08-30 23:48:24.996 [Eureka-EvictionTimer] INFO  c.n.e.r.AbstractInstanceRegistry - Running the evict task with compensationTime 0ms
2023-08-30 23:48:29.996 [Eureka-EvictionTimer] INFO  c.n.e.r.AbstractInstanceRegistry - Running the evict task with compensationTime 0ms
2023-08-30 23:48:34.996 [Eureka-EvictionTimer] INFO  c.n.e.r.AbstractInstanceRegistry - Running the evict task with compensationTime 0ms
2023-08-30 23:48:39.996 [Eureka-EvictionTimer] INFO  c.n.e.r.AbstractInstanceRegistry - Running the evict task with compensationTime 0ms
2023-08-30 23:48:44.996 [Eureka-EvictionTimer] INFO  c.n.e.r.AbstractInstanceRegistry - Running the evict task with compensationTime 0ms
2023-08-30 23:48:49.996 [Eureka-EvictionTimer] INFO  c.n.e.r.AbstractInstanceRegistry - Running the evict task with compensationTime 0ms
2023-08-30 23:48:54.996 [Eureka-EvictionTimer] INFO  c.n.e.r.AbstractInstanceRegistry - Running the evict task with compensationTime 0ms
2023-08-30 23:48:59.996 [Eureka-EvictionTimer] INFO  c.n.e.r.AbstractInstanceRegistry - Running the evict task with compensationTime 0ms
2023-08-30 23:49:04.996 [Eureka-EvictionTimer] INFO  c.n.e.r.AbstractInstanceRegistry - Running the evict task with compensationTime 0ms
2023-08-30 23:49:09.996 [Eureka-EvictionTimer] INFO  c.n.e.r.AbstractInstanceRegistry - Running the evict task with compensationTime 0ms
2023-08-30 23:49:14.996 [Eureka-EvictionTimer] INFO  c.n.e.r.AbstractInstanceRegistry - Running the evict task with compensationTime 0ms
2023-08-30 23:49:19.996 [Eureka-EvictionTimer] INFO  c.n.e.r.AbstractInstanceRegistry - Running the evict task with compensationTime 0ms
2023-08-30 23:49:24.996 [Eureka-EvictionTimer] INFO  c.n.e.r.AbstractInstanceRegistry - Running the evict task with compensationTime 0ms
2023-08-30 23:49:29.996 [Eureka-EvictionTimer] INFO  c.n.e.r.AbstractInstanceRegistry - Running the evict task with compensationTime 0ms
2023-08-30 23:49:34.996 [Eureka-EvictionTimer] INFO  c.n.e.r.AbstractInstanceRegistry - Running the evict task with compensationTime 0ms
2023-08-30 23:49:39.996 [Eureka-EvictionTimer] INFO  c.n.e.r.AbstractInstanceRegistry - Running the evict task with compensationTime 0ms
2023-08-30 23:49:44.996 [Eureka-EvictionTimer] INFO  c.n.e.r.AbstractInstanceRegistry - Running the evict task with compensationTime 0ms
2023-08-30 23:49:49.996 [Eureka-EvictionTimer] INFO  c.n.e.r.AbstractInstanceRegistry - Running the evict task with compensationTime 0ms
2023-08-30 23:49:54.996 [Eureka-EvictionTimer] INFO  c.n.e.r.AbstractInstanceRegistry - Running the evict task with compensationTime 0ms
2023-08-30 23:49:59.996 [Eureka-EvictionTimer] INFO  c.n.e.r.AbstractInstanceRegistry - Running the evict task with compensationTime 0ms
2023-08-30 23:50:04.996 [Eureka-EvictionTimer] INFO  c.n.e.r.AbstractInstanceRegistry - Running the evict task with compensationTime 0ms
2023-08-30 23:50:09.996 [Eureka-EvictionTimer] INFO  c.n.e.r.AbstractInstanceRegistry - Running the evict task with compensationTime 0ms
2023-08-30 23:50:14.996 [Eureka-EvictionTimer] INFO  c.n.e.r.AbstractInstanceRegistry - Running the evict task with compensationTime 0ms
2023-08-30 23:50:19.996 [Eureka-EvictionTimer] INFO  c.n.e.r.AbstractInstanceRegistry - Running the evict task with compensationTime 0ms
2023-08-30 23:50:24.996 [Eureka-EvictionTimer] INFO  c.n.e.r.AbstractInstanceRegistry - Running the evict task with compensationTime 0ms
2023-08-30 23:50:29.996 [Eureka-EvictionTimer] INFO  c.n.e.r.AbstractInstanceRegistry - Running the evict task with compensationTime 0ms
2023-08-30 23:50:34.996 [Eureka-EvictionTimer] INFO  c.n.e.r.AbstractInstanceRegistry - Running the evict task with compensationTime 0ms
2023-08-30 23:50:39.996 [Eureka-EvictionTimer] INFO  c.n.e.r.AbstractInstanceRegistry - Running the evict task with compensationTime 0ms
2023-08-30 23:50:44.996 [Eureka-EvictionTimer] INFO  c.n.e.r.AbstractInstanceRegistry - Running the evict task with compensationTime 0ms
2023-08-30 23:50:49.996 [Eureka-EvictionTimer] INFO  c.n.e.r.AbstractInstanceRegistry - Running the evict task with compensationTime 0ms
2023-08-30 23:50:54.996 [Eureka-EvictionTimer] INFO  c.n.e.r.AbstractInstanceRegistry - Running the evict task with compensationTime 0ms
2023-08-30 23:50:59.996 [Eureka-EvictionTimer] INFO  c.n.e.r.AbstractInstanceRegistry - Running the evict task with compensationTime 0ms
2023-08-30 23:51:04.996 [Eureka-EvictionTimer] INFO  c.n.e.r.AbstractInstanceRegistry - Running the evict task with compensationTime 0ms
2023-08-30 23:51:09.996 [Eureka-EvictionTimer] INFO  c.n.e.r.AbstractInstanceRegistry - Running the evict task with compensationTime 0ms
2023-08-30 23:51:14.996 [Eureka-EvictionTimer] INFO  c.n.e.r.AbstractInstanceRegistry - Running the evict task with compensationTime 0ms
2023-08-30 23:51:19.996 [Eureka-EvictionTimer] INFO  c.n.e.r.AbstractInstanceRegistry - Running the evict task with compensationTime 0ms
2023-08-30 23:51:24.996 [Eureka-EvictionTimer] INFO  c.n.e.r.AbstractInstanceRegistry - Running the evict task with compensationTime 0ms
2023-08-30 23:51:29.996 [Eureka-EvictionTimer] INFO  c.n.e.r.AbstractInstanceRegistry - Running the evict task with compensationTime 0ms
2023-08-30 23:51:34.996 [Eureka-EvictionTimer] INFO  c.n.e.r.AbstractInstanceRegistry - Running the evict task with compensationTime 0ms
2023-08-30 23:51:39.996 [Eureka-EvictionTimer] INFO  c.n.e.r.AbstractInstanceRegistry - Running the evict task with compensationTime 0ms
2023-08-30 23:51:44.996 [Eureka-EvictionTimer] INFO  c.n.e.r.AbstractInstanceRegistry - Running the evict task with compensationTime 0ms
2023-08-30 23:51:49.996 [Eureka-EvictionTimer] INFO  c.n.e.r.AbstractInstanceRegistry - Running the evict task with compensationTime 0ms
2023-08-30 23:51:54.996 [Eureka-EvictionTimer] INFO  c.n.e.r.AbstractInstanceRegistry - Running the evict task with compensationTime 0ms
2023-08-30 23:51:59.996 [Eureka-EvictionTimer] INFO  c.n.e.r.AbstractInstanceRegistry - Running the evict task with compensationTime 0ms
2023-08-30 23:52:04.996 [Eureka-EvictionTimer] INFO  c.n.e.r.AbstractInstanceRegistry - Running the evict task with compensationTime 0ms
2023-08-30 23:52:09.996 [Eureka-EvictionTimer] INFO  c.n.e.r.AbstractInstanceRegistry - Running the evict task with compensationTime 0ms
2023-08-30 23:52:14.996 [Eureka-EvictionTimer] INFO  c.n.e.r.AbstractInstanceRegistry - Running the evict task with compensationTime 0ms
2023-08-30 23:52:19.996 [Eureka-EvictionTimer] INFO  c.n.e.r.AbstractInstanceRegistry - Running the evict task with compensationTime 0ms
2023-08-30 23:52:24.996 [Eureka-EvictionTimer] INFO  c.n.e.r.AbstractInstanceRegistry - Running the evict task with compensationTime 0ms
2023-08-30 23:52:29.996 [Eureka-EvictionTimer] INFO  c.n.e.r.AbstractInstanceRegistry - Running the evict task with compensationTime 0ms
2023-08-30 23:52:34.996 [Eureka-EvictionTimer] INFO  c.n.e.r.AbstractInstanceRegistry - Running the evict task with compensationTime 0ms
2023-08-30 23:52:39.996 [Eureka-EvictionTimer] INFO  c.n.e.r.AbstractInstanceRegistry - Running the evict task with compensationTime 0ms
2023-08-30 23:52:44.996 [Eureka-EvictionTimer] INFO  c.n.e.r.AbstractInstanceRegistry - Running the evict task with compensationTime 0ms
2023-08-30 23:52:49.996 [Eureka-EvictionTimer] INFO  c.n.e.r.AbstractInstanceRegistry - Running the evict task with compensationTime 0ms
2023-08-30 23:52:54.996 [Eureka-EvictionTimer] INFO  c.n.e.r.AbstractInstanceRegistry - Running the evict task with compensationTime 0ms
2023-08-30 23:52:59.996 [Eureka-EvictionTimer] INFO  c.n.e.r.AbstractInstanceRegistry - Running the evict task with compensationTime 0ms
2023-08-30 23:53:04.996 [Eureka-EvictionTimer] INFO  c.n.e.r.AbstractInstanceRegistry - Running the evict task with compensationTime 0ms
2023-08-30 23:53:09.996 [Eureka-EvictionTimer] INFO  c.n.e.r.AbstractInstanceRegistry - Running the evict task with compensationTime 0ms
2023-08-30 23:53:14.996 [Eureka-EvictionTimer] INFO  c.n.e.r.AbstractInstanceRegistry - Running the evict task with compensationTime 0ms
2023-08-30 23:53:19.996 [Eureka-EvictionTimer] INFO  c.n.e.r.AbstractInstanceRegistry - Running the evict task with compensationTime 0ms
2023-08-30 23:53:24.996 [Eureka-EvictionTimer] INFO  c.n.e.r.AbstractInstanceRegistry - Running the evict task with compensationTime 0ms
2023-08-30 23:53:29.996 [Eureka-EvictionTimer] INFO  c.n.e.r.AbstractInstanceRegistry - Running the evict task with compensationTime 0ms
2023-08-30 23:53:34.996 [Eureka-EvictionTimer] INFO  c.n.e.r.AbstractInstanceRegistry - Running the evict task with compensationTime 0ms
2023-08-30 23:53:39.996 [Eureka-EvictionTimer] INFO  c.n.e.r.AbstractInstanceRegistry - Running the evict task with compensationTime 0ms
2023-08-30 23:53:44.996 [Eureka-EvictionTimer] INFO  c.n.e.r.AbstractInstanceRegistry - Running the evict task with compensationTime 0ms
2023-08-30 23:53:49.996 [Eureka-EvictionTimer] INFO  c.n.e.r.AbstractInstanceRegistry - Running the evict task with compensationTime 0ms
2023-08-30 23:53:54.996 [Eureka-EvictionTimer] INFO  c.n.e.r.AbstractInstanceRegistry - Running the evict task with compensationTime 0ms
2023-08-30 23:53:59.996 [Eureka-EvictionTimer] INFO  c.n.e.r.AbstractInstanceRegistry - Running the evict task with compensationTime 0ms
2023-08-30 23:54:04.996 [Eureka-EvictionTimer] INFO  c.n.e.r.AbstractInstanceRegistry - Running the evict task with compensationTime 0ms
2023-08-30 23:54:09.996 [Eureka-EvictionTimer] INFO  c.n.e.r.AbstractInstanceRegistry - Running the evict task with compensationTime 0ms
2023-08-30 23:54:14.996 [Eureka-EvictionTimer] INFO  c.n.e.r.AbstractInstanceRegistry - Running the evict task with compensationTime 0ms
2023-08-30 23:54:19.996 [Eureka-EvictionTimer] INFO  c.n.e.r.AbstractInstanceRegistry - Running the evict task with compensationTime 0ms
2023-08-30 23:54:24.996 [Eureka-EvictionTimer] INFO  c.n.e.r.AbstractInstanceRegistry - Running the evict task with compensationTime 0ms
2023-08-30 23:54:29.996 [Eureka-EvictionTimer] INFO  c.n.e.r.AbstractInstanceRegistry - Running the evict task with compensationTime 0ms
2023-08-30 23:54:34.996 [Eureka-EvictionTimer] INFO  c.n.e.r.AbstractInstanceRegistry - Running the evict task with compensationTime 0ms
2023-08-30 23:54:39.996 [Eureka-EvictionTimer] INFO  c.n.e.r.AbstractInstanceRegistry - Running the evict task with compensationTime 0ms
2023-08-30 23:54:44.996 [Eureka-EvictionTimer] INFO  c.n.e.r.AbstractInstanceRegistry - Running the evict task with compensationTime 0ms
2023-08-30 23:54:49.996 [Eureka-EvictionTimer] INFO  c.n.e.r.AbstractInstanceRegistry - Running the evict task with compensationTime 0ms
2023-08-30 23:54:54.996 [Eureka-EvictionTimer] INFO  c.n.e.r.AbstractInstanceRegistry - Running the evict task with compensationTime 0ms
2023-08-30 23:54:59.996 [Eureka-EvictionTimer] INFO  c.n.e.r.AbstractInstanceRegistry - Running the evict task with compensationTime 0ms
2023-08-30 23:55:04.996 [Eureka-EvictionTimer] INFO  c.n.e.r.AbstractInstanceRegistry - Running the evict task with compensationTime 0ms
2023-08-30 23:55:09.996 [Eureka-EvictionTimer] INFO  c.n.e.r.AbstractInstanceRegistry - Running the evict task with compensationTime 0ms
2023-08-30 23:55:14.996 [Eureka-EvictionTimer] INFO  c.n.e.r.AbstractInstanceRegistry - Running the evict task with compensationTime 0ms
2023-08-30 23:55:19.996 [Eureka-EvictionTimer] INFO  c.n.e.r.AbstractInstanceRegistry - Running the evict task with compensationTime 0ms
2023-08-30 23:55:24.996 [Eureka-EvictionTimer] INFO  c.n.e.r.AbstractInstanceRegistry - Running the evict task with compensationTime 0ms
2023-08-30 23:55:29.996 [Eureka-EvictionTimer] INFO  c.n.e.r.AbstractInstanceRegistry - Running the evict task with compensationTime 0ms
2023-08-30 23:55:34.996 [Eureka-EvictionTimer] INFO  c.n.e.r.AbstractInstanceRegistry - Running the evict task with compensationTime 0ms
2023-08-30 23:55:39.996 [Eureka-EvictionTimer] INFO  c.n.e.r.AbstractInstanceRegistry - Running the evict task with compensationTime 0ms
2023-08-30 23:55:44.996 [Eureka-EvictionTimer] INFO  c.n.e.r.AbstractInstanceRegistry - Running the evict task with compensationTime 0ms
2023-08-30 23:55:49.996 [Eureka-EvictionTimer] INFO  c.n.e.r.AbstractInstanceRegistry - Running the evict task with compensationTime 0ms
2023-08-30 23:55:54.996 [Eureka-EvictionTimer] INFO  c.n.e.r.AbstractInstanceRegistry - Running the evict task with compensationTime 0ms
2023-08-30 23:55:59.996 [Eureka-EvictionTimer] INFO  c.n.e.r.AbstractInstanceRegistry - Running the evict task with compensationTime 0ms
2023-08-30 23:56:04.996 [Eureka-EvictionTimer] INFO  c.n.e.r.AbstractInstanceRegistry - Running the evict task with compensationTime 0ms
2023-08-30 23:56:09.996 [Eureka-EvictionTimer] INFO  c.n.e.r.AbstractInstanceRegistry - Running the evict task with compensationTime 0ms
2023-08-30 23:56:14.996 [Eureka-EvictionTimer] INFO  c.n.e.r.AbstractInstanceRegistry - Running the evict task with compensationTime 0ms
2023-08-30 23:56:19.996 [Eureka-EvictionTimer] INFO  c.n.e.r.AbstractInstanceRegistry - Running the evict task with compensationTime 0ms
2023-08-30 23:56:24.996 [Eureka-EvictionTimer] INFO  c.n.e.r.AbstractInstanceRegistry - Running the evict task with compensationTime 0ms
2023-08-30 23:56:29.996 [Eureka-EvictionTimer] INFO  c.n.e.r.AbstractInstanceRegistry - Running the evict task with compensationTime 0ms
2023-08-30 23:56:34.996 [Eureka-EvictionTimer] INFO  c.n.e.r.AbstractInstanceRegistry - Running the evict task with compensationTime 0ms
2023-08-30 23:56:39.996 [Eureka-EvictionTimer] INFO  c.n.e.r.AbstractInstanceRegistry - Running the evict task with compensationTime 0ms
2023-08-30 23:56:44.996 [Eureka-EvictionTimer] INFO  c.n.e.r.AbstractInstanceRegistry - Running the evict task with compensationTime 0ms
2023-08-30 23:56:49.996 [Eureka-EvictionTimer] INFO  c.n.e.r.AbstractInstanceRegistry - Running the evict task with compensationTime 0ms
2023-08-30 23:56:54.996 [Eureka-EvictionTimer] INFO  c.n.e.r.AbstractInstanceRegistry - Running the evict task with compensationTime 0ms
2023-08-30 23:56:59.996 [Eureka-EvictionTimer] INFO  c.n.e.r.AbstractInstanceRegistry - Running the evict task with compensationTime 0ms
2023-08-30 23:57:04.996 [Eureka-EvictionTimer] INFO  c.n.e.r.AbstractInstanceRegistry - Running the evict task with compensationTime 0ms
2023-08-30 23:57:09.996 [Eureka-EvictionTimer] INFO  c.n.e.r.AbstractInstanceRegistry - Running the evict task with compensationTime 0ms
2023-08-30 23:57:14.996 [Eureka-EvictionTimer] INFO  c.n.e.r.AbstractInstanceRegistry - Running the evict task with compensationTime 0ms
2023-08-30 23:57:19.996 [Eureka-EvictionTimer] INFO  c.n.e.r.AbstractInstanceRegistry - Running the evict task with compensationTime 0ms
2023-08-30 23:57:24.996 [Eureka-EvictionTimer] INFO  c.n.e.r.AbstractInstanceRegistry - Running the evict task with compensationTime 0ms
2023-08-30 23:57:29.996 [Eureka-EvictionTimer] INFO  c.n.e.r.AbstractInstanceRegistry - Running the evict task with compensationTime 0ms
2023-08-30 23:57:34.996 [Eureka-EvictionTimer] INFO  c.n.e.r.AbstractInstanceRegistry - Running the evict task with compensationTime 0ms
2023-08-30 23:57:39.996 [Eureka-EvictionTimer] INFO  c.n.e.r.AbstractInstanceRegistry - Running the evict task with compensationTime 0ms
2023-08-30 23:57:44.996 [Eureka-EvictionTimer] INFO  c.n.e.r.AbstractInstanceRegistry - Running the evict task with compensationTime 0ms
2023-08-30 23:57:49.996 [Eureka-EvictionTimer] INFO  c.n.e.r.AbstractInstanceRegistry - Running the evict task with compensationTime 0ms
2023-08-30 23:57:54.996 [Eureka-EvictionTimer] INFO  c.n.e.r.AbstractInstanceRegistry - Running the evict task with compensationTime 0ms
2023-08-30 23:57:59.996 [Eureka-EvictionTimer] INFO  c.n.e.r.AbstractInstanceRegistry - Running the evict task with compensationTime 0ms
2023-08-30 23:58:04.996 [Eureka-EvictionTimer] INFO  c.n.e.r.AbstractInstanceRegistry - Running the evict task with compensationTime 0ms
2023-08-30 23:58:09.996 [Eureka-EvictionTimer] INFO  c.n.e.r.AbstractInstanceRegistry - Running the evict task with compensationTime 0ms
2023-08-30 23:58:14.996 [Eureka-EvictionTimer] INFO  c.n.e.r.AbstractInstanceRegistry - Running the evict task with compensationTime 0ms
2023-08-30 23:58:19.996 [Eureka-EvictionTimer] INFO  c.n.e.r.AbstractInstanceRegistry - Running the evict task with compensationTime 0ms
2023-08-30 23:58:24.996 [Eureka-EvictionTimer] INFO  c.n.e.r.AbstractInstanceRegistry - Running the evict task with compensationTime 0ms
2023-08-30 23:58:29.996 [Eureka-EvictionTimer] INFO  c.n.e.r.AbstractInstanceRegistry - Running the evict task with compensationTime 0ms
2023-08-30 23:58:34.996 [Eureka-EvictionTimer] INFO  c.n.e.r.AbstractInstanceRegistry - Running the evict task with compensationTime 0ms
2023-08-30 23:58:39.996 [Eureka-EvictionTimer] INFO  c.n.e.r.AbstractInstanceRegistry - Running the evict task with compensationTime 0ms
2023-08-30 23:58:44.996 [Eureka-EvictionTimer] INFO  c.n.e.r.AbstractInstanceRegistry - Running the evict task with compensationTime 0ms
2023-08-30 23:58:49.996 [Eureka-EvictionTimer] INFO  c.n.e.r.AbstractInstanceRegistry - Running the evict task with compensationTime 0ms
2023-08-30 23:58:54.996 [Eureka-EvictionTimer] INFO  c.n.e.r.AbstractInstanceRegistry - Running the evict task with compensationTime 0ms
2023-08-30 23:58:59.996 [Eureka-EvictionTimer] INFO  c.n.e.r.AbstractInstanceRegistry - Running the evict task with compensationTime 0ms
2023-08-30 23:59:04.996 [Eureka-EvictionTimer] INFO  c.n.e.r.AbstractInstanceRegistry - Running the evict task with compensationTime 0ms
2023-08-30 23:59:09.996 [Eureka-EvictionTimer] INFO  c.n.e.r.AbstractInstanceRegistry - Running the evict task with compensationTime 0ms
2023-08-30 23:59:14.996 [Eureka-EvictionTimer] INFO  c.n.e.r.AbstractInstanceRegistry - Running the evict task with compensationTime 0ms
2023-08-30 23:59:19.996 [Eureka-EvictionTimer] INFO  c.n.e.r.AbstractInstanceRegistry - Running the evict task with compensationTime 0ms
2023-08-30 23:59:24.996 [Eureka-EvictionTimer] INFO  c.n.e.r.AbstractInstanceRegistry - Running the evict task with compensationTime 0ms
2023-08-30 23:59:29.996 [Eureka-EvictionTimer] INFO  c.n.e.r.AbstractInstanceRegistry - Running the evict task with compensationTime 0ms
2023-08-30 23:59:34.996 [Eureka-EvictionTimer] INFO  c.n.e.r.AbstractInstanceRegistry - Running the evict task with compensationTime 0ms
2023-08-30 23:59:39.996 [Eureka-EvictionTimer] INFO  c.n.e.r.AbstractInstanceRegistry - Running the evict task with compensationTime 0ms
2023-08-30 23:59:44.996 [Eureka-EvictionTimer] INFO  c.n.e.r.AbstractInstanceRegistry - Running the evict task with compensationTime 0ms
2023-08-30 23:59:49.996 [Eureka-EvictionTimer] INFO  c.n.e.r.AbstractInstanceRegistry - Running the evict task with compensationTime 0ms
2023-08-30 23:59:54.996 [Eureka-EvictionTimer] INFO  c.n.e.r.AbstractInstanceRegistry - Running the evict task with compensationTime 0ms
2023-08-30 23:59:59.996 [Eureka-EvictionTimer] INFO  c.n.e.r.AbstractInstanceRegistry - Running the evict task with compensationTime 0ms
